ownership,naics_2017,industry,establishment_size,mean,q1,median,q3
all,,All industries including state and local government,Total all sizes,2.6,,,
all,,All industries including state and local government,1 - 10,0.9,,,
all,,All industries including state and local government,11 - 49,2.2,,,
all,,All industries including state and local government,50 - 249,3,,1.5,4.4
all,,All industries including state and local government,250 - 999,2.9,0.4,1.9,4.5
all,,All industries including state and local government,"1,000+",3.3,0.4,2.3,5.4
private,,Private industry,Total all sizes,2.3,,,
private,,Private industry,1 - 10,0.9,,,
private,,Private industry,11 - 49,2.1,,,
private,,Private industry,50 - 249,2.9,,1.4,4.2
private,,Private industry,250 - 999,2.6,0.3,1.7,4.2
private,,Private industry,"1,000+",2.7,0.2,1.7,4.8
private,,Goods producing,Total all sizes,2.5,,,
private,,Goods producing,1 - 10,1.4,,,
private,,Goods producing,11 - 49,2.6,,,3.4
private,,Goods producing,50 - 249,3,,1.9,4.4
private,,Goods producing,250 - 999,2.3,0.8,1.6,3.2
private,,Goods producing,"1,000+",2.3,0.5,1.3,2.9
private,,Natural resources and mining,Total all sizes,2.8,,,
private,,Natural resources and mining,1 - 10,1.5,,,
private,,Natural resources and mining,11 - 49,2.4,,,3.4
private,,Natural resources and mining,50 - 249,2.8,,1.4,4.5
private,,Natural resources and mining,250 - 999,3.1,1,2.8,5
private,,Natural resources and mining,"1,000+",4.2,1.1,3.3,6.1
private,,"Agriculture, forestry, fishing and hunting",Total all sizes,3.9,,,
private,,"Agriculture, forestry, fishing and hunting",11 - 49,3.4,,,4.6
private,,"Agriculture, forestry, fishing and hunting",50 - 249,4,,2.7,5.7
private,,"Agriculture, forestry, fishing and hunting",250 - 999,4.7,2.7,3.9,6.5
private,,"Agriculture, forestry, fishing and hunting","1,000+",5.9,3,4.2,7
private,111,Crop production,Total all sizes,4.1,,,5.1
private,111,Crop production,11 - 49,3.3,,,4.2
private,111,Crop production,50 - 249,3.9,,2.7,5.5
private,111,Crop production,250 - 999,4.5,2.8,4,6
private,111,Crop production,"1,000+",8.6,6.7,7,16
private,1111,Oilseed and grain farming,Total all sizes,1.8,,,
private,1112,Vegetable and melon farming,Total all sizes,4.7,,2.3,8
private,1112,Vegetable and melon farming,11 - 49,6.7,,,12.1
private,1112,Vegetable and melon farming,50 - 249,3.3,0.8,4.5,5.4
private,1112,Vegetable and melon farming,250 - 999,5.2,,,
private,1113,Fruit and tree nut farming,Total all sizes,4.3,,,4.3
private,1113,Fruit and tree nut farming,11 - 49,3.2,,,4.4
private,1113,Fruit and tree nut farming,50 - 249,2.8,,,4.3
private,1113,Fruit and tree nut farming,250 - 999,4.6,2.8,4,5.5
private,1113,Fruit and tree nut farming,"1,000+",9.4,,,
private,1114,"Greenhouse, nursery, and floriculture production",Total all sizes,3.6,,,4.6
private,1114,"Greenhouse, nursery, and floriculture production",11 - 49,2.5,,,4.2
private,1114,"Greenhouse, nursery, and floriculture production",50 - 249,4.3,,2.9,5.6
private,1114,"Greenhouse, nursery, and floriculture production",250 - 999,4.1,2.8,3.5,6.5
private,1119,Other crop farming,Total all sizes,6,,,6.7
private,1119,Other crop farming,11 - 49,3,,,6
private,1119,Other crop farming,50 - 249,9.3,4.5,12.4,14.4
private,1119,Other crop farming,250 - 999,4.5,,,
private,112,Animal production and aquaculture,Total all sizes,4,,,5.1
private,112,Animal production and aquaculture,11 - 49,3.6,,,4.9
private,112,Animal production and aquaculture,50 - 249,4.3,1.1,3,6
private,112,Animal production and aquaculture,250 - 999,4.6,3.1,4,8.3
private,1121,Cattle ranching and farming,Total all sizes,3.7,,,4.1
private,1121,Cattle ranching and farming,11 - 49,3.5,,,4.1
private,1121,Cattle ranching and farming,50 - 249,4.1,0.8,2.8,6.6
private,1121,Cattle ranching and farming,250 - 999,3.7,,,
private,11211,"Beef cattle ranching and farming, including feedlots",Total all sizes,5.3,,,7.1
private,11211,"Beef cattle ranching and farming, including feedlots",11 - 49,3.8,,,4.8
private,11211,"Beef cattle ranching and farming, including feedlots",50 - 249,7.9,2.6,7.6,11.7
private,11211,"Beef cattle ranching and farming, including feedlots",250 - 999,2.5,,,
private,11212,Dairy cattle and milk production,Total all sizes,3.2,,,4.1
private,11212,Dairy cattle and milk production,11 - 49,3.4,,,4.1
private,11212,Dairy cattle and milk production,50 - 249,2.8,,2.7,3.8
private,1122,Hog and pig farming,Total all sizes,4.2,,,5.7
private,1122,Hog and pig farming,11 - 49,3.4,,,5.7
private,1122,Hog and pig farming,50 - 249,5.3,,1.3,6.2
private,1122,Hog and pig farming,250 - 999,5.3,,,
private,1123,Poultry and egg production,Total all sizes,4.4,,3.4,5.8
private,1123,Poultry and egg production,11 - 49,4.7,,4.3,6.4
private,1123,Poultry and egg production,50 - 249,3.8,1.9,3.4,4.5
private,1123,Poultry and egg production,250 - 999,5,,,
private,1125,Aquaculture,11 - 49,4.8,,3.4,5.6
private,1125,Aquaculture,50 - 249,9.8,,,
private,1129,Other animal production,Total all sizes,4.3,,0.9,4.6
private,1129,Other animal production,11 - 49,2.6,,,
private,1129,Other animal production,50 - 249,7,,,
private,113,Forestry and logging,Total all sizes,1.3,,,
private,113,Forestry and logging,11 - 49,1.9,,,
private,113,Forestry and logging,50 - 249,4.4,1.9,4.2,7.1
private,1133,Logging,Total all sizes,1.2,,,
private,1133,Logging,11 - 49,1.6,,,
private,1133,Logging,50 - 249,4.6,,,
private,115,Support activities for agriculture and forestry,Total all sizes,4.1,,,
private,115,Support activities for agriculture and forestry,11 - 49,3.6,,,5.3
private,115,Support activities for agriculture and forestry,50 - 249,4,,2.5,5.8
private,115,Support activities for agriculture and forestry,250 - 999,4.8,2.6,3.5,6.9
private,115,Support activities for agriculture and forestry,"1,000+",4.6,1.2,3.5,4.3
private,1151,Support activities for crop production,Total all sizes,4.4,,,2.5
private,1151,Support activities for crop production,11 - 49,3.6,,,4.6
private,1151,Support activities for crop production,50 - 249,4.2,,2.6,5.8
private,1151,Support activities for crop production,250 - 999,4.9,2.8,3.9,6.9
private,1151,Support activities for crop production,"1,000+",4.6,1.2,3.5,4.3
private,11511,Support activities for crop production,Total all sizes,4.4,,,2.5
private,11511,Support activities for crop production,11 - 49,3.6,,,4.6
private,11511,Support activities for crop production,50 - 249,4.2,,2.6,5.8
private,11511,Support activities for crop production,250 - 999,4.9,2.8,3.9,6.9
private,11511,Support activities for crop production,"1,000+",4.6,1.2,3.5,4.3
private,115111,Cotton ginning,Total all sizes,6.3,,2.7,19.2
private,115111,Cotton ginning,11 - 49,3.9,,,
private,115112,"Soil preparation, planting, and cultivating",Total all sizes,2.2,,,
private,115112,"Soil preparation, planting, and cultivating",11 - 49,2.1,,,
private,115112,"Soil preparation, planting, and cultivating",50 - 249,3.6,,,
private,115112,"Soil preparation, planting, and cultivating",250 - 999,3.7,,,
private,115114,Postharvest crop activities (except cotton ginning),Total all sizes,4.7,,,3.1
private,115114,Postharvest crop activities (except cotton ginning),50 - 249,4.3,0.8,3.3,8
private,115114,Postharvest crop activities (except cotton ginning),250 - 999,5.9,2.8,5.5,8.7
private,115114,Postharvest crop activities (except cotton ginning),"1,000+",7.7,,,
private,115115,Farm labor contractors and crew leaders,Total all sizes,4.2,,,2.8
private,115115,Farm labor contractors and crew leaders,11 - 49,3.2,,,
private,115115,Farm labor contractors and crew leaders,50 - 249,4,,1.4,4.4
private,115115,Farm labor contractors and crew leaders,250 - 999,4.2,2.6,3.5,5.9
private,115115,Farm labor contractors and crew leaders,"1,000+",4.4,3,3.7,4.3
private,115116,Farm management services,Total all sizes,6.1,,,2.6
private,115116,Farm management services,11 - 49,6.7,,,
private,115116,Farm management services,250 - 999,9.7,,,
private,1152,Support activities for animal production,Total all sizes,3.5,,,
private,1152,Support activities for animal production,50 - 249,2.7,,,
private,1153,Support activities for forestry,Total all sizes,0.9,,,
private,1153,Support activities for forestry,50 - 249,1.1,,,
private,1153,Support activities for forestry,250 - 999,1,,,
private,,"Mining, quarrying, and oil and gas extraction",Total all sizes,1.2,,,
private,,"Mining, quarrying, and oil and gas extraction",1 - 10,1.8,,,
private,,"Mining, quarrying, and oil and gas extraction",11 - 49,1,,,
private,,"Mining, quarrying, and oil and gas extraction",50 - 249,1.1,,0.9,1.6
private,,"Mining, quarrying, and oil and gas extraction",250 - 999,1.3,0.3,0.9,1.6
private,,"Mining, quarrying, and oil and gas extraction","1,000+",1.2,0.2,1.1,1.9
private,21112,Crude petroleum extraction,Total all sizes,0.5,,,
private,21112,Crude petroleum extraction,11 - 49,0.7,,,
private,21112,Crude petroleum extraction,250 - 999,0.6,,0.4,1.2
private,212,Mining (except oil and gas),Total all sizes,2,,,
private,212,Mining (except oil and gas),1 - 10,1.4,,,
private,212,Mining (except oil and gas),11 - 49,1.8,,,2.2
private,212,Mining (except oil and gas),50 - 249,2.2,,1.5,3
private,212,Mining (except oil and gas),250 - 999,2.5,0.9,1.6,3
private,212,Mining (except oil and gas),"1,000+",2,,,
private,2121,Coal mining,Total all sizes,3.1,,,1.8
private,2121,Coal mining,1 - 10,1.6,,,
private,2121,Coal mining,11 - 49,2.2,,,3.5
private,2121,Coal mining,50 - 249,2.9,0.7,2.1,4.2
private,2121,Coal mining,250 - 999,3.7,1.2,2.5,5.6
private,2121,Coal mining,"1,000+",,,,
private,21211,Coal mining,Total all sizes,3.1,,,1.8
private,21211,Coal mining,1 - 10,1.6,,,
private,21211,Coal mining,11 - 49,2.2,,,3.5
private,21211,Coal mining,50 - 249,2.9,0.7,2.1,4.2
private,21211,Coal mining,250 - 999,3.7,1.2,2.5,5.6
private,21211,Coal mining,"1,000+",,,,
private,212111,Bituminous coal and lignite surface mining,Total all sizes,1.2,,,
private,212111,Bituminous coal and lignite surface mining,1 - 10,1.2,,,
private,212111,Bituminous coal and lignite surface mining,11 - 49,1.4,,,2.1
private,212111,Bituminous coal and lignite surface mining,50 - 249,1.3,,1.2,2.3
private,212111,Bituminous coal and lignite surface mining,250 - 999,1.1,,,
private,212111,Bituminous coal and lignite surface mining,"1,000+",,,,
private,212112,Bituminous coal underground mining,Total all sizes,4.3,,2.9,5.9
private,212112,Bituminous coal underground mining,1 - 10,,,,
private,212112,Bituminous coal underground mining,11 - 49,3.9,,2.6,6.7
private,212112,Bituminous coal underground mining,50 - 249,4.1,1.7,3.6,5.9
private,212112,Bituminous coal underground mining,250 - 999,4.4,1.4,4.1,6.5
private,212113,Anthracite mining,Total all sizes,3.4,,,
private,212113,Anthracite mining,1 - 10,,,,
private,212113,Anthracite mining,11 - 49,4.3,,3.4,7
private,212113,Anthracite mining,50 - 249,,,,
private,2122,Metal ore mining,Total all sizes,1.8,,,1.5
private,2122,Metal ore mining,1 - 10,,,,
private,2122,Metal ore mining,11 - 49,1.8,,,
private,2122,Metal ore mining,50 - 249,2.1,,1.5,3.2
private,2122,Metal ore mining,250 - 999,1.6,0.9,1.5,2
private,2122,Metal ore mining,"1,000+",2.1,,,
private,21221,Iron ore mining,Total all sizes,1.4,,,1.1
private,21221,Iron ore mining,50 - 249,,,,
private,21221,Iron ore mining,250 - 999,1.3,,,
private,21221,Iron ore mining,"1,000+",1.5,,,
private,21222,Gold ore and silver ore mining,Total all sizes,1.4,,,0.7
private,21222,Gold ore and silver ore mining,1 - 10,,,,
private,21222,Gold ore and silver ore mining,11 - 49,,,,
private,21222,Gold ore and silver ore mining,50 - 249,0.8,,0.6,1.4
private,21222,Gold ore and silver ore mining,250 - 999,1.6,0.8,1.5,1.8
private,21222,Gold ore and silver ore mining,"1,000+",1.2,,,
private,212221,Gold ore mining,Total all sizes,1.3,,,0.6
private,212221,Gold ore mining,1 - 10,,,,
private,212221,Gold ore mining,11 - 49,,,,
private,212221,Gold ore mining,50 - 249,0.8,,0.6,1.4
private,212221,Gold ore mining,250 - 999,1.4,0.7,1.4,1.7
private,212221,Gold ore mining,"1,000+",1.2,,,
private,212222,Silver ore mining,Total all sizes,2.7,,,
private,212222,Silver ore mining,250 - 999,2.8,,,
private,21223,"Copper, nickel, lead, and zinc mining",Total all sizes,2.2,,1.6,3.1
private,21223,"Copper, nickel, lead, and zinc mining",50 - 249,3.1,0.5,2.7,4.3
private,21223,"Copper, nickel, lead, and zinc mining",250 - 999,1.5,,,
private,21223,"Copper, nickel, lead, and zinc mining","1,000+",2.3,,,
private,21229,Other metal ore mining,Total all sizes,2,,,2.3
private,21229,Other metal ore mining,11 - 49,,,,
private,21229,Other metal ore mining,50 - 249,,,,
private,21229,Other metal ore mining,250 - 999,2,,,
private,212291,Uranium-radium-vanadium ore mining,Total all sizes,,,,
private,212291,Uranium-radium-vanadium ore mining,11 - 49,,,,
private,212291,Uranium-radium-vanadium ore mining,50 - 249,,,,
private,212299,All other metal ore mining,Total all sizes,1.9,,,1.6
private,212299,All other metal ore mining,11 - 49,,,,
private,212299,All other metal ore mining,50 - 249,,,,
private,212299,All other metal ore mining,250 - 999,2,,,
private,2123,Nonmetallic mineral mining and quarrying,Total all sizes,1.7,,,
private,2123,Nonmetallic mineral mining and quarrying,1 - 10,1.4,,,
private,2123,Nonmetallic mineral mining and quarrying,11 - 49,1.8,,,1.9
private,2123,Nonmetallic mineral mining and quarrying,50 - 249,1.9,,1.4,2.8
private,2123,Nonmetallic mineral mining and quarrying,250 - 999,1.3,1,1.3,2.1
private,21231,Stone mining and quarrying,Total all sizes,1.8,,,
private,21231,Stone mining and quarrying,1 - 10,1.4,,,
private,21231,Stone mining and quarrying,11 - 49,1.8,,,2.1
private,21231,Stone mining and quarrying,50 - 249,2,,1.5,2.8
private,21231,Stone mining and quarrying,250 - 999,1.7,,,
private,212311,Dimension stone mining and quarrying,Total all sizes,1.8,,,
private,212311,Dimension stone mining and quarrying,1 - 10,1.2,,,
private,212311,Dimension stone mining and quarrying,11 - 49,2.3,,,
private,212311,Dimension stone mining and quarrying,50 - 249,1.3,,,1.2
private,212312,Crushed and broken limestone mining and quarrying,Total all sizes,1.9,,,
private,212312,Crushed and broken limestone mining and quarrying,1 - 10,1.5,,,
private,212312,Crushed and broken limestone mining and quarrying,11 - 49,1.8,,,2.5
private,212312,Crushed and broken limestone mining and quarrying,50 - 249,2,0.7,1.6,2.8
private,212312,Crushed and broken limestone mining and quarrying,250 - 999,2.1,,,
private,212313,Crushed and broken granite mining and quarrying,Total all sizes,1.4,,,
private,212313,Crushed and broken granite mining and quarrying,1 - 10,,,,
private,212313,Crushed and broken granite mining and quarrying,11 - 49,1.4,,,1.7
private,212313,Crushed and broken granite mining and quarrying,50 - 249,1.5,,1.2,2
private,212319,Other crushed and broken stone mining and quarrying,Total all sizes,1.8,,,
private,212319,Other crushed and broken stone mining and quarrying,1 - 10,1.3,,,
private,212319,Other crushed and broken stone mining and quarrying,11 - 49,1.9,,,1.9
private,212319,Other crushed and broken stone mining and quarrying,50 - 249,2.5,,1.7,3.2
private,21232,"Sand, gravel, clay, and ceramic and refractory minerals mining and quarrying",Total all sizes,1.5,,,
private,21232,"Sand, gravel, clay, and ceramic and refractory minerals mining and quarrying",1 - 10,1.3,,,
private,21232,"Sand, gravel, clay, and ceramic and refractory minerals mining and quarrying",11 - 49,1.6,,,
private,21232,"Sand, gravel, clay, and ceramic and refractory minerals mining and quarrying",50 - 249,1.7,,1.1,2.8
private,21232,"Sand, gravel, clay, and ceramic and refractory minerals mining and quarrying",250 - 999,,,,
private,212321,Construction sand and gravel mining,Total all sizes,1.5,,,
private,212321,Construction sand and gravel mining,1 - 10,1.3,,,
private,212321,Construction sand and gravel mining,11 - 49,1.6,,,
private,212321,Construction sand and gravel mining,50 - 249,1.8,,1.1,2.9
private,212324,Kaolin and ball clay mining,Total all sizes,1.3,,,
private,212324,Kaolin and ball clay mining,11 - 49,,,,
private,212324,Kaolin and ball clay mining,50 - 249,1.4,,0.7,1.6
private,212324,Kaolin and ball clay mining,250 - 999,,,,
private,212325,Clay and ceramic and refractory minerals mining,Total all sizes,2.2,,,
private,212325,Clay and ceramic and refractory minerals mining,1 - 10,,,,
private,212325,Clay and ceramic and refractory minerals mining,11 - 49,2.8,,,3.4
private,212325,Clay and ceramic and refractory minerals mining,50 - 249,2.2,,,
private,21239,Other nonmetallic mineral mining and quarrying,Total all sizes,1.8,,,1.3
private,21239,Other nonmetallic mineral mining and quarrying,1 - 10,,,,
private,21239,Other nonmetallic mineral mining and quarrying,11 - 49,2.5,,,4.2
private,21239,Other nonmetallic mineral mining and quarrying,50 - 249,1.8,,1.6,2.8
private,21239,Other nonmetallic mineral mining and quarrying,250 - 999,1.2,,,
private,212391,"Potash, soda, and borate mineral mining",Total all sizes,1.3,,,1
private,212391,"Potash, soda, and borate mineral mining",11 - 49,,,,
private,212391,"Potash, soda, and borate mineral mining",250 - 999,1.3,,,
private,212392,Phosphate rock mining,Total all sizes,1.8,,,
private,212392,Phosphate rock mining,50 - 249,2.8,,,
private,212392,Phosphate rock mining,250 - 999,,,,
private,212393,Other chemical and fertilizer mineral mining,Total all sizes,2.4,,,2
private,212393,Other chemical and fertilizer mineral mining,1 - 10,,,,
private,212393,Other chemical and fertilizer mineral mining,11 - 49,2.5,,,4.3
private,212393,Other chemical and fertilizer mineral mining,50 - 249,2.2,,1.7,3.1
private,212399,All other nonmetallic mineral mining,Total all sizes,1.5,,,
private,212399,All other nonmetallic mineral mining,1 - 10,,,,
private,212399,All other nonmetallic mineral mining,11 - 49,,,,
private,212399,All other nonmetallic mineral mining,50 - 249,1.1,,1,2.2
private,212399,All other nonmetallic mineral mining,250 - 999,,,,
private,213,Support activities for mining,Total all sizes,0.9,,,
private,213,Support activities for mining,1 - 10,4.1,,,
private,213,Support activities for mining,11 - 49,0.6,,,
private,213,Support activities for mining,50 - 249,0.9,,1,1.3
private,213,Support activities for mining,250 - 999,0.8,0.2,0.5,1.1
private,213,Support activities for mining,"1,000+",0.8,,,
private,2131,Support activities for mining,Total all sizes,0.9,,,
private,2131,Support activities for mining,1 - 10,4.1,,,
private,2131,Support activities for mining,11 - 49,0.6,,,
private,2131,Support activities for mining,50 - 249,0.9,,1,1.3
private,2131,Support activities for mining,250 - 999,0.8,0.2,0.5,1.1
private,2131,Support activities for mining,"1,000+",0.8,,,
private,21311,Support activities for mining,Total all sizes,0.9,,,
private,21311,Support activities for mining,1 - 10,4.1,,,
private,21311,Support activities for mining,11 - 49,0.6,,,
private,21311,Support activities for mining,50 - 249,0.9,,1,1.3
private,21311,Support activities for mining,250 - 999,0.8,0.2,0.5,1.1
private,21311,Support activities for mining,"1,000+",0.8,,,
private,213111,Drilling oil and gas wells,Total all sizes,1.3,,,1
private,213111,Drilling oil and gas wells,50 - 249,1.2,1,1,1
private,213111,Drilling oil and gas wells,250 - 999,1.5,,,
private,213112,Support activities for oil and gas operations,Total all sizes,0.8,,,
private,213112,Support activities for oil and gas operations,1 - 10,4.5,,,
private,213112,Support activities for oil and gas operations,11 - 49,0.6,,,
private,213112,Support activities for oil and gas operations,50 - 249,0.8,,0.8,1.3
private,213112,Support activities for oil and gas operations,250 - 999,0.6,0.1,0.4,0.7
private,213112,Support activities for oil and gas operations,"1,000+",0.5,,,
private,,Construction,Total all sizes,2.2,,,
private,,Construction,1 - 10,1.4,,,
private,,Construction,11 - 49,2.6,,,3.2
private,,Construction,50 - 249,2.6,,1.5,3.7
private,,Construction,250 - 999,1.7,0.5,1.1,2
private,,Construction,"1,000+",1.2,0.4,0.7,1.7
private,,Construction,Total all sizes,2.2,,,
private,,Construction,1 - 10,1.4,,,
private,,Construction,11 - 49,2.6,,,3.2
private,,Construction,50 - 249,2.6,,1.5,3.7
private,,Construction,250 - 999,1.7,0.5,1.1,2
private,,Construction,"1,000+",1.2,0.4,0.7,1.7
private,236,Construction of buildings,Total all sizes,2.2,,,
private,236,Construction of buildings,11 - 49,2.8,,,2.8
private,236,Construction of buildings,50 - 249,2.3,,1.1,3.4
private,236,Construction of buildings,250 - 999,1.4,0.6,1.1,1.7
private,236,Construction of buildings,"1,000+",1.1,0.4,0.9,1.7
private,2361,Residential building construction,Total all sizes,2.5,,,
private,2361,Residential building construction,11 - 49,3.1,,,3.9
private,2361,Residential building construction,50 - 249,2.5,,1,3.7
private,2361,Residential building construction,250 - 999,2.1,0.8,1.4,2.7
private,2361,Residential building construction,"1,000+",1.1,,,
private,2362,Nonresidential building construction,Total all sizes,1.9,,,
private,2362,Nonresidential building construction,11 - 49,2.4,,,
private,2362,Nonresidential building construction,50 - 249,2.2,,1.3,3
private,2362,Nonresidential building construction,250 - 999,1.3,0.4,1.1,1.6
private,2362,Nonresidential building construction,"1,000+",1.1,0.4,1.2,1.7
private,237,Heavy and civil engineering construction,Total all sizes,1.8,,,
private,237,Heavy and civil engineering construction,11 - 49,2.2,,,3
private,237,Heavy and civil engineering construction,50 - 249,2.1,,1.2,3.1
private,237,Heavy and civil engineering construction,250 - 999,1.3,0.4,1,1.7
private,237,Heavy and civil engineering construction,"1,000+",0.9,0.4,0.7,1.7
private,2371,Utility system construction,Total all sizes,1.4,,,
private,2371,Utility system construction,11 - 49,2,,,3
private,2371,Utility system construction,50 - 249,1.6,,1,2.8
private,2371,Utility system construction,250 - 999,0.9,0.3,0.6,1.4
private,2371,Utility system construction,"1,000+",0.7,,,
private,23711,Water and sewer line and related structures construction,Total all sizes,1.9,,,
private,23711,Water and sewer line and related structures construction,11 - 49,2.6,,,5
private,23711,Water and sewer line and related structures construction,50 - 249,1.9,,1.5,3.2
private,23711,Water and sewer line and related structures construction,250 - 999,1.3,0.7,1.1,2.1
private,23712,Oil and gas pipeline and related structures construction,Total all sizes,0.5,,,
private,23712,Oil and gas pipeline and related structures construction,50 - 249,0.5,,,0.4
private,23712,Oil and gas pipeline and related structures construction,250 - 999,0.6,0.3,0.4,0.6
private,23712,Oil and gas pipeline and related structures construction,"1,000+",0.3,,,
private,23713,Power and communication line and related structures construction,Total all sizes,1.5,,,
private,23713,Power and communication line and related structures construction,11 - 49,1.5,,,2.2
private,23713,Power and communication line and related structures construction,50 - 249,2.2,,1.6,3.6
private,23713,Power and communication line and related structures construction,250 - 999,0.9,0.4,0.7,1.4
private,23713,Power and communication line and related structures construction,"1,000+",1.1,,,
private,2372,Land subdivision,Total all sizes,1.8,,,
private,2372,Land subdivision,11 - 49,6.3,,,18.3
private,2372,Land subdivision,250 - 999,1.6,,,
private,2373,"Highway, street, and bridge construction",Total all sizes,2.5,,,0.8
private,2373,"Highway, street, and bridge construction",11 - 49,2.8,,,3.7
private,2373,"Highway, street, and bridge construction",50 - 249,3.1,0.7,2,4
private,2373,"Highway, street, and bridge construction",250 - 999,1.7,0.9,1.4,2.4
private,2373,"Highway, street, and bridge construction","1,000+",1.3,,,
private,2379,Other heavy and civil engineering construction,Total all sizes,1.2,,,
private,2379,Other heavy and civil engineering construction,11 - 49,1.4,,,
private,2379,Other heavy and civil engineering construction,50 - 249,1.3,,,1.4
private,2379,Other heavy and civil engineering construction,250 - 999,1.4,,,
private,238,Specialty trade contractors,Total all sizes,2.3,,,
private,238,Specialty trade contractors,1 - 10,1.3,,,
private,238,Specialty trade contractors,11 - 49,2.6,,,3.3
private,238,Specialty trade contractors,50 - 249,2.8,,1.6,3.9
private,238,Specialty trade contractors,250 - 999,2,0.6,1.2,2.2
private,238,Specialty trade contractors,"1,000+",1.4,0.4,0.6,1.6
private,2381,"Foundation, structure, and building exterior contractors",Total all sizes,2.6,,,
private,2381,"Foundation, structure, and building exterior contractors",1 - 10,1,,,
private,2381,"Foundation, structure, and building exterior contractors",11 - 49,2.7,,,2.5
private,2381,"Foundation, structure, and building exterior contractors",50 - 249,3.3,,2,4.4
private,2381,"Foundation, structure, and building exterior contractors",250 - 999,4.2,0.9,2.6,5.8
private,2381,"Foundation, structure, and building exterior contractors","1,000+",4.9,,,
private,23811,Poured concrete foundation and structure contractors,Total all sizes,2.8,,,
private,23811,Poured concrete foundation and structure contractors,11 - 49,2.9,,,4.6
private,23811,Poured concrete foundation and structure contractors,50 - 249,3.8,,2.4,6.7
private,23811,Poured concrete foundation and structure contractors,250 - 999,3.1,0.5,1.5,5.8
private,23811,Poured concrete foundation and structure contractors,"1,000+",0.7,,,
private,23812,Structural steel and precast concrete contractors,Total all sizes,2.8,,,
private,23812,Structural steel and precast concrete contractors,11 - 49,3.7,,,6.2
private,23812,Structural steel and precast concrete contractors,50 - 249,2.5,,1.7,3.3
private,23812,Structural steel and precast concrete contractors,250 - 999,2.1,,,
private,23813,Framing contractors,Total all sizes,4.6,,,
private,23813,Framing contractors,11 - 49,4.5,,,4.9
private,23813,Framing contractors,50 - 249,5.1,,2.2,6.2
private,23813,Framing contractors,250 - 999,13.3,8.3,13.7,19.7
private,23813,Framing contractors,"1,000+",13,,,
private,23814,Masonry contractors,Total all sizes,1.9,,,
private,23814,Masonry contractors,11 - 49,1.5,,,
private,23814,Masonry contractors,50 - 249,3.3,,1.8,4.3
private,23814,Masonry contractors,250 - 999,3.1,1.5,2.6,4
private,23815,Glass and glazing contractors,Total all sizes,2.7,,,
private,23815,Glass and glazing contractors,11 - 49,2.6,,,
private,23815,Glass and glazing contractors,50 - 249,3.6,1.7,3.2,5.9
private,23816,Roofing contractors,Total all sizes,2.4,,,
private,23816,Roofing contractors,11 - 49,2.8,,,2
private,23816,Roofing contractors,50 - 249,2.7,,1.9,4.2
private,23816,Roofing contractors,250 - 999,4.2,,,
private,23817,Siding contractors,Total all sizes,3.2,,,
private,23817,Siding contractors,1 - 10,3,,,
private,23817,Siding contractors,11 - 49,3.3,,,10.4
private,23817,Siding contractors,50 - 249,4.1,,,
private,2382,Building equipment contractors,Total all sizes,2.4,,,
private,2382,Building equipment contractors,11 - 49,2.9,,,4.5
private,2382,Building equipment contractors,50 - 249,2.9,,1.7,4
private,2382,Building equipment contractors,250 - 999,1.4,0.6,1.1,1.9
private,2382,Building equipment contractors,"1,000+",1,0.4,0.6,1.4
private,23821,Electrical contractors and other wiring installation contractors,Total all sizes,1.8,,,
private,23821,Electrical contractors and other wiring installation contractors,1 - 10,1,,,
private,23821,Electrical contractors and other wiring installation contractors,11 - 49,2.4,,,3.4
private,23821,Electrical contractors and other wiring installation contractors,50 - 249,2.2,,1.3,3.1
private,23821,Electrical contractors and other wiring installation contractors,250 - 999,1.3,0.6,1.1,1.4
private,23821,Electrical contractors and other wiring installation contractors,"1,000+",0.9,0.4,0.6,1.1
private,23822,"Plumbing, heating, and air-conditioning contractors",Total all sizes,3,,,
private,23822,"Plumbing, heating, and air-conditioning contractors",11 - 49,3.4,,,4.9
private,23822,"Plumbing, heating, and air-conditioning contractors",50 - 249,3.5,,2.3,5.1
private,23822,"Plumbing, heating, and air-conditioning contractors",250 - 999,1.8,0.6,1.4,2.3
private,23822,"Plumbing, heating, and air-conditioning contractors","1,000+",1.1,0.5,1,2.1
private,23829,Other building equipment contractors,Total all sizes,1.4,,,
private,23829,Other building equipment contractors,11 - 49,1.3,,,
private,23829,Other building equipment contractors,50 - 249,1.7,,1.2,2.4
private,23829,Other building equipment contractors,250 - 999,0.9,0.4,0.6,0.8
private,2383,Building finishing contractors,Total all sizes,2.3,,,
private,2383,Building finishing contractors,11 - 49,2.7,,,2.6
private,2383,Building finishing contractors,50 - 249,2.9,,1.5,3.9
private,2383,Building finishing contractors,250 - 999,3.1,1,2,4.6
private,23831,Drywall and insulation contractors,Total all sizes,2.9,,,
private,23831,Drywall and insulation contractors,11 - 49,2.4,,,
private,23831,Drywall and insulation contractors,50 - 249,3.4,0.6,2.6,5.1
private,23831,Drywall and insulation contractors,250 - 999,2.5,1,2.1,2.9
private,23832,Painting and wall covering contractors,Total all sizes,1.6,,,
private,23832,Painting and wall covering contractors,1 - 10,1.2,,,
private,23832,Painting and wall covering contractors,11 - 49,2,,,2.7
private,23832,Painting and wall covering contractors,50 - 249,1.6,,,3.4
private,23832,Painting and wall covering contractors,250 - 999,5.7,,,
private,23833,Flooring contractors,Total all sizes,2,,,
private,23833,Flooring contractors,11 - 49,2.7,,,6.8
private,23833,Flooring contractors,50 - 249,2.4,,1.5,5.6
private,23833,Flooring contractors,250 - 999,1.7,,,
private,23834,Tile and terrazzo contractors,Total all sizes,2.4,,,
private,23834,Tile and terrazzo contractors,11 - 49,2.9,,,
private,23834,Tile and terrazzo contractors,50 - 249,2,,,
private,23835,Finish carpentry contractors,Total all sizes,1.8,,,
private,23835,Finish carpentry contractors,11 - 49,2.4,,,
private,23835,Finish carpentry contractors,50 - 249,4,,2.4,4.4
private,23835,Finish carpentry contractors,250 - 999,6.2,,,
private,23839,Other building finishing contractors,Total all sizes,3.1,,,
private,23839,Other building finishing contractors,11 - 49,6.5,,,9.4
private,23839,Other building finishing contractors,50 - 249,2.8,,,2.3
private,23839,Other building finishing contractors,250 - 999,1.7,,,
private,2389,Other specialty trade contractors,Total all sizes,1.5,,,
private,2389,Other specialty trade contractors,11 - 49,1.8,,,
private,2389,Other specialty trade contractors,50 - 249,2,,1,2.8
private,2389,Other specialty trade contractors,250 - 999,1.4,0.4,1.2,1.9
private,23891,Site preparation contractors,Total all sizes,1.5,,,
private,23891,Site preparation contractors,11 - 49,1.7,,,
private,23891,Site preparation contractors,50 - 249,2,,1.3,2.8
private,23891,Site preparation contractors,250 - 999,1.5,0.5,1.3,2.1
private,23899,All other specialty trade contractors,Total all sizes,1.6,,,
private,23899,All other specialty trade contractors,11 - 49,1.9,,,
private,23899,All other specialty trade contractors,50 - 249,2,,1,2.7
private,23899,All other specialty trade contractors,250 - 999,1.1,,0.7,1.3
private,,Manufacturing,Total all sizes,2.7,,,0.3
private,,Manufacturing,1 - 10,1.4,,,
private,,Manufacturing,11 - 49,2.7,,,3.5
private,,Manufacturing,50 - 249,3.3,0.6,2.2,4.8
private,,Manufacturing,250 - 999,2.4,0.8,1.8,3.4
private,,Manufacturing,"1,000+",2.3,0.5,1.3,2.8
private,,Manufacturing,Total all sizes,2.7,,,0.3
private,,Manufacturing,1 - 10,1.4,,,
private,,Manufacturing,11 - 49,2.7,,,3.5
private,,Manufacturing,50 - 249,3.3,0.6,2.2,4.8
private,,Manufacturing,250 - 999,2.4,0.8,1.8,3.4
private,,Manufacturing,"1,000+",2.3,0.5,1.3,2.8
private,311,Food manufacturing,Total all sizes,3.3,,,1.9
private,311,Food manufacturing,1 - 10,1.5,,,
private,311,Food manufacturing,11 - 49,3.1,,,3.8
private,311,Food manufacturing,50 - 249,4.4,1.4,3.3,6.3
private,311,Food manufacturing,250 - 999,3,1.5,2.7,4.2
private,311,Food manufacturing,"1,000+",2.8,1.1,2.1,3.8
private,3111,Animal food manufacturing,Total all sizes,2.9,,,2.5
private,3111,Animal food manufacturing,11 - 49,3.7,,2.5,5.9
private,3111,Animal food manufacturing,50 - 249,3.6,2,3.5,3.8
private,3111,Animal food manufacturing,250 - 999,1.9,0.7,1.3,2.9
private,31111,Animal food manufacturing,Total all sizes,2.9,,,2.5
private,31111,Animal food manufacturing,11 - 49,3.7,,2.5,5.9
private,31111,Animal food manufacturing,50 - 249,3.6,2,3.5,3.8
private,31111,Animal food manufacturing,250 - 999,1.9,0.7,1.3,2.9
private,311111,Dog and cat food manufacturing,Total all sizes,2.3,,,
private,311111,Dog and cat food manufacturing,11 - 49,2.7,,,
private,311111,Dog and cat food manufacturing,50 - 249,3.4,1.5,2.1,3.8
private,311111,Dog and cat food manufacturing,250 - 999,1.8,0.8,1.3,3.4
private,311119,Other animal food manufacturing,Total all sizes,3.5,,,3.4
private,311119,Other animal food manufacturing,11 - 49,3.8,,2.5,5.9
private,311119,Other animal food manufacturing,50 - 249,3.7,3.1,3.5,3.8
private,311119,Other animal food manufacturing,250 - 999,2.2,,,
private,3112,Grain and oilseed milling,Total all sizes,2.9,,,2.7
private,3112,Grain and oilseed milling,11 - 49,4.1,,,5
private,3112,Grain and oilseed milling,50 - 249,3,1.4,2.6,4.6
private,3112,Grain and oilseed milling,250 - 999,2.6,1.5,2.5,3.8
private,31121,Flour milling and malt manufacturing,Total all sizes,2.8,,,1.8
private,31121,Flour milling and malt manufacturing,11 - 49,3.2,,,
private,31121,Flour milling and malt manufacturing,50 - 249,2.9,,2.2,4.5
private,31121,Flour milling and malt manufacturing,250 - 999,3,,,
private,311211,Flour milling,Total all sizes,3.1,,,1.8
private,311211,Flour milling,11 - 49,3.1,,,
private,311211,Flour milling,50 - 249,3.4,,2.4,5.4
private,311211,Flour milling,250 - 999,2.9,,,
private,311213,Malt manufacturing,Total all sizes,3.6,,,
private,31122,Starch and vegetable fats and oils manufacturing,Total all sizes,3,,,3.2
private,31122,Starch and vegetable fats and oils manufacturing,50 - 249,3.1,2.4,2.9,5.1
private,31122,Starch and vegetable fats and oils manufacturing,250 - 999,2.6,1.3,2.4,5.2
private,311221,Wet corn milling,Total all sizes,2.2,,,
private,311221,Wet corn milling,250 - 999,2.1,,,
private,311224,Soybean and other oilseed processing,Total all sizes,4,,,5.1
private,311224,Soybean and other oilseed processing,50 - 249,3.1,1.6,3.2,5.1
private,311225,Fats and oils refining and blending,Total all sizes,3,,,1.9
private,311225,Fats and oils refining and blending,50 - 249,3.3,,,
private,311225,Fats and oils refining and blending,250 - 999,2.8,,,
private,31123,Breakfast cereal manufacturing,Total all sizes,2.8,,2,5
private,31123,Breakfast cereal manufacturing,50 - 249,3,,,
private,31123,Breakfast cereal manufacturing,250 - 999,2.5,,,
private,3113,Sugar and confectionery product manufacturing,Total all sizes,3.2,,,
private,3113,Sugar and confectionery product manufacturing,11 - 49,1.2,,,
private,3113,Sugar and confectionery product manufacturing,50 - 249,4.1,1.1,3.8,5.6
private,3113,Sugar and confectionery product manufacturing,250 - 999,3.8,2.7,3.7,4.6
private,31131,Sugar manufacturing,Total all sizes,4.9,1.5,4.3,6.9
private,31131,Sugar manufacturing,11 - 49,,,,
private,31131,Sugar manufacturing,50 - 249,2.8,,,
private,31131,Sugar manufacturing,250 - 999,5.2,,,
private,311313,Beet sugar manufacturing,Total all sizes,6.8,,,
private,311313,Beet sugar manufacturing,50 - 249,6.6,,,
private,311313,Beet sugar manufacturing,250 - 999,6.8,,,
private,31134,Nonchocolate confectionery manufacturing,Total all sizes,2.7,,,
private,31134,Nonchocolate confectionery manufacturing,50 - 249,3.8,,,
private,31134,Nonchocolate confectionery manufacturing,250 - 999,3,1.5,3.7,4.6
private,31135,Chocolate and confectionery manufacturing,Total all sizes,2.9,,,
private,31135,Chocolate and confectionery manufacturing,50 - 249,4.6,1.1,2,7.3
private,31135,Chocolate and confectionery manufacturing,250 - 999,3.4,2.8,3.2,3.7
private,311352,Confectionery manufacturing from purchased chocolate,Total all sizes,2.9,,,
private,311352,Confectionery manufacturing from purchased chocolate,50 - 249,3.7,1.1,3.7,5.6
private,311352,Confectionery manufacturing from purchased chocolate,250 - 999,3.5,2.4,2.9,5
private,3114,Fruit and vegetable preserving and specialty food manufacturing,Total all sizes,3.3,,,3.8
private,3114,Fruit and vegetable preserving and specialty food manufacturing,11 - 49,4.5,,,5.6
private,3114,Fruit and vegetable preserving and specialty food manufacturing,50 - 249,4.2,1.7,3.7,5.2
private,3114,Fruit and vegetable preserving and specialty food manufacturing,250 - 999,2.9,1.4,2.3,4.4
private,3114,Fruit and vegetable preserving and specialty food manufacturing,"1,000+",1.8,,,
private,31141,Frozen food manufacturing,Total all sizes,3.4,,,4.2
private,31141,Frozen food manufacturing,11 - 49,6.7,,,
private,31141,Frozen food manufacturing,50 - 249,4.7,1.9,4,5.6
private,31141,Frozen food manufacturing,250 - 999,2.7,1.2,2.2,4.2
private,31141,Frozen food manufacturing,"1,000+",1.6,,,
private,311411,"Frozen fruit, juice, and vegetable manufacturing",Total all sizes,4.5,,3,6.4
private,311411,"Frozen fruit, juice, and vegetable manufacturing",50 - 249,6.7,4.1,5.6,8.9
private,311411,"Frozen fruit, juice, and vegetable manufacturing",250 - 999,3.4,1.4,2.3,4.7
private,311412,Frozen specialty food manufacturing,Total all sizes,2.8,,,3.5
private,311412,Frozen specialty food manufacturing,11 - 49,8.4,,,
private,311412,Frozen specialty food manufacturing,50 - 249,3.5,1.7,3.3,4.2
private,311412,Frozen specialty food manufacturing,250 - 999,2.3,1.1,1.9,3.6
private,311412,Frozen specialty food manufacturing,"1,000+",1.6,,,
private,31142,"Fruit and vegetable canning, pickling, and drying",Total all sizes,3.3,,1,3.7
private,31142,"Fruit and vegetable canning, pickling, and drying",11 - 49,3.2,,,3.7
private,31142,"Fruit and vegetable canning, pickling, and drying",50 - 249,3.8,1.7,3.4,4.9
private,31142,"Fruit and vegetable canning, pickling, and drying",250 - 999,3.1,1.8,2.9,4.7
private,31142,"Fruit and vegetable canning, pickling, and drying","1,000+",2,,,
private,311421,Fruit and vegetable canning,Total all sizes,3.2,,0.6,3.7
private,311421,Fruit and vegetable canning,11 - 49,2.6,,,3.7
private,311421,Fruit and vegetable canning,50 - 249,3.6,1.6,2.9,4.7
private,311421,Fruit and vegetable canning,250 - 999,3.2,1.8,2.3,4.9
private,311422,Specialty canning,Total all sizes,2.8,1.4,4,7.6
private,311422,Specialty canning,50 - 249,4.9,,,
private,311422,Specialty canning,250 - 999,1.9,,,
private,3115,Dairy product manufacturing,Total all sizes,4.2,,2.3,6.3
private,3115,Dairy product manufacturing,11 - 49,5,,,9.2
private,3115,Dairy product manufacturing,50 - 249,5.2,2.1,4.1,6.8
private,3115,Dairy product manufacturing,250 - 999,3.3,1.7,3.1,5.2
private,3115,Dairy product manufacturing,"1,000+",3.1,,,
private,31151,Dairy product (except frozen) manufacturing,Total all sizes,4.2,,1.7,6.3
private,31151,Dairy product (except frozen) manufacturing,11 - 49,4.9,,,10
private,31151,Dairy product (except frozen) manufacturing,50 - 249,5.2,2.1,4.3,7.1
private,31151,Dairy product (except frozen) manufacturing,250 - 999,3.3,1.7,3.1,5.3
private,31151,Dairy product (except frozen) manufacturing,"1,000+",2.7,,,
private,311511,Fluid milk manufacturing,Total all sizes,4.7,,2.9,7.2
private,311511,Fluid milk manufacturing,11 - 49,5,,,
private,311511,Fluid milk manufacturing,50 - 249,5.5,1.9,3.6,7.2
private,311511,Fluid milk manufacturing,250 - 999,3.3,1.8,3.1,5.2
private,311512,Creamery butter manufacturing,Total all sizes,4.8,,,
private,311512,Creamery butter manufacturing,50 - 249,5.1,,,
private,311513,Cheese manufacturing,Total all sizes,4.3,,0.7,6.1
private,311513,Cheese manufacturing,11 - 49,6.7,,,
private,311513,Cheese manufacturing,50 - 249,5.2,2.9,6.1,8
private,311513,Cheese manufacturing,250 - 999,3.5,1.9,3.4,6.4
private,311513,Cheese manufacturing,"1,000+",3.8,,,
private,311514,"Dry, condensed, and evaporated dairy product manufacturing",Total all sizes,2.5,,,4
private,311514,"Dry, condensed, and evaporated dairy product manufacturing",50 - 249,3.6,1.7,3.7,4.3
private,311514,"Dry, condensed, and evaporated dairy product manufacturing",250 - 999,2.6,,,
private,31152,Ice cream and frozen dessert manufacturing,Total all sizes,4.2,,3.8,6.3
private,31152,Ice cream and frozen dessert manufacturing,11 - 49,5.1,,,
private,31152,Ice cream and frozen dessert manufacturing,50 - 249,4.9,2.3,2.9,4.1
private,31152,Ice cream and frozen dessert manufacturing,250 - 999,3.4,1.9,2.8,4.1
private,3116,Animal slaughtering and processing,Total all sizes,3.2,,,3.2
private,3116,Animal slaughtering and processing,1 - 10,1.3,,,
private,3116,Animal slaughtering and processing,11 - 49,4.2,,2.7,4.9
private,3116,Animal slaughtering and processing,50 - 249,5,1.8,4.3,7.1
private,3116,Animal slaughtering and processing,250 - 999,2.9,1.5,2.4,3.6
private,3116,Animal slaughtering and processing,"1,000+",3,1.2,2.3,4.1
private,31161,Animal slaughtering and processing,Total all sizes,3.2,,,3.2
private,31161,Animal slaughtering and processing,1 - 10,1.3,,,
private,31161,Animal slaughtering and processing,11 - 49,4.2,,2.7,4.9
private,31161,Animal slaughtering and processing,50 - 249,5,1.8,4.3,7.1
private,31161,Animal slaughtering and processing,250 - 999,2.9,1.5,2.4,3.6
private,31161,Animal slaughtering and processing,"1,000+",3,1.2,2.3,4.1
private,311611,Animal (except poultry) slaughtering,Total all sizes,4,,,
private,311611,Animal (except poultry) slaughtering,11 - 49,3.5,,2.9,4.4
private,311611,Animal (except poultry) slaughtering,50 - 249,8.7,3.9,8.4,14.9
private,311611,Animal (except poultry) slaughtering,250 - 999,3.5,1.6,2.4,4
private,311611,Animal (except poultry) slaughtering,"1,000+",3.7,2.1,3.8,5.6
private,311612,Meat processed from carcasses,Total all sizes,3.7,,2.3,4.9
private,311612,Meat processed from carcasses,1 - 10,4.3,,,
private,311612,Meat processed from carcasses,11 - 49,4.7,,2.9,9.6
private,311612,Meat processed from carcasses,50 - 249,4.5,2.6,4.4,6.2
private,311612,Meat processed from carcasses,250 - 999,3.1,1.4,2.5,4
private,311612,Meat processed from carcasses,"1,000+",4.5,,,
private,311613,Rendering and meat byproduct processing,Total all sizes,3.8,,,4.6
private,311613,Rendering and meat byproduct processing,11 - 49,4.4,,,5.1
private,311613,Rendering and meat byproduct processing,50 - 249,4.1,0.9,4.2,5.3
private,311613,Rendering and meat byproduct processing,250 - 999,3.7,,,
private,311615,Poultry processing,Total all sizes,2.4,,0.4,2.3
private,311615,Poultry processing,50 - 249,3,1,1.6,2.6
private,311615,Poultry processing,250 - 999,2.5,1.5,2.3,3
private,311615,Poultry processing,"1,000+",2.3,1.1,1.8,3.4
private,3117,Seafood product preparation and packaging,Total all sizes,5,,,1.5
private,3117,Seafood product preparation and packaging,11 - 49,3.4,,,3.2
private,3117,Seafood product preparation and packaging,50 - 249,7.3,2.6,5.9,12
private,3117,Seafood product preparation and packaging,250 - 999,3.4,1.5,1.5,5.2
private,3118,Bakeries and tortilla manufacturing,Total all sizes,3.2,,,
private,3118,Bakeries and tortilla manufacturing,11 - 49,2.1,,,
private,3118,Bakeries and tortilla manufacturing,50 - 249,4.6,0.9,2.9,7.1
private,3118,Bakeries and tortilla manufacturing,250 - 999,3.4,1.8,3.1,4.4
private,3118,Bakeries and tortilla manufacturing,"1,000+",2.4,,,
private,31181,Bread and bakery product manufacturing,Total all sizes,3.2,,,
private,31181,Bread and bakery product manufacturing,11 - 49,2,,,
private,31181,Bread and bakery product manufacturing,50 - 249,4.3,0.9,2.5,6.1
private,31181,Bread and bakery product manufacturing,250 - 999,3.7,2.3,3.6,4.9
private,31181,Bread and bakery product manufacturing,"1,000+",3.6,,,
private,311811,Retail bakeries,Total all sizes,1.9,,,
private,311811,Retail bakeries,11 - 49,2,,,
private,311811,Retail bakeries,50 - 249,3.5,,,3.1
private,311811,Retail bakeries,250 - 999,2.6,,,
private,311812,Commercial bakeries,Total all sizes,3.7,,,2.4
private,311812,Commercial bakeries,11 - 49,2.1,,,
private,311812,Commercial bakeries,50 - 249,4.4,1.1,2.9,7.4
private,311812,Commercial bakeries,250 - 999,3.6,2.3,3.4,4.8
private,31182,"Cookie, cracker, and pasta manufacturing",Total all sizes,3.1,,,3
private,31182,"Cookie, cracker, and pasta manufacturing",50 - 249,4.6,2.4,4.9,7.3
private,31182,"Cookie, cracker, and pasta manufacturing",250 - 999,2.9,1.1,2.8,3.1
private,311821,Cookie and cracker manufacturing,Total all sizes,2.6,,,3
private,311821,Cookie and cracker manufacturing,50 - 249,4.8,3,4.1,6.4
private,311821,Cookie and cracker manufacturing,250 - 999,2,0.7,2.1,2.8
private,31183,Tortilla manufacturing,Total all sizes,4.3,,,8
private,31183,Tortilla manufacturing,11 - 49,3.8,,,
private,31183,Tortilla manufacturing,50 - 249,6.3,,,
private,31183,Tortilla manufacturing,250 - 999,2.3,,,
private,3119,Other food manufacturing,Total all sizes,3.3,,,3.9
private,3119,Other food manufacturing,1 - 10,4.3,,,
private,3119,Other food manufacturing,11 - 49,3.1,,,5
private,3119,Other food manufacturing,50 - 249,3.9,1.1,2.4,5.8
private,3119,Other food manufacturing,250 - 999,2.9,1.3,2.5,3.9
private,3119,Other food manufacturing,"1,000+",2.4,,,
private,31191,Snack food manufacturing,Total all sizes,3,,,2.8
private,31191,Snack food manufacturing,50 - 249,4.1,1,2,5.6
private,31191,Snack food manufacturing,250 - 999,2.5,1.3,2.7,3.7
private,31191,Snack food manufacturing,"1,000+",2.8,,,
private,311911,Roasted nuts and peanut butter manufacturing,Total all sizes,3,,,6.9
private,311911,Roasted nuts and peanut butter manufacturing,50 - 249,4.4,1,1.9,5.8
private,311911,Roasted nuts and peanut butter manufacturing,250 - 999,1.9,,,
private,311919,Other snack food manufacturing,Total all sizes,3.1,,,2
private,311919,Other snack food manufacturing,50 - 249,3.9,,2,4.6
private,311919,Other snack food manufacturing,250 - 999,2.7,1.3,2.7,3.7
private,311919,Other snack food manufacturing,"1,000+",2.8,,,
private,31192,Coffee and tea manufacturing,Total all sizes,4.6,,3.4,13.7
private,31192,Coffee and tea manufacturing,1 - 10,9.9,,,
private,31192,Coffee and tea manufacturing,50 - 249,5.3,2.4,4.8,6.2
private,31192,Coffee and tea manufacturing,250 - 999,1.7,,,
private,31193,Flavoring syrup and concentrate manufacturing,Total all sizes,1,,,
private,31193,Flavoring syrup and concentrate manufacturing,50 - 249,3.2,,,
private,31193,Flavoring syrup and concentrate manufacturing,250 - 999,1.2,,,
private,31194,Seasoning and dressing manufacturing,Total all sizes,2.9,,1.3,4
private,31194,Seasoning and dressing manufacturing,11 - 49,5.7,,,
private,31194,Seasoning and dressing manufacturing,50 - 249,3.3,0.9,1.5,4.1
private,31194,Seasoning and dressing manufacturing,250 - 999,1.9,0.8,1.1,3
private,311941,"Mayonnaise, dressing, and other prepared sauce manufacturing",Total all sizes,2.3,1.5,1.7,3.9
private,311941,"Mayonnaise, dressing, and other prepared sauce manufacturing",50 - 249,2.4,1.5,1.5,3.5
private,311941,"Mayonnaise, dressing, and other prepared sauce manufacturing",250 - 999,2,,,
private,311942,Spice and extract manufacturing,Total all sizes,3.4,,0.9,4.6
private,311942,Spice and extract manufacturing,11 - 49,4.9,,,
private,311942,Spice and extract manufacturing,50 - 249,3.8,0.9,1.3,4.2
private,311942,Spice and extract manufacturing,250 - 999,1.8,,,
private,31199,All other food manufacturing,Total all sizes,3.6,,,2.4
private,31199,All other food manufacturing,11 - 49,2.3,,,3.5
private,31199,All other food manufacturing,50 - 249,4,1.1,2.7,7.3
private,31199,All other food manufacturing,250 - 999,4.1,2.2,3.4,5.1
private,31199,All other food manufacturing,"1,000+",2.1,,,
private,311991,Perishable prepared food manufacturing,Total all sizes,4.1,,,2.4
private,311991,Perishable prepared food manufacturing,11 - 49,3,,,
private,311991,Perishable prepared food manufacturing,50 - 249,4.8,1.9,2.8,9.2
private,311991,Perishable prepared food manufacturing,250 - 999,4.5,2.2,3.6,5
private,311991,Perishable prepared food manufacturing,"1,000+",1.9,,,
private,311999,All other miscellaneous food manufacturing,Total all sizes,2.8,,,2.7
private,311999,All other miscellaneous food manufacturing,50 - 249,3.2,0.9,1.9,5.1
private,311999,All other miscellaneous food manufacturing,250 - 999,2.7,1.2,1.5,5.8
private,312,Beverage and tobacco product manufacturing,Total all sizes,3.7,,,
private,312,Beverage and tobacco product manufacturing,11 - 49,2.7,,,
private,312,Beverage and tobacco product manufacturing,50 - 249,4.5,,2.8,6
private,312,Beverage and tobacco product manufacturing,250 - 999,3.9,1.2,3.4,5.9
private,312,Beverage and tobacco product manufacturing,"1,000+",4.2,,,
private,3121,Beverage manufacturing,Total all sizes,3.7,,,
private,3121,Beverage manufacturing,11 - 49,2.7,,,
private,3121,Beverage manufacturing,50 - 249,4.6,,2.8,6
private,3121,Beverage manufacturing,250 - 999,3.9,1.2,3.4,6
private,3121,Beverage manufacturing,"1,000+",4.7,,,
private,31211,Soft drink and ice manufacturing,Total all sizes,5,,,5
private,31211,Soft drink and ice manufacturing,11 - 49,2.4,,,5.1
private,31211,Soft drink and ice manufacturing,50 - 249,5.3,1.1,3.4,6.3
private,31211,Soft drink and ice manufacturing,250 - 999,5,1.4,4,6.9
private,31211,Soft drink and ice manufacturing,"1,000+",7.1,,,
private,312111,Soft drink manufacturing,Total all sizes,5.7,,1.6,5.1
private,312111,Soft drink manufacturing,11 - 49,1.8,,,
private,312111,Soft drink manufacturing,50 - 249,6,1.6,3.8,6.3
private,312111,Soft drink manufacturing,250 - 999,5.6,3.5,5.1,7
private,312111,Soft drink manufacturing,"1,000+",7.1,,,
private,312112,Bottled water manufacturing,Total all sizes,2.7,,,2.6
private,312112,Bottled water manufacturing,50 - 249,3.3,,2.6,7.6
private,312112,Bottled water manufacturing,250 - 999,1.3,,,
private,312113,Ice manufacturing,Total all sizes,2.1,,,2.6
private,312113,Ice manufacturing,11 - 49,2.2,,,5.3
private,312113,Ice manufacturing,50 - 249,1.9,,,
private,31212,Breweries,Total all sizes,2.5,,,
private,31212,Breweries,11 - 49,2.6,,,
private,31212,Breweries,50 - 249,3.4,,2.1,4.7
private,31212,Breweries,250 - 999,2.5,0.4,2.3,3.7
private,31213,Wineries,Total all sizes,3.2,,,
private,31213,Wineries,11 - 49,3.3,,,3.2
private,31213,Wineries,50 - 249,4.4,,4.1,6
private,31213,Wineries,250 - 999,3.6,,,
private,31214,Distilleries,Total all sizes,2.4,,,0.7
private,31214,Distilleries,50 - 249,2.8,1.1,2,3.4
private,31214,Distilleries,250 - 999,2.2,,,
private,3122,Tobacco manufacturing,Total all sizes,2.8,,,
private,3122,Tobacco manufacturing,11 - 49,6.3,,,
private,3122,Tobacco manufacturing,50 - 249,3.3,,,
private,3122,Tobacco manufacturing,250 - 999,2.4,,,
private,313,Textile mills,Total all sizes,2.5,,,1.7
private,313,Textile mills,11 - 49,3.1,,,4.7
private,313,Textile mills,50 - 249,2.5,1,2,4
private,313,Textile mills,250 - 999,2.3,0.3,1.9,3.4
private,313,Textile mills,"1,000+",2.5,,,
private,3131,"Fiber, yarn, and thread mills",Total all sizes,3,,,3.6
private,3131,"Fiber, yarn, and thread mills",50 - 249,2.6,,,
private,3131,"Fiber, yarn, and thread mills",250 - 999,3.2,,,
private,3132,Fabric mills,Total all sizes,2.4,,,1.9
private,3132,Fabric mills,11 - 49,4,,,5.6
private,3132,Fabric mills,50 - 249,2.8,0.7,1.9,4.7
private,3132,Fabric mills,250 - 999,1.4,,0.6,2
private,31321,Broadwoven fabric mills,Total all sizes,2.9,,1.7,3.7
private,31321,Broadwoven fabric mills,50 - 249,3.3,1.2,2.2,5.6
private,31321,Broadwoven fabric mills,250 - 999,1.8,,,
private,31322,Narrow fabric mills and schiffli machine embroidery,Total all sizes,2,,,
private,31322,Narrow fabric mills and schiffli machine embroidery,50 - 249,2.1,,,
private,31323,Nonwoven fabric mills,Total all sizes,2.2,,,1
private,31323,Nonwoven fabric mills,11 - 49,5.6,,,
private,31323,Nonwoven fabric mills,50 - 249,2.8,1,2,4.8
private,31324,Knit fabric mills,Total all sizes,1.8,,,1.9
private,31324,Knit fabric mills,50 - 249,1.6,,,
private,3133,Textile and fabric finishing and fabric coating mills,Total all sizes,2,,,
private,3133,Textile and fabric finishing and fabric coating mills,50 - 249,2,1.1,2,3.3
private,3133,Textile and fabric finishing and fabric coating mills,250 - 999,2.1,,,
private,31331,Textile and fabric finishing mills,Total all sizes,1.9,,,
private,31331,Textile and fabric finishing mills,50 - 249,1.8,,,
private,31331,Textile and fabric finishing mills,250 - 999,1.7,,,
private,31332,Fabric coating mills,Total all sizes,2.2,,,
private,31332,Fabric coating mills,50 - 249,2.3,,,
private,314,Textile product mills,Total all sizes,2.1,,,
private,314,Textile product mills,11 - 49,2.3,,,4.6
private,314,Textile product mills,50 - 249,2.6,1.1,1.9,3.4
private,314,Textile product mills,250 - 999,1.5,0.2,0.8,2
private,3141,Textile furnishings mills,Total all sizes,1.5,,,
private,3141,Textile furnishings mills,50 - 249,1.8,1.3,1.9,2
private,3141,Textile furnishings mills,250 - 999,1.3,,,
private,31411,Carpet and rug mills,Total all sizes,1.5,,,0.2
private,31411,Carpet and rug mills,50 - 249,1.9,,,
private,31411,Carpet and rug mills,250 - 999,1.2,,,
private,31412,Curtain and linen mills,Total all sizes,1.4,,,
private,31412,Curtain and linen mills,50 - 249,1.7,,,
private,3149,Other textile product mills,Total all sizes,2.5,,,
private,3149,Other textile product mills,11 - 49,2.5,,,4.8
private,3149,Other textile product mills,50 - 249,3.3,1,2.7,4.1
private,3149,Other textile product mills,250 - 999,2.2,,,
private,31491,Textile bag and canvas mills,Total all sizes,3.8,,,3.5
private,31491,Textile bag and canvas mills,11 - 49,4.7,,4.9,6
private,31491,Textile bag and canvas mills,50 - 249,4,1.7,2.8,8.7
private,31499,All other textile product mills,Total all sizes,1.6,,,
private,31499,All other textile product mills,11 - 49,0.5,,,
private,31499,All other textile product mills,50 - 249,2.9,,2.6,4.1
private,31499,All other textile product mills,250 - 999,1.9,,,
private,314994,"Rope, cordage, twine, tire cord, and tire fabric mills",Total all sizes,2.3,,,
private,314994,"Rope, cordage, twine, tire cord, and tire fabric mills",50 - 249,3.1,,,
private,314994,"Rope, cordage, twine, tire cord, and tire fabric mills",250 - 999,3,,,
private,314999,All other miscellaneous textile product mills,Total all sizes,1.5,,,
private,314999,All other miscellaneous textile product mills,11 - 49,0.5,,,
private,314999,All other miscellaneous textile product mills,50 - 249,2.9,,2.2,4.1
private,314999,All other miscellaneous textile product mills,250 - 999,,,,
private,315,Apparel manufacturing,Total all sizes,1.9,,,
private,315,Apparel manufacturing,11 - 49,1.3,,,
private,315,Apparel manufacturing,50 - 249,2.4,,1.6,3.1
private,315,Apparel manufacturing,250 - 999,1.9,1.1,1.7,2.5
private,3151,Apparel knitting mills,Total all sizes,2.3,,,
private,3151,Apparel knitting mills,50 - 249,2.2,,,
private,31511,Hosiery and sock mills,Total all sizes,2.6,,,3
private,31511,Hosiery and sock mills,50 - 249,2.4,,,
private,31519,Other apparel knitting mills,Total all sizes,1.7,,,
private,31519,Other apparel knitting mills,50 - 249,1.9,,,
private,3152,Cut and sew apparel manufacturing,Total all sizes,2,,,
private,3152,Cut and sew apparel manufacturing,11 - 49,1.5,,,
private,3152,Cut and sew apparel manufacturing,50 - 249,2.4,,1.6,3
private,3152,Cut and sew apparel manufacturing,250 - 999,1.6,,,
private,31521,Cut and sew apparel contractors,Total all sizes,1.5,,,
private,31521,Cut and sew apparel contractors,50 - 249,2.8,,,
private,31521,Cut and sew apparel contractors,250 - 999,1.2,,,
private,31522,Men's and boys' cut and sew apparel manufacturing,Total all sizes,2.6,,,
private,31522,Men's and boys' cut and sew apparel manufacturing,50 - 249,3.7,1.3,4.2,5.5
private,31528,Other cut and sew apparel manufacturing,Total all sizes,0.9,,,
private,31528,Other cut and sew apparel manufacturing,50 - 249,0.9,,,
private,31528,Other cut and sew apparel manufacturing,250 - 999,1.6,,,
private,3159,Apparel accessories and other apparel manufacturing,Total all sizes,1.1,,,
private,3159,Apparel accessories and other apparel manufacturing,50 - 249,2.5,,,
private,3159,Apparel accessories and other apparel manufacturing,250 - 999,2.4,,,
private,316,Leather and allied product manufacturing,Total all sizes,4,,,
private,316,Leather and allied product manufacturing,50 - 249,4.3,0.8,2.5,6.5
private,316,Leather and allied product manufacturing,250 - 999,5.8,,,
private,3162,Footwear manufacturing,Total all sizes,3.3,,,
private,3162,Footwear manufacturing,50 - 249,4.4,,,
private,3162,Footwear manufacturing,250 - 999,4.3,,,
private,3169,Other leather and allied product manufacturing,Total all sizes,4.8,,,
private,3169,Other leather and allied product manufacturing,50 - 249,2.9,,,
private,31699,Other leather and allied product manufacturing,Total all sizes,4.8,,,
private,31699,Other leather and allied product manufacturing,50 - 249,2.9,,,
private,316998,All other leather good and allied product manufacturing,Total all sizes,4.9,,,
private,316998,All other leather good and allied product manufacturing,50 - 249,2.9,,,
private,321,Wood product manufacturing,Total all sizes,4.2,,,3.4
private,321,Wood product manufacturing,1 - 10,2.5,,,
private,321,Wood product manufacturing,11 - 49,4.6,,,6.2
private,321,Wood product manufacturing,50 - 249,4.5,0.9,3.4,5.9
private,321,Wood product manufacturing,250 - 999,4,1.3,2.8,5.5
private,321,Wood product manufacturing,"1,000+",2.5,,,
private,3211,Sawmills and wood preservation,Total all sizes,4.2,,,2.6
private,3211,Sawmills and wood preservation,11 - 49,5.7,,,8.5
private,3211,Sawmills and wood preservation,50 - 249,4.1,1.1,3.1,6.3
private,3211,Sawmills and wood preservation,250 - 999,2.9,,1.2,4.6
private,32111,Sawmills and wood preservation,Total all sizes,4.2,,,2.6
private,32111,Sawmills and wood preservation,11 - 49,5.7,,,8.5
private,32111,Sawmills and wood preservation,50 - 249,4.1,1.1,3.1,6.3
private,32111,Sawmills and wood preservation,250 - 999,2.9,,1.2,4.6
private,321113,Sawmills,Total all sizes,4.2,,,2.6
private,321113,Sawmills,11 - 49,5.9,,,8.5
private,321113,Sawmills,50 - 249,4.3,1.5,3.3,6.9
private,321113,Sawmills,250 - 999,2.9,,1,4.6
private,321114,Wood preservation,Total all sizes,3.6,,1.7,5.3
private,321114,Wood preservation,11 - 49,5.2,,,
private,321114,Wood preservation,50 - 249,2.9,0.9,1.7,4.5
private,3212,"Veneer, plywood, and engineered wood product manufacturing",Total all sizes,4.2,,0.6,5.1
private,3212,"Veneer, plywood, and engineered wood product manufacturing",11 - 49,3.3,,,4.9
private,3212,"Veneer, plywood, and engineered wood product manufacturing",50 - 249,4.5,1.6,3.6,7.6
private,3212,"Veneer, plywood, and engineered wood product manufacturing",250 - 999,4.1,1.5,4,6.6
private,32121,"Veneer, plywood, and engineered wood product manufacturing",Total all sizes,4.2,,0.6,5.1
private,32121,"Veneer, plywood, and engineered wood product manufacturing",11 - 49,3.3,,,4.9
private,32121,"Veneer, plywood, and engineered wood product manufacturing",50 - 249,4.5,1.6,3.6,7.6
private,32121,"Veneer, plywood, and engineered wood product manufacturing",250 - 999,4.1,1.5,4,6.6
private,321211,Hardwood veneer and plywood manufacturing,Total all sizes,4,,1.6,4.3
private,321211,Hardwood veneer and plywood manufacturing,50 - 249,3.6,,3.1,4.3
private,321211,Hardwood veneer and plywood manufacturing,250 - 999,4.9,,,
private,321212,Softwood veneer and plywood manufacturing,Total all sizes,4.5,,3.2,6.6
private,321212,Softwood veneer and plywood manufacturing,50 - 249,4.6,,,
private,321212,Softwood veneer and plywood manufacturing,250 - 999,4.5,,,
private,321213,Engineered wood member (except truss) manufacturing,Total all sizes,2.5,,,3.4
private,321213,Engineered wood member (except truss) manufacturing,50 - 249,2.7,,,
private,321213,Engineered wood member (except truss) manufacturing,250 - 999,,,,
private,321214,Truss manufacturing,Total all sizes,5.1,,,5.2
private,321214,Truss manufacturing,11 - 49,2.9,,,3.9
private,321214,Truss manufacturing,50 - 249,6.4,2.7,5.2,12.2
private,321214,Truss manufacturing,250 - 999,4.9,,,
private,321219,Reconstituted wood product manufacturing,Total all sizes,2.5,0.5,1.8,3.9
private,321219,Reconstituted wood product manufacturing,50 - 249,2.3,1.1,2.4,3.2
private,321219,Reconstituted wood product manufacturing,250 - 999,2.7,,,
private,3219,Other wood product manufacturing,Total all sizes,4.3,,,3.4
private,3219,Other wood product manufacturing,1 - 10,3.2,,,
private,3219,Other wood product manufacturing,11 - 49,4.4,,,6.2
private,3219,Other wood product manufacturing,50 - 249,4.7,,3.5,5.7
private,3219,Other wood product manufacturing,250 - 999,4.2,1.8,3,5.4
private,3219,Other wood product manufacturing,"1,000+",2.5,,,
private,32191,Millwork,Total all sizes,3.8,,,6.5
private,32191,Millwork,1 - 10,5.4,,,10.7
private,32191,Millwork,11 - 49,4.4,,,7.9
private,32191,Millwork,50 - 249,3.8,,3,5.4
private,32191,Millwork,250 - 999,3.6,1.5,2.7,4.8
private,32191,Millwork,"1,000+",2.5,,,
private,321911,Wood window and door manufacturing,Total all sizes,3.3,,,4.4
private,321911,Wood window and door manufacturing,11 - 49,4,,,
private,321911,Wood window and door manufacturing,50 - 249,3.1,,1.4,3.4
private,321911,Wood window and door manufacturing,250 - 999,3.7,1.5,2.9,5
private,321911,Wood window and door manufacturing,"1,000+",2.5,,,
private,321912,"Cut stock, resawing lumber, and planing",Total all sizes,5.4,,,7.9
private,321912,"Cut stock, resawing lumber, and planing",11 - 49,7.6,,,
private,321912,"Cut stock, resawing lumber, and planing",50 - 249,5.1,,,
private,321918,Other millwork (including flooring),Total all sizes,4,,,7.1
private,321918,Other millwork (including flooring),1 - 10,7.1,,,
private,321918,Other millwork (including flooring),11 - 49,2.9,,,4.9
private,321918,Other millwork (including flooring),50 - 249,4.1,,3.6,5.5
private,321918,Other millwork (including flooring),250 - 999,3.1,,,
private,32192,Wood container and pallet manufacturing,Total all sizes,3.9,,,
private,32192,Wood container and pallet manufacturing,11 - 49,3.8,,,4.3
private,32192,Wood container and pallet manufacturing,50 - 249,4.5,,2.8,5.7
private,32192,Wood container and pallet manufacturing,250 - 999,4.2,,,
private,32199,All other wood product manufacturing,Total all sizes,5.4,,,3.5
private,32199,All other wood product manufacturing,11 - 49,5.2,,,6.2
private,32199,All other wood product manufacturing,50 - 249,5.7,2.5,4.2,7.3
private,32199,All other wood product manufacturing,250 - 999,5.8,2.4,3.3,8.7
private,321991,Manufactured home (mobile home) manufacturing,Total all sizes,5.6,1.7,4,6.9
private,321991,Manufactured home (mobile home) manufacturing,50 - 249,5.6,2,4.6,7.3
private,321991,Manufactured home (mobile home) manufacturing,250 - 999,5.7,2.5,3.3,6.2
private,321992,Prefabricated wood building manufacturing,Total all sizes,7.8,,6.2,17
private,321992,Prefabricated wood building manufacturing,11 - 49,8.7,,,
private,321992,Prefabricated wood building manufacturing,50 - 249,6.8,3.8,4.2,5.8
private,321999,All other miscellaneous wood product manufacturing,Total all sizes,3.5,,,
private,321999,All other miscellaneous wood product manufacturing,11 - 49,3.1,,,3.4
private,321999,All other miscellaneous wood product manufacturing,50 - 249,4.7,2.5,3.4,9.3
private,322,Paper manufacturing,Total all sizes,2.4,,0.6,3.2
private,322,Paper manufacturing,11 - 49,3,,,4.8
private,322,Paper manufacturing,50 - 249,2.6,0.6,2.1,4.1
private,322,Paper manufacturing,250 - 999,2.1,0.9,1.6,2.9
private,322,Paper manufacturing,"1,000+",2.2,,,
private,3221,"Pulp, paper, and paperboard mills",Total all sizes,2.5,,0.6,2.9
private,3221,"Pulp, paper, and paperboard mills",11 - 49,3.7,,,
private,3221,"Pulp, paper, and paperboard mills",50 - 249,2.9,1,2.5,5.1
private,3221,"Pulp, paper, and paperboard mills",250 - 999,2.3,0.9,1.5,2.8
private,32211,Pulp mills,Total all sizes,1.3,,,
private,32211,Pulp mills,250 - 999,1.2,,,
private,32212,Paper mills,Total all sizes,3,,1.5,4.8
private,32212,Paper mills,11 - 49,9.2,,,
private,32212,Paper mills,50 - 249,3.5,1.5,2.9,6
private,32212,Paper mills,250 - 999,2.6,1,1.8,4
private,322121,Paper (except newsprint) mills,Total all sizes,2.9,,1.5,4.6
private,322121,Paper (except newsprint) mills,11 - 49,9.2,,,
private,322121,Paper (except newsprint) mills,50 - 249,3.2,1.5,2.9,6
private,322121,Paper (except newsprint) mills,250 - 999,2.6,1,2.1,4.5
private,322122,Newsprint mills,Total all sizes,3.1,,,
private,322122,Newsprint mills,50 - 249,7.6,,,
private,322122,Newsprint mills,250 - 999,1.3,,,
private,32213,Paperboard mills,Total all sizes,1.9,,,2
private,32213,Paperboard mills,50 - 249,2,0.6,2,3.7
private,32213,Paperboard mills,250 - 999,2,0.9,1.6,2.6
private,3222,Converted paper product manufacturing,Total all sizes,2.4,,0.6,3.2
private,3222,Converted paper product manufacturing,11 - 49,2.8,,,4.8
private,3222,Converted paper product manufacturing,50 - 249,2.6,0.6,2,3.9
private,3222,Converted paper product manufacturing,250 - 999,1.9,1,1.7,3
private,32221,Paperboard container manufacturing,Total all sizes,2.4,,1.6,4.6
private,32221,Paperboard container manufacturing,11 - 49,3.8,,4.8,6.2
private,32221,Paperboard container manufacturing,50 - 249,2.4,0.6,1.8,3.2
private,32221,Paperboard container manufacturing,250 - 999,1.8,0.9,1.5,2.5
private,322211,Corrugated and solid fiber box manufacturing,Total all sizes,2.5,,1.8,4.6
private,322211,Corrugated and solid fiber box manufacturing,11 - 49,3.6,,4.8,4.9
private,322211,Corrugated and solid fiber box manufacturing,50 - 249,2.4,0.6,1.6,3.5
private,322211,Corrugated and solid fiber box manufacturing,250 - 999,2.2,1.2,1.8,3.8
private,322212,Folding paperboard box manufacturing,Total all sizes,2.2,,1.5,3
private,322212,Folding paperboard box manufacturing,11 - 49,2.6,,,
private,322212,Folding paperboard box manufacturing,50 - 249,2.3,1.2,1.9,3
private,322212,Folding paperboard box manufacturing,250 - 999,1.7,,,
private,322219,Other paperboard container manufacturing,Total all sizes,2.1,,1.5,4.7
private,322219,Other paperboard container manufacturing,11 - 49,5.1,,4.7,8.7
private,322219,Other paperboard container manufacturing,50 - 249,2.2,,,
private,322219,Other paperboard container manufacturing,250 - 999,1.6,0.9,1,2.3
private,32222,Paper bag and coated and treated paper manufacturing,Total all sizes,2.2,,,2.5
private,32222,Paper bag and coated and treated paper manufacturing,11 - 49,1.5,,,2.1
private,32222,Paper bag and coated and treated paper manufacturing,50 - 249,2.3,,1.7,5.5
private,32222,Paper bag and coated and treated paper manufacturing,250 - 999,2.1,1.1,2.2,3.2
private,32223,Stationery product manufacturing,Total all sizes,2.7,,,
private,32223,Stationery product manufacturing,50 - 249,3.4,2.2,2.3,3.1
private,32229,Other converted paper product manufacturing,Total all sizes,2.6,,,3.4
private,32229,Other converted paper product manufacturing,11 - 49,1.3,,,
private,32229,Other converted paper product manufacturing,50 - 249,3.7,1.7,3.4,5.4
private,32229,Other converted paper product manufacturing,250 - 999,2.1,1.2,1.8,3
private,322291,Sanitary paper product manufacturing,Total all sizes,2.6,,1.3,4.2
private,322291,Sanitary paper product manufacturing,50 - 249,4,,,
private,322291,Sanitary paper product manufacturing,250 - 999,2.2,1.2,1.9,2.9
private,322299,All other converted paper product manufacturing,Total all sizes,2.5,,,3.3
private,322299,All other converted paper product manufacturing,11 - 49,1.7,,,
private,322299,All other converted paper product manufacturing,50 - 249,3.4,0.9,3.3,4.8
private,322299,All other converted paper product manufacturing,250 - 999,2,,,
private,323,Printing and related support activities,Total all sizes,1.6,,,
private,323,Printing and related support activities,11 - 49,1.1,,,
private,323,Printing and related support activities,50 - 249,2.2,,2,2.9
private,323,Printing and related support activities,250 - 999,2.1,0.8,1.8,3.3
private,323,Printing and related support activities,"1,000+",2.1,,,
private,3231,Printing and related support activities,Total all sizes,1.6,,,
private,3231,Printing and related support activities,11 - 49,1.1,,,
private,3231,Printing and related support activities,50 - 249,2.2,,2,2.9
private,3231,Printing and related support activities,250 - 999,2.1,0.8,1.8,3.3
private,3231,Printing and related support activities,"1,000+",2.1,,,
private,32311,Printing,Total all sizes,1.6,,,
private,32311,Printing,11 - 49,1.1,,,
private,32311,Printing,50 - 249,2.2,,2,2.9
private,32311,Printing,250 - 999,2.1,0.8,1.8,3.3
private,32311,Printing,"1,000+",2.1,,,
private,323111,Commercial printing (except screen and books),Total all sizes,1.7,,,
private,323111,Commercial printing (except screen and books),11 - 49,1.1,,,
private,323111,Commercial printing (except screen and books),50 - 249,2.2,,2,2.9
private,323111,Commercial printing (except screen and books),250 - 999,2.1,0.8,1.9,4
private,323111,Commercial printing (except screen and books),"1,000+",2.1,,,
private,323113,Commercial screen printing,Total all sizes,1.2,,,
private,323113,Commercial screen printing,11 - 49,1.1,,,
private,323113,Commercial screen printing,50 - 249,2.1,,1.4,3.4
private,323113,Commercial screen printing,250 - 999,1.8,0.5,0.5,1.9
private,323117,Books printing,Total all sizes,1.9,,,
private,323117,Books printing,50 - 249,2.6,,,
private,323117,Books printing,250 - 999,2.2,,,
private,32312,Support activities for printing,Total all sizes,1.5,,,
private,32312,Support activities for printing,50 - 249,2.2,,,
private,324,Petroleum and coal products manufacturing,Total all sizes,1,,,
private,324,Petroleum and coal products manufacturing,11 - 49,2.2,,,6.9
private,324,Petroleum and coal products manufacturing,50 - 249,1.6,,1.2,2.8
private,324,Petroleum and coal products manufacturing,250 - 999,0.6,,0.4,0.7
private,324,Petroleum and coal products manufacturing,"1,000+",0.5,,,
private,3241,Petroleum and coal products manufacturing,Total all sizes,1,,,
private,3241,Petroleum and coal products manufacturing,11 - 49,2.2,,,6.9
private,3241,Petroleum and coal products manufacturing,50 - 249,1.6,,1.2,2.8
private,3241,Petroleum and coal products manufacturing,250 - 999,0.6,,0.4,0.7
private,3241,Petroleum and coal products manufacturing,"1,000+",0.5,,,
private,32411,Petroleum refineries,Total all sizes,0.4,,,0.3
private,32411,Petroleum refineries,50 - 249,0.3,,,
private,32411,Petroleum refineries,250 - 999,0.3,,0.3,0.5
private,32411,Petroleum refineries,"1,000+",0.4,,,
private,32412,"Asphalt paving, roofing, and saturated materials manufacturing",Total all sizes,2.1,,,
private,32412,"Asphalt paving, roofing, and saturated materials manufacturing",11 - 49,2.9,,,6.9
private,32412,"Asphalt paving, roofing, and saturated materials manufacturing",50 - 249,2.5,1.2,3.2,3.6
private,32412,"Asphalt paving, roofing, and saturated materials manufacturing",250 - 999,1.5,,,
private,324121,Asphalt paving mixture and block manufacturing,Total all sizes,2.2,,,
private,324121,Asphalt paving mixture and block manufacturing,11 - 49,4.3,,4.3,7.3
private,324121,Asphalt paving mixture and block manufacturing,50 - 249,2.3,,,
private,324121,Asphalt paving mixture and block manufacturing,250 - 999,,,,
private,324122,Asphalt shingle and coating materials manufacturing,Total all sizes,2,,,1.8
private,324122,Asphalt shingle and coating materials manufacturing,50 - 249,2.5,1.3,3.2,3.6
private,324122,Asphalt shingle and coating materials manufacturing,250 - 999,1.9,,,
private,32419,Other petroleum and coal products manufacturing,Total all sizes,1.7,,,1
private,32419,Other petroleum and coal products manufacturing,50 - 249,1.5,,1.6,2.3
private,32419,Other petroleum and coal products manufacturing,250 - 999,3.4,,,
private,324191,Petroleum lubricating oil and grease manufacturing,Total all sizes,1.4,,,
private,324191,Petroleum lubricating oil and grease manufacturing,50 - 249,1.7,,1.6,2.3
private,324191,Petroleum lubricating oil and grease manufacturing,250 - 999,2.7,,,
private,324199,All other petroleum and coal products manufacturing,Total all sizes,2.4,,,
private,324199,All other petroleum and coal products manufacturing,50 - 249,1.2,,,
private,325,Chemical manufacturing,Total all sizes,1.6,,,0.7
private,325,Chemical manufacturing,11 - 49,2.1,,,3.6
private,325,Chemical manufacturing,50 - 249,2.3,,1.7,3.6
private,325,Chemical manufacturing,250 - 999,1.4,0.4,1.2,2.2
private,325,Chemical manufacturing,"1,000+",0.8,0.3,0.6,1.2
private,3251,Basic chemical manufacturing,Total all sizes,1.2,,,1.2
private,3251,Basic chemical manufacturing,11 - 49,1.5,,,
private,3251,Basic chemical manufacturing,50 - 249,1.6,,1.2,2.7
private,3251,Basic chemical manufacturing,250 - 999,0.6,,0.3,1
private,3251,Basic chemical manufacturing,"1,000+",0.4,,,
private,32511,Petrochemical manufacturing,Total all sizes,0.5,,,
private,32511,Petrochemical manufacturing,50 - 249,1.8,,,
private,32511,Petrochemical manufacturing,250 - 999,0.2,,,
private,32512,Industrial gas manufacturing,Total all sizes,0.2,,,
private,32512,Industrial gas manufacturing,250 - 999,0.2,,,
private,32513,Synthetic dye and pigment manufacturing,Total all sizes,1.8,,1.3,3.2
private,32513,Synthetic dye and pigment manufacturing,11 - 49,2.5,,,
private,32513,Synthetic dye and pigment manufacturing,50 - 249,1.9,,,
private,32513,Synthetic dye and pigment manufacturing,250 - 999,1.1,,,
private,32518,Other basic inorganic chemical manufacturing,Total all sizes,1.2,,,0.5
private,32518,Other basic inorganic chemical manufacturing,50 - 249,1.6,,1,2.2
private,32518,Other basic inorganic chemical manufacturing,250 - 999,1.3,,,
private,32518,Other basic inorganic chemical manufacturing,"1,000+",0.3,,,
private,32519,Other basic organic chemical manufacturing,Total all sizes,1.8,,0.5,3.4
private,32519,Other basic organic chemical manufacturing,11 - 49,3,,,6.2
private,32519,Other basic organic chemical manufacturing,50 - 249,1.8,,1.2,3
private,32519,Other basic organic chemical manufacturing,250 - 999,0.8,0.4,0.7,1.2
private,325193,Ethyl alcohol manufacturing,Total all sizes,3.9,,4.1,6.2
private,325193,Ethyl alcohol manufacturing,11 - 49,4.2,,,
private,325193,Ethyl alcohol manufacturing,50 - 249,3.5,,,
private,325194,"Cyclic crude, intermediate, and gum and wood chemical manufacturing",Total all sizes,0.8,,,
private,325194,"Cyclic crude, intermediate, and gum and wood chemical manufacturing",50 - 249,0.9,,,
private,325199,All other basic organic chemical manufacturing,Total all sizes,1.4,,,2.3
private,325199,All other basic organic chemical manufacturing,11 - 49,0.9,,,
private,325199,All other basic organic chemical manufacturing,50 - 249,1.7,,1.2,2.7
private,325199,All other basic organic chemical manufacturing,250 - 999,0.8,0.4,0.7,1.2
private,3252,"Resin, synthetic rubber, and artificial and synthetic fibers and filaments manufacturing",Total all sizes,1.8,,,3.1
private,3252,"Resin, synthetic rubber, and artificial and synthetic fibers and filaments manufacturing",11 - 49,1.7,,,2.6
private,3252,"Resin, synthetic rubber, and artificial and synthetic fibers and filaments manufacturing",50 - 249,3.1,0.7,2.8,5.4
private,3252,"Resin, synthetic rubber, and artificial and synthetic fibers and filaments manufacturing",250 - 999,1,,0.8,1.7
private,3252,"Resin, synthetic rubber, and artificial and synthetic fibers and filaments manufacturing","1,000+",0.4,,,
private,32521,Resin and synthetic rubber manufacturing,Total all sizes,1.9,,,3.2
private,32521,Resin and synthetic rubber manufacturing,11 - 49,1.9,,,2.9
private,32521,Resin and synthetic rubber manufacturing,50 - 249,3.1,,2.8,5.4
private,32521,Resin and synthetic rubber manufacturing,250 - 999,0.9,,0.5,1.7
private,325211,Plastics material and resin manufacturing,Total all sizes,1.9,,,3.2
private,325211,Plastics material and resin manufacturing,11 - 49,2,,,3.2
private,325211,Plastics material and resin manufacturing,50 - 249,3.1,,2.8,5.4
private,325211,Plastics material and resin manufacturing,250 - 999,0.8,,,1.2
private,325212,Synthetic rubber manufacturing,Total all sizes,1.8,,,1.7
private,325212,Synthetic rubber manufacturing,50 - 249,2.6,,,
private,325212,Synthetic rubber manufacturing,250 - 999,1.6,,,
private,32522,Artificial and synthetic fibers and filaments manufacturing,Total all sizes,1.5,,1.7,2.8
private,32522,Artificial and synthetic fibers and filaments manufacturing,50 - 249,3.4,,,
private,32522,Artificial and synthetic fibers and filaments manufacturing,250 - 999,1.4,,,
private,3253,"Pesticide, fertilizer, and other agricultural chemical manufacturing",Total all sizes,1.9,,,
private,3253,"Pesticide, fertilizer, and other agricultural chemical manufacturing",11 - 49,2.7,,,
private,3253,"Pesticide, fertilizer, and other agricultural chemical manufacturing",50 - 249,1.9,,1.6,2.7
private,3253,"Pesticide, fertilizer, and other agricultural chemical manufacturing",250 - 999,1.4,,,
private,32531,Fertilizer manufacturing,Total all sizes,1.9,,,
private,32531,Fertilizer manufacturing,11 - 49,2.7,,,
private,32531,Fertilizer manufacturing,50 - 249,1.9,0.6,1.9,2.7
private,32531,Fertilizer manufacturing,250 - 999,1,,,
private,325311,Nitrogenous fertilizer manufacturing,Total all sizes,2.3,,,1.3
private,325311,Nitrogenous fertilizer manufacturing,11 - 49,8,,,
private,325311,Nitrogenous fertilizer manufacturing,50 - 249,0.8,,,
private,325311,Nitrogenous fertilizer manufacturing,250 - 999,0.7,,,
private,325314,Fertilizer (mixing only) manufacturing,Total all sizes,1.4,,,
private,325314,Fertilizer (mixing only) manufacturing,50 - 249,3.4,,,
private,3254,Pharmaceutical and medicine manufacturing,Total all sizes,1.4,,,0.5
private,3254,Pharmaceutical and medicine manufacturing,50 - 249,2.3,0.4,1.9,4.2
private,3254,Pharmaceutical and medicine manufacturing,250 - 999,1.6,0.6,1.3,2.2
private,3254,Pharmaceutical and medicine manufacturing,"1,000+",0.8,0.4,0.8,1.3
private,32541,Pharmaceutical and medicine manufacturing,Total all sizes,1.4,,,0.5
private,32541,Pharmaceutical and medicine manufacturing,50 - 249,2.3,0.4,1.9,4.2
private,32541,Pharmaceutical and medicine manufacturing,250 - 999,1.6,0.6,1.3,2.2
private,32541,Pharmaceutical and medicine manufacturing,"1,000+",0.8,0.4,0.8,1.3
private,325411,Medicinal and botanical manufacturing,Total all sizes,1.4,,,
private,325411,Medicinal and botanical manufacturing,50 - 249,1.7,,,
private,325411,Medicinal and botanical manufacturing,250 - 999,2.9,,,
private,325411,Medicinal and botanical manufacturing,"1,000+",0.7,,,
private,325412,Pharmaceutical preparation manufacturing,Total all sizes,1.4,,,0.6
private,325412,Pharmaceutical preparation manufacturing,50 - 249,2.6,0.9,2,6
private,325412,Pharmaceutical preparation manufacturing,250 - 999,1.5,0.6,1.3,2.2
private,325412,Pharmaceutical preparation manufacturing,"1,000+",0.8,0.4,0.8,1.2
private,325413,In-vitro diagnostic substance manufacturing,Total all sizes,1.2,,,1.7
private,325413,In-vitro diagnostic substance manufacturing,50 - 249,1.2,,,
private,325413,In-vitro diagnostic substance manufacturing,250 - 999,0.9,,,
private,325413,In-vitro diagnostic substance manufacturing,"1,000+",1.3,,,
private,325414,Biological product (except diagnostic) manufacturing,Total all sizes,1.5,,1.1,4.5
private,325414,Biological product (except diagnostic) manufacturing,50 - 249,2.2,,1.1,2.4
private,325414,Biological product (except diagnostic) manufacturing,250 - 999,1.3,0.6,1.2,2.1
private,325414,Biological product (except diagnostic) manufacturing,"1,000+",1,,,
private,3255,"Paint, coating, and adhesive manufacturing",Total all sizes,2.4,,,2
private,3255,"Paint, coating, and adhesive manufacturing",11 - 49,4.9,,2.7,5.5
private,3255,"Paint, coating, and adhesive manufacturing",50 - 249,2.1,,1.4,2.9
private,3255,"Paint, coating, and adhesive manufacturing",250 - 999,1.7,1.4,2,2.1
private,32551,Paint and coating manufacturing,Total all sizes,2.6,,,2.7
private,32551,Paint and coating manufacturing,11 - 49,4.9,,3.2,5.5
private,32551,Paint and coating manufacturing,50 - 249,2.2,,1.3,2.9
private,32551,Paint and coating manufacturing,250 - 999,1.5,,,
private,3256,"Soap, cleaning compound, and toilet preparation manufacturing",Total all sizes,1.9,,,
private,3256,"Soap, cleaning compound, and toilet preparation manufacturing",11 - 49,1.7,,,
private,3256,"Soap, cleaning compound, and toilet preparation manufacturing",50 - 249,2.6,,2.7,5
private,3256,"Soap, cleaning compound, and toilet preparation manufacturing",250 - 999,1.8,0.9,1.8,3.3
private,3256,"Soap, cleaning compound, and toilet preparation manufacturing","1,000+",0.8,,,
private,32561,Soap and cleaning compound manufacturing,Total all sizes,1.8,,,
private,32561,Soap and cleaning compound manufacturing,11 - 49,1.9,,,
private,32561,Soap and cleaning compound manufacturing,50 - 249,2.2,,1.1,4.6
private,32561,Soap and cleaning compound manufacturing,250 - 999,2.2,,,
private,32561,Soap and cleaning compound manufacturing,"1,000+",0.9,,,
private,325611,Soap and other detergent manufacturing,Total all sizes,1.5,,,0.7
private,325611,Soap and other detergent manufacturing,50 - 249,1.5,,,
private,325611,Soap and other detergent manufacturing,250 - 999,2.1,,,
private,325612,Polish and other sanitation good manufacturing,Total all sizes,2.2,,,
private,325612,Polish and other sanitation good manufacturing,50 - 249,3.4,,,
private,325612,Polish and other sanitation good manufacturing,250 - 999,2.6,,,
private,325612,Polish and other sanitation good manufacturing,"1,000+",1.2,,,
private,32562,Toilet preparation manufacturing,Total all sizes,1.9,,,
private,32562,Toilet preparation manufacturing,50 - 249,3.3,0.7,5,5
private,32562,Toilet preparation manufacturing,250 - 999,1.7,0.8,1.8,3.3
private,32562,Toilet preparation manufacturing,"1,000+",0.5,,,
private,3259,Other chemical product and preparation manufacturing,Total all sizes,2,,,
private,3259,Other chemical product and preparation manufacturing,11 - 49,1.2,,,
private,3259,Other chemical product and preparation manufacturing,50 - 249,2.7,0.8,1.8,3.7
private,3259,Other chemical product and preparation manufacturing,250 - 999,1.7,0.9,1.5,2.5
private,3259,Other chemical product and preparation manufacturing,"1,000+",2.5,,,
private,32591,Printing ink manufacturing,Total all sizes,2,,,
private,32591,Printing ink manufacturing,50 - 249,2.7,,,
private,32599,All other chemical product and preparation manufacturing,Total all sizes,2.1,,,
private,32599,All other chemical product and preparation manufacturing,11 - 49,1.6,,,3.7
private,32599,All other chemical product and preparation manufacturing,50 - 249,2.8,0.8,2.2,3.7
private,32599,All other chemical product and preparation manufacturing,250 - 999,1.7,,,
private,325991,Custom compounding of purchased resins,Total all sizes,4,,,3.9
private,325991,Custom compounding of purchased resins,50 - 249,4.4,2.8,3.4,5.3
private,325992,"Photographic film, paper, plate, and chemical manufacturing",Total all sizes,0.9,,,
private,325992,"Photographic film, paper, plate, and chemical manufacturing",250 - 999,,,,
private,325998,All other miscellaneous chemical product and preparation manufacturing,Total all sizes,1.4,,,
private,325998,All other miscellaneous chemical product and preparation manufacturing,11 - 49,1.4,,,3.7
private,325998,All other miscellaneous chemical product and preparation manufacturing,50 - 249,1.6,0.8,1.3,3.1
private,325998,All other miscellaneous chemical product and preparation manufacturing,250 - 999,1.8,,,
private,326,Plastics and rubber products manufacturing,Total all sizes,2.8,,,3.4
private,326,Plastics and rubber products manufacturing,11 - 49,3,,,5.3
private,326,Plastics and rubber products manufacturing,50 - 249,3.1,1.1,2.3,4.9
private,326,Plastics and rubber products manufacturing,250 - 999,2.2,0.8,1.8,3.4
private,326,Plastics and rubber products manufacturing,"1,000+",2.5,1.3,2.5,3.2
private,3261,Plastics product manufacturing,Total all sizes,2.8,,,3.4
private,3261,Plastics product manufacturing,11 - 49,3.1,,,5.7
private,3261,Plastics product manufacturing,50 - 249,3.1,1.2,2.4,4.8
private,3261,Plastics product manufacturing,250 - 999,2.2,0.9,1.8,3.4
private,3261,Plastics product manufacturing,"1,000+",2.1,1.1,1.6,3.2
private,32611,Plastics packaging materials and unlaminated film and sheet manufacturing,Total all sizes,2.5,,,3.4
private,32611,Plastics packaging materials and unlaminated film and sheet manufacturing,11 - 49,4.6,,,7.2
private,32611,Plastics packaging materials and unlaminated film and sheet manufacturing,50 - 249,2.7,0.9,2.6,5.2
private,32611,Plastics packaging materials and unlaminated film and sheet manufacturing,250 - 999,1.9,0.5,1.2,2.3
private,32611,Plastics packaging materials and unlaminated film and sheet manufacturing,"1,000+",2.2,,,
private,326111,Plastics bag and pouch manufacturing,Total all sizes,2.9,,0.5,5
private,326111,Plastics bag and pouch manufacturing,11 - 49,7,,,
private,326111,Plastics bag and pouch manufacturing,50 - 249,3.5,1.4,3.6,5.5
private,326111,Plastics bag and pouch manufacturing,250 - 999,2.3,0.5,1.1,3.3
private,326111,Plastics bag and pouch manufacturing,"1,000+",1.9,,,
private,326112,Plastics packaging film and sheet (including laminated) manufacturing,Total all sizes,2,,1.9,6
private,326112,Plastics packaging film and sheet (including laminated) manufacturing,11 - 49,4.8,,,
private,326112,Plastics packaging film and sheet (including laminated) manufacturing,50 - 249,2,0.5,1.9,5.2
private,326112,Plastics packaging film and sheet (including laminated) manufacturing,250 - 999,1.2,,,
private,326113,Unlaminated plastics film and sheet (except packaging) manufacturing,Total all sizes,2.4,,,1.4
private,326113,Unlaminated plastics film and sheet (except packaging) manufacturing,50 - 249,2.7,0.9,2.2,4.4
private,326113,Unlaminated plastics film and sheet (except packaging) manufacturing,250 - 999,1.6,,,
private,32612,"Plastics pipe, pipe fitting, and unlaminated profile shape manufacturing",Total all sizes,2.7,,,3.4
private,32612,"Plastics pipe, pipe fitting, and unlaminated profile shape manufacturing",11 - 49,3.8,,,5.8
private,32612,"Plastics pipe, pipe fitting, and unlaminated profile shape manufacturing",50 - 249,2.8,1.4,2.1,4.1
private,32612,"Plastics pipe, pipe fitting, and unlaminated profile shape manufacturing",250 - 999,2,0.6,1.1,2.9
private,326121,Unlaminated plastics profile shape manufacturing,Total all sizes,3.1,,0.4,4.7
private,326121,Unlaminated plastics profile shape manufacturing,50 - 249,2.8,1.3,2.2,4.1
private,326121,Unlaminated plastics profile shape manufacturing,250 - 999,2.3,,,
private,326122,Plastics pipe and pipe fitting manufacturing,Total all sizes,2.4,,,2.3
private,326122,Plastics pipe and pipe fitting manufacturing,11 - 49,1.9,,,
private,326122,Plastics pipe and pipe fitting manufacturing,50 - 249,2.9,1.7,2.1,4.4
private,326122,Plastics pipe and pipe fitting manufacturing,250 - 999,1.7,,,
private,32613,"Laminated plastics plate, sheet (except packaging), and shape manufacturing",Total all sizes,3.5,,,5.5
private,32613,"Laminated plastics plate, sheet (except packaging), and shape manufacturing",50 - 249,2.4,,2.2,5.4
private,32613,"Laminated plastics plate, sheet (except packaging), and shape manufacturing",250 - 999,3.3,,,
private,32614,Polystyrene foam product manufacturing,Total all sizes,3,,1.7,5.7
private,32614,Polystyrene foam product manufacturing,50 - 249,2.9,1.1,2.1,3.3
private,32614,Polystyrene foam product manufacturing,250 - 999,2.3,,,
private,32615,Urethane and other foam product (except polystyrene) manufacturing,Total all sizes,3.1,,2.5,4.2
private,32615,Urethane and other foam product (except polystyrene) manufacturing,11 - 49,3.1,,2.5,3.7
private,32615,Urethane and other foam product (except polystyrene) manufacturing,50 - 249,3.2,1.2,2.7,4.7
private,32615,Urethane and other foam product (except polystyrene) manufacturing,250 - 999,1.7,,,
private,32616,Plastics bottle manufacturing,Total all sizes,1.9,,1.3,2.9
private,32616,Plastics bottle manufacturing,50 - 249,2.2,1.1,1.8,3.4
private,32616,Plastics bottle manufacturing,250 - 999,2.7,,,
private,32619,Other plastics product manufacturing,Total all sizes,2.8,,,3.2
private,32619,Other plastics product manufacturing,11 - 49,2.4,,,5.2
private,32619,Other plastics product manufacturing,50 - 249,3.5,1.3,2.7,5.2
private,32619,Other plastics product manufacturing,250 - 999,2.3,0.9,1.9,3.6
private,32619,Other plastics product manufacturing,"1,000+",2.2,,,
private,326191,Plastics plumbing fixture manufacturing,Total all sizes,3.5,,,3.6
private,326191,Plastics plumbing fixture manufacturing,50 - 249,3.2,,,
private,326191,Plastics plumbing fixture manufacturing,250 - 999,4.8,,,
private,326199,All other plastics product manufacturing,Total all sizes,2.8,,,3.1
private,326199,All other plastics product manufacturing,11 - 49,2.4,,,5.3
private,326199,All other plastics product manufacturing,50 - 249,3.6,1.2,2.6,5
private,326199,All other plastics product manufacturing,250 - 999,2.2,0.9,1.8,3.6
private,326199,All other plastics product manufacturing,"1,000+",2.2,,,
private,3262,Rubber product manufacturing,Total all sizes,2.8,,,2.1
private,3262,Rubber product manufacturing,11 - 49,2.3,,,2.2
private,3262,Rubber product manufacturing,50 - 249,3.5,1,2.1,6.2
private,3262,Rubber product manufacturing,250 - 999,2.3,0.6,1.9,3.7
private,3262,Rubber product manufacturing,"1,000+",2.9,1.8,2.5,3
private,32621,Tire manufacturing,Total all sizes,3.2,,,3.7
private,32621,Tire manufacturing,50 - 249,4.1,1.7,3.7,6.8
private,32621,Tire manufacturing,250 - 999,3.3,,,
private,32621,Tire manufacturing,"1,000+",3,1.9,2.6,3.6
private,326211,Tire manufacturing (except retreading),Total all sizes,3.1,,1.8,3.6
private,326211,Tire manufacturing (except retreading),50 - 249,3.1,,,
private,326211,Tire manufacturing (except retreading),250 - 999,3.3,,,
private,326211,Tire manufacturing (except retreading),"1,000+",3,1.9,2.6,3.6
private,326212,Tire retreading,Total all sizes,4,,,4.2
private,326212,Tire retreading,50 - 249,4.6,,,
private,32622,Rubber and plastics hoses and belting manufacturing,Total all sizes,2.6,,,2.6
private,32622,Rubber and plastics hoses and belting manufacturing,50 - 249,5.5,2.8,4.9,12
private,32622,Rubber and plastics hoses and belting manufacturing,250 - 999,1.5,0.4,0.7,2.1
private,32629,Other rubber product manufacturing,Total all sizes,2.4,,,1.8
private,32629,Other rubber product manufacturing,11 - 49,3.1,,,2.4
private,32629,Other rubber product manufacturing,50 - 249,2.7,0.7,1.8,4.2
private,32629,Other rubber product manufacturing,250 - 999,2,0.6,2.3,3.2
private,326291,Rubber product manufacturing for mechanical use,Total all sizes,2.5,,,2.3
private,326291,Rubber product manufacturing for mechanical use,50 - 249,3.1,1,2.1,5.3
private,326291,Rubber product manufacturing for mechanical use,250 - 999,2.1,0.5,2.7,3.7
private,326299,All other rubber product manufacturing,Total all sizes,2.4,,,0.7
private,326299,All other rubber product manufacturing,11 - 49,3.7,,,4.1
private,326299,All other rubber product manufacturing,50 - 249,2.2,0.5,1.4,2
private,326299,All other rubber product manufacturing,250 - 999,2,,,
private,327,Nonmetallic mineral product manufacturing,Total all sizes,3.3,,,4
private,327,Nonmetallic mineral product manufacturing,1 - 10,4.4,,,
private,327,Nonmetallic mineral product manufacturing,11 - 49,2.7,,,4.7
private,327,Nonmetallic mineral product manufacturing,50 - 249,4.1,1,3.1,6.6
private,327,Nonmetallic mineral product manufacturing,250 - 999,2.4,0.8,1.5,3.6
private,327,Nonmetallic mineral product manufacturing,"1,000+",1.4,,,
private,3271,Clay product and refractory manufacturing,Total all sizes,3.7,,,3
private,3271,Clay product and refractory manufacturing,11 - 49,2.7,,,3
private,3271,Clay product and refractory manufacturing,50 - 249,4.9,1.1,6.3,7
private,3271,Clay product and refractory manufacturing,250 - 999,2.7,,,
private,32711,"Pottery, ceramics, and plumbing fixture manufacturing",Total all sizes,2.9,,,
private,32711,"Pottery, ceramics, and plumbing fixture manufacturing",11 - 49,2.6,,,
private,32711,"Pottery, ceramics, and plumbing fixture manufacturing",50 - 249,4.3,,,
private,32711,"Pottery, ceramics, and plumbing fixture manufacturing",250 - 999,1.9,,,
private,32712,Clay building material and refractories manufacturing,Total all sizes,4.2,,1.1,6.3
private,32712,Clay building material and refractories manufacturing,50 - 249,5.1,1.1,6.3,6.9
private,32712,Clay building material and refractories manufacturing,250 - 999,3.4,,,
private,3272,Glass and glass product manufacturing,Total all sizes,3.5,,,3.9
private,3272,Glass and glass product manufacturing,11 - 49,6.6,,,12.6
private,3272,Glass and glass product manufacturing,50 - 249,4.4,1.7,3.9,6.8
private,3272,Glass and glass product manufacturing,250 - 999,2.6,0.7,1.9,4
private,32721,Glass and glass product manufacturing,Total all sizes,3.5,,,3.9
private,32721,Glass and glass product manufacturing,11 - 49,6.6,,,12.6
private,32721,Glass and glass product manufacturing,50 - 249,4.4,1.7,3.9,6.8
private,32721,Glass and glass product manufacturing,250 - 999,2.6,0.7,1.9,4
private,327211,Flat glass manufacturing,Total all sizes,4.5,,,3.9
private,327211,Flat glass manufacturing,50 - 249,4.2,,,
private,327211,Flat glass manufacturing,250 - 999,3.3,,,
private,327212,Other pressed and blown glass and glassware manufacturing,Total all sizes,2.5,,,0.7
private,327212,Other pressed and blown glass and glassware manufacturing,50 - 249,1.8,,,
private,327212,Other pressed and blown glass and glassware manufacturing,250 - 999,2.6,,,
private,327213,Glass container manufacturing,Total all sizes,4.1,1.9,3.9,6
private,327213,Glass container manufacturing,50 - 249,5.2,,,
private,327213,Glass container manufacturing,250 - 999,3.6,,,
private,327215,Glass product manufacturing made of purchased glass,Total all sizes,3.4,,,3.9
private,327215,Glass product manufacturing made of purchased glass,11 - 49,5.3,,,
private,327215,Glass product manufacturing made of purchased glass,50 - 249,4.5,1.7,3.2,7
private,327215,Glass product manufacturing made of purchased glass,250 - 999,1.9,0.7,1.3,3.6
private,3273,Cement and concrete product manufacturing,Total all sizes,3.1,,,2
private,3273,Cement and concrete product manufacturing,1 - 10,2.1,,,
private,3273,Cement and concrete product manufacturing,11 - 49,2.5,,,4.8
private,3273,Cement and concrete product manufacturing,50 - 249,4,0.9,2.4,6.1
private,3273,Cement and concrete product manufacturing,250 - 999,1.9,0.8,1.2,2.1
private,32732,Ready-mix concrete manufacturing,Total all sizes,2.5,,,
private,32732,Ready-mix concrete manufacturing,11 - 49,2.4,,,4.7
private,32732,Ready-mix concrete manufacturing,50 - 249,2.9,,2.3,4
private,32733,"Concrete pipe, brick, and block manufacturing",Total all sizes,2.3,,,2.3
private,32733,"Concrete pipe, brick, and block manufacturing",50 - 249,2.8,,1.8,3.1
private,32733,"Concrete pipe, brick, and block manufacturing",250 - 999,1.1,,,
private,327332,Concrete pipe manufacturing,Total all sizes,2.2,,,
private,327332,Concrete pipe manufacturing,50 - 249,4.9,,,
private,327332,Concrete pipe manufacturing,250 - 999,1.4,,,
private,32739,Other concrete product manufacturing,Total all sizes,4.9,,1.4,7.7
private,32739,Other concrete product manufacturing,11 - 49,4.1,,,6.7
private,32739,Other concrete product manufacturing,50 - 249,5.9,1.7,4.8,8.2
private,32739,Other concrete product manufacturing,250 - 999,1.9,,,
private,3274,Lime and gypsum product manufacturing,Total all sizes,2.2,,1,4.7
private,3274,Lime and gypsum product manufacturing,11 - 49,3.7,,,
private,3274,Lime and gypsum product manufacturing,50 - 249,2.4,1,1.8,3.6
private,3274,Lime and gypsum product manufacturing,250 - 999,1,,,
private,32742,Gypsum product manufacturing,Total all sizes,1.9,,,1.8
private,32742,Gypsum product manufacturing,50 - 249,2.7,1.4,1.8,4.2
private,32742,Gypsum product manufacturing,250 - 999,1,,,
private,3279,Other nonmetallic mineral product manufacturing,Total all sizes,4,,,24
private,3279,Other nonmetallic mineral product manufacturing,11 - 49,2.3,,,4.8
private,3279,Other nonmetallic mineral product manufacturing,50 - 249,3.9,1.3,3.8,6.6
private,3279,Other nonmetallic mineral product manufacturing,250 - 999,2.8,1.1,3.1,3.6
private,32791,Abrasive product manufacturing,Total all sizes,4.6,,,2.1
private,32791,Abrasive product manufacturing,50 - 249,6.6,,,
private,32799,All other nonmetallic mineral product manufacturing,Total all sizes,3.9,,,33.3
private,32799,All other nonmetallic mineral product manufacturing,11 - 49,2.4,,,4.8
private,32799,All other nonmetallic mineral product manufacturing,50 - 249,3.4,1.3,3.8,6.6
private,32799,All other nonmetallic mineral product manufacturing,250 - 999,2.5,1.1,3.1,3.6
private,327991,Cut stone and stone product manufacturing,Total all sizes,6.2,,1.4,33.3
private,327991,Cut stone and stone product manufacturing,11 - 49,2.8,,,5.3
private,327991,Cut stone and stone product manufacturing,50 - 249,6.6,3.7,6.6,7.9
private,327992,Ground or treated mineral and earth manufacturing,Total all sizes,2.6,,,
private,327992,Ground or treated mineral and earth manufacturing,1 - 10,21,,,
private,327992,Ground or treated mineral and earth manufacturing,250 - 999,1,,,
private,327993,Mineral wool manufacturing,Total all sizes,1.4,,1.1,2.3
private,327993,Mineral wool manufacturing,50 - 249,0.8,,,
private,327993,Mineral wool manufacturing,250 - 999,2.3,,,
private,327999,All other miscellaneous nonmetallic mineral product manufacturing,Total all sizes,1.7,,,
private,327999,All other miscellaneous nonmetallic mineral product manufacturing,50 - 249,2.4,,,
private,327999,All other miscellaneous nonmetallic mineral product manufacturing,250 - 999,2.9,,,
private,331,Primary metal manufacturing,Total all sizes,3.3,,1.2,5.1
private,331,Primary metal manufacturing,1 - 10,4.2,,,
private,331,Primary metal manufacturing,11 - 49,5.2,,,6.9
private,331,Primary metal manufacturing,50 - 249,4.2,1.6,3.5,6.2
private,331,Primary metal manufacturing,250 - 999,2.5,1.1,1.9,3.3
private,331,Primary metal manufacturing,"1,000+",1.6,0.8,1.2,1.8
private,3311,Iron and steel mills and ferroalloy manufacturing,Total all sizes,1.9,,,1.8
private,3311,Iron and steel mills and ferroalloy manufacturing,50 - 249,4.4,1.4,2.6,6.7
private,3311,Iron and steel mills and ferroalloy manufacturing,250 - 999,1.4,0.6,1.3,2.2
private,3311,Iron and steel mills and ferroalloy manufacturing,"1,000+",1.2,,,
private,3312,Steel product manufacturing from purchased steel,Total all sizes,3.2,,0.8,5.5
private,3312,Steel product manufacturing from purchased steel,1 - 10,3.7,,,
private,3312,Steel product manufacturing from purchased steel,11 - 49,4.7,,3.5,6.9
private,3312,Steel product manufacturing from purchased steel,50 - 249,3.5,1.2,3.5,5.8
private,3312,Steel product manufacturing from purchased steel,250 - 999,2.1,0.8,1.6,2.5
private,33121,Iron and steel pipe and tube manufacturing from purchased steel,Total all sizes,2.8,,,5.9
private,33121,Iron and steel pipe and tube manufacturing from purchased steel,11 - 49,5.7,,,
private,33121,Iron and steel pipe and tube manufacturing from purchased steel,50 - 249,2.5,,1.7,5.9
private,33121,Iron and steel pipe and tube manufacturing from purchased steel,250 - 999,1.7,,,
private,33122,Rolling and drawing of purchased steel,Total all sizes,3.6,,1.7,5.5
private,33122,Rolling and drawing of purchased steel,11 - 49,3.3,,,4.2
private,33122,Rolling and drawing of purchased steel,50 - 249,4.3,2.5,4.2,5.8
private,33122,Rolling and drawing of purchased steel,250 - 999,2.6,,,
private,331221,Rolled steel shape manufacturing,Total all sizes,3.3,,2,5
private,331221,Rolled steel shape manufacturing,11 - 49,4.6,,,
private,331221,Rolled steel shape manufacturing,50 - 249,4.1,1.7,3.6,5.5
private,331221,Rolled steel shape manufacturing,250 - 999,1.4,,,
private,331222,Steel wire drawing,Total all sizes,4.3,,,5.7
private,331222,Steel wire drawing,50 - 249,4.9,,,
private,331222,Steel wire drawing,250 - 999,3.7,,,
private,3313,Alumina and aluminum production and processing,Total all sizes,2.6,,2,3.8
private,3313,Alumina and aluminum production and processing,11 - 49,4.1,,5.7,7.6
private,3313,Alumina and aluminum production and processing,50 - 249,3.4,1.4,2.9,3.7
private,3313,Alumina and aluminum production and processing,250 - 999,2.4,1.3,1.7,3.1
private,3313,Alumina and aluminum production and processing,"1,000+",1,,,
private,33131,Alumina and aluminum production and processing,Total all sizes,2.6,,2,3.8
private,33131,Alumina and aluminum production and processing,11 - 49,4.1,,5.7,7.6
private,33131,Alumina and aluminum production and processing,50 - 249,3.4,1.4,2.9,3.7
private,33131,Alumina and aluminum production and processing,250 - 999,2.4,1.3,1.7,3.1
private,33131,Alumina and aluminum production and processing,"1,000+",1,,,
private,331313,Alumina refining and primary aluminum production,Total all sizes,2.1,,,2
private,331313,Alumina refining and primary aluminum production,50 - 249,2.1,,,
private,331313,Alumina refining and primary aluminum production,250 - 999,2.5,,,
private,331314,Secondary smelting and alloying of aluminum,Total all sizes,2.9,1.7,3.2,6
private,331314,Secondary smelting and alloying of aluminum,11 - 49,5.8,,,
private,331314,Secondary smelting and alloying of aluminum,50 - 249,2.9,2.1,2.8,4.7
private,331314,Secondary smelting and alloying of aluminum,250 - 999,1.5,,,
private,331315,"Aluminum sheet, plate, and foil manufacturing",Total all sizes,1.5,,1.2,2.2
private,331315,"Aluminum sheet, plate, and foil manufacturing",50 - 249,1.9,,,
private,331315,"Aluminum sheet, plate, and foil manufacturing",250 - 999,2.3,,,
private,331315,"Aluminum sheet, plate, and foil manufacturing","1,000+",0.9,,,
private,331318,"Other aluminum rolling, drawing, and extruding",Total all sizes,3.4,,2.7,4
private,331318,"Other aluminum rolling, drawing, and extruding",11 - 49,4.7,,,
private,331318,"Other aluminum rolling, drawing, and extruding",50 - 249,4.2,2,3.3,3.7
private,331318,"Other aluminum rolling, drawing, and extruding",250 - 999,2.5,,,
private,3314,Nonferrous metal (except aluminum) production and processing,Total all sizes,2.9,,0.8,3.3
private,3314,Nonferrous metal (except aluminum) production and processing,11 - 49,4,,3.2,4.7
private,3314,Nonferrous metal (except aluminum) production and processing,50 - 249,3.5,1.4,2.4,5.6
private,3314,Nonferrous metal (except aluminum) production and processing,250 - 999,2.1,1,1.7,3.3
private,33141,Nonferrous metal (except aluminum) smelting and refining,Total all sizes,2.3,,,4.6
private,33141,Nonferrous metal (except aluminum) smelting and refining,50 - 249,3.3,,,
private,33141,Nonferrous metal (except aluminum) smelting and refining,250 - 999,1.5,,,
private,33142,"Copper rolling, drawing, extruding, and alloying",Total all sizes,2.8,,1.7,5.8
private,33142,"Copper rolling, drawing, extruding, and alloying",11 - 49,9.4,,,
private,33142,"Copper rolling, drawing, extruding, and alloying",50 - 249,3.3,1.3,2.4,5.8
private,33142,"Copper rolling, drawing, extruding, and alloying",250 - 999,2,1,1.6,3.2
private,33149,"Nonferrous metal (except copper and aluminum) rolling, drawing, extruding, and alloying",Total all sizes,3.1,,,3.3
private,33149,"Nonferrous metal (except copper and aluminum) rolling, drawing, extruding, and alloying",11 - 49,3.5,,2.2,3.3
private,33149,"Nonferrous metal (except copper and aluminum) rolling, drawing, extruding, and alloying",50 - 249,3.9,1.4,2.4,5.6
private,33149,"Nonferrous metal (except copper and aluminum) rolling, drawing, extruding, and alloying",250 - 999,2.4,,,
private,331491,"Nonferrous metal (except copper and aluminum) rolling, drawing, and extruding",Total all sizes,3.2,,,3.3
private,331491,"Nonferrous metal (except copper and aluminum) rolling, drawing, and extruding",11 - 49,3.2,,,
private,331491,"Nonferrous metal (except copper and aluminum) rolling, drawing, and extruding",50 - 249,4.6,2,4,4.8
private,331491,"Nonferrous metal (except copper and aluminum) rolling, drawing, and extruding",250 - 999,1.8,,,
private,331492,"Secondary smelting, refining, and alloying of nonferrous metal (except copper and aluminum)",Total all sizes,3,,,2.2
private,331492,"Secondary smelting, refining, and alloying of nonferrous metal (except copper and aluminum)",11 - 49,4.2,,,
private,331492,"Secondary smelting, refining, and alloying of nonferrous metal (except copper and aluminum)",50 - 249,2.8,0.8,1.8,5.6
private,331492,"Secondary smelting, refining, and alloying of nonferrous metal (except copper and aluminum)",250 - 999,3.1,,,
private,3315,Foundries,Total all sizes,5.1,,3,8.2
private,3315,Foundries,11 - 49,8.9,,2.8,8.6
private,3315,Foundries,50 - 249,5.5,2.4,4.7,8.6
private,3315,Foundries,250 - 999,3.9,1.9,3.1,4.6
private,3315,Foundries,"1,000+",3.4,,,
private,33151,Ferrous metal foundries,Total all sizes,5.6,,3.4,10.9
private,33151,Ferrous metal foundries,11 - 49,11.7,,2.7,9
private,33151,Ferrous metal foundries,50 - 249,6.2,2.5,6.4,10.1
private,33151,Ferrous metal foundries,250 - 999,4.2,1.9,3.3,5.4
private,33151,Ferrous metal foundries,"1,000+",4.1,,,
private,331511,Iron foundries,Total all sizes,5.5,0.9,4.9,10.8
private,331511,Iron foundries,11 - 49,17.1,,,
private,331511,Iron foundries,50 - 249,6.6,2.5,6.6,10.1
private,331511,Iron foundries,250 - 999,3.9,2.5,3.3,5.6
private,331511,Iron foundries,"1,000+",4.1,,,
private,331512,Steel investment foundries,Total all sizes,4,1.8,2.7,3.6
private,331512,Steel investment foundries,11 - 49,2.9,,,
private,331512,Steel investment foundries,50 - 249,5.1,1.8,3.4,8.9
private,331512,Steel investment foundries,250 - 999,2.2,,,
private,331513,Steel foundries (except investment),Total all sizes,7.7,,4.3,24
private,331513,Steel foundries (except investment),50 - 249,6.6,3.2,6.6,10.9
private,331513,Steel foundries (except investment),250 - 999,6.4,,,
private,33152,Nonferrous metal foundries,Total all sizes,4.5,,2.4,6.3
private,33152,Nonferrous metal foundries,11 - 49,7.1,,4.3,8
private,33152,Nonferrous metal foundries,50 - 249,4.8,2.2,4.4,7.4
private,33152,Nonferrous metal foundries,250 - 999,3.6,1.9,2.6,4
private,331523,Nonferrous metal die-casting foundries,Total all sizes,3.5,,3.1,4.4
private,331523,Nonferrous metal die-casting foundries,50 - 249,4.2,2.3,3.9,5.3
private,331523,Nonferrous metal die-casting foundries,250 - 999,2.9,1.3,3.2,3.9
private,331524,Aluminum foundries (except die-casting),Total all sizes,5.2,,,4.6
private,331524,Aluminum foundries (except die-casting),11 - 49,5,,,
private,331524,Aluminum foundries (except die-casting),50 - 249,4.9,,4.6,8.2
private,331524,Aluminum foundries (except die-casting),250 - 999,6.2,,,
private,331529,Other nonferrous metal foundries (except die-casting),Total all sizes,5.2,,3,8
private,331529,Other nonferrous metal foundries (except die-casting),11 - 49,9.4,,4.2,12.1
private,331529,Other nonferrous metal foundries (except die-casting),50 - 249,6.1,4.7,5.6,6.9
private,331529,Other nonferrous metal foundries (except die-casting),250 - 999,2.3,,,
private,332,Fabricated metal product manufacturing,Total all sizes,3.2,,,1.7
private,332,Fabricated metal product manufacturing,1 - 10,2.1,,,
private,332,Fabricated metal product manufacturing,11 - 49,3.6,,,5.1
private,332,Fabricated metal product manufacturing,50 - 249,3.6,0.8,2.5,5.4
private,332,Fabricated metal product manufacturing,250 - 999,2.4,1,1.9,3.5
private,332,Fabricated metal product manufacturing,"1,000+",1.3,0.6,1.4,2.5
private,3321,Forging and stamping,Total all sizes,4.6,,1.8,5.7
private,3321,Forging and stamping,1 - 10,7,,,
private,3321,Forging and stamping,11 - 49,4.8,,4.3,5.5
private,3321,Forging and stamping,50 - 249,4.8,1.6,3.8,6.9
private,3321,Forging and stamping,250 - 999,3,1.6,2,3.9
private,33211,Forging and stamping,Total all sizes,4.6,,1.8,5.7
private,33211,Forging and stamping,1 - 10,7,,,
private,33211,Forging and stamping,11 - 49,4.8,,4.3,5.5
private,33211,Forging and stamping,50 - 249,4.8,1.6,3.8,6.9
private,33211,Forging and stamping,250 - 999,3,1.6,2,3.9
private,332111,Iron and steel forging,Total all sizes,5.4,,,5.5
private,332111,Iron and steel forging,11 - 49,7.6,,,
private,332111,Iron and steel forging,50 - 249,5.9,1.8,5.5,12.8
private,332111,Iron and steel forging,250 - 999,2.8,,,
private,332112,Nonferrous forging,Total all sizes,5.7,,,9.3
private,332112,Nonferrous forging,50 - 249,4.3,,,
private,332112,Nonferrous forging,250 - 999,4.9,,,
private,332114,Custom roll forming,Total all sizes,5.8,,4.4,9.8
private,332114,Custom roll forming,50 - 249,7.2,,,
private,332117,Powder metallurgy part manufacturing,Total all sizes,2.7,,,3.8
private,332117,Powder metallurgy part manufacturing,50 - 249,2.8,,,
private,332117,Powder metallurgy part manufacturing,250 - 999,2.7,,,
private,332119,"Metal crown, closure, and other metal stamping (except automotive)",Total all sizes,4.2,,3.1,6.1
private,332119,"Metal crown, closure, and other metal stamping (except automotive)",1 - 10,11.6,,,
private,332119,"Metal crown, closure, and other metal stamping (except automotive)",11 - 49,4.2,,4.3,4.4
private,332119,"Metal crown, closure, and other metal stamping (except automotive)",50 - 249,4.2,0.8,2.8,6.4
private,332119,"Metal crown, closure, and other metal stamping (except automotive)",250 - 999,2.3,,,
private,3322,Cutlery and handtool manufacturing,Total all sizes,2.5,,,
private,3322,Cutlery and handtool manufacturing,11 - 49,,,,
private,3322,Cutlery and handtool manufacturing,50 - 249,3.3,1.2,2.2,5
private,3322,Cutlery and handtool manufacturing,250 - 999,2.6,1.2,2.3,4.5
private,33221,Cutlery and handtool manufacturing,Total all sizes,2.5,,,
private,33221,Cutlery and handtool manufacturing,11 - 49,,,,
private,33221,Cutlery and handtool manufacturing,50 - 249,3.3,1.2,2.2,5
private,33221,Cutlery and handtool manufacturing,250 - 999,2.6,1.2,2.3,4.5
private,332215,"Metal kitchen cookware, utensil, cutlery, and flatware (except precious) manufacturing",Total all sizes,3.6,,,
private,332215,"Metal kitchen cookware, utensil, cutlery, and flatware (except precious) manufacturing",11 - 49,,,,
private,332215,"Metal kitchen cookware, utensil, cutlery, and flatware (except precious) manufacturing",50 - 249,5.2,,,
private,332215,"Metal kitchen cookware, utensil, cutlery, and flatware (except precious) manufacturing",250 - 999,3.7,,,
private,332216,Saw blade and handtool manufacturing,Total all sizes,2,,,
private,332216,Saw blade and handtool manufacturing,50 - 249,2.8,1.3,2.2,5
private,332216,Saw blade and handtool manufacturing,250 - 999,1.8,0.9,1.3,3.2
private,3323,Architectural and structural metals manufacturing,Total all sizes,3.5,,,3
private,3323,Architectural and structural metals manufacturing,1 - 10,3.3,,,
private,3323,Architectural and structural metals manufacturing,11 - 49,3.8,,,6
private,3323,Architectural and structural metals manufacturing,50 - 249,3.7,1.1,2.9,5.7
private,3323,Architectural and structural metals manufacturing,250 - 999,2.9,1.2,2.3,3.5
private,3323,Architectural and structural metals manufacturing,"1,000+",1.2,,,
private,33231,Plate work and fabricated structural product manufacturing,Total all sizes,3.5,,,3.2
private,33231,Plate work and fabricated structural product manufacturing,11 - 49,4.3,,,6.1
private,33231,Plate work and fabricated structural product manufacturing,50 - 249,3.6,0.9,2.3,5.6
private,33231,Plate work and fabricated structural product manufacturing,250 - 999,3.1,0.8,1.6,4.9
private,332311,Prefabricated metal building and component manufacturing,Total all sizes,3.4,,,2.6
private,332311,Prefabricated metal building and component manufacturing,11 - 49,5.5,,,
private,332311,Prefabricated metal building and component manufacturing,50 - 249,3,,1.3,4.5
private,332311,Prefabricated metal building and component manufacturing,250 - 999,3.7,,,
private,332312,Fabricated structural metal manufacturing,Total all sizes,3.4,,,4.9
private,332312,Fabricated structural metal manufacturing,11 - 49,3.2,,,6.1
private,332312,Fabricated structural metal manufacturing,50 - 249,4.1,1.4,3.3,6.8
private,332312,Fabricated structural metal manufacturing,250 - 999,2.7,1,1.6,3.1
private,332313,Plate work manufacturing,Total all sizes,3.8,,,0.8
private,332313,Plate work manufacturing,11 - 49,6.1,,,6.6
private,332313,Plate work manufacturing,50 - 249,3.3,0.9,2.3,5.1
private,332313,Plate work manufacturing,250 - 999,3.4,,,
private,33232,Ornamental and architectural metal products manufacturing,Total all sizes,3.5,,,3
private,33232,Ornamental and architectural metal products manufacturing,1 - 10,4.4,,,
private,33232,Ornamental and architectural metal products manufacturing,11 - 49,3.5,,,4.7
private,33232,Ornamental and architectural metal products manufacturing,50 - 249,3.8,1.2,3,5.8
private,33232,Ornamental and architectural metal products manufacturing,250 - 999,2.7,1.4,2.6,3.5
private,33232,Ornamental and architectural metal products manufacturing,"1,000+",1.6,,,
private,332321,Metal window and door manufacturing,Total all sizes,3.4,,2.7,13.6
private,332321,Metal window and door manufacturing,11 - 49,3.9,,,
private,332321,Metal window and door manufacturing,50 - 249,3.7,1.3,2.9,5.3
private,332321,Metal window and door manufacturing,250 - 999,2.6,1.4,2.4,3.5
private,332322,Sheet metal work manufacturing,Total all sizes,3.3,,,2
private,332322,Sheet metal work manufacturing,11 - 49,3.1,,,3.4
private,332322,Sheet metal work manufacturing,50 - 249,3.7,1.1,3.4,6.6
private,332322,Sheet metal work manufacturing,250 - 999,3.2,1.7,2.7,3.2
private,332323,Ornamental and architectural metal work manufacturing,Total all sizes,4,,,
private,332323,Ornamental and architectural metal work manufacturing,11 - 49,4.1,,,7.4
private,332323,Ornamental and architectural metal work manufacturing,50 - 249,4.6,1.5,2.2,4.5
private,3324,"Boiler, tank, and shipping container manufacturing",Total all sizes,3.4,,,3.6
private,3324,"Boiler, tank, and shipping container manufacturing",11 - 49,5.1,,,6.4
private,3324,"Boiler, tank, and shipping container manufacturing",50 - 249,3.7,0.7,3,5.6
private,3324,"Boiler, tank, and shipping container manufacturing",250 - 999,2.5,0.8,1.9,3.6
private,33241,Power boiler and heat exchanger manufacturing,Total all sizes,3.2,,,3
private,33241,Power boiler and heat exchanger manufacturing,11 - 49,6.7,,,
private,33241,Power boiler and heat exchanger manufacturing,50 - 249,3,1.7,3,3.9
private,33241,Power boiler and heat exchanger manufacturing,250 - 999,2.7,,,
private,33242,Metal tank (heavy gauge) manufacturing,Total all sizes,3.9,,0.9,6.5
private,33242,Metal tank (heavy gauge) manufacturing,11 - 49,2.7,,,5.8
private,33242,Metal tank (heavy gauge) manufacturing,50 - 249,4.6,0.6,3.6,9.1
private,33242,Metal tank (heavy gauge) manufacturing,250 - 999,2.2,,,
private,33243,"Metal can, box, and other metal container (light gauge) manufacturing",Total all sizes,3.1,,,1.5
private,33243,"Metal can, box, and other metal container (light gauge) manufacturing",11 - 49,7.8,,,
private,33243,"Metal can, box, and other metal container (light gauge) manufacturing",50 - 249,2.8,,1.8,4.5
private,33243,"Metal can, box, and other metal container (light gauge) manufacturing",250 - 999,2.5,,,
private,332431,Metal can manufacturing,Total all sizes,1.9,,1.1,2.2
private,332431,Metal can manufacturing,50 - 249,1.5,,1.1,2.3
private,332431,Metal can manufacturing,250 - 999,2.6,,,
private,332439,Other metal container manufacturing,Total all sizes,5,,,
private,332439,Other metal container manufacturing,11 - 49,8.4,,,
private,332439,Other metal container manufacturing,50 - 249,5.7,,,
private,332439,Other metal container manufacturing,250 - 999,1.8,,,
private,3325,Hardware manufacturing,Total all sizes,2.9,,,3.2
private,3325,Hardware manufacturing,50 - 249,4.4,1.5,3.3,5.6
private,3325,Hardware manufacturing,250 - 999,1.7,0.8,1.2,2.2
private,3326,Spring and wire product manufacturing,Total all sizes,3.2,,,1.6
private,3326,Spring and wire product manufacturing,11 - 49,3.3,,,
private,3326,Spring and wire product manufacturing,50 - 249,3.2,,2.7,4.4
private,3326,Spring and wire product manufacturing,250 - 999,3.3,,,
private,33261,Spring and wire product manufacturing,Total all sizes,3.2,,,1.6
private,33261,Spring and wire product manufacturing,11 - 49,3.3,,,
private,33261,Spring and wire product manufacturing,50 - 249,3.2,,2.7,4.4
private,33261,Spring and wire product manufacturing,250 - 999,3.3,,,
private,332613,Spring manufacturing,Total all sizes,3.8,,,6
private,332613,Spring manufacturing,11 - 49,11.7,,,
private,332613,Spring manufacturing,50 - 249,3.5,,1.7,6
private,332613,Spring manufacturing,250 - 999,2.2,,,
private,3327,"Machine shops; turned product; and screw, nut, and bolt manufacturing",Total all sizes,2.9,,,
private,3327,"Machine shops; turned product; and screw, nut, and bolt manufacturing",1 - 10,1.5,,,
private,3327,"Machine shops; turned product; and screw, nut, and bolt manufacturing",11 - 49,3.4,,,4.8
private,3327,"Machine shops; turned product; and screw, nut, and bolt manufacturing",50 - 249,2.9,0.8,2.1,4.3
private,3327,"Machine shops; turned product; and screw, nut, and bolt manufacturing",250 - 999,2.3,1.4,2.4,3.4
private,33271,Machine shops,Total all sizes,2.7,,,
private,33271,Machine shops,1 - 10,1.5,,,
private,33271,Machine shops,11 - 49,3.2,,,4.4
private,33271,Machine shops,50 - 249,2.7,0.8,2.1,4.1
private,33271,Machine shops,250 - 999,2.6,2,2.5,3.6
private,33272,"Turned product and screw, nut, and bolt manufacturing",Total all sizes,3.4,,,4.5
private,33272,"Turned product and screw, nut, and bolt manufacturing",11 - 49,4.7,,2.9,9.3
private,33272,"Turned product and screw, nut, and bolt manufacturing",50 - 249,3.4,0.9,2.2,5.2
private,33272,"Turned product and screw, nut, and bolt manufacturing",250 - 999,2.1,0.9,2.4,2.7
private,332721,Precision turned product manufacturing,Total all sizes,3.6,,,4.8
private,332721,Precision turned product manufacturing,11 - 49,4,,2.5,6.6
private,332721,Precision turned product manufacturing,50 - 249,3.7,0.8,1.7,5.2
private,332721,Precision turned product manufacturing,250 - 999,2.5,,,
private,332722,"Bolt, nut, screw, rivet, and washer manufacturing",Total all sizes,3.2,,1.7,4.4
private,332722,"Bolt, nut, screw, rivet, and washer manufacturing",50 - 249,3.1,1.7,2.3,5.3
private,332722,"Bolt, nut, screw, rivet, and washer manufacturing",250 - 999,2,,,
private,3328,"Coating, engraving, heat treating, and allied activities",Total all sizes,4,,,3
private,3328,"Coating, engraving, heat treating, and allied activities",11 - 49,4.1,,,5.7
private,3328,"Coating, engraving, heat treating, and allied activities",50 - 249,4.4,1.1,3.8,6.1
private,3328,"Coating, engraving, heat treating, and allied activities",250 - 999,2.8,,,
private,33281,"Coating, engraving, heat treating, and allied activities",Total all sizes,4,,,3
private,33281,"Coating, engraving, heat treating, and allied activities",11 - 49,4.1,,,5.7
private,33281,"Coating, engraving, heat treating, and allied activities",50 - 249,4.4,1.1,3.8,6.1
private,33281,"Coating, engraving, heat treating, and allied activities",250 - 999,2.8,,,
private,332811,Metal heat treating,Total all sizes,3.3,,2.1,6
private,332811,Metal heat treating,11 - 49,4.6,,5.7,6.7
private,332811,Metal heat treating,50 - 249,2.8,1.6,3.8,5.2
private,332812,"Metal coating, engraving (except jewelry and silverware), and allied services to manufacturers",Total all sizes,4.1,,,
private,332812,"Metal coating, engraving (except jewelry and silverware), and allied services to manufacturers",11 - 49,3.4,,,5.5
private,332812,"Metal coating, engraving (except jewelry and silverware), and allied services to manufacturers",50 - 249,5.2,1.7,4.5,8.6
private,332812,"Metal coating, engraving (except jewelry and silverware), and allied services to manufacturers",250 - 999,4,,,
private,332813,"Electroplating, plating, polishing, anodizing, and coloring",Total all sizes,4.1,,,3.5
private,332813,"Electroplating, plating, polishing, anodizing, and coloring",11 - 49,5,,,5.7
private,332813,"Electroplating, plating, polishing, anodizing, and coloring",50 - 249,4.3,,3.3,5.6
private,332813,"Electroplating, plating, polishing, anodizing, and coloring",250 - 999,1.8,,,
private,3329,Other fabricated metal product manufacturing,Total all sizes,2.2,,,
private,3329,Other fabricated metal product manufacturing,11 - 49,1.7,,,2.7
private,3329,Other fabricated metal product manufacturing,50 - 249,3.1,,1.7,4.8
private,3329,Other fabricated metal product manufacturing,250 - 999,1.9,0.6,1.5,2.9
private,3329,Other fabricated metal product manufacturing,"1,000+",1.2,,,
private,33291,Metal valve manufacturing,Total all sizes,1.9,,,
private,33291,Metal valve manufacturing,11 - 49,0.9,,,
private,33291,Metal valve manufacturing,50 - 249,3.1,,1.7,5.5
private,33291,Metal valve manufacturing,250 - 999,1.3,0.6,0.9,1.8
private,332911,Industrial valve manufacturing,Total all sizes,1.3,,,
private,332911,Industrial valve manufacturing,50 - 249,2,,,2.7
private,332911,Industrial valve manufacturing,250 - 999,1.4,0.7,1,2
private,332912,Fluid power valve and hose fitting manufacturing,Total all sizes,1.6,,0.8,3.1
private,332912,Fluid power valve and hose fitting manufacturing,50 - 249,2.7,,1.4,4.8
private,332912,Fluid power valve and hose fitting manufacturing,250 - 999,0.8,,,
private,332913,Plumbing fixture fitting and trim manufacturing,Total all sizes,1.9,,,
private,332913,Plumbing fixture fitting and trim manufacturing,50 - 249,3.6,,,
private,332913,Plumbing fixture fitting and trim manufacturing,250 - 999,1.9,,,
private,332919,Other metal valve and pipe fitting manufacturing,Total all sizes,3.5,,2.2,6.4
private,332919,Other metal valve and pipe fitting manufacturing,50 - 249,4.8,,,
private,332919,Other metal valve and pipe fitting manufacturing,250 - 999,1.9,,,
private,33299,All other fabricated metal product manufacturing,Total all sizes,2.3,,,
private,33299,All other fabricated metal product manufacturing,11 - 49,2.1,,,4.2
private,33299,All other fabricated metal product manufacturing,50 - 249,3.1,,1.7,4.4
private,33299,All other fabricated metal product manufacturing,250 - 999,2.2,0.9,2.2,4.3
private,33299,All other fabricated metal product manufacturing,"1,000+",1.2,,,
private,332991,Ball and roller bearing manufacturing,Total all sizes,2.4,,2.2,4.3
private,332991,Ball and roller bearing manufacturing,50 - 249,1.9,,,
private,332991,Ball and roller bearing manufacturing,250 - 999,2.3,,,
private,332992,Small arms ammunition manufacturing,Total all sizes,3.2,,,
private,332992,Small arms ammunition manufacturing,250 - 999,4.4,,,
private,332994,"Small arms, ordnance, and ordnance accessories manufacturing",Total all sizes,1.9,,,
private,332994,"Small arms, ordnance, and ordnance accessories manufacturing",50 - 249,2.7,,,
private,332994,"Small arms, ordnance, and ordnance accessories manufacturing",250 - 999,2,,,
private,332994,"Small arms, ordnance, and ordnance accessories manufacturing","1,000+",2.2,,,
private,332996,Fabricated pipe and pipe fitting manufacturing,Total all sizes,2.1,,,
private,332996,Fabricated pipe and pipe fitting manufacturing,11 - 49,2.3,,,
private,332996,Fabricated pipe and pipe fitting manufacturing,50 - 249,4.3,1.8,3.7,7.4
private,332999,All other miscellaneous fabricated metal product manufacturing,Total all sizes,2.6,,,
private,332999,All other miscellaneous fabricated metal product manufacturing,11 - 49,2.1,,,2.7
private,332999,All other miscellaneous fabricated metal product manufacturing,50 - 249,2.9,,1.1,4.2
private,332999,All other miscellaneous fabricated metal product manufacturing,250 - 999,2.9,1.3,2.8,4.1
private,333,Machinery manufacturing,Total all sizes,2.3,,,
private,333,Machinery manufacturing,11 - 49,2,,,
private,333,Machinery manufacturing,50 - 249,3,0.7,2,4.8
private,333,Machinery manufacturing,250 - 999,2.2,0.6,1.7,3.1
private,333,Machinery manufacturing,"1,000+",1.8,0.6,1.2,3
private,3331,"Agriculture, construction, and mining machinery manufacturing",Total all sizes,2.7,,,
private,3331,"Agriculture, construction, and mining machinery manufacturing",11 - 49,2,,,3.5
private,3331,"Agriculture, construction, and mining machinery manufacturing",50 - 249,3.6,1.3,2.7,6.7
private,3331,"Agriculture, construction, and mining machinery manufacturing",250 - 999,2.2,0.5,1.7,3.7
private,3331,"Agriculture, construction, and mining machinery manufacturing","1,000+",3.1,1.3,3.8,4.2
private,33311,Agricultural implement manufacturing,Total all sizes,3.9,,,
private,33311,Agricultural implement manufacturing,11 - 49,3.6,,3.1,5.9
private,33311,Agricultural implement manufacturing,50 - 249,5.8,2.6,6.7,9.2
private,33311,Agricultural implement manufacturing,250 - 999,3.3,1.9,3.6,4.1
private,33311,Agricultural implement manufacturing,"1,000+",3.5,,,
private,333111,Farm machinery and equipment manufacturing,Total all sizes,4.4,,,4.3
private,333111,Farm machinery and equipment manufacturing,11 - 49,4,,3.5,5.9
private,333111,Farm machinery and equipment manufacturing,50 - 249,6.3,3.9,6.7,11
private,333111,Farm machinery and equipment manufacturing,250 - 999,3.6,2.2,3.7,4.3
private,333111,Farm machinery and equipment manufacturing,"1,000+",3.8,,,
private,333112,Lawn and garden tractor and home lawn and garden equipment manufacturing,Total all sizes,1.8,,,
private,333112,Lawn and garden tractor and home lawn and garden equipment manufacturing,50 - 249,1.4,,,
private,333112,Lawn and garden tractor and home lawn and garden equipment manufacturing,250 - 999,2.3,,,
private,333112,Lawn and garden tractor and home lawn and garden equipment manufacturing,"1,000+",2.3,,,
private,33312,Construction machinery manufacturing,Total all sizes,2.8,,,
private,33312,Construction machinery manufacturing,11 - 49,2.5,,,3.5
private,33312,Construction machinery manufacturing,50 - 249,3.9,1.8,3.1,5.2
private,33312,Construction machinery manufacturing,250 - 999,2,0.8,1.4,2.9
private,33312,Construction machinery manufacturing,"1,000+",2.9,,,
private,33313,Mining and oil and gas field machinery manufacturing,Total all sizes,1,,,
private,33313,Mining and oil and gas field machinery manufacturing,50 - 249,1.3,,1.4,1.5
private,33313,Mining and oil and gas field machinery manufacturing,250 - 999,0.8,,,
private,333131,Mining machinery and equipment manufacturing,Total all sizes,2.5,,,2.3
private,333131,Mining machinery and equipment manufacturing,50 - 249,2.6,,,
private,333131,Mining machinery and equipment manufacturing,250 - 999,4.7,,,
private,333132,Oil and gas field machinery and equipment manufacturing,Total all sizes,0.7,,,
private,333132,Oil and gas field machinery and equipment manufacturing,50 - 249,1,,1.3,1.5
private,333132,Oil and gas field machinery and equipment manufacturing,250 - 999,0.6,,,
private,3332,Industrial machinery manufacturing,Total all sizes,2.3,,,
private,3332,Industrial machinery manufacturing,11 - 49,2.3,,,
private,3332,Industrial machinery manufacturing,50 - 249,3.5,0.8,2.1,6.3
private,3332,Industrial machinery manufacturing,250 - 999,1.3,,0.9,2.1
private,3332,Industrial machinery manufacturing,"1,000+",0.3,,,
private,33324,Industrial machinery manufacturing,Total all sizes,2.3,,,
private,33324,Industrial machinery manufacturing,11 - 49,2.3,,,
private,33324,Industrial machinery manufacturing,50 - 249,3.5,0.8,2.1,6.3
private,33324,Industrial machinery manufacturing,250 - 999,1.3,,0.9,2.1
private,33324,Industrial machinery manufacturing,"1,000+",0.3,,,
private,333241,Food product machinery manufacturing,Total all sizes,2.3,,,
private,333241,Food product machinery manufacturing,50 - 249,4,1.5,3.7,13.9
private,333241,Food product machinery manufacturing,250 - 999,2.1,,,
private,333243,"Sawmill, woodworking, and paper machinery manufacturing",Total all sizes,3.2,,,
private,333243,"Sawmill, woodworking, and paper machinery manufacturing",11 - 49,6,,,
private,333243,"Sawmill, woodworking, and paper machinery manufacturing",50 - 249,3.5,,,
private,333243,"Sawmill, woodworking, and paper machinery manufacturing",250 - 999,2.1,,,
private,333249,Other industrial machinery manufacturing,Total all sizes,2.4,,,
private,333249,Other industrial machinery manufacturing,11 - 49,2.4,,,
private,333249,Other industrial machinery manufacturing,50 - 249,2.8,0.8,1.8,3.6
private,333249,Other industrial machinery manufacturing,250 - 999,1.5,,,
private,3333,Commercial and service industry machinery manufacturing,Total all sizes,2.2,,,2.8
private,3333,Commercial and service industry machinery manufacturing,50 - 249,2.7,0.5,2,3.8
private,3333,Commercial and service industry machinery manufacturing,250 - 999,1.6,0.3,1.2,2.2
private,33331,Commercial and service industry machinery manufacturing,Total all sizes,2.2,,,2.8
private,33331,Commercial and service industry machinery manufacturing,50 - 249,2.7,0.5,2,3.8
private,33331,Commercial and service industry machinery manufacturing,250 - 999,1.6,0.3,1.2,2.2
private,333314,Optical instrument and lens manufacturing,Total all sizes,1.4,,,1.1
private,333314,Optical instrument and lens manufacturing,50 - 249,2.4,,,
private,333314,Optical instrument and lens manufacturing,250 - 999,1.1,,,
private,333316,Photographic and photocopying equipment manufacturing,Total all sizes,1.4,,,
private,333318,Other commercial and service industry machinery manufacturing,Total all sizes,2.5,,,3.8
private,333318,Other commercial and service industry machinery manufacturing,50 - 249,2.8,0.8,2,3.8
private,333318,Other commercial and service industry machinery manufacturing,250 - 999,1.8,0.4,1.2,2.8
private,3334,"Ventilation, heating, air-conditioning, and commercial refrigeration equipment manufacturing",Total all sizes,2.4,,,
private,3334,"Ventilation, heating, air-conditioning, and commercial refrigeration equipment manufacturing",11 - 49,0.8,,,
private,3334,"Ventilation, heating, air-conditioning, and commercial refrigeration equipment manufacturing",50 - 249,3.5,1.7,2.5,5.4
private,3334,"Ventilation, heating, air-conditioning, and commercial refrigeration equipment manufacturing",250 - 999,2.6,0.8,2,3.7
private,3334,"Ventilation, heating, air-conditioning, and commercial refrigeration equipment manufacturing","1,000+",1.2,0.6,0.7,1.4
private,33341,"Ventilation, heating, air-conditioning, and commercial refrigeration equipment manufacturing",Total all sizes,2.4,,,
private,33341,"Ventilation, heating, air-conditioning, and commercial refrigeration equipment manufacturing",11 - 49,0.8,,,
private,33341,"Ventilation, heating, air-conditioning, and commercial refrigeration equipment manufacturing",50 - 249,3.5,1.7,2.5,5.4
private,33341,"Ventilation, heating, air-conditioning, and commercial refrigeration equipment manufacturing",250 - 999,2.6,0.8,2,3.7
private,33341,"Ventilation, heating, air-conditioning, and commercial refrigeration equipment manufacturing","1,000+",1.2,0.6,0.7,1.4
private,333413,Industrial and commercial fan and blower and air purification equipment manufacturing,Total all sizes,2.9,,,2.1
private,333413,Industrial and commercial fan and blower and air purification equipment manufacturing,11 - 49,1.7,,,
private,333413,Industrial and commercial fan and blower and air purification equipment manufacturing,50 - 249,3.3,1.7,2,5.3
private,333413,Industrial and commercial fan and blower and air purification equipment manufacturing,250 - 999,2.7,,,
private,333414,Heating equipment (except warm air furnaces) manufacturing,Total all sizes,3.2,,,
private,333414,Heating equipment (except warm air furnaces) manufacturing,50 - 249,5.3,,,
private,333414,Heating equipment (except warm air furnaces) manufacturing,250 - 999,3.1,,,
private,333415,Air-conditioning and warm air heating equipment and commercial and industrial refrigeration equipment manufacturing,Total all sizes,2.1,,,
private,333415,Air-conditioning and warm air heating equipment and commercial and industrial refrigeration equipment manufacturing,50 - 249,3.2,1.8,3,4.9
private,333415,Air-conditioning and warm air heating equipment and commercial and industrial refrigeration equipment manufacturing,250 - 999,2.5,0.9,1.8,3.7
private,333415,Air-conditioning and warm air heating equipment and commercial and industrial refrigeration equipment manufacturing,"1,000+",1.1,,,
private,3335,Metalworking machinery manufacturing,Total all sizes,2.5,,,
private,3335,Metalworking machinery manufacturing,11 - 49,2.5,,,3.2
private,3335,Metalworking machinery manufacturing,50 - 249,2.9,,1.8,4.5
private,3335,Metalworking machinery manufacturing,250 - 999,2.9,1.4,2.6,4.3
private,33351,Metalworking machinery manufacturing,Total all sizes,2.5,,,
private,33351,Metalworking machinery manufacturing,11 - 49,2.5,,,3.2
private,33351,Metalworking machinery manufacturing,50 - 249,2.9,,1.8,4.5
private,33351,Metalworking machinery manufacturing,250 - 999,2.9,1.4,2.6,4.3
private,333511,Industrial mold manufacturing,Total all sizes,3.1,,,3.1
private,333511,Industrial mold manufacturing,11 - 49,3,,,3.7
private,333511,Industrial mold manufacturing,50 - 249,2.7,,2,4.5
private,333511,Industrial mold manufacturing,250 - 999,4.6,,,
private,333514,"Special die and tool, die set, jig, and fixture manufacturing",Total all sizes,2.8,,,
private,333514,"Special die and tool, die set, jig, and fixture manufacturing",11 - 49,3.2,,,3.7
private,333514,"Special die and tool, die set, jig, and fixture manufacturing",50 - 249,3.4,,1.8,4.5
private,333514,"Special die and tool, die set, jig, and fixture manufacturing",250 - 999,2.5,,,
private,333515,Cutting tool and machine tool accessory manufacturing,Total all sizes,1.2,,,
private,333515,Cutting tool and machine tool accessory manufacturing,250 - 999,3.3,,,
private,333517,Machine tool manufacturing,Total all sizes,2.3,,,
private,333517,Machine tool manufacturing,50 - 249,2.6,1.2,2,3.2
private,333517,Machine tool manufacturing,250 - 999,2,,,
private,333519,Rolling mill and other metalworking machinery manufacturing,Total all sizes,2.6,,,
private,333519,Rolling mill and other metalworking machinery manufacturing,50 - 249,4.4,,,
private,333519,Rolling mill and other metalworking machinery manufacturing,250 - 999,2.3,,,
private,3336,"Engine, turbine, and power transmission equipment manufacturing",Total all sizes,1.9,,,4.7
private,3336,"Engine, turbine, and power transmission equipment manufacturing",50 - 249,3.4,1.9,3.4,5.5
private,3336,"Engine, turbine, and power transmission equipment manufacturing",250 - 999,1.9,0.7,1.5,2.4
private,3336,"Engine, turbine, and power transmission equipment manufacturing","1,000+",1.1,0.5,0.9,1.3
private,33361,"Engine, turbine, and power transmission equipment manufacturing",Total all sizes,1.9,,,4.7
private,33361,"Engine, turbine, and power transmission equipment manufacturing",50 - 249,3.4,1.9,3.4,5.5
private,33361,"Engine, turbine, and power transmission equipment manufacturing",250 - 999,1.9,0.7,1.5,2.4
private,33361,"Engine, turbine, and power transmission equipment manufacturing","1,000+",1.1,0.5,0.9,1.3
private,333612,"Speed changer, industrial high-speed drive, and gear manufacturing",Total all sizes,1.4,,,
private,333612,"Speed changer, industrial high-speed drive, and gear manufacturing",50 - 249,1.9,,,
private,333612,"Speed changer, industrial high-speed drive, and gear manufacturing",250 - 999,2,,,
private,333613,Mechanical power transmission equipment manufacturing,Total all sizes,4,,3.4,5.5
private,333613,Mechanical power transmission equipment manufacturing,50 - 249,4.8,3.4,3.4,9.1
private,333613,Mechanical power transmission equipment manufacturing,250 - 999,3,,,
private,333618,Other engine equipment manufacturing,Total all sizes,1.9,0.4,96.2,96.2
private,333618,Other engine equipment manufacturing,50 - 249,2.8,,,
private,333618,Other engine equipment manufacturing,250 - 999,1.7,0.8,1.3,2.3
private,333618,Other engine equipment manufacturing,"1,000+",1.2,,,
private,3339,Other general purpose machinery manufacturing,Total all sizes,2.2,,,
private,3339,Other general purpose machinery manufacturing,11 - 49,1.4,,,
private,3339,Other general purpose machinery manufacturing,50 - 249,2.6,,1.6,4
private,3339,Other general purpose machinery manufacturing,250 - 999,2,0.8,1.7,3
private,3339,Other general purpose machinery manufacturing,"1,000+",2.3,0.7,1.6,3.1
private,33391,Pump and compressor manufacturing,Total all sizes,1.6,,,
private,33391,Pump and compressor manufacturing,50 - 249,1.7,,1.4,1.9
private,33391,Pump and compressor manufacturing,250 - 999,1.8,0.7,1.7,2.4
private,33391,Pump and compressor manufacturing,"1,000+",1.5,,,
private,333912,Air and gas compressor manufacturing,Total all sizes,1.5,,,0.7
private,333912,Air and gas compressor manufacturing,250 - 999,1.1,,,
private,333912,Air and gas compressor manufacturing,"1,000+",1.8,,,
private,333914,"Measuring, dispensing, and other pumping equipment manufacturing",Total all sizes,1.6,,,
private,333914,"Measuring, dispensing, and other pumping equipment manufacturing",50 - 249,1.7,0.4,1.4,1.9
private,333914,"Measuring, dispensing, and other pumping equipment manufacturing",250 - 999,2.2,,,
private,33392,Material handling equipment manufacturing,Total all sizes,3.1,,,4.1
private,33392,Material handling equipment manufacturing,11 - 49,2,,,
private,33392,Material handling equipment manufacturing,50 - 249,3.8,1.2,2.9,6.3
private,33392,Material handling equipment manufacturing,250 - 999,2.5,1.3,2,3.5
private,33392,Material handling equipment manufacturing,"1,000+",3.5,,,
private,333921,Elevator and moving stairway manufacturing,Total all sizes,1.1,,,1.2
private,333921,Elevator and moving stairway manufacturing,50 - 249,1.5,,,
private,333921,Elevator and moving stairway manufacturing,250 - 999,0.9,,,
private,333922,Conveyor and conveying equipment manufacturing,Total all sizes,2.4,,,3.4
private,333922,Conveyor and conveying equipment manufacturing,50 - 249,3.2,1.2,2.7,5.7
private,333922,Conveyor and conveying equipment manufacturing,250 - 999,1.4,,,
private,333923,"Overhead traveling crane, hoist, and monorail system manufacturing",Total all sizes,4.3,,0.3,6.6
private,333923,"Overhead traveling crane, hoist, and monorail system manufacturing",50 - 249,5.2,,,
private,333923,"Overhead traveling crane, hoist, and monorail system manufacturing",250 - 999,2.4,,,
private,333924,"Industrial truck, tractor, trailer, and stacker machinery manufacturing",Total all sizes,4.3,,1.7,4.1
private,333924,"Industrial truck, tractor, trailer, and stacker machinery manufacturing",50 - 249,5.2,,,
private,333924,"Industrial truck, tractor, trailer, and stacker machinery manufacturing",250 - 999,3.5,,,
private,333924,"Industrial truck, tractor, trailer, and stacker machinery manufacturing","1,000+",4.8,,,
private,33399,All other general purpose machinery manufacturing,Total all sizes,1.7,,,
private,33399,All other general purpose machinery manufacturing,11 - 49,1.2,,,
private,33399,All other general purpose machinery manufacturing,50 - 249,2.2,,1.1,3.7
private,33399,All other general purpose machinery manufacturing,250 - 999,1.7,0.5,1.4,3
private,33399,All other general purpose machinery manufacturing,"1,000+",1.2,,,
private,333991,Power-driven handtool manufacturing,Total all sizes,1.3,,,
private,333991,Power-driven handtool manufacturing,50 - 249,3.2,,,
private,333991,Power-driven handtool manufacturing,250 - 999,1.1,,,
private,333991,Power-driven handtool manufacturing,"1,000+",1.1,,,
private,333992,Welding and soldering equipment manufacturing,Total all sizes,1.1,,,
private,333992,Welding and soldering equipment manufacturing,50 - 249,0.8,,,
private,333993,Packaging machinery manufacturing,Total all sizes,1,,,
private,333993,Packaging machinery manufacturing,50 - 249,0.8,,0.7,1.4
private,333993,Packaging machinery manufacturing,250 - 999,1.7,,,
private,333994,Industrial process furnace and oven manufacturing,Total all sizes,2.6,,,4.1
private,333994,Industrial process furnace and oven manufacturing,50 - 249,3.5,,,
private,333995,Fluid power cylinder and actuator manufacturing,Total all sizes,2.2,,,
private,333995,Fluid power cylinder and actuator manufacturing,50 - 249,4.3,,,
private,333995,Fluid power cylinder and actuator manufacturing,250 - 999,1.8,,,
private,333996,Fluid power pump and motor manufacturing,Total all sizes,1.8,,,2.2
private,333996,Fluid power pump and motor manufacturing,50 - 249,3,,,
private,333996,Fluid power pump and motor manufacturing,250 - 999,1.5,,,
private,333999,All other miscellaneous general purpose machinery manufacturing,Total all sizes,2,,,
private,333999,All other miscellaneous general purpose machinery manufacturing,50 - 249,2.6,,1.5,4
private,333999,All other miscellaneous general purpose machinery manufacturing,250 - 999,0.9,,,
private,334,Computer and electronic product manufacturing,Total all sizes,0.9,,,
private,334,Computer and electronic product manufacturing,11 - 49,0.7,,,
private,334,Computer and electronic product manufacturing,50 - 249,1,,,1.6
private,334,Computer and electronic product manufacturing,250 - 999,1.1,0.4,1,1.9
private,334,Computer and electronic product manufacturing,"1,000+",0.6,0.1,0.4,0.8
private,3341,Computer and peripheral equipment manufacturing,Total all sizes,0.6,,,
private,3341,Computer and peripheral equipment manufacturing,50 - 249,0.8,,,1.4
private,3341,Computer and peripheral equipment manufacturing,250 - 999,0.7,,0.1,1.5
private,3341,Computer and peripheral equipment manufacturing,"1,000+",0.4,,0.3,0.6
private,33411,Computer and peripheral equipment manufacturing,Total all sizes,0.6,,,
private,33411,Computer and peripheral equipment manufacturing,50 - 249,0.8,,,1.4
private,33411,Computer and peripheral equipment manufacturing,250 - 999,0.7,,0.1,1.5
private,33411,Computer and peripheral equipment manufacturing,"1,000+",0.4,,0.3,0.6
private,334111,Electronic computer manufacturing,Total all sizes,0.5,,,
private,334111,Electronic computer manufacturing,50 - 249,0.5,,,
private,334111,Electronic computer manufacturing,250 - 999,1.1,,,
private,334111,Electronic computer manufacturing,"1,000+",0.2,,,
private,334112,Computer storage device manufacturing,Total all sizes,1,,,
private,334112,Computer storage device manufacturing,"1,000+",0.9,,,
private,334118,Computer terminal and other computer peripheral equipment manufacturing,Total all sizes,0.6,,,
private,334118,Computer terminal and other computer peripheral equipment manufacturing,50 - 249,1.2,,0.8,2
private,3342,Communications equipment manufacturing,Total all sizes,0.7,,,
private,3342,Communications equipment manufacturing,50 - 249,0.8,,,2.2
private,3342,Communications equipment manufacturing,250 - 999,0.8,0.4,0.6,0.7
private,3342,Communications equipment manufacturing,"1,000+",0.4,,,
private,33422,Radio and television broadcasting and wireless communications equipment manufacturing,Total all sizes,0.4,,,
private,33422,Radio and television broadcasting and wireless communications equipment manufacturing,50 - 249,0.2,,,
private,33422,Radio and television broadcasting and wireless communications equipment manufacturing,250 - 999,0.9,,,
private,33422,Radio and television broadcasting and wireless communications equipment manufacturing,"1,000+",0.4,,,
private,33429,Other communications equipment manufacturing,Total all sizes,1.6,,1.3,3.4
private,33429,Other communications equipment manufacturing,50 - 249,2.3,,,
private,33429,Other communications equipment manufacturing,250 - 999,0.7,,,
private,3344,Semiconductor and other electronic component manufacturing,Total all sizes,0.9,,,
private,3344,Semiconductor and other electronic component manufacturing,11 - 49,0.4,,,
private,3344,Semiconductor and other electronic component manufacturing,50 - 249,0.9,,,1.6
private,3344,Semiconductor and other electronic component manufacturing,250 - 999,1.3,0.4,1.2,1.7
private,3344,Semiconductor and other electronic component manufacturing,"1,000+",0.9,0.1,0.4,1.3
private,33441,Semiconductor and other electronic component manufacturing,Total all sizes,0.9,,,
private,33441,Semiconductor and other electronic component manufacturing,11 - 49,0.4,,,
private,33441,Semiconductor and other electronic component manufacturing,50 - 249,0.9,,,1.6
private,33441,Semiconductor and other electronic component manufacturing,250 - 999,1.3,0.4,1.2,1.7
private,33441,Semiconductor and other electronic component manufacturing,"1,000+",0.9,0.1,0.4,1.3
private,334413,Semiconductor and related device manufacturing,Total all sizes,0.8,,,0.2
private,334413,Semiconductor and related device manufacturing,50 - 249,0.4,,,0.6
private,334413,Semiconductor and related device manufacturing,250 - 999,1.2,0.3,0.9,1.2
private,334416,"Capacitor, resistor, coil, transformer, and other inductor manufacturing",Total all sizes,0.9,,,
private,334416,"Capacitor, resistor, coil, transformer, and other inductor manufacturing",50 - 249,1.2,,,
private,334416,"Capacitor, resistor, coil, transformer, and other inductor manufacturing",250 - 999,0.7,,,
private,334418,Printed circuit assembly (electronic assembly) manufacturing,Total all sizes,0.9,,,
private,334418,Printed circuit assembly (electronic assembly) manufacturing,50 - 249,1.6,,,2.9
private,334418,Printed circuit assembly (electronic assembly) manufacturing,250 - 999,0.7,,,
private,334419,Other electronic component manufacturing,Total all sizes,1.2,,,
private,334419,Other electronic component manufacturing,50 - 249,1.4,,1.1,2
private,334419,Other electronic component manufacturing,250 - 999,1.7,,,
private,3345,"Navigational, measuring, electromedical, and control instruments manufacturing",Total all sizes,0.9,,,
private,3345,"Navigational, measuring, electromedical, and control instruments manufacturing",11 - 49,1.2,,,2.1
private,3345,"Navigational, measuring, electromedical, and control instruments manufacturing",50 - 249,1.2,,0.7,1.7
private,3345,"Navigational, measuring, electromedical, and control instruments manufacturing",250 - 999,1.1,0.4,0.9,2.4
private,3345,"Navigational, measuring, electromedical, and control instruments manufacturing","1,000+",0.5,0.2,0.4,0.8
private,334501,"Navigational, measuring, electromedical, and control instruments manufacturing",Total all sizes,0.9,,,
private,334501,"Navigational, measuring, electromedical, and control instruments manufacturing",11 - 49,1.2,,,2.1
private,334501,"Navigational, measuring, electromedical, and control instruments manufacturing",50 - 249,1.2,,0.7,1.7
private,334501,"Navigational, measuring, electromedical, and control instruments manufacturing",250 - 999,1.1,0.4,0.9,2.4
private,334501,"Navigational, measuring, electromedical, and control instruments manufacturing","1,000+",0.5,0.2,0.4,0.8
private,334510,Electromedical and electrotherapeutic apparatus manufacturing,Total all sizes,0.8,,,
private,334510,Electromedical and electrotherapeutic apparatus manufacturing,50 - 249,0.8,,,1.3
private,334510,Electromedical and electrotherapeutic apparatus manufacturing,250 - 999,0.8,,0.8,1.2
private,334510,Electromedical and electrotherapeutic apparatus manufacturing,"1,000+",0.7,,,
private,334511,"Search, detection, navigation, guidance, aeronautical, and nautical system and instrument manufacturing",Total all sizes,0.5,,,
private,334511,"Search, detection, navigation, guidance, aeronautical, and nautical system and instrument manufacturing",50 - 249,0.7,,,1
private,334511,"Search, detection, navigation, guidance, aeronautical, and nautical system and instrument manufacturing",250 - 999,0.7,0.2,0.6,1
private,334511,"Search, detection, navigation, guidance, aeronautical, and nautical system and instrument manufacturing","1,000+",0.4,0.2,0.3,0.4
private,334512,"Automatic environmental control manufacturing for residential, commercial, and appliance use",Total all sizes,0.6,,,
private,334512,"Automatic environmental control manufacturing for residential, commercial, and appliance use",50 - 249,0.8,,,
private,334512,"Automatic environmental control manufacturing for residential, commercial, and appliance use",250 - 999,0.6,,,
private,334514,Totalizing fluid meter and counting device manufacturing,Total all sizes,0.9,,,
private,334514,Totalizing fluid meter and counting device manufacturing,50 - 249,1.2,,,
private,334514,Totalizing fluid meter and counting device manufacturing,250 - 999,,,,
private,334515,Instrument manufacturing for measuring and testing electricity and electrical signals,Total all sizes,0.9,,,0.8
private,334515,Instrument manufacturing for measuring and testing electricity and electrical signals,50 - 249,1.1,,,
private,334515,Instrument manufacturing for measuring and testing electricity and electrical signals,250 - 999,1.1,,,
private,334515,Instrument manufacturing for measuring and testing electricity and electrical signals,"1,000+",0.3,,,
private,334516,Analytical laboratory instrument manufacturing,Total all sizes,1.2,,,
private,334516,Analytical laboratory instrument manufacturing,50 - 249,1.9,,,
private,334516,Analytical laboratory instrument manufacturing,250 - 999,0.8,,,
private,334516,Analytical laboratory instrument manufacturing,"1,000+",1.1,,,
private,334517,Irradiation apparatus manufacturing,Total all sizes,1.3,,,2.1
private,334517,Irradiation apparatus manufacturing,11 - 49,1.3,,,
private,334517,Irradiation apparatus manufacturing,50 - 249,1,,,
private,334517,Irradiation apparatus manufacturing,250 - 999,1.6,,,
private,334519,Other measuring and controlling device manufacturing,Total all sizes,1.2,,,
private,334519,Other measuring and controlling device manufacturing,11 - 49,1.5,,,2.6
private,334519,Other measuring and controlling device manufacturing,50 - 249,2.4,1.3,1.4,3.8
private,334519,Other measuring and controlling device manufacturing,250 - 999,0.9,,,
private,3346,Manufacturing and reproducing magnetic and optical media,Total all sizes,0.6,,,
private,3346,Manufacturing and reproducing magnetic and optical media,50 - 249,2.6,,,
private,3346,Manufacturing and reproducing magnetic and optical media,250 - 999,1.8,,,
private,33461,Manufacturing and reproducing magnetic and optical media,Total all sizes,0.6,,,
private,33461,Manufacturing and reproducing magnetic and optical media,50 - 249,2.6,,,
private,33461,Manufacturing and reproducing magnetic and optical media,250 - 999,1.8,,,
private,335,"Electrical equipment, appliance, and component manufacturing",Total all sizes,2,,,0.8
private,335,"Electrical equipment, appliance, and component manufacturing",11 - 49,2,,,3
private,335,"Electrical equipment, appliance, and component manufacturing",50 - 249,2,,1.6,3.4
private,335,"Electrical equipment, appliance, and component manufacturing",250 - 999,1.9,0.8,1.6,2.7
private,335,"Electrical equipment, appliance, and component manufacturing","1,000+",2.1,0.6,1.1,1.9
private,3351,Electric lighting equipment manufacturing,Total all sizes,2.1,,,
private,3351,Electric lighting equipment manufacturing,11 - 49,2.6,,,
private,3351,Electric lighting equipment manufacturing,50 - 249,2.5,1.3,1.8,3.4
private,3351,Electric lighting equipment manufacturing,250 - 999,2.6,,,
private,3351,Electric lighting equipment manufacturing,"1,000+",0.4,,,
private,33512,Lighting fixture manufacturing,Total all sizes,2.3,,,
private,33512,Lighting fixture manufacturing,11 - 49,2.7,,,
private,33512,Lighting fixture manufacturing,50 - 249,2.5,1.6,1.8,3.4
private,33512,Lighting fixture manufacturing,250 - 999,2.6,,,
private,335121,Residential electric lighting fixture manufacturing,Total all sizes,3.1,,,
private,335121,Residential electric lighting fixture manufacturing,250 - 999,3.7,,,
private,335122,"Commercial, industrial, and institutional electric lighting fixture manufacturing",Total all sizes,2.3,,,
private,335122,"Commercial, industrial, and institutional electric lighting fixture manufacturing",11 - 49,4.2,,,
private,335122,"Commercial, industrial, and institutional electric lighting fixture manufacturing",50 - 249,2.5,1.6,1.6,1.8
private,335122,"Commercial, industrial, and institutional electric lighting fixture manufacturing",250 - 999,2.6,,,
private,335129,Other lighting equipment manufacturing,Total all sizes,1.5,,,
private,335129,Other lighting equipment manufacturing,250 - 999,2,,,
private,3352,Household appliance manufacturing,Total all sizes,2.1,,,1.7
private,3352,Household appliance manufacturing,50 - 249,2.1,,1.6,4.2
private,3352,Household appliance manufacturing,250 - 999,3.1,,,
private,3352,Household appliance manufacturing,"1,000+",1.9,0.7,1.6,2.4
private,33521,Small electrical appliance manufacturing,Total all sizes,1.3,,,1.4
private,33521,Small electrical appliance manufacturing,250 - 999,1.3,,,
private,33522,Major household appliance manufacturing,Total all sizes,2.3,,0.3,2.6
private,33522,Major household appliance manufacturing,50 - 249,3.7,1.3,2.9,4.2
private,33522,Major household appliance manufacturing,250 - 999,3.7,,,
private,33522,Major household appliance manufacturing,"1,000+",1.9,0.7,1.6,2.4
private,3353,Electrical equipment manufacturing,Total all sizes,1.8,,,1.4
private,3353,Electrical equipment manufacturing,11 - 49,1.9,,,4.8
private,3353,Electrical equipment manufacturing,50 - 249,2,,1.5,3.5
private,3353,Electrical equipment manufacturing,250 - 999,1.7,0.5,1.4,2.3
private,3353,Electrical equipment manufacturing,"1,000+",1.7,,,
private,33531,Electrical equipment manufacturing,Total all sizes,1.8,,,1.4
private,33531,Electrical equipment manufacturing,11 - 49,1.9,,,4.8
private,33531,Electrical equipment manufacturing,50 - 249,2,,1.5,3.5
private,33531,Electrical equipment manufacturing,250 - 999,1.7,0.5,1.4,2.3
private,33531,Electrical equipment manufacturing,"1,000+",1.7,,,
private,335311,"Power, distribution, and specialty transformer manufacturing",Total all sizes,3,,,0.9
private,335311,"Power, distribution, and specialty transformer manufacturing",50 - 249,2.7,,,
private,335311,"Power, distribution, and specialty transformer manufacturing",250 - 999,3,,,
private,335312,Motor and generator manufacturing,Total all sizes,1.8,,,2.2
private,335312,Motor and generator manufacturing,11 - 49,1.8,,,
private,335312,Motor and generator manufacturing,50 - 249,2.6,0.5,2.2,4.2
private,335312,Motor and generator manufacturing,250 - 999,1.5,0.8,1.3,2
private,335312,Motor and generator manufacturing,"1,000+",0.6,,,
private,335313,Switchgear and switchboard apparatus manufacturing,Total all sizes,1.7,,,0.7
private,335313,Switchgear and switchboard apparatus manufacturing,50 - 249,1.7,,,
private,335313,Switchgear and switchboard apparatus manufacturing,250 - 999,1.7,,,
private,335313,Switchgear and switchboard apparatus manufacturing,"1,000+",1.4,,,
private,335314,Relay and industrial control manufacturing,Total all sizes,0.9,,,1.5
private,335314,Relay and industrial control manufacturing,11 - 49,1.5,,,3.6
private,335314,Relay and industrial control manufacturing,50 - 249,1.3,,0.6,2.8
private,335314,Relay and industrial control manufacturing,250 - 999,0.7,,,
private,3359,Other electrical equipment and component manufacturing,Total all sizes,2,,,1.3
private,3359,Other electrical equipment and component manufacturing,11 - 49,2,,,2.8
private,3359,Other electrical equipment and component manufacturing,50 - 249,1.9,,1.3,2.6
private,3359,Other electrical equipment and component manufacturing,250 - 999,1.7,0.9,1.7,2.5
private,3359,Other electrical equipment and component manufacturing,"1,000+",2.9,,,
private,33591,Battery manufacturing,Total all sizes,2.7,,,2.1
private,33591,Battery manufacturing,50 - 249,2.4,,,
private,33591,Battery manufacturing,250 - 999,2.2,1,1.5,3.5
private,33591,Battery manufacturing,"1,000+",3.1,,,
private,335911,Storage battery manufacturing,Total all sizes,2.8,,1.3,3.3
private,335911,Storage battery manufacturing,50 - 249,2.5,,,
private,335911,Storage battery manufacturing,250 - 999,2.3,1.2,1.9,3.5
private,335911,Storage battery manufacturing,"1,000+",3.1,,,
private,33592,Communication and energy wire and cable manufacturing,Total all sizes,1.2,,,0.9
private,33592,Communication and energy wire and cable manufacturing,50 - 249,1.5,,0.9,2
private,33592,Communication and energy wire and cable manufacturing,250 - 999,1,,,
private,335921,Fiber optic cable manufacturing,Total all sizes,1.5,,0.4,1.3
private,335921,Fiber optic cable manufacturing,50 - 249,1.8,,,
private,335921,Fiber optic cable manufacturing,250 - 999,1.5,,,
private,335929,Other communication and energy wire manufacturing,Total all sizes,0.8,,,
private,335929,Other communication and energy wire manufacturing,50 - 249,0.9,,,
private,335929,Other communication and energy wire manufacturing,250 - 999,0.7,,,
private,33593,Wiring device manufacturing,Total all sizes,2.2,,,2.1
private,33593,Wiring device manufacturing,11 - 49,3.4,,,13.6
private,33593,Wiring device manufacturing,50 - 249,2.8,0.7,2.4,4.9
private,33593,Wiring device manufacturing,250 - 999,1.7,1.3,1.7,2.5
private,335931,Current-carrying wiring device manufacturing,Total all sizes,2.5,,,2.8
private,335931,Current-carrying wiring device manufacturing,11 - 49,4.5,,,
private,335931,Current-carrying wiring device manufacturing,50 - 249,3,0.7,2.6,5.6
private,335931,Current-carrying wiring device manufacturing,250 - 999,1.7,1.1,1.7,2.5
private,335932,Noncurrent-carrying wiring device manufacturing,Total all sizes,1.7,,,
private,335932,Noncurrent-carrying wiring device manufacturing,50 - 249,2.5,,,
private,335932,Noncurrent-carrying wiring device manufacturing,250 - 999,1.6,,,
private,33599,All other electrical equipment and component manufacturing,Total all sizes,1.5,,,0.4
private,33599,All other electrical equipment and component manufacturing,50 - 249,1.5,,0.8,2.2
private,33599,All other electrical equipment and component manufacturing,250 - 999,1.9,,,
private,335991,Carbon and graphite product manufacturing,Total all sizes,1.8,,0.8,2.7
private,335991,Carbon and graphite product manufacturing,50 - 249,1.7,,,
private,335991,Carbon and graphite product manufacturing,250 - 999,1.9,,,
private,335999,All other miscellaneous electrical equipment and component manufacturing,Total all sizes,1.4,,,
private,335999,All other miscellaneous electrical equipment and component manufacturing,50 - 249,1.4,,0.4,2.1
private,335999,All other miscellaneous electrical equipment and component manufacturing,250 - 999,1.9,,,
private,336,Transportation equipment manufacturing,Total all sizes,3.2,,,2.9
private,336,Transportation equipment manufacturing,1 - 10,0.8,,,
private,336,Transportation equipment manufacturing,11 - 49,3,,,5.1
private,336,Transportation equipment manufacturing,50 - 249,4.1,1.2,3,5.7
private,336,Transportation equipment manufacturing,250 - 999,2.6,0.9,2,3.8
private,336,Transportation equipment manufacturing,"1,000+",3.4,0.9,2.1,3.9
private,3361,Motor vehicle manufacturing,Total all sizes,5.6,,1.8,5.6
private,3361,Motor vehicle manufacturing,11 - 49,5.8,,5,7.7
private,3361,Motor vehicle manufacturing,50 - 249,3.8,0.8,3.5,6.2
private,3361,Motor vehicle manufacturing,250 - 999,3.2,1.6,2.1,5.5
private,3361,Motor vehicle manufacturing,"1,000+",5.9,2.2,4.5,6.6
private,33611,Automobile and light duty motor vehicle manufacturing,Total all sizes,5.8,,0.8,5.5
private,33611,Automobile and light duty motor vehicle manufacturing,11 - 49,6.2,,7.7,7.7
private,33611,Automobile and light duty motor vehicle manufacturing,50 - 249,1.1,,,
private,33611,Automobile and light duty motor vehicle manufacturing,250 - 999,2.6,,,
private,33611,Automobile and light duty motor vehicle manufacturing,"1,000+",6,2.2,5.1,7.6
private,336111,Automobile manufacturing,Total all sizes,5.6,,0.4,5.7
private,336111,Automobile manufacturing,11 - 49,6.5,,,
private,336111,Automobile manufacturing,250 - 999,2.9,,,
private,336111,Automobile manufacturing,"1,000+",5.7,2.2,5.1,7.6
private,336112,Light truck and utility vehicle manufacturing,Total all sizes,6.3,,0.8,4.9
private,336112,Light truck and utility vehicle manufacturing,11 - 49,,,,
private,336112,Light truck and utility vehicle manufacturing,50 - 249,1.1,,,
private,336112,Light truck and utility vehicle manufacturing,250 - 999,1.6,,,
private,336112,Light truck and utility vehicle manufacturing,"1,000+",6.5,2.2,5.4,6.6
private,33612,Heavy duty truck manufacturing,Total all sizes,4.1,2.1,3.7,6.2
private,33612,Heavy duty truck manufacturing,11 - 49,,,,
private,33612,Heavy duty truck manufacturing,50 - 249,5.1,3.5,4.3,9.5
private,33612,Heavy duty truck manufacturing,250 - 999,3.5,2.1,2.1,5.6
private,33612,Heavy duty truck manufacturing,"1,000+",4.5,,,
private,3362,Motor vehicle body and trailer manufacturing,Total all sizes,5.1,,,5
private,3362,Motor vehicle body and trailer manufacturing,11 - 49,5.1,,3.3,8.4
private,3362,Motor vehicle body and trailer manufacturing,50 - 249,6.4,2.1,4.9,9.1
private,3362,Motor vehicle body and trailer manufacturing,250 - 999,4.3,2.3,4.2,5.7
private,3362,Motor vehicle body and trailer manufacturing,"1,000+",4.2,1.7,3.1,5.7
private,33621,Motor vehicle body and trailer manufacturing,Total all sizes,5.1,,,5
private,33621,Motor vehicle body and trailer manufacturing,11 - 49,5.1,,3.3,8.4
private,33621,Motor vehicle body and trailer manufacturing,50 - 249,6.4,2.1,4.9,9.1
private,33621,Motor vehicle body and trailer manufacturing,250 - 999,4.3,2.3,4.2,5.7
private,33621,Motor vehicle body and trailer manufacturing,"1,000+",4.2,1.7,3.1,5.7
private,336211,Motor vehicle body manufacturing,Total all sizes,4.9,,2.1,7
private,336211,Motor vehicle body manufacturing,11 - 49,4.5,,4.3,7.8
private,336211,Motor vehicle body manufacturing,50 - 249,6.5,2.3,5.1,10.5
private,336211,Motor vehicle body manufacturing,250 - 999,4.1,2.1,3.5,5.6
private,336211,Motor vehicle body manufacturing,"1,000+",3.9,,,
private,336212,Truck trailer manufacturing,Total all sizes,4.9,1.5,4.5,7.5
private,336212,Truck trailer manufacturing,11 - 49,4.5,,,
private,336212,Truck trailer manufacturing,50 - 249,5.8,1.5,4.5,9
private,336212,Truck trailer manufacturing,250 - 999,4.3,3.1,4.2,5.7
private,336212,Truck trailer manufacturing,"1,000+",3.8,,,
private,336214,Travel trailer and camper manufacturing,Total all sizes,6,,,
private,336214,Travel trailer and camper manufacturing,50 - 249,6.8,3,6.5,9.8
private,336214,Travel trailer and camper manufacturing,250 - 999,5.9,3,5.4,6.7
private,336214,Travel trailer and camper manufacturing,"1,000+",5.2,,,
private,3363,Motor vehicle parts manufacturing,Total all sizes,2.9,,,3.6
private,3363,Motor vehicle parts manufacturing,11 - 49,2.7,,,5.5
private,3363,Motor vehicle parts manufacturing,50 - 249,3.5,0.6,2.5,4.6
private,3363,Motor vehicle parts manufacturing,250 - 999,2.9,1.1,2.2,4
private,3363,Motor vehicle parts manufacturing,"1,000+",2.5,1.3,2,3.8
private,33631,Motor vehicle gasoline engine and engine parts manufacturing,Total all sizes,2.7,,,0.6
private,33631,Motor vehicle gasoline engine and engine parts manufacturing,50 - 249,2.9,0.6,2,3.1
private,33631,Motor vehicle gasoline engine and engine parts manufacturing,250 - 999,2,0.8,1.1,2.7
private,33631,Motor vehicle gasoline engine and engine parts manufacturing,"1,000+",3.9,,,
private,33632,Motor vehicle electrical and electronic equipment manufacturing,Total all sizes,2.5,,,2
private,33632,Motor vehicle electrical and electronic equipment manufacturing,50 - 249,3.3,,1.8,4
private,33632,Motor vehicle electrical and electronic equipment manufacturing,250 - 999,2.4,0.8,1.7,3.3
private,33632,Motor vehicle electrical and electronic equipment manufacturing,"1,000+",2.3,,,
private,33633,Motor vehicle steering and suspension components (except spring) manufacturing,Total all sizes,2.5,,0.5,4.9
private,33633,Motor vehicle steering and suspension components (except spring) manufacturing,50 - 249,1.8,,,
private,33633,Motor vehicle steering and suspension components (except spring) manufacturing,250 - 999,2.9,1,2.4,4.9
private,33634,Motor vehicle brake system manufacturing,Total all sizes,3.1,,1.1,4.5
private,33634,Motor vehicle brake system manufacturing,11 - 49,2.2,,,
private,33634,Motor vehicle brake system manufacturing,50 - 249,4.7,,,
private,33634,Motor vehicle brake system manufacturing,250 - 999,2.2,1.1,1.6,4.9
private,33635,Motor vehicle transmission and power train parts manufacturing,Total all sizes,2.4,,0.2,2.4
private,33635,Motor vehicle transmission and power train parts manufacturing,50 - 249,3.1,1.2,2.2,4.3
private,33635,Motor vehicle transmission and power train parts manufacturing,250 - 999,2.2,0.9,1.9,3.5
private,33635,Motor vehicle transmission and power train parts manufacturing,"1,000+",2.3,1.5,1.9,2.7
private,33636,Motor vehicle seating and interior trim manufacturing,Total all sizes,3.3,,0.6,3.4
private,33636,Motor vehicle seating and interior trim manufacturing,50 - 249,3.1,,2,6.4
private,33636,Motor vehicle seating and interior trim manufacturing,250 - 999,3.7,1.3,2.3,4.5
private,33636,Motor vehicle seating and interior trim manufacturing,"1,000+",1.7,,,
private,33637,Motor vehicle metal stamping,Total all sizes,3.5,1.7,3.3,5.8
private,33637,Motor vehicle metal stamping,11 - 49,4.9,,,
private,33637,Motor vehicle metal stamping,50 - 249,2.9,0.8,2.4,3.4
private,33637,Motor vehicle metal stamping,250 - 999,4,2.3,4.1,5.5
private,33637,Motor vehicle metal stamping,"1,000+",3,,,
private,33639,Other motor vehicle parts manufacturing,Total all sizes,3,,,4.6
private,33639,Other motor vehicle parts manufacturing,11 - 49,2.1,,,2.4
private,33639,Other motor vehicle parts manufacturing,50 - 249,4.3,1.2,4.1,4.6
private,33639,Other motor vehicle parts manufacturing,250 - 999,2.5,1.1,1.9,3.4
private,33639,Other motor vehicle parts manufacturing,"1,000+",2.6,,,
private,3364,Aerospace product and parts manufacturing,Total all sizes,1.6,,,2.2
private,3364,Aerospace product and parts manufacturing,11 - 49,1.9,,,2.9
private,3364,Aerospace product and parts manufacturing,50 - 249,2.6,0.6,2,4.5
private,3364,Aerospace product and parts manufacturing,250 - 999,1.3,0.5,1,1.7
private,3364,Aerospace product and parts manufacturing,"1,000+",1.5,0.4,1,1.8
private,33641,Aerospace product and parts manufacturing,Total all sizes,1.6,,,2.2
private,33641,Aerospace product and parts manufacturing,11 - 49,1.9,,,2.9
private,33641,Aerospace product and parts manufacturing,50 - 249,2.6,0.6,2,4.5
private,33641,Aerospace product and parts manufacturing,250 - 999,1.3,0.5,1,1.7
private,33641,Aerospace product and parts manufacturing,"1,000+",1.5,0.4,1,1.8
private,336411,Aircraft manufacturing,Total all sizes,2,,,0.7
private,336411,Aircraft manufacturing,50 - 249,3.5,,,
private,336411,Aircraft manufacturing,250 - 999,1.3,0.7,0.9,1.9
private,336411,Aircraft manufacturing,"1,000+",2.1,0.8,1.6,2.6
private,336412,Aircraft engine and engine parts manufacturing,Total all sizes,1.2,,,1.8
private,336412,Aircraft engine and engine parts manufacturing,50 - 249,2.1,,1.3,3.2
private,336412,Aircraft engine and engine parts manufacturing,250 - 999,0.8,0.2,0.7,1.2
private,336412,Aircraft engine and engine parts manufacturing,"1,000+",1,,,
private,336413,Other aircraft parts and auxiliary equipment manufacturing,Total all sizes,2.1,,,2.9
private,336413,Other aircraft parts and auxiliary equipment manufacturing,11 - 49,2.5,,2.9,4.3
private,336413,Other aircraft parts and auxiliary equipment manufacturing,50 - 249,3,1.2,2.7,4.8
private,336413,Other aircraft parts and auxiliary equipment manufacturing,250 - 999,1.8,0.6,1.7,2.8
private,336413,Other aircraft parts and auxiliary equipment manufacturing,"1,000+",0.9,,,
private,336414,Guided missile and space vehicle manufacturing,Total all sizes,0.6,0.2,0.9,1.6
private,336414,Guided missile and space vehicle manufacturing,50 - 249,1.5,,,
private,336414,Guided missile and space vehicle manufacturing,250 - 999,1,,,
private,336414,Guided missile and space vehicle manufacturing,"1,000+",0.5,0.3,0.4,0.5
private,336415,Guided missile and space vehicle propulsion unit and propulsion unit parts manufacturing,Total all sizes,1.3,,0.7,2.3
private,336415,Guided missile and space vehicle propulsion unit and propulsion unit parts manufacturing,250 - 999,2.1,,,
private,336415,Guided missile and space vehicle propulsion unit and propulsion unit parts manufacturing,"1,000+",1.2,,,
private,336419,Other guided missile and space vehicle parts and auxiliary equipment manufacturing,Total all sizes,1.3,,,
private,336419,Other guided missile and space vehicle parts and auxiliary equipment manufacturing,11 - 49,,,,
private,336419,Other guided missile and space vehicle parts and auxiliary equipment manufacturing,250 - 999,1.2,,,
private,3365,Railroad rolling stock manufacturing,Total all sizes,2.4,,1.9,4.7
private,3365,Railroad rolling stock manufacturing,11 - 49,4.7,,,
private,3365,Railroad rolling stock manufacturing,50 - 249,2.7,,,
private,3365,Railroad rolling stock manufacturing,250 - 999,1.9,0.8,1.6,2.2
private,3366,Ship and boat building,Total all sizes,4.2,,,
private,3366,Ship and boat building,50 - 249,5.8,2.8,5.2,8
private,3366,Ship and boat building,250 - 999,2.2,0.8,1.9,3
private,3366,Ship and boat building,"1,000+",5.2,,,
private,33661,Ship and boat building,Total all sizes,4.2,,,
private,33661,Ship and boat building,50 - 249,5.8,2.8,5.2,8
private,33661,Ship and boat building,250 - 999,2.2,0.8,1.9,3
private,33661,Ship and boat building,"1,000+",5.2,,,
private,336611,Ship building and repairing,Total all sizes,4.8,,,
private,336611,Ship building and repairing,50 - 249,7.1,2.2,5.6,10.1
private,336611,Ship building and repairing,250 - 999,2.6,0.6,1.5,4.7
private,336611,Ship building and repairing,"1,000+",5.2,,,
private,336612,Boat building,Total all sizes,2.9,,,
private,336612,Boat building,50 - 249,4.6,3.4,3.7,5.4
private,336612,Boat building,250 - 999,1.8,0.8,2.1,2.4
private,3369,Other transportation equipment manufacturing,Total all sizes,2.4,,,
private,3369,Other transportation equipment manufacturing,50 - 249,4.7,2.4,2.9,4.2
private,3369,Other transportation equipment manufacturing,250 - 999,2.2,0.8,2.1,5.4
private,3369,Other transportation equipment manufacturing,"1,000+",1.8,,,
private,33699,Other transportation equipment manufacturing,Total all sizes,2.4,,,
private,33699,Other transportation equipment manufacturing,50 - 249,4.7,2.4,2.9,4.2
private,33699,Other transportation equipment manufacturing,250 - 999,2.2,0.8,2.1,5.4
private,33699,Other transportation equipment manufacturing,"1,000+",1.8,,,
private,336991,"Motorcycle, bicycle, and parts manufacturing",Total all sizes,2,,,
private,336991,"Motorcycle, bicycle, and parts manufacturing",50 - 249,7.2,,,
private,336991,"Motorcycle, bicycle, and parts manufacturing",250 - 999,1,,,
private,336991,"Motorcycle, bicycle, and parts manufacturing","1,000+",0.9,,,
private,336992,"Military armored vehicle, tank, and tank component manufacturing",Total all sizes,2.9,,,
private,336992,"Military armored vehicle, tank, and tank component manufacturing",50 - 249,2.6,,,
private,336992,"Military armored vehicle, tank, and tank component manufacturing",250 - 999,2.9,,,
private,336999,All other transportation equipment manufacturing,Total all sizes,2.3,,,
private,336999,All other transportation equipment manufacturing,50 - 249,4.2,,,
private,336999,All other transportation equipment manufacturing,250 - 999,2.5,,,
private,336999,All other transportation equipment manufacturing,"1,000+",1.8,,,
private,337,Furniture and related product manufacturing,Total all sizes,3.5,,,
private,337,Furniture and related product manufacturing,1 - 10,3.6,,,
private,337,Furniture and related product manufacturing,11 - 49,3.2,,,4.1
private,337,Furniture and related product manufacturing,50 - 249,3.8,1.5,3.2,5.1
private,337,Furniture and related product manufacturing,250 - 999,3.5,1.7,2.8,5.1
private,337,Furniture and related product manufacturing,"1,000+",2.4,1.3,1.9,2.6
private,3371,Household and institutional furniture and kitchen cabinet manufacturing,Total all sizes,3.7,,,
private,3371,Household and institutional furniture and kitchen cabinet manufacturing,1 - 10,3.8,,,
private,3371,Household and institutional furniture and kitchen cabinet manufacturing,11 - 49,2.7,,,4.1
private,3371,Household and institutional furniture and kitchen cabinet manufacturing,50 - 249,4.5,1.7,3.5,5.7
private,3371,Household and institutional furniture and kitchen cabinet manufacturing,250 - 999,3.6,1.6,2.8,5.2
private,3371,Household and institutional furniture and kitchen cabinet manufacturing,"1,000+",2.6,,,
private,33711,Wood kitchen cabinet and countertop manufacturing,Total all sizes,3.5,,,
private,33711,Wood kitchen cabinet and countertop manufacturing,1 - 10,4.7,,,
private,33711,Wood kitchen cabinet and countertop manufacturing,11 - 49,3,,,6.2
private,33711,Wood kitchen cabinet and countertop manufacturing,50 - 249,3.9,1.5,3.3,5.5
private,33711,Wood kitchen cabinet and countertop manufacturing,250 - 999,3.1,1.3,2.4,4.2
private,33711,Wood kitchen cabinet and countertop manufacturing,"1,000+",1.3,,,
private,33712,Household and institutional furniture manufacturing,Total all sizes,3.9,,,
private,33712,Household and institutional furniture manufacturing,11 - 49,2.1,,,
private,33712,Household and institutional furniture manufacturing,50 - 249,5,2,3.8,5.8
private,33712,Household and institutional furniture manufacturing,250 - 999,4.1,2.1,3.2,5.2
private,33712,Household and institutional furniture manufacturing,"1,000+",3.2,,,
private,337121,Upholstered household furniture manufacturing,Total all sizes,3.8,,,3
private,337121,Upholstered household furniture manufacturing,50 - 249,4.1,2.6,2.7,4.8
private,337121,Upholstered household furniture manufacturing,250 - 999,4.6,1.8,3.7,6.3
private,337121,Upholstered household furniture manufacturing,"1,000+",3.5,,,
private,337122,Nonupholstered wood household furniture manufacturing,Total all sizes,3.2,,,
private,337122,Nonupholstered wood household furniture manufacturing,50 - 249,6.2,1.4,4.3,11.1
private,337122,Nonupholstered wood household furniture manufacturing,250 - 999,2.7,,,
private,337125,Household furniture (except wood and metal) manufacturing,Total all sizes,3.3,,,
private,337127,Institutional furniture manufacturing,Total all sizes,5,,3.2,6.4
private,337127,Institutional furniture manufacturing,11 - 49,4.1,,,
private,337127,Institutional furniture manufacturing,50 - 249,6.2,2.8,4,12.3
private,337127,Institutional furniture manufacturing,250 - 999,3.7,,,
private,3372,Office furniture (including fixtures) manufacturing,Total all sizes,3.5,,,
private,3372,Office furniture (including fixtures) manufacturing,11 - 49,4.4,,,4.1
private,3372,Office furniture (including fixtures) manufacturing,50 - 249,3.7,1.8,3.7,5
private,3372,Office furniture (including fixtures) manufacturing,250 - 999,3.7,2.5,3.6,4.2
private,3372,Office furniture (including fixtures) manufacturing,"1,000+",1.7,,,
private,33721,Office furniture (including fixtures) manufacturing,Total all sizes,3.5,,,
private,33721,Office furniture (including fixtures) manufacturing,11 - 49,4.4,,,4.1
private,33721,Office furniture (including fixtures) manufacturing,50 - 249,3.7,1.8,3.7,5
private,33721,Office furniture (including fixtures) manufacturing,250 - 999,3.7,2.5,3.6,4.2
private,33721,Office furniture (including fixtures) manufacturing,"1,000+",1.7,,,
private,337211,Wood office furniture manufacturing,Total all sizes,2.2,,,
private,337211,Wood office furniture manufacturing,50 - 249,3.5,,,
private,337211,Wood office furniture manufacturing,250 - 999,3.7,,,
private,337212,Custom architectural woodwork and millwork manufacturing,Total all sizes,2.9,,,
private,337212,Custom architectural woodwork and millwork manufacturing,11 - 49,2.9,,,3.7
private,337212,Custom architectural woodwork and millwork manufacturing,50 - 249,3.3,1.5,4.1,5
private,337214,Office furniture (except wood) manufacturing,Total all sizes,2.8,,,
private,337214,Office furniture (except wood) manufacturing,11 - 49,10.7,,,
private,337214,Office furniture (except wood) manufacturing,50 - 249,3.9,,,
private,337214,Office furniture (except wood) manufacturing,250 - 999,3.3,,,
private,337215,"Showcase, partition, shelving, and locker manufacturing",Total all sizes,4.7,,,4.2
private,337215,"Showcase, partition, shelving, and locker manufacturing",50 - 249,4.1,1.8,3.5,4.5
private,337215,"Showcase, partition, shelving, and locker manufacturing",250 - 999,3.9,2.4,4.2,5.1
private,3379,Other furniture related product manufacturing,Total all sizes,2.1,,,2.9
private,3379,Other furniture related product manufacturing,1 - 10,11.1,,,
private,3379,Other furniture related product manufacturing,11 - 49,1.8,,,3.1
private,3379,Other furniture related product manufacturing,50 - 249,1.4,,,2.8
private,3379,Other furniture related product manufacturing,250 - 999,1.9,,,
private,33791,Mattress manufacturing,Total all sizes,1.4,,,
private,33791,Mattress manufacturing,11 - 49,4.6,,,
private,33791,Mattress manufacturing,50 - 249,1.4,,0.7,2.8
private,33791,Mattress manufacturing,250 - 999,1.7,,,
private,33792,Blind and shade manufacturing,Total all sizes,3.7,,,10.4
private,33792,Blind and shade manufacturing,1 - 10,26.8,,,
private,33792,Blind and shade manufacturing,11 - 49,1.3,,,
private,339,Miscellaneous manufacturing,Total all sizes,1.7,,,
private,339,Miscellaneous manufacturing,11 - 49,1.4,,,
private,339,Miscellaneous manufacturing,50 - 249,2.4,,1.3,4
private,339,Miscellaneous manufacturing,250 - 999,1.7,0.5,1.4,2.4
private,339,Miscellaneous manufacturing,"1,000+",1.2,0.2,1,1.5
private,3391,Medical equipment and supplies manufacturing,Total all sizes,1.5,,,
private,3391,Medical equipment and supplies manufacturing,50 - 249,2.1,,0.8,2.8
private,3391,Medical equipment and supplies manufacturing,250 - 999,1.3,0.4,0.8,1.8
private,3391,Medical equipment and supplies manufacturing,"1,000+",1.2,0.2,1,1.7
private,33911,Medical equipment and supplies manufacturing,Total all sizes,1.5,,,
private,33911,Medical equipment and supplies manufacturing,50 - 249,2.1,,0.8,2.8
private,33911,Medical equipment and supplies manufacturing,250 - 999,1.3,0.4,0.8,1.8
private,33911,Medical equipment and supplies manufacturing,"1,000+",1.2,0.2,1,1.7
private,339112,Surgical and medical instrument manufacturing,Total all sizes,1.5,,,0.8
private,339112,Surgical and medical instrument manufacturing,50 - 249,2.6,,1,4.7
private,339112,Surgical and medical instrument manufacturing,250 - 999,1.1,0.3,0.8,1.4
private,339112,Surgical and medical instrument manufacturing,"1,000+",1.2,0.2,1,1.4
private,339113,Surgical appliance and supplies manufacturing,Total all sizes,1.9,,,
private,339113,Surgical appliance and supplies manufacturing,50 - 249,2.1,,0.8,3.4
private,339113,Surgical appliance and supplies manufacturing,250 - 999,1.9,0.4,0.9,2.3
private,339113,Surgical appliance and supplies manufacturing,"1,000+",0.7,,,
private,339116,Dental laboratories,Total all sizes,0.8,,,
private,339116,Dental laboratories,50 - 249,0.9,,,1.6
private,339116,Dental laboratories,250 - 999,,,,
private,3399,Other miscellaneous manufacturing,Total all sizes,2,,,
private,3399,Other miscellaneous manufacturing,11 - 49,1.2,,,
private,3399,Other miscellaneous manufacturing,50 - 249,2.7,,1.7,4.9
private,3399,Other miscellaneous manufacturing,250 - 999,2.4,1.4,2.1,3.2
private,33992,Sporting and athletic goods manufacturing,Total all sizes,2.8,,,
private,33992,Sporting and athletic goods manufacturing,50 - 249,3.8,2,5,5
private,33992,Sporting and athletic goods manufacturing,250 - 999,2.9,1.9,1.9,3.7
private,33993,"Doll, toy, and game manufacturing",Total all sizes,0.7,,,
private,33993,"Doll, toy, and game manufacturing",250 - 999,1.4,,,
private,33993,"Doll, toy, and game manufacturing","1,000+",,,,
private,33994,Office supplies (except paper) manufacturing,Total all sizes,1.7,,,1.2
private,33994,Office supplies (except paper) manufacturing,50 - 249,1.3,,,
private,33994,Office supplies (except paper) manufacturing,250 - 999,3,,,
private,33995,Sign manufacturing,Total all sizes,1.8,,,
private,33995,Sign manufacturing,50 - 249,2,,1.5,3.5
private,33995,Sign manufacturing,250 - 999,2.4,,,
private,33999,All other miscellaneous manufacturing,Total all sizes,2.3,,,
private,33999,All other miscellaneous manufacturing,11 - 49,1.5,,,
private,33999,All other miscellaneous manufacturing,50 - 249,3.3,,1.8,5.7
private,33999,All other miscellaneous manufacturing,250 - 999,2.5,1.5,2.3,3.3
private,339991,"Gasket, packing, and sealing device manufacturing",Total all sizes,1.8,,,
private,339991,"Gasket, packing, and sealing device manufacturing",50 - 249,2.6,0.5,1.5,4.1
private,339991,"Gasket, packing, and sealing device manufacturing",250 - 999,1.5,,,
private,339992,Musical instrument manufacturing,Total all sizes,2.4,,,
private,339992,Musical instrument manufacturing,11 - 49,2.9,,,
private,339992,Musical instrument manufacturing,50 - 249,4.3,,,
private,339992,Musical instrument manufacturing,250 - 999,2.6,,,
private,339994,"Broom, brush, and mop manufacturing",Total all sizes,2.8,,,
private,339994,"Broom, brush, and mop manufacturing",250 - 999,2.8,,,
private,339995,Burial casket manufacturing,250 - 999,2.7,,,
private,339999,All other miscellaneous manufacturing,Total all sizes,2.4,,,
private,339999,All other miscellaneous manufacturing,11 - 49,1.6,,,
private,339999,All other miscellaneous manufacturing,50 - 249,3.4,,2,5.7
private,339999,All other miscellaneous manufacturing,250 - 999,2.7,,,
private,,Service providing,Total all sizes,2.3,,,
private,,Service providing,1 - 10,0.8,,,
private,,Service providing,11 - 49,2,,,
private,,Service providing,50 - 249,2.9,,1.2,4.2
private,,Service providing,250 - 999,2.8,0.2,1.7,4.6
private,,Service providing,"1,000+",2.8,0.2,1.9,5.1
private,,"Trade, transportation, and utilities",Total all sizes,3.1,,,
private,,"Trade, transportation, and utilities",1 - 10,1,,,
private,,"Trade, transportation, and utilities",11 - 49,2.5,,,2.4
private,,"Trade, transportation, and utilities",50 - 249,3.6,,2.4,5.1
private,,"Trade, transportation, and utilities",250 - 999,4.2,1.8,3.8,6
private,,"Trade, transportation, and utilities","1,000+",4.7,1.7,4.2,6.8
private,,Wholesale trade,Total all sizes,2.2,,,
private,,Wholesale trade,11 - 49,2,,,
private,,Wholesale trade,50 - 249,2.6,,1.3,3.8
private,,Wholesale trade,250 - 999,3.2,0.4,2.3,5.2
private,,Wholesale trade,"1,000+",1.4,0.1,0.7,2.1
private,423,"Merchant wholesalers, durable goods",Total all sizes,1.8,,,
private,423,"Merchant wholesalers, durable goods",11 - 49,2,,,2.1
private,423,"Merchant wholesalers, durable goods",50 - 249,2,,1.1,3
private,423,"Merchant wholesalers, durable goods",250 - 999,1.7,0.2,0.9,2.8
private,423,"Merchant wholesalers, durable goods","1,000+",0.5,,0.2,0.7
private,4231,Motor vehicle and motor vehicle parts and supplies merchant wholesalers,Total all sizes,2.9,,,
private,4231,Motor vehicle and motor vehicle parts and supplies merchant wholesalers,1 - 10,4,,,
private,4231,Motor vehicle and motor vehicle parts and supplies merchant wholesalers,11 - 49,2.2,,,3.8
private,4231,Motor vehicle and motor vehicle parts and supplies merchant wholesalers,50 - 249,3.5,0.9,2.4,5
private,4231,Motor vehicle and motor vehicle parts and supplies merchant wholesalers,250 - 999,2.5,0.7,1.8,4.6
private,4231,Motor vehicle and motor vehicle parts and supplies merchant wholesalers,"1,000+",1.5,,,
private,4232,Furniture and home furnishing merchant wholesalers,Total all sizes,1.8,,,
private,4232,Furniture and home furnishing merchant wholesalers,11 - 49,2.9,,,2.4
private,4232,Furniture and home furnishing merchant wholesalers,50 - 249,1.2,,0.8,1.6
private,4232,Furniture and home furnishing merchant wholesalers,250 - 999,2.3,,0.8,4.3
private,4233,Lumber and other construction materials merchant wholesalers,Total all sizes,3,,,
private,4233,Lumber and other construction materials merchant wholesalers,1 - 10,2.4,,,
private,4233,Lumber and other construction materials merchant wholesalers,11 - 49,3.5,,,5.8
private,4233,Lumber and other construction materials merchant wholesalers,50 - 249,2.6,,1.7,4.9
private,4233,Lumber and other construction materials merchant wholesalers,250 - 999,2.5,,,
private,4234,Professional and commercial equipment and supplies merchant wholesalers,Total all sizes,1,,,
private,4234,Professional and commercial equipment and supplies merchant wholesalers,1 - 10,0.9,,,
private,4234,Professional and commercial equipment and supplies merchant wholesalers,11 - 49,0.8,,,
private,4234,Professional and commercial equipment and supplies merchant wholesalers,50 - 249,0.8,,,1.1
private,4234,Professional and commercial equipment and supplies merchant wholesalers,250 - 999,2,0.2,0.9,4
private,4234,Professional and commercial equipment and supplies merchant wholesalers,"1,000+",0.1,,0.1,0.1
private,4235,Metal and mineral (except petroleum) merchant wholesalers,Total all sizes,3.3,,,2.9
private,4235,Metal and mineral (except petroleum) merchant wholesalers,11 - 49,3.4,,2.3,6.7
private,4235,Metal and mineral (except petroleum) merchant wholesalers,50 - 249,3,1.2,2.1,5.1
private,4235,Metal and mineral (except petroleum) merchant wholesalers,250 - 999,2.7,,,
private,4236,Household appliances and electrical and electronic goods merchant wholesalers,Total all sizes,1.2,,,
private,4236,Household appliances and electrical and electronic goods merchant wholesalers,11 - 49,0.7,,,
private,4236,Household appliances and electrical and electronic goods merchant wholesalers,50 - 249,1.7,,1.1,2.6
private,4236,Household appliances and electrical and electronic goods merchant wholesalers,250 - 999,0.7,0.3,0.4,0.8
private,4236,Household appliances and electrical and electronic goods merchant wholesalers,"1,000+",1.1,,,
private,4237,"Hardware, and plumbing and heating equipment and supplies merchant wholesalers",Total all sizes,1.6,,,
private,4237,"Hardware, and plumbing and heating equipment and supplies merchant wholesalers",11 - 49,1.7,,,
private,4237,"Hardware, and plumbing and heating equipment and supplies merchant wholesalers",50 - 249,1.8,,0.5,2.3
private,4237,"Hardware, and plumbing and heating equipment and supplies merchant wholesalers",250 - 999,1.6,0.3,1.7,2.8
private,4238,"Machinery, equipment, and supplies merchant wholesalers",Total all sizes,1.5,,,
private,4238,"Machinery, equipment, and supplies merchant wholesalers",11 - 49,1.9,,,2.6
private,4238,"Machinery, equipment, and supplies merchant wholesalers",50 - 249,1.7,,0.8,2.9
private,4238,"Machinery, equipment, and supplies merchant wholesalers",250 - 999,1.1,0.3,0.8,1.6
private,4238,"Machinery, equipment, and supplies merchant wholesalers","1,000+",0.6,,,
private,4239,Miscellaneous durable goods merchant wholesalers,Total all sizes,2.2,,,
private,4239,Miscellaneous durable goods merchant wholesalers,11 - 49,2.4,,,2.9
private,4239,Miscellaneous durable goods merchant wholesalers,50 - 249,2.8,,1.4,3.2
private,4239,Miscellaneous durable goods merchant wholesalers,250 - 999,1.6,0.2,1.1,1.8
private,42391,Sporting and recreational goods and supplies merchant wholesalers,Total all sizes,1.8,,,
private,42391,Sporting and recreational goods and supplies merchant wholesalers,11 - 49,2.3,,,4.3
private,42391,Sporting and recreational goods and supplies merchant wholesalers,50 - 249,1.7,,1.4,2.4
private,42391,Sporting and recreational goods and supplies merchant wholesalers,250 - 999,2.3,,,
private,42392,Toy and hobby goods and supplies merchant wholesalers,Total all sizes,1.5,,,
private,42392,Toy and hobby goods and supplies merchant wholesalers,250 - 999,1.3,,,
private,42393,Recyclable material merchant wholesalers,Total all sizes,3.7,,,1.1
private,42393,Recyclable material merchant wholesalers,11 - 49,3.5,,,8.6
private,42393,Recyclable material merchant wholesalers,50 - 249,4.6,1.4,2.3,6.6
private,42393,Recyclable material merchant wholesalers,250 - 999,1,,,
private,42399,Other miscellaneous durable goods merchant wholesalers,Total all sizes,1.3,,,
private,42399,Other miscellaneous durable goods merchant wholesalers,11 - 49,1.3,,,
private,42399,Other miscellaneous durable goods merchant wholesalers,50 - 249,2,,,1.8
private,42399,Other miscellaneous durable goods merchant wholesalers,250 - 999,1.3,,,
private,424,"Merchant wholesalers, nondurable goods",Total all sizes,3.1,,,
private,424,"Merchant wholesalers, nondurable goods",11 - 49,2.2,,,2.7
private,424,"Merchant wholesalers, nondurable goods",50 - 249,4,,2.9,6.9
private,424,"Merchant wholesalers, nondurable goods",250 - 999,4.4,1.3,3.8,7
private,424,"Merchant wholesalers, nondurable goods","1,000+",2.7,0.7,3,6.1
private,4241,Paper and paper product merchant wholesalers,Total all sizes,1.7,,,
private,4241,Paper and paper product merchant wholesalers,11 - 49,1.1,,,
private,4241,Paper and paper product merchant wholesalers,50 - 249,2.1,,1.9,7.1
private,4241,Paper and paper product merchant wholesalers,250 - 999,3.9,2,2.5,4.3
private,4242,Drugs and druggists' sundries merchant wholesalers,Total all sizes,1.3,,,
private,4242,Drugs and druggists' sundries merchant wholesalers,50 - 249,1,,,1.6
private,4242,Drugs and druggists' sundries merchant wholesalers,250 - 999,2.8,0.2,2.2,7
private,4242,Drugs and druggists' sundries merchant wholesalers,"1,000+",0.3,,,
private,4243,"Apparel, piece goods, and notions merchant wholesalers",Total all sizes,1.6,,,
private,4243,"Apparel, piece goods, and notions merchant wholesalers",11 - 49,1.5,,,
private,4243,"Apparel, piece goods, and notions merchant wholesalers",50 - 249,2.1,,,2.9
private,4243,"Apparel, piece goods, and notions merchant wholesalers",250 - 999,3.2,0.7,1.3,4.9
private,4243,"Apparel, piece goods, and notions merchant wholesalers","1,000+",1.4,,,
private,4244,Grocery and related product merchant wholesalers,Total all sizes,4.2,,,
private,4244,Grocery and related product merchant wholesalers,11 - 49,2.5,,,2.4
private,4244,Grocery and related product merchant wholesalers,50 - 249,4.9,1.3,4.1,7.3
private,4244,Grocery and related product merchant wholesalers,250 - 999,5.7,2.9,4.9,8.3
private,4244,Grocery and related product merchant wholesalers,"1,000+",4.2,0.8,3.9,6.8
private,4245,Farm product raw material merchant wholesalers,Total all sizes,3.8,,,
private,4245,Farm product raw material merchant wholesalers,11 - 49,4.6,,,12.9
private,4245,Farm product raw material merchant wholesalers,50 - 249,4.8,1.7,3.3,7.2
private,4246,Chemical and allied products merchant wholesalers,Total all sizes,2.1,,,
private,4246,Chemical and allied products merchant wholesalers,11 - 49,1.6,,,1.9
private,4246,Chemical and allied products merchant wholesalers,50 - 249,2.9,,1.8,4.1
private,4246,Chemical and allied products merchant wholesalers,250 - 999,0.8,,,
private,4247,Petroleum and petroleum products merchant wholesalers,Total all sizes,2,,,
private,4247,Petroleum and petroleum products merchant wholesalers,11 - 49,1.9,,,2.7
private,4247,Petroleum and petroleum products merchant wholesalers,50 - 249,2.9,,3.8,3.8
private,4248,"Beer, wine, and distilled alcoholic beverage merchant wholesalers",Total all sizes,5.4,,,4.5
private,4248,"Beer, wine, and distilled alcoholic beverage merchant wholesalers",11 - 49,3.2,,,6
private,4248,"Beer, wine, and distilled alcoholic beverage merchant wholesalers",50 - 249,6.4,2.6,5.6,9.3
private,4248,"Beer, wine, and distilled alcoholic beverage merchant wholesalers",250 - 999,5.1,2.9,4,7.9
private,4248,"Beer, wine, and distilled alcoholic beverage merchant wholesalers","1,000+",5.5,,,
private,4249,Miscellaneous nondurable goods merchant wholesalers,Total all sizes,2.2,,,
private,4249,Miscellaneous nondurable goods merchant wholesalers,1 - 10,0.9,,,
private,4249,Miscellaneous nondurable goods merchant wholesalers,11 - 49,2.4,,,2.9
private,4249,Miscellaneous nondurable goods merchant wholesalers,50 - 249,2.8,,1.8,3.3
private,4249,Miscellaneous nondurable goods merchant wholesalers,250 - 999,2.6,0.3,1.9,3.9
private,425,Wholesale electronic markets and agents and brokers,Total all sizes,0.5,,,
private,425,Wholesale electronic markets and agents and brokers,11 - 49,0.8,,,
private,425,Wholesale electronic markets and agents and brokers,50 - 249,0.7,,,
private,425,Wholesale electronic markets and agents and brokers,250 - 999,1.2,0.3,0.8,2.8
private,,Retail trade,Total all sizes,3,,,
private,,Retail trade,1 - 10,1.2,,,
private,,Retail trade,11 - 49,2.6,,,
private,,Retail trade,50 - 249,3.6,,2.6,5.1
private,,Retail trade,250 - 999,4.4,2.4,4.1,5.9
private,,Retail trade,"1,000+",3.4,0.9,2.8,4.6
private,441,Motor vehicle and parts dealers,Total all sizes,2.8,,,
private,441,Motor vehicle and parts dealers,1 - 10,2.5,,,
private,441,Motor vehicle and parts dealers,11 - 49,2.9,,,5.7
private,441,Motor vehicle and parts dealers,50 - 249,2.8,,1.8,3.9
private,441,Motor vehicle and parts dealers,250 - 999,3.1,1.7,2.4,4.3
private,441,Motor vehicle and parts dealers,"1,000+",2.8,,,
private,4411,Automobile dealers,Total all sizes,2.5,,,
private,4411,Automobile dealers,11 - 49,2.3,,,3.6
private,4411,Automobile dealers,50 - 249,2.7,,1.8,3.9
private,4411,Automobile dealers,250 - 999,3.1,1.7,2.5,4.5
private,4411,Automobile dealers,"1,000+",2.5,,,
private,44111,New car dealers,Total all sizes,2.7,,0.7,3.5
private,44111,New car dealers,11 - 49,2.4,,,3.3
private,44111,New car dealers,50 - 249,2.7,,1.8,4
private,44111,New car dealers,250 - 999,3,1.7,2.5,4.3
private,44111,New car dealers,"1,000+",2.8,,,
private,44112,Used car dealers,Total all sizes,1.2,,,
private,44112,Used car dealers,11 - 49,2.2,,,5.5
private,44112,Used car dealers,50 - 249,1.5,,1.5,1.9
private,44112,Used car dealers,250 - 999,6.9,,,
private,4412,Other motor vehicle dealers,Total all sizes,2.9,,,
private,4412,Other motor vehicle dealers,11 - 49,3,,,6
private,4412,Other motor vehicle dealers,50 - 249,3.6,1.1,2.4,5.8
private,4412,Other motor vehicle dealers,250 - 999,2.3,,,
private,44121,Recreational vehicle dealers,Total all sizes,3.8,,,1.7
private,44121,Recreational vehicle dealers,11 - 49,3.8,,,5.8
private,44121,Recreational vehicle dealers,50 - 249,4.5,1.7,2.7,6.5
private,44121,Recreational vehicle dealers,250 - 999,2.3,,,
private,44122,"Motorcycle, boat, and other motor vehicle dealers",Total all sizes,2.5,,,
private,44122,"Motorcycle, boat, and other motor vehicle dealers",11 - 49,2.8,,,6
private,44122,"Motorcycle, boat, and other motor vehicle dealers",50 - 249,2.1,,1.3,3.1
private,4413,"Automotive parts, accessories, and tire stores",Total all sizes,3.5,,,
private,4413,"Automotive parts, accessories, and tire stores",1 - 10,3.3,,,
private,4413,"Automotive parts, accessories, and tire stores",11 - 49,3.5,,,7.5
private,4413,"Automotive parts, accessories, and tire stores",50 - 249,3.6,,2.1,4.6
private,4413,"Automotive parts, accessories, and tire stores",250 - 999,3.3,1.8,1.8,2.9
private,4413,"Automotive parts, accessories, and tire stores","1,000+",3.1,,,
private,44131,Automotive parts and accessories stores,Total all sizes,2.6,,,
private,44131,Automotive parts and accessories stores,1 - 10,2.3,,,
private,44131,Automotive parts and accessories stores,11 - 49,2.7,,,4.7
private,44131,Automotive parts and accessories stores,50 - 249,3,,1.7,3.3
private,44131,Automotive parts and accessories stores,250 - 999,2,,,
private,44132,Tire dealers,Total all sizes,5.1,,,8
private,44132,Tire dealers,1 - 10,5.2,,,
private,44132,Tire dealers,11 - 49,5.1,,,8.3
private,44132,Tire dealers,50 - 249,4.8,,3.1,8.1
private,44132,Tire dealers,250 - 999,4.2,,,
private,442,Furniture and home furnishings stores,Total all sizes,2.5,,,
private,442,Furniture and home furnishings stores,1 - 10,0.8,,,
private,442,Furniture and home furnishings stores,11 - 49,3,,,4.2
private,442,Furniture and home furnishings stores,50 - 249,4.2,,3.7,7.5
private,442,Furniture and home furnishings stores,250 - 999,4.8,1.9,5.2,8
private,442,Furniture and home furnishings stores,"1,000+",3.6,,,
private,4421,Furniture stores,Total all sizes,2.2,,,
private,4421,Furniture stores,1 - 10,0.9,,,
private,4421,Furniture stores,11 - 49,1.7,,,
private,4421,Furniture stores,50 - 249,4.2,,3.2,7.7
private,4421,Furniture stores,250 - 999,6.1,2.8,6.1,8.8
private,4421,Furniture stores,"1,000+",3.4,,,
private,4422,Home furnishings stores,Total all sizes,2.9,,,
private,4422,Home furnishings stores,11 - 49,4.4,,,6.1
private,4422,Home furnishings stores,50 - 249,4.1,,4.1,7.5
private,4422,Home furnishings stores,250 - 999,1.8,,,
private,44221,Floor covering stores,Total all sizes,0.6,,,
private,44221,Floor covering stores,11 - 49,0.8,,,
private,44221,Floor covering stores,50 - 249,1.8,,,2.7
private,44229,Other home furnishings stores,Total all sizes,4.7,,,
private,44229,Other home furnishings stores,11 - 49,7.1,,,14.7
private,44229,Other home furnishings stores,50 - 249,5.3,,4.3,8.9
private,443,Electronics and appliance stores,Total all sizes,1.4,,,
private,443,Electronics and appliance stores,11 - 49,1.9,,,
private,443,Electronics and appliance stores,50 - 249,2.7,,,3.2
private,443,Electronics and appliance stores,"1,000+",,,,
private,4431,Electronics and appliance stores,Total all sizes,1.4,,,
private,4431,Electronics and appliance stores,11 - 49,1.9,,,
private,4431,Electronics and appliance stores,50 - 249,2.7,,,3.2
private,4431,Electronics and appliance stores,"1,000+",,,,
private,44314,Electronics and appliance stores,Total all sizes,1.4,,,
private,44314,Electronics and appliance stores,11 - 49,1.9,,,
private,44314,Electronics and appliance stores,50 - 249,2.7,,,3.2
private,44314,Electronics and appliance stores,"1,000+",,,,
private,443141,Household appliance stores,Total all sizes,2.5,,,
private,443141,Household appliance stores,11 - 49,3.2,,,5.8
private,443141,Household appliance stores,50 - 249,3.2,,,
private,443142,Electronics stores,Total all sizes,1.3,,,
private,443142,Electronics stores,11 - 49,1.6,,,
private,443142,Electronics stores,50 - 249,2.7,,,3.1
private,443142,Electronics stores,"1,000+",,,,
private,444,Building material and garden equipment and supplies dealers,Total all sizes,3.3,,,
private,444,Building material and garden equipment and supplies dealers,1 - 10,1.6,,,
private,444,Building material and garden equipment and supplies dealers,11 - 49,2.9,,,4.7
private,444,Building material and garden equipment and supplies dealers,50 - 249,3.9,1.5,3.3,5.6
private,444,Building material and garden equipment and supplies dealers,250 - 999,3.4,1.7,3.5,4.7
private,4441,Building material and supplies dealers,Total all sizes,3.2,,,
private,4441,Building material and supplies dealers,1 - 10,1.5,,,
private,4441,Building material and supplies dealers,11 - 49,2.5,,,3.2
private,4441,Building material and supplies dealers,50 - 249,3.9,1.6,3.3,5.6
private,4441,Building material and supplies dealers,250 - 999,3.3,1.7,3.5,4.7
private,44411,Home centers,Total all sizes,3.6,,1.9,4.7
private,44411,Home centers,11 - 49,2.8,,,4.7
private,44411,Home centers,50 - 249,3.8,1.6,3.3,5.3
private,44411,Home centers,250 - 999,3.3,2.4,3.6,4.7
private,44412,Paint and wallpaper stores,Total all sizes,2.4,,,
private,44412,Paint and wallpaper stores,1 - 10,2.8,,,
private,44412,Paint and wallpaper stores,11 - 49,1.2,,,
private,44412,Paint and wallpaper stores,50 - 249,2.6,,,
private,44412,Paint and wallpaper stores,250 - 999,2.4,,,
private,44413,Hardware stores,Total all sizes,2.2,,,
private,44413,Hardware stores,11 - 49,2.4,,,
private,44413,Hardware stores,50 - 249,3.7,1.7,3.1,6.5
private,44413,Hardware stores,250 - 999,4,,,
private,44419,Other building material dealers,Total all sizes,3.1,,,
private,44419,Other building material dealers,1 - 10,1.3,,,
private,44419,Other building material dealers,11 - 49,2.6,,,3.2
private,44419,Other building material dealers,50 - 249,5.3,,3.7,8.5
private,44419,Other building material dealers,250 - 999,3.5,,,
private,4442,Lawn and garden equipment and supplies stores,Total all sizes,3.6,,,
private,4442,Lawn and garden equipment and supplies stores,1 - 10,2.1,,,
private,4442,Lawn and garden equipment and supplies stores,11 - 49,4,,,8.6
private,4442,Lawn and garden equipment and supplies stores,50 - 249,4.6,,2.9,7.4
private,4442,Lawn and garden equipment and supplies stores,250 - 999,3.4,,,
private,44421,Outdoor power equipment stores,Total all sizes,3.1,,,
private,44421,Outdoor power equipment stores,1 - 10,4.5,,,
private,44421,Outdoor power equipment stores,11 - 49,2.1,,,
private,44421,Outdoor power equipment stores,50 - 249,4.2,,,
private,44422,"Nursery, garden center, and farm supply stores",Total all sizes,3.8,,,
private,44422,"Nursery, garden center, and farm supply stores",11 - 49,4.5,,,9.1
private,44422,"Nursery, garden center, and farm supply stores",50 - 249,4.6,,3.3,7.5
private,44422,"Nursery, garden center, and farm supply stores",250 - 999,3.4,,,
private,445,Food and beverage stores,Total all sizes,3.7,,,
private,445,Food and beverage stores,1 - 10,0.9,,,
private,445,Food and beverage stores,11 - 49,2.1,,,
private,445,Food and beverage stores,50 - 249,4.3,1.4,3.2,5.7
private,445,Food and beverage stores,250 - 999,5,2.3,4.5,6.1
private,445,Food and beverage stores,"1,000+",6.5,,,
private,4451,Grocery stores,Total all sizes,4,,,2.3
private,4451,Grocery stores,1 - 10,1.5,,,
private,4451,Grocery stores,11 - 49,2.5,,,3.6
private,4451,Grocery stores,50 - 249,4.4,1.5,3.3,5.8
private,4451,Grocery stores,250 - 999,5,2.3,4.5,6.1
private,4451,Grocery stores,"1,000+",7.1,,,
private,44511,Supermarkets and other grocery (except convenience) stores,Total all sizes,4.1,,,3.5
private,44511,Supermarkets and other grocery (except convenience) stores,11 - 49,2.4,,,3
private,44511,Supermarkets and other grocery (except convenience) stores,50 - 249,4.4,1.5,3.3,5.8
private,44511,Supermarkets and other grocery (except convenience) stores,250 - 999,5,2.3,4.5,6.1
private,44511,Supermarkets and other grocery (except convenience) stores,"1,000+",10.2,,,
private,44512,Convenience stores,Total all sizes,2.8,,,
private,44512,Convenience stores,1 - 10,2.3,,,
private,44512,Convenience stores,11 - 49,3.3,,,8.3
private,44512,Convenience stores,50 - 249,2.4,,,2.6
private,44512,Convenience stores,250 - 999,,,,
private,4452,Specialty food stores,Total all sizes,1.4,,,
private,4452,Specialty food stores,11 - 49,1.3,,,
private,4452,Specialty food stores,50 - 249,2.4,,,2.5
private,4452,Specialty food stores,250 - 999,4.7,,,
private,44521,Meat markets,Total all sizes,2,,,
private,44521,Meat markets,11 - 49,2.2,,,
private,44521,Meat markets,50 - 249,2.5,,,
private,44522,Fish and seafood markets,50 - 249,,,,
private,44523,Fruit and vegetable markets,Total all sizes,1.5,,,
private,44523,Fruit and vegetable markets,250 - 999,5.5,,,
private,44529,Other specialty food stores,Total all sizes,1.1,,,
private,44529,Other specialty food stores,11 - 49,1,,,
private,44529,Other specialty food stores,50 - 249,2.5,,,1.7
private,44529,Other specialty food stores,250 - 999,2.7,,,
private,4453,"Beer, wine, and liquor stores",Total all sizes,0.5,,,
private,4453,"Beer, wine, and liquor stores",50 - 249,3,,2.4,4.8
private,446,Health and personal care stores,Total all sizes,1.8,,,
private,446,Health and personal care stores,1 - 10,1.3,,,
private,446,Health and personal care stores,11 - 49,2,,,
private,446,Health and personal care stores,50 - 249,1.9,,,2.4
private,446,Health and personal care stores,250 - 999,1.6,,1.1,2.3
private,4461,Health and personal care stores,Total all sizes,1.8,,,
private,4461,Health and personal care stores,1 - 10,1.3,,,
private,4461,Health and personal care stores,11 - 49,2,,,
private,4461,Health and personal care stores,50 - 249,1.9,,,2.4
private,4461,Health and personal care stores,250 - 999,1.6,,1.1,2.3
private,44611,Pharmacies and drug stores,Total all sizes,1.8,,,
private,44611,Pharmacies and drug stores,11 - 49,2.2,,,
private,44611,Pharmacies and drug stores,50 - 249,1.5,,,2.5
private,44611,Pharmacies and drug stores,250 - 999,2.4,0.2,1.8,3.7
private,44612,"Cosmetics, beauty supplies, and perfume stores",Total all sizes,2.3,,,
private,44612,"Cosmetics, beauty supplies, and perfume stores",1 - 10,3.7,,,
private,44612,"Cosmetics, beauty supplies, and perfume stores",11 - 49,1.8,,,
private,44612,"Cosmetics, beauty supplies, and perfume stores",50 - 249,2.9,,,2.4
private,44619,Other health and personal care stores,Total all sizes,1.7,,,
private,44619,Other health and personal care stores,50 - 249,3.1,,,2.2
private,44619,Other health and personal care stores,250 - 999,3,,,
private,447,Gasoline stations,Total all sizes,1.9,,,
private,447,Gasoline stations,1 - 10,0.5,,,
private,447,Gasoline stations,11 - 49,2.3,,,
private,447,Gasoline stations,50 - 249,4.2,1.6,3.5,6.7
private,447,Gasoline stations,250 - 999,3.3,0.6,2.9,5
private,447,Gasoline stations,"1,000+",4.8,,,
private,4471,Gasoline stations,Total all sizes,1.9,,,
private,4471,Gasoline stations,1 - 10,0.5,,,
private,4471,Gasoline stations,11 - 49,2.3,,,
private,4471,Gasoline stations,50 - 249,4.2,1.6,3.5,6.7
private,4471,Gasoline stations,250 - 999,3.3,0.6,2.9,5
private,4471,Gasoline stations,"1,000+",4.8,,,
private,44711,Gasoline stations with convenience stores,Total all sizes,1.7,,,
private,44711,Gasoline stations with convenience stores,1 - 10,0.3,,,
private,44711,Gasoline stations with convenience stores,11 - 49,2.3,,,
private,44711,Gasoline stations with convenience stores,50 - 249,4,1.2,3.3,6.6
private,44711,Gasoline stations with convenience stores,250 - 999,3.3,0.6,2.9,5
private,44711,Gasoline stations with convenience stores,"1,000+",4.8,,,
private,44719,Other gasoline stations,Total all sizes,3.3,,,
private,44719,Other gasoline stations,11 - 49,2.7,,,5.1
private,44719,Other gasoline stations,50 - 249,4.7,1.9,3.8,7.4
private,448,Clothing and clothing accessories stores,Total all sizes,1.5,,,
private,448,Clothing and clothing accessories stores,11 - 49,2,,,
private,448,Clothing and clothing accessories stores,50 - 249,1.7,,,2.1
private,448,Clothing and clothing accessories stores,"1,000+",1.9,,,
private,4481,Clothing stores,Total all sizes,1.8,,,
private,4481,Clothing stores,11 - 49,2.1,,,
private,4481,Clothing stores,50 - 249,2.1,,,3
private,4481,Clothing stores,250 - 999,2.1,1.5,3,3.5
private,4481,Clothing stores,"1,000+",1.9,,,
private,44811,Men's clothing stores,Total all sizes,1.5,,,
private,44811,Men's clothing stores,11 - 49,2.5,,,10.4
private,44812,Women's clothing stores,Total all sizes,1.1,,,
private,44812,Women's clothing stores,11 - 49,0.9,,,
private,44812,Women's clothing stores,50 - 249,2.4,,0.9,5.3
private,44812,Women's clothing stores,250 - 999,1.8,,,
private,44813,Children's and infants' clothing stores,Total all sizes,4,,,
private,44813,Children's and infants' clothing stores,11 - 49,5.4,,,8.9
private,44814,Family clothing stores,Total all sizes,2.1,,,
private,44814,Family clothing stores,11 - 49,2.4,,,
private,44814,Family clothing stores,50 - 249,2.6,,,4
private,44814,Family clothing stores,250 - 999,2.2,,,
private,44814,Family clothing stores,"1,000+",1.7,,,
private,44819,Other clothing stores,Total all sizes,0.7,,,
private,44819,Other clothing stores,11 - 49,1.9,,,
private,4482,Shoe stores,Total all sizes,0.9,,,
private,4482,Shoe stores,11 - 49,1.2,,,
private,4482,Shoe stores,250 - 999,1.1,,,
private,451,"Sporting goods, hobby, musical instrument, and book stores",Total all sizes,1.8,,,
private,451,"Sporting goods, hobby, musical instrument, and book stores",11 - 49,2.3,,,
private,451,"Sporting goods, hobby, musical instrument, and book stores",50 - 249,2.5,,1.7,3.8
private,451,"Sporting goods, hobby, musical instrument, and book stores",250 - 999,2.8,1.4,2.7,3.7
private,4511,"Sporting goods, hobby, and musical instrument stores",Total all sizes,1.9,,,
private,4511,"Sporting goods, hobby, and musical instrument stores",11 - 49,2.5,,,
private,4511,"Sporting goods, hobby, and musical instrument stores",50 - 249,2.5,,1.7,3.8
private,4511,"Sporting goods, hobby, and musical instrument stores",250 - 999,2.8,1.4,2.7,3.7
private,45111,Sporting goods stores,Total all sizes,1.6,,,
private,45111,Sporting goods stores,11 - 49,1.7,,,
private,45111,Sporting goods stores,50 - 249,2.3,,1.3,3.5
private,45111,Sporting goods stores,250 - 999,2.4,1.2,2.2,3
private,45112,"Hobby, toy, and game stores",Total all sizes,3.5,,,
private,45112,"Hobby, toy, and game stores",11 - 49,4.4,,,6.9
private,45112,"Hobby, toy, and game stores",50 - 249,7.1,2.7,7.8,8.1
private,45112,"Hobby, toy, and game stores",250 - 999,4.4,,,
private,4512,Book stores and news dealers,Total all sizes,1.2,,,
private,4512,Book stores and news dealers,50 - 249,2.4,,,
private,45121,Book stores and news dealers,Total all sizes,1.2,,,
private,45121,Book stores and news dealers,50 - 249,2.4,,,
private,452,General merchandise stores,Total all sizes,4.4,,,2.9
private,452,General merchandise stores,1 - 10,2.4,,,
private,452,General merchandise stores,11 - 49,3.1,,,
private,452,General merchandise stores,50 - 249,3.9,,3,5.2
private,452,General merchandise stores,250 - 999,5,3.2,4.6,6.3
private,4522,Department stores,Total all sizes,3.3,,2.3,4.7
private,4522,Department stores,1 - 10,4,,,
private,4522,Department stores,11 - 49,2.5,,,4.7
private,4522,Department stores,50 - 249,3.2,,2.8,4.7
private,4522,Department stores,250 - 999,3.6,2.2,3.3,4.7
private,4523,"General merchandise stores, including warehouse clubs and supercenters",Total all sizes,4.7,,,
private,4523,"General merchandise stores, including warehouse clubs and supercenters",1 - 10,2.4,,,
private,4523,"General merchandise stores, including warehouse clubs and supercenters",11 - 49,3.3,,,
private,4523,"General merchandise stores, including warehouse clubs and supercenters",50 - 249,4.7,2,4,6.5
private,4523,"General merchandise stores, including warehouse clubs and supercenters",250 - 999,5.1,3.3,4.7,6.5
private,4523,"General merchandise stores, including warehouse clubs and supercenters","1,000+",4.9,,,
private,45231,"General merchandise stores, including warehouse clubs and supercenters",Total all sizes,4.7,,,
private,45231,"General merchandise stores, including warehouse clubs and supercenters",1 - 10,2.4,,,
private,45231,"General merchandise stores, including warehouse clubs and supercenters",11 - 49,3.3,,,
private,45231,"General merchandise stores, including warehouse clubs and supercenters",50 - 249,4.7,2,4,6.5
private,45231,"General merchandise stores, including warehouse clubs and supercenters",250 - 999,5.1,3.3,4.7,6.5
private,45231,"General merchandise stores, including warehouse clubs and supercenters","1,000+",4.9,,,
private,452311,Warehouse clubs and supercenters,Total all sizes,5,2.9,4.5,6.5
private,452311,Warehouse clubs and supercenters,11 - 49,2.7,,,
private,452311,Warehouse clubs and supercenters,50 - 249,4.7,2.1,4,6.5
private,452311,Warehouse clubs and supercenters,250 - 999,5.1,3.4,4.8,6.5
private,452319,All other general merchandise stores,Total all sizes,3.1,,,
private,452319,All other general merchandise stores,1 - 10,2.4,,,
private,452319,All other general merchandise stores,11 - 49,3.3,,,
private,452319,All other general merchandise stores,50 - 249,4.2,1.6,3.6,6.3
private,452319,All other general merchandise stores,250 - 999,3.6,2.4,2.7,4.3
private,453,Miscellaneous store retailers,Total all sizes,2.6,,,
private,453,Miscellaneous store retailers,1 - 10,0.6,,,
private,453,Miscellaneous store retailers,11 - 49,3.6,,,4.8
private,453,Miscellaneous store retailers,50 - 249,3.2,,,5.6
private,453,Miscellaneous store retailers,250 - 999,3.5,1.6,3.7,4.6
private,453,Miscellaneous store retailers,"1,000+",2.9,,,
private,4531,Florists,Total all sizes,0.9,,,
private,4531,Florists,11 - 49,1.5,,,
private,4532,"Office supplies, stationery, and gift stores",Total all sizes,1.4,,,
private,4532,"Office supplies, stationery, and gift stores",11 - 49,2,,,
private,4532,"Office supplies, stationery, and gift stores",250 - 999,3.5,,,
private,45321,Office supplies and stationery stores,Total all sizes,1.4,,,
private,45321,Office supplies and stationery stores,11 - 49,1.2,,,
private,45321,Office supplies and stationery stores,250 - 999,3.8,,,
private,45322,"Gift, novelty, and souvenir stores",Total all sizes,1.4,,,
private,45322,"Gift, novelty, and souvenir stores",11 - 49,2.8,,,4.8
private,45322,"Gift, novelty, and souvenir stores",250 - 999,3.2,,,
private,4533,Used merchandise stores,Total all sizes,4.3,,,
private,4533,Used merchandise stores,11 - 49,5.1,,,7.4
private,4533,Used merchandise stores,50 - 249,4.8,,3.4,8.3
private,4533,Used merchandise stores,250 - 999,5.4,,,
private,4539,Other miscellaneous store retailers,Total all sizes,2.6,,,
private,4539,Other miscellaneous store retailers,1 - 10,0.7,,,
private,4539,Other miscellaneous store retailers,11 - 49,3.8,,,6
private,4539,Other miscellaneous store retailers,50 - 249,3.8,,4.2,5.7
private,4539,Other miscellaneous store retailers,250 - 999,1.4,,,
private,45391,Pet and pet supplies stores,Total all sizes,6.3,,,3.8
private,45391,Pet and pet supplies stores,11 - 49,7.4,,6,10.4
private,45392,Art dealers,Total all sizes,0.8,,,
private,45399,All other miscellaneous store retailers,Total all sizes,1.4,,,
private,45399,All other miscellaneous store retailers,1 - 10,0.7,,,
private,45399,All other miscellaneous store retailers,11 - 49,1.4,,,
private,45399,All other miscellaneous store retailers,50 - 249,3.2,,2.3,5.6
private,45399,All other miscellaneous store retailers,250 - 999,1.3,,,
private,454,Nonstore retailers,Total all sizes,2.4,,,
private,454,Nonstore retailers,1 - 10,1.2,,,
private,454,Nonstore retailers,11 - 49,3.7,,,6.8
private,454,Nonstore retailers,50 - 249,2.4,,1,4.4
private,454,Nonstore retailers,250 - 999,1.9,,1.1,3.7
private,454,Nonstore retailers,"1,000+",1.3,,0.9,3.2
private,4541,Electronic shopping and mail-order houses,Total all sizes,1.2,,,
private,4541,Electronic shopping and mail-order houses,50 - 249,1.2,,,1.1
private,4541,Electronic shopping and mail-order houses,250 - 999,1.9,,0.7,2.8
private,4541,Electronic shopping and mail-order houses,"1,000+",1.3,,0.9,3.2
private,4542,Vending machine operators,Total all sizes,3.7,,,
private,4542,Vending machine operators,11 - 49,5,,,
private,4542,Vending machine operators,50 - 249,3.7,,3.3,5.3
private,4543,Direct selling establishments,Total all sizes,4.6,,,
private,4543,Direct selling establishments,11 - 49,5.7,,,7.1
private,4543,Direct selling establishments,50 - 249,4.8,2.8,4.4,7
private,4543,Direct selling establishments,250 - 999,2.8,,,
private,45431,Fuel dealers,Total all sizes,5.2,,,
private,45431,Fuel dealers,11 - 49,6.3,,6.6,8.8
private,45431,Fuel dealers,50 - 249,5.7,3.6,4.4,7.6
private,,Transportation and warehousing,Total all sizes,4.4,,,
private,,Transportation and warehousing,11 - 49,2.8,,,3.8
private,,Transportation and warehousing,50 - 249,4.9,,3.2,7
private,,Transportation and warehousing,250 - 999,5,2.1,3.8,7
private,,Transportation and warehousing,"1,000+",5.4,2.9,5.1,7.5
private,481,Air transportation,Total all sizes,6.5,,,2.3
private,481,Air transportation,11 - 49,2.9,,,6.1
private,481,Air transportation,50 - 249,5.3,,2.3,7
private,481,Air transportation,250 - 999,8,2.3,3.7,16.6
private,481,Air transportation,"1,000+",6.7,3.7,5,11.3
private,4811,Scheduled air transportation,Total all sizes,7.3,,0.5,7.5
private,4811,Scheduled air transportation,11 - 49,5.5,,6.1,10.5
private,4811,Scheduled air transportation,50 - 249,7.8,2.3,5.9,10.5
private,4811,Scheduled air transportation,250 - 999,9.4,2.9,5.6,19.2
private,4811,Scheduled air transportation,"1,000+",6.9,4.1,5,11.3
private,48111,Scheduled air transportation,Total all sizes,7.3,,0.5,7.5
private,48111,Scheduled air transportation,11 - 49,5.5,,6.1,10.5
private,48111,Scheduled air transportation,50 - 249,7.8,2.3,5.9,10.5
private,48111,Scheduled air transportation,250 - 999,9.4,2.9,5.6,19.2
private,48111,Scheduled air transportation,"1,000+",6.9,4.1,5,11.3
private,481111,Scheduled passenger air transportation,Total all sizes,7.4,,1.7,8.8
private,481111,Scheduled passenger air transportation,11 - 49,5.7,,6.1,11.4
private,481111,Scheduled passenger air transportation,50 - 249,8.7,2.3,6.2,13.6
private,481111,Scheduled passenger air transportation,250 - 999,10,3.2,6.1,20.1
private,481111,Scheduled passenger air transportation,"1,000+",6.9,4.1,5,11.3
private,4812,Nonscheduled air transportation,Total all sizes,1,,,
private,4812,Nonscheduled air transportation,50 - 249,1.1,,,1.6
private,4812,Nonscheduled air transportation,250 - 999,1.8,,,
private,482,Rail transportation,Total all sizes,3.4,,,1.7
private,482,Rail transportation,1 - 10,5.8,,,
private,482,Rail transportation,11 - 49,2.5,,,3.9
private,482,Rail transportation,50 - 249,3,0.9,2,4.2
private,482,Rail transportation,250 - 999,2.1,1.1,1.7,2.8
private,482,Rail transportation,"1,000+",3.9,1.4,2.6,12
private,483,Water transportation,Total all sizes,3.1,,,
private,483,Water transportation,50 - 249,4.7,,1.1,4.7
private,483,Water transportation,250 - 999,1.8,0.6,1.4,2.7
private,483,Water transportation,"1,000+",3.9,,,
private,4831,"Deep sea, coastal, and Great Lakes water transportation",Total all sizes,4.3,,,
private,4831,"Deep sea, coastal, and Great Lakes water transportation",50 - 249,6.7,,1.4,8.4
private,4831,"Deep sea, coastal, and Great Lakes water transportation",250 - 999,1.6,,,
private,4831,"Deep sea, coastal, and Great Lakes water transportation","1,000+",4.5,,,
private,48311,"Deep sea, coastal, and Great Lakes water transportation",Total all sizes,4.3,,,
private,48311,"Deep sea, coastal, and Great Lakes water transportation",50 - 249,6.7,,1.4,8.4
private,48311,"Deep sea, coastal, and Great Lakes water transportation",250 - 999,1.6,,,
private,48311,"Deep sea, coastal, and Great Lakes water transportation","1,000+",4.5,,,
private,483111,Deep sea freight transportation,Total all sizes,1.6,,,
private,483112,Deep sea passenger transportation,Total all sizes,5.1,,,
private,483112,Deep sea passenger transportation,"1,000+",5.5,,,
private,483113,Coastal and Great Lakes freight transportation,Total all sizes,7,,,
private,483113,Coastal and Great Lakes freight transportation,50 - 249,10.2,,,
private,483114,Coastal and Great Lakes passenger transportation,Total all sizes,1.7,,,
private,483114,Coastal and Great Lakes passenger transportation,250 - 999,3.1,,,
private,4832,Inland water transportation,Total all sizes,1.6,,,
private,4832,Inland water transportation,50 - 249,2.2,,0.7,2.3
private,4832,Inland water transportation,250 - 999,1.9,,,
private,48321,Inland water transportation,Total all sizes,1.6,,,
private,48321,Inland water transportation,50 - 249,2.2,,0.7,2.3
private,48321,Inland water transportation,250 - 999,1.9,,,
private,483211,Inland water freight transportation,Total all sizes,1.6,,,0.7
private,483211,Inland water freight transportation,50 - 249,2.1,,0.7,2.3
private,483211,Inland water freight transportation,250 - 999,1.9,,,
private,483212,Inland water passenger transportation,Total all sizes,1.6,,,
private,483212,Inland water passenger transportation,50 - 249,2.9,,,
private,484,Truck transportation,Total all sizes,2.9,,,
private,484,Truck transportation,1 - 10,0.7,,,
private,484,Truck transportation,11 - 49,2.9,,,4.8
private,484,Truck transportation,50 - 249,3.9,1.1,3.1,5.5
private,484,Truck transportation,250 - 999,3.3,1.6,2.9,4.8
private,484,Truck transportation,"1,000+",1.9,1.2,2,3.3
private,4841,General freight trucking,Total all sizes,3.1,,,
private,4841,General freight trucking,1 - 10,0.6,,,
private,4841,General freight trucking,11 - 49,3.2,,,4.9
private,4841,General freight trucking,50 - 249,4,1.3,3.2,5.6
private,4841,General freight trucking,250 - 999,3.2,1.7,2.9,4.6
private,4841,General freight trucking,"1,000+",2,1.1,2,3.3
private,48411,"General freight trucking, local",Total all sizes,3.2,,,
private,48411,"General freight trucking, local",11 - 49,2.8,,,4.6
private,48411,"General freight trucking, local",50 - 249,5.1,2.3,3.2,5.5
private,48411,"General freight trucking, local",250 - 999,3.3,0.5,2.7,4.6
private,48412,"General freight trucking, long-distance",Total all sizes,3,,,
private,48412,"General freight trucking, long-distance",1 - 10,0.8,,,
private,48412,"General freight trucking, long-distance",11 - 49,3.3,,,5.1
private,48412,"General freight trucking, long-distance",50 - 249,3.7,1.2,3.2,5.6
private,48412,"General freight trucking, long-distance",250 - 999,3.2,1.7,2.9,4.3
private,48412,"General freight trucking, long-distance","1,000+",1.9,1.1,2,3.3
private,4842,Specialized freight trucking,Total all sizes,2.7,,,
private,4842,Specialized freight trucking,11 - 49,2.4,,,3.8
private,4842,Specialized freight trucking,50 - 249,3.6,,2.5,4.8
private,4842,Specialized freight trucking,250 - 999,3.9,1.5,3.3,5.5
private,4842,Specialized freight trucking,"1,000+",1.3,,,
private,48421,Used household and office goods moving,Total all sizes,4.3,,,
private,48421,Used household and office goods moving,11 - 49,4.7,,,7.1
private,48421,Used household and office goods moving,50 - 249,6.4,,4.4,12
private,48421,Used household and office goods moving,250 - 999,1,,,
private,48422,"Specialized freight (except used goods) trucking, local",Total all sizes,2.1,,,
private,48422,"Specialized freight (except used goods) trucking, local",11 - 49,1.7,,,
private,48422,"Specialized freight (except used goods) trucking, local",50 - 249,3.2,,2,3.8
private,48422,"Specialized freight (except used goods) trucking, local",250 - 999,4.3,,,
private,48423,"Specialized freight (except used goods) trucking, long-distance",Total all sizes,2.7,,,
private,48423,"Specialized freight (except used goods) trucking, long-distance",11 - 49,1.7,,,4.9
private,48423,"Specialized freight (except used goods) trucking, long-distance",50 - 249,3,,3.1,5.5
private,48423,"Specialized freight (except used goods) trucking, long-distance",250 - 999,3.9,1.5,2,5.8
private,48423,"Specialized freight (except used goods) trucking, long-distance","1,000+",1.3,,,
private,485,Transit and ground passenger transportation,Total all sizes,3.4,,,
private,485,Transit and ground passenger transportation,11 - 49,2.8,,,
private,485,Transit and ground passenger transportation,50 - 249,3.4,,2.1,4.2
private,485,Transit and ground passenger transportation,250 - 999,5,3.3,3.7,5.5
private,485,Transit and ground passenger transportation,"1,000+",2.4,,,
private,4851,Urban transit systems,Total all sizes,6.1,,3.9,6.9
private,4851,Urban transit systems,50 - 249,5.9,1.4,3.7,6.9
private,4851,Urban transit systems,250 - 999,6.5,4.2,6,7.9
private,48532,Limousine service,Total all sizes,1.1,,,
private,4854,School and employee bus transportation,Total all sizes,3.3,,,3.2
private,4854,School and employee bus transportation,11 - 49,1.7,,,
private,4854,School and employee bus transportation,50 - 249,3.3,,3.1,4
private,4854,School and employee bus transportation,250 - 999,4,3.7,3.7,4.6
private,4854,School and employee bus transportation,"1,000+",3.2,,,
private,4855,Charter bus industry,Total all sizes,1.7,,,1.6
private,4855,Charter bus industry,50 - 249,1.7,1.6,1.6,1.6
private,4859,Other transit and ground passenger transportation,Total all sizes,3.7,,,
private,4859,Other transit and ground passenger transportation,11 - 49,4.7,,,6.4
private,4859,Other transit and ground passenger transportation,50 - 249,3.1,,1.7,5
private,4859,Other transit and ground passenger transportation,250 - 999,5.5,,,
private,4869,Other pipeline transportation,Total all sizes,1.3,,,
private,4869,Other pipeline transportation,11 - 49,2,,,
private,4869,Other pipeline transportation,50 - 249,,,,
private,48691,Pipeline transportation of refined petroleum products,Total all sizes,1.3,,,
private,48691,Pipeline transportation of refined petroleum products,11 - 49,2.1,,,
private,48699,All other pipeline transportation,50 - 249,,,,
private,487,Scenic and sightseeing transportation,Total all sizes,3.5,,,
private,487,Scenic and sightseeing transportation,50 - 249,6.6,3.3,5.3,12.2
private,4871,"Scenic and sightseeing transportation, land",Total all sizes,2.2,,,
private,4871,"Scenic and sightseeing transportation, land",50 - 249,3.7,,,
private,4872,"Scenic and sightseeing transportation, water",Total all sizes,4.1,,,
private,4872,"Scenic and sightseeing transportation, water",50 - 249,7.9,,,
private,4879,"Scenic and sightseeing transportation, other",Total all sizes,4,,,
private,4879,"Scenic and sightseeing transportation, other",50 - 249,7.2,,,
private,488,Support activities for transportation,Total all sizes,2.4,,,
private,488,Support activities for transportation,11 - 49,1.9,,,
private,488,Support activities for transportation,50 - 249,2.5,,0.8,3.3
private,488,Support activities for transportation,250 - 999,3.8,1.6,3.5,4.6
private,488,Support activities for transportation,"1,000+",2.7,1.8,2.5,3.8
private,4881,Support activities for air transportation,Total all sizes,4.1,,,2.6
private,4881,Support activities for air transportation,11 - 49,3.3,,,3.8
private,4881,Support activities for air transportation,50 - 249,3.2,,2,5.1
private,4881,Support activities for air transportation,250 - 999,5.1,2.5,3.9,5.9
private,4881,Support activities for air transportation,"1,000+",4.6,,,
private,4882,Support activities for rail transportation,Total all sizes,2.5,,,2.5
private,4882,Support activities for rail transportation,11 - 49,3,,,
private,4882,Support activities for rail transportation,50 - 249,2.4,0.9,3.2,3.9
private,4882,Support activities for rail transportation,250 - 999,2.2,,,
private,4883,Support activities for water transportation,Total all sizes,2.2,,,
private,4883,Support activities for water transportation,50 - 249,1.8,,,3.1
private,4883,Support activities for water transportation,250 - 999,3.8,,,
private,4883,Support activities for water transportation,"1,000+",1.8,,,
private,48832,Marine cargo handling,Total all sizes,2.4,,,0.2
private,48832,Marine cargo handling,50 - 249,2.6,,2.1,5.2
private,48832,Marine cargo handling,250 - 999,4.2,,,
private,48832,Marine cargo handling,"1,000+",2,,,
private,48833,Navigational services to shipping,Total all sizes,1.2,,,
private,48833,Navigational services to shipping,50 - 249,1.6,,,
private,4884,Support activities for road transportation,Total all sizes,1.9,,,
private,4884,Support activities for road transportation,50 - 249,4.9,,,1.3
private,4884,Support activities for road transportation,250 - 999,4.1,,,
private,48841,Motor vehicle towing,Total all sizes,2.3,,,
private,4885,Freight transportation arrangement,Total all sizes,1.2,,,
private,4885,Freight transportation arrangement,11 - 49,1.2,,,
private,4885,Freight transportation arrangement,50 - 249,1.5,,,1.2
private,4885,Freight transportation arrangement,250 - 999,1.5,,1.5,3.9
private,4889,Other support activities for transportation,Total all sizes,2.3,,,
private,4889,Other support activities for transportation,50 - 249,2.4,1.2,1.5,3.3
private,4889,Other support activities for transportation,250 - 999,2.7,,,
private,492,Couriers and messengers,Total all sizes,8,,,6.8
private,492,Couriers and messengers,11 - 49,5,,,7.2
private,492,Couriers and messengers,50 - 249,10.2,4.3,8.5,14.2
private,492,Couriers and messengers,250 - 999,7.9,4.6,7.4,10.5
private,492,Couriers and messengers,"1,000+",7,5.3,6.7,9
private,4921,Couriers and express delivery services,Total all sizes,7.9,,,7.7
private,4921,Couriers and express delivery services,11 - 49,4.8,,,6.6
private,4921,Couriers and express delivery services,50 - 249,9.4,4.8,8.4,13.3
private,4921,Couriers and express delivery services,250 - 999,8.1,5,7.6,10.6
private,4921,Couriers and express delivery services,"1,000+",7.3,5.4,6.8,9
private,4922,Local messengers and local delivery,Total all sizes,8.5,,,2.5
private,4922,Local messengers and local delivery,11 - 49,5.4,,,11
private,4922,Local messengers and local delivery,50 - 249,12.4,2,9.6,23.1
private,4922,Local messengers and local delivery,250 - 999,1.7,,,
private,4922,Local messengers and local delivery,"1,000+",1.3,,,
private,493,Warehousing and storage,Total all sizes,4.8,,,2.4
private,493,Warehousing and storage,11 - 49,2.8,,,4.4
private,493,Warehousing and storage,50 - 249,3.9,0.6,2.7,5.3
private,493,Warehousing and storage,250 - 999,5.2,1.9,3.7,6.6
private,493,Warehousing and storage,"1,000+",5.5,3.4,5,6.8
private,4931,Warehousing and storage,Total all sizes,4.8,,,2.4
private,4931,Warehousing and storage,11 - 49,2.8,,,4.4
private,4931,Warehousing and storage,50 - 249,3.9,0.6,2.7,5.3
private,4931,Warehousing and storage,250 - 999,5.2,1.9,3.7,6.6
private,4931,Warehousing and storage,"1,000+",5.5,3.4,5,6.8
private,49311,General warehousing and storage,Total all sizes,4.9,,,2.9
private,49311,General warehousing and storage,11 - 49,3.3,,,4.9
private,49311,General warehousing and storage,50 - 249,4.1,0.7,3,5.7
private,49311,General warehousing and storage,250 - 999,5.2,1.9,3.7,6.5
private,49311,General warehousing and storage,"1,000+",5.5,3.4,5,6.8
private,49312,Refrigerated warehousing and storage,Total all sizes,3.4,,,2.1
private,49312,Refrigerated warehousing and storage,11 - 49,1.9,,,2.1
private,49312,Refrigerated warehousing and storage,50 - 249,2.9,,2,3.9
private,49312,Refrigerated warehousing and storage,250 - 999,5.5,2.4,3.8,6.6
private,49313,Farm product warehousing and storage,50 - 249,4.6,,,
private,49319,Other warehousing and storage,Total all sizes,2.9,,,
private,49319,Other warehousing and storage,11 - 49,1.9,,,4.1
private,49319,Other warehousing and storage,50 - 249,2.4,,0.4,3
private,49319,Other warehousing and storage,250 - 999,4.4,0.4,3,7
private,,Utilities,Total all sizes,1.9,,,
private,,Utilities,11 - 49,3,,,5.3
private,,Utilities,50 - 249,2.6,0.5,2,4.3
private,,Utilities,250 - 999,1,0.2,0.4,1.7
private,,Utilities,"1,000+",0.9,0.2,0.6,1.3
private,221,Utilities,Total all sizes,1.9,,,
private,221,Utilities,11 - 49,3,,,5.3
private,221,Utilities,50 - 249,2.6,0.5,2,4.3
private,221,Utilities,250 - 999,1,0.2,0.4,1.7
private,221,Utilities,"1,000+",0.9,0.2,0.6,1.3
private,2211,"Electric power generation, transmission and distribution",Total all sizes,1.9,,,1.2
private,2211,"Electric power generation, transmission and distribution",11 - 49,3.2,,,6.4
private,2211,"Electric power generation, transmission and distribution",50 - 249,2.6,0.7,2.1,4.4
private,2211,"Electric power generation, transmission and distribution",250 - 999,0.7,0.2,0.3,1.4
private,2211,"Electric power generation, transmission and distribution","1,000+",0.7,0.1,0.3,0.9
private,22111,Electric power generation,Total all sizes,1.7,,,
private,22111,Electric power generation,11 - 49,3,,,4.6
private,22111,Electric power generation,50 - 249,2.7,,1.4,3.3
private,22111,Electric power generation,250 - 999,0.5,,0.3,0.8
private,221112,Fossil fuel electric power generation,Total all sizes,2.3,,,3.1
private,221112,Fossil fuel electric power generation,11 - 49,2.8,,,3.1
private,221112,Fossil fuel electric power generation,50 - 249,3,0.8,1.7,5.2
private,221112,Fossil fuel electric power generation,250 - 999,0.7,0.2,0.7,1
private,221113,Nuclear electric power generation,Total all sizes,0.2,,0.1,0.2
private,221113,Nuclear electric power generation,250 - 999,0.2,,0.1,0.2
private,221113,Nuclear electric power generation,"1,000+",0.2,,,
private,221117,Biomass electric power generation,Total all sizes,4.1,,,
private,221118,Other electric power generation,Total all sizes,7,,,
private,221118,Other electric power generation,11 - 49,11.2,,,
private,221118,Other electric power generation,50 - 249,3,,,
private,22112,"Electric power transmission, control, and distribution",Total all sizes,2.1,,,3
private,22112,"Electric power transmission, control, and distribution",11 - 49,3.4,,,6.8
private,22112,"Electric power transmission, control, and distribution",50 - 249,2.5,0.8,2.6,4.4
private,22112,"Electric power transmission, control, and distribution",250 - 999,1,0.2,0.4,1.7
private,22112,"Electric power transmission, control, and distribution","1,000+",0.8,,,
private,2212,Natural gas distribution,Total all sizes,1.9,,,
private,2212,Natural gas distribution,11 - 49,2.5,,,4.6
private,2212,Natural gas distribution,50 - 249,2.2,,1.9,3.9
private,2212,Natural gas distribution,250 - 999,2,0.2,1,4.1
private,2213,"Water, sewage and other systems",Total all sizes,2.2,,,
private,2213,"Water, sewage and other systems",11 - 49,3,,,4.5
private,2213,"Water, sewage and other systems",50 - 249,3,,1.6,4.7
private,2213,"Water, sewage and other systems",250 - 999,0.8,,,
private,22131,Water supply and irrigation systems,Total all sizes,2.3,,,
private,22131,Water supply and irrigation systems,11 - 49,3.3,,,4.5
private,22131,Water supply and irrigation systems,50 - 249,3,,1.6,4.7
private,22131,Water supply and irrigation systems,250 - 999,0.8,,,
private,22132,Sewage treatment facilities,Total all sizes,1.7,,,
private,22132,Sewage treatment facilities,50 - 249,2.9,,,
private,,Information,Total all sizes,0.7,,,
private,,Information,11 - 49,1.1,,,
private,,Information,50 - 249,1,,,1.2
private,,Information,250 - 999,0.6,,,0.8
private,,Information,"1,000+",0.3,,0.1,0.3
private,,Information,Total all sizes,0.7,,,
private,,Information,11 - 49,1.1,,,
private,,Information,50 - 249,1,,,1.2
private,,Information,250 - 999,0.6,,,0.8
private,,Information,"1,000+",0.3,,0.1,0.3
private,511,Publishing industries (except internet),Total all sizes,0.2,,,
private,511,Publishing industries (except internet),11 - 49,0.2,,,
private,511,Publishing industries (except internet),50 - 249,0.3,,,
private,511,Publishing industries (except internet),250 - 999,0.3,,,0.3
private,511,Publishing industries (except internet),"1,000+",0.1,,0.1,0.2
private,5111,"Newspaper, periodical, book, and directory publishers",Total all sizes,0.4,,,
private,5111,"Newspaper, periodical, book, and directory publishers",11 - 49,0.4,,,
private,5111,"Newspaper, periodical, book, and directory publishers",50 - 249,0.6,,,
private,5111,"Newspaper, periodical, book, and directory publishers",250 - 999,0.5,,,0.4
private,5111,"Newspaper, periodical, book, and directory publishers","1,000+",0.2,,,
private,51111,Newspaper publishers,Total all sizes,0.8,,,
private,51111,Newspaper publishers,11 - 49,0.9,,,
private,51111,Newspaper publishers,50 - 249,1.4,,,1.7
private,51111,Newspaper publishers,250 - 999,1,,,
private,51111,Newspaper publishers,"1,000+",0.4,,,
private,51112,Periodical publishers,"1,000+",,,,
private,51119,Other publishers,Total all sizes,0.3,,,
private,5112,Software publishers,Total all sizes,0.1,,,
private,5112,Software publishers,250 - 999,0.2,,,0.3
private,5112,Software publishers,"1,000+",0.1,,,0.2
private,512,Motion picture and sound recording industries,Total all sizes,1.5,,,
private,512,Motion picture and sound recording industries,11 - 49,1.9,,,
private,512,Motion picture and sound recording industries,50 - 249,2.3,,,4.2
private,512,Motion picture and sound recording industries,250 - 999,1.4,,,0.6
private,512,Motion picture and sound recording industries,"1,000+",1.1,,,
private,5121,Motion picture and video industries,Total all sizes,1.6,,,
private,5121,Motion picture and video industries,11 - 49,1.9,,,
private,5121,Motion picture and video industries,50 - 249,2.4,,,4.8
private,5121,Motion picture and video industries,250 - 999,1.5,,,0.6
private,5121,Motion picture and video industries,"1,000+",1.1,,,
private,51211,Motion picture and video production,Total all sizes,1.1,,,
private,51211,Motion picture and video production,50 - 249,1.3,,,
private,51211,Motion picture and video production,"1,000+",1.1,,,
private,51212,Motion picture and video distribution,Total all sizes,,,,
private,51213,Motion picture and video exhibition,Total all sizes,3.4,,,
private,51213,Motion picture and video exhibition,11 - 49,2.7,,,
private,51213,Motion picture and video exhibition,50 - 249,4.2,,3.8,6.3
private,515,Broadcasting (except internet),Total all sizes,0.8,,,
private,515,Broadcasting (except internet),11 - 49,0.9,,,
private,515,Broadcasting (except internet),50 - 249,1.1,,,1.6
private,515,Broadcasting (except internet),250 - 999,0.5,,0.4,0.7
private,515,Broadcasting (except internet),"1,000+",0.3,,,
private,5151,Radio and television broadcasting,Total all sizes,0.6,,,
private,5151,Radio and television broadcasting,11 - 49,0.6,,,
private,5151,Radio and television broadcasting,50 - 249,0.8,,,1.4
private,5151,Radio and television broadcasting,250 - 999,0.5,,0.6,0.7
private,5151,Radio and television broadcasting,"1,000+",,,,
private,51511,Radio broadcasting,Total all sizes,0.5,,,
private,51511,Radio broadcasting,50 - 249,1.1,,,
private,51511,Radio broadcasting,250 - 999,0.7,,,
private,51512,Television broadcasting,Total all sizes,0.7,,,
private,51512,Television broadcasting,50 - 249,0.8,,,1.6
private,51512,Television broadcasting,250 - 999,0.4,,,
private,51512,Television broadcasting,"1,000+",,,,
private,5152,Cable and other subscription programming,50 - 249,3.4,,,
private,5152,Cable and other subscription programming,250 - 999,0.5,,,
private,517,Telecommunications,Total all sizes,1.6,,,
private,517,Telecommunications,11 - 49,2.2,,,3.9
private,517,Telecommunications,50 - 249,2.5,,1.6,4.1
private,517,Telecommunications,250 - 999,1.3,0.3,0.8,1.5
private,517,Telecommunications,"1,000+",0.5,,0.1,0.3
private,5173,Wired and wireless telecommunications carriers,Total all sizes,1.6,,,
private,5173,Wired and wireless telecommunications carriers,11 - 49,2.4,,,3.9
private,5173,Wired and wireless telecommunications carriers,50 - 249,2.7,,1.7,4.6
private,5173,Wired and wireless telecommunications carriers,250 - 999,0.8,0.2,0.8,0.8
private,5173,Wired and wireless telecommunications carriers,"1,000+",0.5,,0.2,0.3
private,51731,Wired and wireless telecommunications carriers,Total all sizes,1.6,,,
private,51731,Wired and wireless telecommunications carriers,11 - 49,2.4,,,3.9
private,51731,Wired and wireless telecommunications carriers,50 - 249,2.7,,1.7,4.6
private,51731,Wired and wireless telecommunications carriers,250 - 999,0.8,0.2,0.8,0.8
private,51731,Wired and wireless telecommunications carriers,"1,000+",0.5,,0.2,0.3
private,517311,Wired telecommunications carriers,Total all sizes,1.8,,,
private,517311,Wired telecommunications carriers,11 - 49,2.6,,,4.1
private,517311,Wired telecommunications carriers,50 - 249,2.9,,1.7,4.8
private,517311,Wired telecommunications carriers,250 - 999,0.9,,0.6,1.4
private,517311,Wired telecommunications carriers,"1,000+",0.6,,0.2,0.3
private,5179,Other telecommunications,Total all sizes,1.4,,,
private,5179,Other telecommunications,250 - 999,2.7,,,
private,518,"Data processing, hosting, and related services",Total all sizes,0.3,,,
private,518,"Data processing, hosting, and related services","1,000+",0.1,,,0.1
private,519,Other information services,Total all sizes,0.2,,,
private,519,Other information services,50 - 249,0.3,,,
private,519,Other information services,250 - 999,0.3,,,
private,519,Other information services,"1,000+",0.1,,,0.1
private,5191,Other information services,Total all sizes,0.2,,,
private,5191,Other information services,50 - 249,0.3,,,
private,5191,Other information services,250 - 999,0.3,,,
private,5191,Other information services,"1,000+",0.1,,,0.1
private,51912,Libraries and archives,Total all sizes,2.5,,,
private,51913,Internet publishing and broadcasting and web search portals,50 - 249,0.1,,,
private,51913,Internet publishing and broadcasting and web search portals,"1,000+",0.1,,,0.1
private,,"Finance, insurance, and real estate",Total all sizes,0.7,,,
private,,"Finance, insurance, and real estate",11 - 49,0.9,,,
private,,"Finance, insurance, and real estate",50 - 249,0.9,,,1.1
private,,"Finance, insurance, and real estate",250 - 999,0.5,,0.1,0.5
private,,"Finance, insurance, and real estate","1,000+",0.2,,0.1,0.2
private,,Finance and insurance,Total all sizes,0.3,,,
private,,Finance and insurance,11 - 49,0.3,,,
private,,Finance and insurance,50 - 249,0.3,,,
private,,Finance and insurance,250 - 999,0.3,,,0.4
private,,Finance and insurance,"1,000+",0.2,,0.1,0.2
private,522,Credit intermediation and related activities,Total all sizes,0.5,,,
private,522,Credit intermediation and related activities,11 - 49,0.5,,,
private,522,Credit intermediation and related activities,50 - 249,0.5,,,0.5
private,522,Credit intermediation and related activities,250 - 999,0.5,,0.3,0.9
private,522,Credit intermediation and related activities,"1,000+",0.2,,0.1,0.3
private,5221,Depository credit intermediation,Total all sizes,0.5,,,
private,5221,Depository credit intermediation,1 - 10,0.6,,,
private,5221,Depository credit intermediation,11 - 49,0.5,,,
private,5221,Depository credit intermediation,50 - 249,0.5,,,0.9
private,5221,Depository credit intermediation,250 - 999,0.6,,0.4,1.4
private,5221,Depository credit intermediation,"1,000+",0.2,,0.1,0.3
private,52211,Commercial banking,Total all sizes,0.4,,,
private,52211,Commercial banking,11 - 49,0.5,,,
private,52211,Commercial banking,50 - 249,0.6,,,1
private,52211,Commercial banking,250 - 999,0.2,,,0.4
private,52211,Commercial banking,"1,000+",0.1,,0.1,0.2
private,52212,Savings institutions,Total all sizes,0.4,,,
private,52212,Savings institutions,250 - 999,0.4,,,
private,52213,Credit unions,Total all sizes,0.9,,,
private,52213,Credit unions,11 - 49,1.2,,,
private,52213,Credit unions,50 - 249,0.3,,,
private,52213,Credit unions,250 - 999,1.2,1.4,1.4,1.4
private,5222,Nondepository credit intermediation,Total all sizes,0.5,,,
private,5222,Nondepository credit intermediation,1 - 10,1.2,,,
private,5222,Nondepository credit intermediation,50 - 249,0.4,,,
private,5222,Nondepository credit intermediation,250 - 999,0.2,,,0.2
private,5222,Nondepository credit intermediation,"1,000+",0.3,0.1,0.2,0.5
private,52221,Credit card issuing,Total all sizes,0.2,,,0.1
private,52222,Sales financing,"1,000+",,,,
private,52229,Other nondepository credit intermediation,Total all sizes,0.5,,,
private,52229,Other nondepository credit intermediation,50 - 249,0.5,,,
private,52229,Other nondepository credit intermediation,250 - 999,0.2,,,0.2
private,52229,Other nondepository credit intermediation,"1,000+",0.3,0.1,0.2,0.5
private,5223,Activities related to credit intermediation,Total all sizes,0.2,,,
private,5223,Activities related to credit intermediation,250 - 999,0.3,,0.3,0.5
private,5223,Activities related to credit intermediation,"1,000+",0.1,,,0.2
private,52232,"Financial transactions processing, reserve, and clearinghouse activities","1,000+",0.1,,,0.1
private,523,"Securities, commodity contracts, and other financial investments and related activities",250 - 999,0.1,,,
private,523,"Securities, commodity contracts, and other financial investments and related activities","1,000+",,,,0.1
private,5231,Securities and commodity contracts intermediation and brokerage,"1,000+",,,,0.1
private,52312,Securities brokerage,"1,000+",,,,0.1
private,5239,Other financial investment activities,Total all sizes,0.1,,,
private,5239,Other financial investment activities,250 - 999,0.1,,,
private,5239,Other financial investment activities,"1,000+",0.1,,0.1,0.1
private,52392,Portfolio management,Total all sizes,,,,
private,52392,Portfolio management,"1,000+",0.1,,,
private,52393,Investment advice,Total all sizes,0.2,,,
private,52393,Investment advice,250 - 999,0.2,,,
private,52393,Investment advice,"1,000+",,,,
private,524,Insurance carriers and related activities,11 - 49,0.3,,,
private,524,Insurance carriers and related activities,50 - 249,0.3,,,
private,524,Insurance carriers and related activities,250 - 999,0.2,,,0.4
private,524,Insurance carriers and related activities,"1,000+",0.2,,0.1,0.2
private,5241,Insurance carriers,Total all sizes,0.2,,,
private,5241,Insurance carriers,50 - 249,0.4,,,
private,5241,Insurance carriers,250 - 999,0.3,,0.1,0.4
private,5241,Insurance carriers,"1,000+",0.2,,0.1,0.2
private,52411,"Direct life, health, and medical insurance carriers",Total all sizes,0.2,,,
private,52411,"Direct life, health, and medical insurance carriers",50 - 249,0.3,,,0.6
private,52411,"Direct life, health, and medical insurance carriers",250 - 999,0.2,,0.1,0.3
private,52411,"Direct life, health, and medical insurance carriers","1,000+",0.1,,0.1,0.2
private,52412,"Direct insurance (except life, health, and medical) carriers",Total all sizes,0.3,,,
private,52412,"Direct insurance (except life, health, and medical) carriers",50 - 249,0.4,,,
private,52412,"Direct insurance (except life, health, and medical) carriers",250 - 999,0.3,,0.2,0.5
private,52412,"Direct insurance (except life, health, and medical) carriers","1,000+",0.4,0.1,0.2,0.6
private,52413,Reinsurance carriers,Total all sizes,,,,
private,52413,Reinsurance carriers,250 - 999,,,,
private,52413,Reinsurance carriers,"1,000+",,,,
private,5242,"Agencies, brokerages, and other insurance related activities",50 - 249,0.2,,,
private,5242,"Agencies, brokerages, and other insurance related activities",250 - 999,0.1,,,0.3
private,5242,"Agencies, brokerages, and other insurance related activities","1,000+",0.2,,0.1,0.2
private,52421,Insurance agencies and brokerages,50 - 249,0.2,,,
private,52421,Insurance agencies and brokerages,250 - 999,0.2,,,0.4
private,52421,Insurance agencies and brokerages,"1,000+",0.2,,0.1,0.1
private,52429,Other insurance related activities,"1,000+",0.2,,,
private,,Real estate and rental and leasing,Total all sizes,1.6,,,
private,,Real estate and rental and leasing,11 - 49,1.6,,,
private,,Real estate and rental and leasing,50 - 249,2.4,,1.6,4
private,,Real estate and rental and leasing,250 - 999,2,,0.7,3.2
private,,Real estate and rental and leasing,"1,000+",2.3,0.1,0.8,4.1
private,531,Real estate,Total all sizes,1.4,,,
private,531,Real estate,11 - 49,1.4,,,
private,531,Real estate,50 - 249,2.3,,1.6,3.8
private,531,Real estate,250 - 999,1.9,,0.7,3.1
private,531,Real estate,"1,000+",2.6,,,
private,5311,Lessors of real estate,Total all sizes,2,,,
private,5311,Lessors of real estate,11 - 49,1.8,,,
private,5311,Lessors of real estate,50 - 249,3.3,,2.2,7.1
private,5311,Lessors of real estate,250 - 999,1.9,,0.2,3
private,5311,Lessors of real estate,"1,000+",3,,,
private,53111,Lessors of residential buildings and dwellings,Total all sizes,2.4,,,
private,53111,Lessors of residential buildings and dwellings,11 - 49,2,,,
private,53111,Lessors of residential buildings and dwellings,50 - 249,3.8,,2.9,7.9
private,53111,Lessors of residential buildings and dwellings,250 - 999,2.1,,,3.3
private,53112,Lessors of nonresidential buildings (except miniwarehouses),Total all sizes,1.4,,,
private,53112,Lessors of nonresidential buildings (except miniwarehouses),11 - 49,1.2,,,
private,53112,Lessors of nonresidential buildings (except miniwarehouses),50 - 249,2.1,,0.8,4.9
private,53112,Lessors of nonresidential buildings (except miniwarehouses),250 - 999,1.8,,,
private,53119,Lessors of other real estate property,Total all sizes,2,,,
private,53119,Lessors of other real estate property,50 - 249,4.6,,,
private,53119,Lessors of other real estate property,250 - 999,,,,
private,5312,Offices of real estate agents and brokers,Total all sizes,0.3,,,
private,5312,Offices of real estate agents and brokers,11 - 49,0.9,,,
private,5312,Offices of real estate agents and brokers,50 - 249,1,,,2
private,5312,Offices of real estate agents and brokers,250 - 999,0.6,,,0.6
private,5313,Activities related to real estate,Total all sizes,1.5,,,
private,5313,Activities related to real estate,11 - 49,1.2,,,
private,5313,Activities related to real estate,50 - 249,2.1,,1.6,2.8
private,5313,Activities related to real estate,250 - 999,2.6,0.6,1.5,4.3
private,5313,Activities related to real estate,"1,000+",2.5,,,
private,53131,Real estate property managers,Total all sizes,1.8,,,
private,53131,Real estate property managers,11 - 49,1.4,,,
private,53131,Real estate property managers,50 - 249,2.3,,1.6,2.8
private,53131,Real estate property managers,250 - 999,2.7,0.6,1.8,4.8
private,53131,Real estate property managers,"1,000+",2.6,,,
private,532,Rental and leasing services,Total all sizes,2.3,,,
private,532,Rental and leasing services,11 - 49,2.2,,,
private,532,Rental and leasing services,50 - 249,2.5,,2.2,4.7
private,532,Rental and leasing services,250 - 999,2.6,,2.7,3.9
private,5321,Automotive equipment rental and leasing,Total all sizes,2.8,,,
private,5321,Automotive equipment rental and leasing,11 - 49,3.3,,,3.9
private,5321,Automotive equipment rental and leasing,50 - 249,3.5,1.6,3.4,5.1
private,5321,Automotive equipment rental and leasing,250 - 999,2.6,,1.5,4.3
private,53211,Passenger car rental and leasing,Total all sizes,2.4,,,
private,53211,Passenger car rental and leasing,11 - 49,1.9,,,3.9
private,53211,Passenger car rental and leasing,50 - 249,3.5,1,4.1,5.1
private,53211,Passenger car rental and leasing,250 - 999,1.9,,,
private,53212,"Truck, utility trailer, and RV (recreational vehicle) rental and leasing",Total all sizes,3.3,,,
private,53212,"Truck, utility trailer, and RV (recreational vehicle) rental and leasing",11 - 49,3.9,,,3.7
private,53212,"Truck, utility trailer, and RV (recreational vehicle) rental and leasing",50 - 249,3.7,1.6,2.2,4
private,53212,"Truck, utility trailer, and RV (recreational vehicle) rental and leasing",250 - 999,3.8,,,
private,5322,Consumer goods rental,Total all sizes,2.7,,,
private,5322,Consumer goods rental,1 - 10,2.6,,,
private,5322,Consumer goods rental,11 - 49,2.7,,,
private,5322,Consumer goods rental,50 - 249,2.2,,1.1,4.7
private,5322,Consumer goods rental,250 - 999,4.6,,,
private,53228,Other consumer goods rental,Total all sizes,2.8,,,
private,53228,Other consumer goods rental,1 - 10,2.9,,,
private,53228,Other consumer goods rental,11 - 49,2.8,,,
private,53228,Other consumer goods rental,50 - 249,2.2,,1.1,4.7
private,53228,Other consumer goods rental,250 - 999,5.6,,,
private,532281,Formal wear and costume rental,Total all sizes,1.8,,,
private,532281,Formal wear and costume rental,250 - 999,6.5,,,
private,532283,Home health equipment rental,Total all sizes,1.4,,,
private,532283,Home health equipment rental,11 - 49,3.4,,,
private,532283,Home health equipment rental,50 - 249,1.1,,,
private,532283,Home health equipment rental,250 - 999,1.7,,,
private,532289,All other consumer goods rental,Total all sizes,4.4,,,
private,532289,All other consumer goods rental,1 - 10,6.6,,,
private,532289,All other consumer goods rental,11 - 49,3.1,,,5.4
private,532289,All other consumer goods rental,50 - 249,3.3,,,
private,532289,All other consumer goods rental,250 - 999,8.5,,,
private,5324,Commercial and industrial machinery and equipment rental and leasing,Total all sizes,1.1,,,
private,5324,Commercial and industrial machinery and equipment rental and leasing,11 - 49,1.1,,,
private,5324,Commercial and industrial machinery and equipment rental and leasing,50 - 249,1.3,,0.8,2.5
private,5324,Commercial and industrial machinery and equipment rental and leasing,250 - 999,0.2,,,
private,53241,"Construction, transportation, mining, and forestry machinery and equipment rental and leasing",Total all sizes,0.9,,,
private,53241,"Construction, transportation, mining, and forestry machinery and equipment rental and leasing",11 - 49,0.8,,,
private,53241,"Construction, transportation, mining, and forestry machinery and equipment rental and leasing",50 - 249,1.5,,,1.7
private,53249,Other commercial and industrial machinery and equipment rental and leasing,Total all sizes,1.3,,,
private,53249,Other commercial and industrial machinery and equipment rental and leasing,11 - 49,1.9,,,
private,53249,Other commercial and industrial machinery and equipment rental and leasing,50 - 249,1.2,,1.3,3
private,533,Lessors of nonfinancial intangible assets (except copyrighted works),Total all sizes,0.1,,,
private,533,Lessors of nonfinancial intangible assets (except copyrighted works),250 - 999,0.3,,,
private,,Professional and business services,Total all sizes,1,,,
private,,Professional and business services,1 - 10,0.5,,,
private,,Professional and business services,11 - 49,1.5,,,
private,,Professional and business services,50 - 249,1.2,,,1.2
private,,Professional and business services,250 - 999,0.8,,0.2,0.9
private,,Professional and business services,"1,000+",0.5,,0.1,0.5
private,,"Professional, scientific, and technical services",Total all sizes,0.7,,,
private,,"Professional, scientific, and technical services",11 - 49,1.3,,,
private,,"Professional, scientific, and technical services",50 - 249,0.8,,,
private,,"Professional, scientific, and technical services",250 - 999,0.3,,,0.4
private,,"Professional, scientific, and technical services","1,000+",0.3,,0.1,0.2
private,541,"Professional, scientific, and technical services",Total all sizes,0.7,,,
private,541,"Professional, scientific, and technical services",11 - 49,1.3,,,
private,541,"Professional, scientific, and technical services",50 - 249,0.8,,,
private,541,"Professional, scientific, and technical services",250 - 999,0.3,,,0.4
private,541,"Professional, scientific, and technical services","1,000+",0.3,,0.1,0.2
private,5411,Legal services,Total all sizes,0.1,,,
private,5411,Legal services,11 - 49,0.1,,,
private,5411,Legal services,50 - 249,0.2,,,
private,5411,Legal services,250 - 999,0.2,,,0.4
private,5411,Legal services,"1,000+",0.2,,,
private,5412,"Accounting, tax preparation, bookkeeping, and payroll services",Total all sizes,0.2,,,
private,5412,"Accounting, tax preparation, bookkeeping, and payroll services",50 - 249,0.3,,,
private,5412,"Accounting, tax preparation, bookkeeping, and payroll services",250 - 999,0.2,,,0.2
private,5412,"Accounting, tax preparation, bookkeeping, and payroll services","1,000+",0.1,,,0.3
private,54121,"Accounting, tax preparation, bookkeeping, and payroll services",Total all sizes,0.2,,,
private,54121,"Accounting, tax preparation, bookkeeping, and payroll services",50 - 249,0.3,,,
private,54121,"Accounting, tax preparation, bookkeeping, and payroll services",250 - 999,0.2,,,0.2
private,54121,"Accounting, tax preparation, bookkeeping, and payroll services","1,000+",0.1,,,0.3
private,541211,Offices of certified public accountants,Total all sizes,0.1,,,
private,541211,Offices of certified public accountants,50 - 249,0.2,,,
private,541211,Offices of certified public accountants,250 - 999,0.1,,,
private,541211,Offices of certified public accountants,"1,000+",,,,
private,541219,Other accounting services,Total all sizes,0.3,,,
private,541219,Other accounting services,50 - 249,0.3,,,
private,541219,Other accounting services,"1,000+",0.3,,,
private,5413,"Architectural, engineering, and related services",Total all sizes,0.6,,,
private,5413,"Architectural, engineering, and related services",11 - 49,0.7,,,
private,5413,"Architectural, engineering, and related services",50 - 249,0.7,,,0.5
private,5413,"Architectural, engineering, and related services",250 - 999,0.4,,,0.4
private,5413,"Architectural, engineering, and related services","1,000+",0.3,0.1,0.2,0.3
private,54131,Architectural services,Total all sizes,0.3,,,
private,54131,Architectural services,11 - 49,0.7,,,
private,54131,Architectural services,250 - 999,0.2,,,
private,54133,Engineering services,Total all sizes,0.5,,,
private,54133,Engineering services,11 - 49,0.6,,,
private,54133,Engineering services,50 - 249,0.6,,,0.6
private,54133,Engineering services,250 - 999,0.4,,,0.4
private,54133,Engineering services,"1,000+",0.2,0.1,0.1,0.2
private,54135,Building inspection services,Total all sizes,1.1,,,
private,54136,Geophysical surveying and mapping services,50 - 249,1,,,
private,54137,Surveying and mapping (except geophysical) services,11 - 49,0.9,,,
private,54138,Testing laboratories,Total all sizes,0.9,,,
private,54138,Testing laboratories,11 - 49,1.2,,,
private,54138,Testing laboratories,50 - 249,1.1,,,1.7
private,54138,Testing laboratories,250 - 999,1,,,
private,54138,Testing laboratories,"1,000+",0.4,,,
private,5414,Specialized design services,Total all sizes,0.2,,,
private,5414,Specialized design services,250 - 999,0.1,,,
private,5415,Computer systems design and related services,Total all sizes,0.2,,,
private,5415,Computer systems design and related services,50 - 249,0.3,,,
private,5415,Computer systems design and related services,250 - 999,0.1,,,0.1
private,5415,Computer systems design and related services,"1,000+",0.1,,0.1,0.2
private,54151,Computer systems design and related services,Total all sizes,0.2,,,
private,54151,Computer systems design and related services,50 - 249,0.3,,,
private,54151,Computer systems design and related services,250 - 999,0.1,,,0.1
private,54151,Computer systems design and related services,"1,000+",0.1,,0.1,0.2
private,541511,Custom computer programming services,Total all sizes,0.2,,,
private,541511,Custom computer programming services,11 - 49,0.7,,,
private,541511,Custom computer programming services,250 - 999,0.2,,,0.3
private,541511,Custom computer programming services,"1,000+",0.1,,,0.1
private,541512,Computer systems design services,11 - 49,0.4,,,
private,541512,Computer systems design services,50 - 249,0.5,,,
private,541512,Computer systems design services,250 - 999,0.1,,,
private,541512,Computer systems design services,"1,000+",0.1,,0.1,0.2
private,5416,"Management, scientific, and technical consulting services",Total all sizes,0.3,,,
private,5416,"Management, scientific, and technical consulting services",11 - 49,0.4,,,
private,5416,"Management, scientific, and technical consulting services",50 - 249,0.4,,,
private,5416,"Management, scientific, and technical consulting services",250 - 999,0.3,,,0.5
private,5416,"Management, scientific, and technical consulting services","1,000+",0.3,,,0.3
private,54161,Management consulting services,Total all sizes,0.2,,,
private,54161,Management consulting services,11 - 49,0.3,,,
private,54161,Management consulting services,50 - 249,0.3,,,
private,54161,Management consulting services,250 - 999,0.2,,,0.4
private,54161,Management consulting services,"1,000+",0.3,,,0.3
private,54162,Environmental consulting services,50 - 249,1.5,,1.6,1.6
private,54169,Other scientific and technical consulting services,Total all sizes,0.6,,,
private,5417,Scientific research and development services,Total all sizes,0.6,,,
private,5417,Scientific research and development services,50 - 249,0.6,,,0.8
private,5417,Scientific research and development services,250 - 999,0.5,,0.2,0.8
private,5417,Scientific research and development services,"1,000+",0.7,0.1,0.3,0.9
private,5418,"Advertising, public relations, and related services",Total all sizes,0.6,,,
private,5418,"Advertising, public relations, and related services",11 - 49,0.8,,,
private,5418,"Advertising, public relations, and related services",50 - 249,0.6,,,
private,5418,"Advertising, public relations, and related services",250 - 999,0.8,,0.3,1.4
private,5419,"Other professional, scientific, and technical services",Total all sizes,5.6,,,
private,5419,"Other professional, scientific, and technical services",11 - 49,7.9,,,12.2
private,5419,"Other professional, scientific, and technical services",50 - 249,7.6,,1.6,13.1
private,5419,"Other professional, scientific, and technical services",250 - 999,0.9,,,0.9
private,54192,Photographic services,Total all sizes,0.6,,,
private,54194,Veterinary services,Total all sizes,11.1,,,11.6
private,54194,Veterinary services,11 - 49,11.6,,6.9,16.2
private,54194,Veterinary services,50 - 249,17,7.1,13.1,22.1
private,54199,"All other professional, scientific, and technical services",Total all sizes,0.4,,,
private,54199,"All other professional, scientific, and technical services",11 - 49,0.5,,,
private,,Management of companies and enterprises,Total all sizes,0.5,,,
private,,Management of companies and enterprises,11 - 49,0.8,,,
private,,Management of companies and enterprises,50 - 249,0.8,,,1
private,,Management of companies and enterprises,250 - 999,0.5,,0.2,0.6
private,,Management of companies and enterprises,"1,000+",0.2,,0.1,0.3
private,,Administrative and support and waste management and remediation services,Total all sizes,1.8,,,
private,,Administrative and support and waste management and remediation services,11 - 49,1.9,,,
private,,Administrative and support and waste management and remediation services,50 - 249,2.2,,,3
private,,Administrative and support and waste management and remediation services,250 - 999,1.9,,1.1,3.1
private,,Administrative and support and waste management and remediation services,"1,000+",1.3,0.1,0.9,2
private,561,Administrative and support services,Total all sizes,1.6,,,
private,561,Administrative and support services,11 - 49,1.7,,,
private,561,Administrative and support services,50 - 249,1.9,,,2.6
private,561,Administrative and support services,250 - 999,1.8,,1.1,2.9
private,561,Administrative and support services,"1,000+",1.3,0.1,0.9,2
private,5611,Office administrative services,Total all sizes,0.6,,,
private,5611,Office administrative services,11 - 49,0.4,,,
private,5611,Office administrative services,50 - 249,0.7,,,
private,5611,Office administrative services,250 - 999,1,,0.3,1.5
private,5611,Office administrative services,"1,000+",0.3,,0.1,0.3
private,5612,Facilities support services,Total all sizes,2.1,,,
private,5612,Facilities support services,11 - 49,1.3,,,
private,5612,Facilities support services,50 - 249,2.3,,0.9,3.9
private,5612,Facilities support services,250 - 999,2.9,0.7,1.8,4
private,5613,Employment services,Total all sizes,0.6,,,
private,5613,Employment services,11 - 49,0.4,,,
private,5613,Employment services,50 - 249,0.9,,,
private,5613,Employment services,250 - 999,0.9,,,1.2
private,5613,Employment services,"1,000+",0.4,,,
private,56131,Employment placement agencies and executive search services,Total all sizes,0.3,,,
private,56131,Employment placement agencies and executive search services,50 - 249,0.6,,,
private,56132,Temporary help services,Total all sizes,0.7,,,
private,56132,Temporary help services,11 - 49,0.5,,,
private,56132,Temporary help services,50 - 249,1,,,
private,56132,Temporary help services,250 - 999,1.1,,,2.4
private,56132,Temporary help services,"1,000+",0.5,,,
private,56133,Professional employer organizations,Total all sizes,0.5,,,
private,56133,Professional employer organizations,50 - 249,1.5,,,3.4
private,5614,Business support services,Total all sizes,0.5,,,
private,5614,Business support services,11 - 49,0.4,,,
private,5614,Business support services,50 - 249,0.8,,,0.7
private,5614,Business support services,250 - 999,0.6,,,0.8
private,5614,Business support services,"1,000+",0.1,,,0.2
private,56141,Document preparation services,Total all sizes,0.3,,,
private,56141,Document preparation services,50 - 249,0.7,,,1.7
private,56142,Telephone call centers,Total all sizes,0.4,,,
private,56142,Telephone call centers,50 - 249,0.3,,,
private,56142,Telephone call centers,250 - 999,0.6,,,0.6
private,56142,Telephone call centers,"1,000+",0.1,,,0.2
private,56144,Collection agencies,Total all sizes,0.3,,,
private,56144,Collection agencies,50 - 249,0.5,,,0.5
private,56149,Other business support services,Total all sizes,1.1,,,
private,56149,Other business support services,50 - 249,2.1,,1.2,3.2
private,56149,Other business support services,250 - 999,1.1,,,
private,5615,Travel arrangement and reservation services,Total all sizes,0.7,,,
private,5615,Travel arrangement and reservation services,50 - 249,1.3,,,2.5
private,5615,Travel arrangement and reservation services,250 - 999,1.1,,0.2,2.9
private,56152,Tour operators,50 - 249,2.1,,,
private,56152,Tour operators,250 - 999,,,,
private,56159,Other travel arrangement and reservation services,Total all sizes,1.4,,,
private,56159,Other travel arrangement and reservation services,250 - 999,1.5,,,
private,5616,Investigation and security services,Total all sizes,1.5,,,
private,5616,Investigation and security services,11 - 49,1.2,,,
private,5616,Investigation and security services,50 - 249,1.8,,,2.3
private,5616,Investigation and security services,250 - 999,1.7,,0.9,2.8
private,5616,Investigation and security services,"1,000+",1.3,0.8,1.2,2
private,56161,"Investigation, guard, and armored car services",Total all sizes,1.5,,,
private,56161,"Investigation, guard, and armored car services",11 - 49,0.9,,,
private,56161,"Investigation, guard, and armored car services",50 - 249,1.9,,,2.9
private,56161,"Investigation, guard, and armored car services",250 - 999,1.8,,1,3
private,56161,"Investigation, guard, and armored car services","1,000+",1.3,0.8,1.2,2
private,561611,Investigation services,Total all sizes,1,,,
private,561611,Investigation services,50 - 249,2.9,,,
private,561611,Investigation services,"1,000+",1.3,,,
private,561612,Security guards and patrol services,Total all sizes,1.4,,,
private,561612,Security guards and patrol services,11 - 49,0.8,,,
private,561612,Security guards and patrol services,50 - 249,1.5,,,1.7
private,561612,Security guards and patrol services,250 - 999,1.8,,0.9,2.9
private,561612,Security guards and patrol services,"1,000+",1.3,0.8,1.2,2
private,561613,Armored car services,Total all sizes,4.4,2,4.1,4.7
private,561613,Armored car services,11 - 49,3.3,,,
private,561613,Armored car services,50 - 249,4.4,4.1,4.1,4.7
private,56162,Security systems services,Total all sizes,1.4,,,
private,56162,Security systems services,11 - 49,1.5,,,
private,56162,Security systems services,50 - 249,1.5,,,1.6
private,56162,Security systems services,250 - 999,0.8,,,
private,5617,Services to buildings and dwellings,Total all sizes,2.6,,,
private,5617,Services to buildings and dwellings,11 - 49,2.9,,,3.4
private,5617,Services to buildings and dwellings,50 - 249,3,,1.3,4.1
private,5617,Services to buildings and dwellings,250 - 999,3,1.1,2.3,4.1
private,5617,Services to buildings and dwellings,"1,000+",3,1.1,2,4.2
private,56171,Exterminating and pest control services,Total all sizes,2.2,,,
private,56171,Exterminating and pest control services,11 - 49,2.6,,,5.3
private,56171,Exterminating and pest control services,50 - 249,3.8,,3.5,5.8
private,56172,Janitorial services,Total all sizes,2.5,,,
private,56172,Janitorial services,11 - 49,2.4,,,
private,56172,Janitorial services,50 - 249,2.7,,0.8,3.4
private,56172,Janitorial services,250 - 999,3,1.1,2.4,3.7
private,56172,Janitorial services,"1,000+",2.7,1.1,1.8,3.1
private,56173,Landscaping services,Total all sizes,3,,,
private,56173,Landscaping services,11 - 49,3.1,,,4.6
private,56173,Landscaping services,50 - 249,3.3,,2,4.7
private,56173,Landscaping services,250 - 999,3.1,1.2,2.2,4.7
private,56173,Landscaping services,"1,000+",5,,,
private,56174,Carpet and upholstery cleaning services,Total all sizes,5.6,,,
private,56174,Carpet and upholstery cleaning services,11 - 49,8.6,,6.3,26.9
private,56174,Carpet and upholstery cleaning services,50 - 249,4.1,,,
private,56179,Other services to buildings and dwellings,Total all sizes,1,,,
private,56179,Other services to buildings and dwellings,50 - 249,1.5,,,
private,5619,Other support services,Total all sizes,2.1,,,
private,5619,Other support services,11 - 49,3.1,,,5
private,5619,Other support services,50 - 249,2.4,,1.1,3.9
private,5619,Other support services,250 - 999,1.8,1.1,1.1,2.2
private,562,Waste management and remediation services,Total all sizes,3.5,,,
private,562,Waste management and remediation services,1 - 10,1.8,,,
private,562,Waste management and remediation services,11 - 49,3.6,,,5.7
private,562,Waste management and remediation services,50 - 249,3.7,1.3,2.4,4.8
private,562,Waste management and remediation services,250 - 999,5.1,2.4,4.5,7.3
private,5621,Waste collection,Total all sizes,4.7,,,2.9
private,5621,Waste collection,1 - 10,2.4,,,
private,5621,Waste collection,11 - 49,4.7,,2.2,5.8
private,5621,Waste collection,50 - 249,4.7,1.5,3.4,5.8
private,5621,Waste collection,250 - 999,6.3,2.4,7.3,8.4
private,56211,Waste collection,Total all sizes,4.7,,,2.9
private,56211,Waste collection,1 - 10,2.4,,,
private,56211,Waste collection,11 - 49,4.7,,2.2,5.8
private,56211,Waste collection,50 - 249,4.7,1.5,3.4,5.8
private,56211,Waste collection,250 - 999,6.3,2.4,7.3,8.4
private,562111,Solid waste collection,Total all sizes,5,,,3.7
private,562111,Solid waste collection,1 - 10,2.5,,,
private,562111,Solid waste collection,11 - 49,5.3,,3.6,6.4
private,562111,Solid waste collection,50 - 249,5.1,2.6,3.5,6.4
private,562111,Solid waste collection,250 - 999,6.2,2.4,7,7.3
private,5622,Waste treatment and disposal,Total all sizes,2.5,,,1.9
private,5622,Waste treatment and disposal,11 - 49,2.2,,,4.3
private,5622,Waste treatment and disposal,50 - 249,3.1,1.3,2.4,4.2
private,5622,Waste treatment and disposal,250 - 999,2.5,,,
private,5622,Waste treatment and disposal,"1,000+",0.4,,,
private,56221,Waste treatment and disposal,Total all sizes,2.5,,,1.9
private,56221,Waste treatment and disposal,11 - 49,2.2,,,4.3
private,56221,Waste treatment and disposal,50 - 249,3.1,1.3,2.4,4.2
private,56221,Waste treatment and disposal,250 - 999,2.5,,,
private,56221,Waste treatment and disposal,"1,000+",0.4,,,
private,562211,Hazardous waste treatment and disposal,Total all sizes,1.9,,,4.1
private,562211,Hazardous waste treatment and disposal,50 - 249,2.4,1.2,2,3.2
private,562211,Hazardous waste treatment and disposal,250 - 999,1.6,,,
private,562211,Hazardous waste treatment and disposal,"1,000+",0.4,,,
private,562212,Solid waste landfill,Total all sizes,2.9,,,
private,562212,Solid waste landfill,11 - 49,2.4,,,4.3
private,562212,Solid waste landfill,50 - 249,3.6,2.2,4.2,4.2
private,562212,Solid waste landfill,250 - 999,5.8,,,
private,562213,Solid waste combustors and incinerators,50 - 249,3.2,,,
private,5629,Remediation and other waste management services,Total all sizes,2.7,,,
private,5629,Remediation and other waste management services,1 - 10,1.2,,,
private,5629,Remediation and other waste management services,11 - 49,3.4,,,7.3
private,5629,Remediation and other waste management services,50 - 249,2.5,,1.4,2.4
private,5629,Remediation and other waste management services,250 - 999,4,,,
private,56291,Remediation services,Total all sizes,2.4,,,
private,56291,Remediation services,11 - 49,3.1,,,4.4
private,56291,Remediation services,50 - 249,2.3,,1.3,2.3
private,56291,Remediation services,250 - 999,3.9,,,
private,56292,Materials recovery facilities,Total all sizes,5.9,,,3.1
private,56292,Materials recovery facilities,11 - 49,11,,,
private,56292,Materials recovery facilities,50 - 249,4.3,,,
private,56299,All other waste management services,Total all sizes,1.8,,,
private,56299,All other waste management services,11 - 49,2.1,,,8.9
private,56299,All other waste management services,50 - 249,1.4,,1.2,2.3
private,,Educational and health services,Total all sizes,3.2,,,
private,,Educational and health services,1 - 10,1.1,,,
private,,Educational and health services,11 - 49,2.2,,,
private,,Educational and health services,50 - 249,3.6,,1.8,5.1
private,,Educational and health services,250 - 999,3.7,0.8,2.7,5.4
private,,Educational and health services,"1,000+",4.1,1.7,4.2,6.1
private,,Educational services,Total all sizes,1.7,,,
private,,Educational services,11 - 49,1.6,,,
private,,Educational services,50 - 249,2.1,,,2.6
private,,Educational services,250 - 999,2.3,0.3,1.2,2.6
private,,Educational services,"1,000+",1.3,0.5,1.1,1.9
private,611,Educational services,Total all sizes,1.7,,,
private,611,Educational services,11 - 49,1.6,,,
private,611,Educational services,50 - 249,2.1,,,2.6
private,611,Educational services,250 - 999,2.3,0.3,1.2,2.6
private,611,Educational services,"1,000+",1.3,0.5,1.1,1.9
private,6111,Elementary and secondary schools,Total all sizes,2.4,,,1.4
private,6111,Elementary and secondary schools,11 - 49,1.7,,,
private,6111,Elementary and secondary schools,50 - 249,2.3,,0.7,3
private,6111,Elementary and secondary schools,250 - 999,3.8,0.5,1.6,4.1
private,6111,Elementary and secondary schools,"1,000+",1.3,,,
private,6112,Junior colleges,Total all sizes,1.1,,,
private,6112,Junior colleges,250 - 999,1.2,,,
private,6113,"Colleges, universities, and professional schools",Total all sizes,1.3,,,
private,6113,"Colleges, universities, and professional schools",11 - 49,1.1,,,
private,6113,"Colleges, universities, and professional schools",50 - 249,1.1,,,1.1
private,6113,"Colleges, universities, and professional schools",250 - 999,1.5,0.4,1.1,2
private,6113,"Colleges, universities, and professional schools","1,000+",1.3,0.6,1.1,1.9
private,6115,Technical and trade schools,Total all sizes,0.6,,,
private,6115,Technical and trade schools,50 - 249,1.2,,,1.5
private,6115,Technical and trade schools,250 - 999,0.6,,,
private,6116,Other schools and instruction,50 - 249,3.3,,,3.1
private,6116,Other schools and instruction,250 - 999,0.8,,,
private,61161,Fine arts schools,Total all sizes,0.5,,,
private,61161,Fine arts schools,50 - 249,1.3,,,3.1
private,61161,Fine arts schools,250 - 999,,,,
private,61162,Sports and recreation instruction,50 - 249,3.1,,,3.5
private,61162,Sports and recreation instruction,250 - 999,4,,,
private,61169,All other schools and instruction,Total all sizes,1.2,,,
private,61169,All other schools and instruction,50 - 249,4.2,,,4.5
private,6117,Educational support services,Total all sizes,0.8,,,
private,6117,Educational support services,11 - 49,0.3,,,
private,6117,Educational support services,50 - 249,1.2,,,
private,6117,Educational support services,250 - 999,3.1,,0.4,12
private,6117,Educational support services,"1,000+",,,,
private,,Health care and social assistance,Total all sizes,3.4,,,
private,,Health care and social assistance,1 - 10,1.2,,,
private,,Health care and social assistance,11 - 49,2.3,,,
private,,Health care and social assistance,50 - 249,3.9,,2,5.3
private,,Health care and social assistance,250 - 999,3.9,1.1,3.1,5.5
private,,Health care and social assistance,"1,000+",4.5,2.5,4.6,6.4
private,621,Ambulatory health care services,Total all sizes,2,,,
private,621,Ambulatory health care services,11 - 49,2,,,
private,621,Ambulatory health care services,50 - 249,2.4,,0.8,3.6
private,621,Ambulatory health care services,250 - 999,2.8,0.5,1.9,3.9
private,621,Ambulatory health care services,"1,000+",2,0.3,1.2,3.2
private,6211,Offices of physicians,Total all sizes,1.8,,,
private,6211,Offices of physicians,1 - 10,0.5,,,
private,6211,Offices of physicians,11 - 49,1.7,,,
private,6211,Offices of physicians,50 - 249,1.9,,0.6,2.8
private,6211,Offices of physicians,250 - 999,2.3,0.7,1.8,2.9
private,6211,Offices of physicians,"1,000+",2.7,1,1.8,3.5
private,62111,Offices of physicians,Total all sizes,1.8,,,
private,62111,Offices of physicians,1 - 10,0.5,,,
private,62111,Offices of physicians,11 - 49,1.7,,,
private,62111,Offices of physicians,50 - 249,1.9,,0.6,2.8
private,62111,Offices of physicians,250 - 999,2.3,0.7,1.8,2.9
private,62111,Offices of physicians,"1,000+",2.7,1,1.8,3.5
private,621111,Offices of physicians (except mental health specialists),Total all sizes,1.8,,,
private,621111,Offices of physicians (except mental health specialists),11 - 49,1.7,,,
private,621111,Offices of physicians (except mental health specialists),50 - 249,1.9,,,2.9
private,621111,Offices of physicians (except mental health specialists),250 - 999,2.3,0.7,1.8,2.9
private,621111,Offices of physicians (except mental health specialists),"1,000+",2.7,1,1.8,3.5
private,621112,"Offices of physicians, mental health specialists",Total all sizes,1.8,,,
private,621112,"Offices of physicians, mental health specialists",250 - 999,3.6,,,
private,6212,Offices of dentists,Total all sizes,1.4,,,
private,6212,Offices of dentists,11 - 49,1.6,,,
private,6212,Offices of dentists,50 - 249,1.7,,,2.8
private,6212,Offices of dentists,250 - 999,2.7,,,
private,6213,Offices of other health practitioners,Total all sizes,1.3,,,
private,6213,Offices of other health practitioners,11 - 49,1.2,,,
private,6213,Offices of other health practitioners,50 - 249,2,,,2.4
private,6213,Offices of other health practitioners,250 - 999,5.9,1.4,2.7,6.1
private,6213,Offices of other health practitioners,"1,000+",2.1,,,
private,6214,Outpatient care centers,Total all sizes,3.5,,,0.8
private,6214,Outpatient care centers,1 - 10,2.5,,,
private,6214,Outpatient care centers,11 - 49,3.7,,,4.9
private,6214,Outpatient care centers,50 - 249,3.3,,1.9,5.3
private,6214,Outpatient care centers,250 - 999,3.6,1.8,3.4,4.7
private,6214,Outpatient care centers,"1,000+",3.7,3.2,4.1,5.5
private,6215,Medical and diagnostic laboratories,Total all sizes,2.6,,,
private,6215,Medical and diagnostic laboratories,1 - 10,6.2,,,
private,6215,Medical and diagnostic laboratories,11 - 49,2.2,,,2.6
private,6215,Medical and diagnostic laboratories,50 - 249,2.3,,1.5,5.2
private,6215,Medical and diagnostic laboratories,250 - 999,2.2,0.4,1.1,3.1
private,6215,Medical and diagnostic laboratories,"1,000+",1.5,0.9,2,2.1
private,6216,Home health care services,Total all sizes,1.6,,,
private,6216,Home health care services,11 - 49,1.8,,,
private,6216,Home health care services,50 - 249,2.1,,,3.6
private,6216,Home health care services,250 - 999,1.5,,0.5,2.5
private,6216,Home health care services,"1,000+",0.7,0.1,0.3,0.8
private,6219,Other ambulatory health care services,Total all sizes,4.2,,,
private,6219,Other ambulatory health care services,11 - 49,2.5,,,2.2
private,6219,Other ambulatory health care services,50 - 249,5,,3.6,7.3
private,6219,Other ambulatory health care services,250 - 999,6.2,2.6,5.6,10.6
private,6219,Other ambulatory health care services,"1,000+",6.3,,,
private,62191,Ambulance services,Total all sizes,5.9,,,5.5
private,62191,Ambulance services,11 - 49,3.8,,,6
private,62191,Ambulance services,50 - 249,6.9,2.9,5.7,10
private,62191,Ambulance services,250 - 999,7.8,4.6,9.9,11.4
private,62191,Ambulance services,"1,000+",6.3,,,
private,62199,All other ambulatory health care services,Total all sizes,2.7,,,
private,62199,All other ambulatory health care services,11 - 49,1.1,,,
private,62199,All other ambulatory health care services,50 - 249,3.3,,1.6,5.4
private,62199,All other ambulatory health care services,250 - 999,4.7,2.6,3.6,7.3
private,622,Hospitals,Total all sizes,5.1,,2.9,5.7
private,622,Hospitals,11 - 49,2.9,,,6
private,622,Hospitals,50 - 249,4.4,1.6,2.8,5.7
private,622,Hospitals,250 - 999,5.1,3,4.7,6.6
private,622,Hospitals,"1,000+",5.2,3.9,5.2,6.7
private,6221,General medical and surgical hospitals,Total all sizes,5.1,,2.8,5.4
private,6221,General medical and surgical hospitals,50 - 249,3.5,1.4,2.4,4.5
private,6221,General medical and surgical hospitals,250 - 999,4.9,3,4.5,6.2
private,6221,General medical and surgical hospitals,"1,000+",5.2,4,5.3,6.8
private,6222,Psychiatric and substance abuse hospitals,Total all sizes,6.9,,4.5,9.4
private,6222,Psychiatric and substance abuse hospitals,11 - 49,5.3,,,
private,6222,Psychiatric and substance abuse hospitals,50 - 249,7.2,2.6,5.6,10.3
private,6222,Psychiatric and substance abuse hospitals,250 - 999,6.9,3.8,6,9.4
private,6222,Psychiatric and substance abuse hospitals,"1,000+",6.9,,,
private,6223,Specialty (except psychiatric and substance abuse) hospitals,Total all sizes,4.1,,2.6,5.5
private,6223,Specialty (except psychiatric and substance abuse) hospitals,11 - 49,5.1,,,
private,6223,Specialty (except psychiatric and substance abuse) hospitals,50 - 249,4.5,1.6,3.9,6.4
private,6223,Specialty (except psychiatric and substance abuse) hospitals,250 - 999,4.7,2.2,4.6,6.3
private,6223,Specialty (except psychiatric and substance abuse) hospitals,"1,000+",3.6,2.3,3,4.5
private,623,Nursing and residential care facilities,Total all sizes,5.5,,,4.7
private,623,Nursing and residential care facilities,1 - 10,2.7,,,
private,623,Nursing and residential care facilities,11 - 49,3.8,,,5.5
private,623,Nursing and residential care facilities,50 - 249,6.2,1.7,4.5,8.5
private,623,Nursing and residential care facilities,250 - 999,5.9,3.1,5,7.5
private,623,Nursing and residential care facilities,"1,000+",4.3,2.2,5,7.6
private,6231,Nursing care facilities (skilled nursing facilities),Total all sizes,6.3,,3.2,6.9
private,6231,Nursing care facilities (skilled nursing facilities),11 - 49,4.1,,,5.9
private,6231,Nursing care facilities (skilled nursing facilities),50 - 249,6.6,2,4.7,8.1
private,6231,Nursing care facilities (skilled nursing facilities),250 - 999,6,3.3,5.3,7.3
private,6231,Nursing care facilities (skilled nursing facilities),"1,000+",4.5,,,
private,6232,"Residential intellectual and developmental disability, mental health, and substance abuse facilities",Total all sizes,4.2,,,
private,6232,"Residential intellectual and developmental disability, mental health, and substance abuse facilities",1 - 10,3.6,,,
private,6232,"Residential intellectual and developmental disability, mental health, and substance abuse facilities",11 - 49,3,,,
private,6232,"Residential intellectual and developmental disability, mental health, and substance abuse facilities",50 - 249,4.7,0.7,3,6
private,6232,"Residential intellectual and developmental disability, mental health, and substance abuse facilities",250 - 999,5.4,2.3,4,7.5
private,6232,"Residential intellectual and developmental disability, mental health, and substance abuse facilities","1,000+",3.6,1.5,2.2,6.4
private,6233,Continuing care retirement communities and assisted living facilities for the elderly,Total all sizes,5.5,,,5.1
private,6233,Continuing care retirement communities and assisted living facilities for the elderly,1 - 10,2.4,,,
private,6233,Continuing care retirement communities and assisted living facilities for the elderly,11 - 49,4.5,,,6.9
private,6233,Continuing care retirement communities and assisted living facilities for the elderly,50 - 249,6,1.8,4.8,10
private,6233,Continuing care retirement communities and assisted living facilities for the elderly,250 - 999,6.1,3.6,5.4,7.7
private,6233,Continuing care retirement communities and assisted living facilities for the elderly,"1,000+",6,,,
private,6239,Other residential care facilities,Total all sizes,4.8,,,
private,6239,Other residential care facilities,11 - 49,2.9,,,6.1
private,6239,Other residential care facilities,50 - 249,6.5,,2.6,9.4
private,6239,Other residential care facilities,250 - 999,6.9,3.3,4.6,8.1
private,6239,Other residential care facilities,"1,000+",3.2,,,
private,624,Social assistance,Total all sizes,2.3,,,
private,624,Social assistance,11 - 49,2.3,,,
private,624,Social assistance,50 - 249,2.6,,0.7,3.4
private,624,Social assistance,250 - 999,2.6,,1.4,4
private,624,Social assistance,"1,000+",1.1,0.2,0.4,1.9
private,6241,Individual and family services,Total all sizes,2.2,,,
private,6241,Individual and family services,1 - 10,1,,,
private,6241,Individual and family services,11 - 49,2.7,,,2.4
private,6241,Individual and family services,50 - 249,2.4,,,3.3
private,6241,Individual and family services,250 - 999,2.2,,1,3.2
private,6241,Individual and family services,"1,000+",0.8,0.2,0.4,1.5
private,62411,Child and youth services,Total all sizes,2.5,,,
private,62411,Child and youth services,1 - 10,1.7,,,
private,62411,Child and youth services,11 - 49,2.9,,,
private,62411,Child and youth services,50 - 249,2.2,,0.7,2.6
private,62411,Child and youth services,250 - 999,3.2,,2.5,4.4
private,62412,Services for the elderly and persons with disabilities,Total all sizes,2.1,,,
private,62412,Services for the elderly and persons with disabilities,11 - 49,2.9,,,3.7
private,62412,Services for the elderly and persons with disabilities,50 - 249,2.6,,,3.6
private,62412,Services for the elderly and persons with disabilities,250 - 999,1.9,,0.7,2.8
private,62412,Services for the elderly and persons with disabilities,"1,000+",0.8,0.2,0.4,1.2
private,62419,Other individual and family services,Total all sizes,2.2,,,
private,62419,Other individual and family services,1 - 10,1.1,,,
private,62419,Other individual and family services,11 - 49,2.3,,,
private,62419,Other individual and family services,50 - 249,2,,,2.7
private,62419,Other individual and family services,250 - 999,3.2,0.9,2,4.4
private,62419,Other individual and family services,"1,000+",1.6,,,
private,6242,"Community food and housing, and emergency and other relief services",Total all sizes,3.4,,,
private,6242,"Community food and housing, and emergency and other relief services",11 - 49,3.6,,,2
private,6242,"Community food and housing, and emergency and other relief services",50 - 249,3.7,,2.5,5.3
private,6242,"Community food and housing, and emergency and other relief services",250 - 999,3.9,1.3,5.5,5.5
private,62421,Community food services,Total all sizes,4.4,,,
private,62421,Community food services,11 - 49,3.8,,,8.3
private,62421,Community food services,50 - 249,5.2,,4.5,7.1
private,62422,Community housing services,Total all sizes,3.1,,,
private,62422,Community housing services,11 - 49,4,,,
private,62422,Community housing services,50 - 249,2.4,,2.1,3.5
private,62422,Community housing services,250 - 999,4.7,,,
private,62423,Emergency and other relief services,Total all sizes,3.3,,,
private,62423,Emergency and other relief services,50 - 249,6.4,,,
private,62423,Emergency and other relief services,250 - 999,2.6,,,
private,6243,Vocational rehabilitation services,Total all sizes,4,,,2.7
private,6243,Vocational rehabilitation services,11 - 49,4.2,,,6.9
private,6243,Vocational rehabilitation services,50 - 249,4.1,,2.4,4.9
private,6243,Vocational rehabilitation services,250 - 999,4,1.6,3.3,6
private,6243,Vocational rehabilitation services,"1,000+",4.2,,,
private,6244,Child day care services,Total all sizes,1.9,,,
private,6244,Child day care services,11 - 49,1.7,,,
private,6244,Child day care services,50 - 249,1.6,,,1.9
private,6244,Child day care services,250 - 999,4.4,1.2,3.3,5.2
private,,"Leisure, entertainment, and hospitality",Total all sizes,2.8,,,
private,,"Leisure, entertainment, and hospitality",11 - 49,2.2,,,
private,,"Leisure, entertainment, and hospitality",50 - 249,3.7,,1.7,5.1
private,,"Leisure, entertainment, and hospitality",250 - 999,5.5,2,3.8,6.7
private,,"Leisure, entertainment, and hospitality","1,000+",4.7,2.2,3.7,6
private,,"Arts, entertainment, and recreation",Total all sizes,3.9,,,
private,,"Arts, entertainment, and recreation",1 - 10,0.7,,,
private,,"Arts, entertainment, and recreation",11 - 49,2,,,
private,,"Arts, entertainment, and recreation",50 - 249,4.6,,1.8,5.3
private,,"Arts, entertainment, and recreation",250 - 999,6.6,1.8,3.3,6.3
private,,"Arts, entertainment, and recreation","1,000+",5,1.7,3.4,7
private,711,"Performing arts, spectator sports, and related industries",Total all sizes,5.9,,,
private,711,"Performing arts, spectator sports, and related industries",11 - 49,2.3,,,
private,711,"Performing arts, spectator sports, and related industries",250 - 999,12.5,1.6,3.5,10.8
private,711,"Performing arts, spectator sports, and related industries","1,000+",4,1,1.8,7.5
private,7111,Performing arts companies,11 - 49,2.2,,,
private,7111,Performing arts companies,250 - 999,4.6,1.7,2.6,8
private,7112,Spectator sports,Total all sizes,12,,,
private,7112,Spectator sports,250 - 999,18.4,1.6,4.2,16.4
private,7112,Spectator sports,"1,000+",7.3,,,
private,71121,Spectator sports,Total all sizes,12,,,
private,71121,Spectator sports,250 - 999,18.4,1.6,4.2,16.4
private,71121,Spectator sports,"1,000+",7.3,,,
private,711211,Sports teams and clubs,Total all sizes,16.5,,,
private,711211,Sports teams and clubs,250 - 999,23.4,1.2,7.8,47.8
private,711211,Sports teams and clubs,"1,000+",7.4,,,
private,711212,Racetracks,Total all sizes,2.8,,,
private,711212,Racetracks,50 - 249,3.1,,,
private,711212,Racetracks,250 - 999,3.2,2.6,3,4.2
private,711219,Other spectator sports,Total all sizes,2.2,,,
private,711219,Other spectator sports,250 - 999,3,,,
private,7113,"Promoters of performing arts, sports, and similar events",Total all sizes,4.1,,,
private,7113,"Promoters of performing arts, sports, and similar events",50 - 249,5.4,,3.4,10.5
private,7113,"Promoters of performing arts, sports, and similar events",250 - 999,5.4,2.3,3.8,7.1
private,7113,"Promoters of performing arts, sports, and similar events","1,000+",3.5,,,
private,7115,"Independent artists, writers, and performers",Total all sizes,0.4,,,
private,712,"Museums, historical sites, and similar institutions",Total all sizes,4,,,
private,712,"Museums, historical sites, and similar institutions",11 - 49,3.2,,,7.2
private,712,"Museums, historical sites, and similar institutions",50 - 249,4.5,,3.3,7.1
private,712,"Museums, historical sites, and similar institutions",250 - 999,5.2,2,4.5,7.9
private,712,"Museums, historical sites, and similar institutions","1,000+",3,,,
private,713,"Amusement, gambling, and recreation industries",Total all sizes,3.3,,,
private,713,"Amusement, gambling, and recreation industries",1 - 10,1.2,,,
private,713,"Amusement, gambling, and recreation industries",11 - 49,1.8,,,
private,713,"Amusement, gambling, and recreation industries",50 - 249,3.7,,1.8,4.8
private,713,"Amusement, gambling, and recreation industries",250 - 999,3.9,1.8,3,5.4
private,713,"Amusement, gambling, and recreation industries","1,000+",5.5,2.7,4,7.3
private,7131,Amusement parks and arcades,Total all sizes,5.7,,,
private,7131,Amusement parks and arcades,50 - 249,4.9,,,6.1
private,7131,Amusement parks and arcades,250 - 999,4.5,2.2,3.3,5.8
private,71311,Amusement and theme parks,Total all sizes,6.4,,,
private,71311,Amusement and theme parks,50 - 249,7.3,,4.8,10.5
private,71311,Amusement and theme parks,250 - 999,4.5,2.2,3.3,5.5
private,71312,Amusement arcades,Total all sizes,1.3,,,
private,71312,Amusement arcades,50 - 249,1.4,,,
private,7132,Gambling industries,Total all sizes,2.4,,,
private,7132,Gambling industries,50 - 249,2,,1.7,2.6
private,7132,Gambling industries,250 - 999,2.7,1.6,2.1,3.2
private,7132,Gambling industries,"1,000+",3.3,1.8,3,3.8
private,7139,Other amusement and recreation industries,Total all sizes,3.1,,,
private,7139,Other amusement and recreation industries,1 - 10,1.4,,,
private,7139,Other amusement and recreation industries,11 - 49,1.9,,,
private,7139,Other amusement and recreation industries,50 - 249,3.8,,2.1,4.8
private,7139,Other amusement and recreation industries,250 - 999,4.9,2.2,3.6,6.2
private,7139,Other amusement and recreation industries,"1,000+",5.9,2.7,3.7,8.5
private,71391,Golf courses and country clubs,Total all sizes,3.3,,,1
private,71391,Golf courses and country clubs,11 - 49,1.7,,,
private,71391,Golf courses and country clubs,50 - 249,3.9,,2.5,5.2
private,71391,Golf courses and country clubs,250 - 999,4.9,2.8,4.3,6.7
private,71392,Skiing facilities,Total all sizes,10,,5.2,12.6
private,71392,Skiing facilities,50 - 249,11.2,5.1,12,17
private,71392,Skiing facilities,250 - 999,9.8,4.8,10.1,12.6
private,71392,Skiing facilities,"1,000+",10.1,,,
private,71393,Marinas,Total all sizes,4.1,,,0.9
private,71393,Marinas,1 - 10,4.5,,,
private,71393,Marinas,11 - 49,3.8,,,4.5
private,71393,Marinas,50 - 249,4.9,,,
private,71394,Fitness and recreational sports centers,Total all sizes,1.8,,,
private,71394,Fitness and recreational sports centers,11 - 49,1.3,,,
private,71394,Fitness and recreational sports centers,50 - 249,2.8,,,4.1
private,71394,Fitness and recreational sports centers,250 - 999,3.3,1.8,2.9,4.6
private,71394,Fitness and recreational sports centers,"1,000+",3.2,,,
private,71395,Bowling centers,Total all sizes,2.5,,,
private,71395,Bowling centers,11 - 49,1.3,,,
private,71395,Bowling centers,50 - 249,5.7,,1.8,6.6
private,71399,All other amusement and recreation industries,Total all sizes,3.7,,,
private,71399,All other amusement and recreation industries,1 - 10,3.3,,,
private,71399,All other amusement and recreation industries,11 - 49,3.4,,,
private,71399,All other amusement and recreation industries,50 - 249,4.4,,3,3
private,71399,All other amusement and recreation industries,250 - 999,3.6,1.3,2.2,3.5
private,,Accommodation and food services,Total all sizes,2.6,,,
private,,Accommodation and food services,11 - 49,2.2,,,
private,,Accommodation and food services,50 - 249,3.5,,1.6,5.1
private,,Accommodation and food services,250 - 999,5,2.2,4.2,7.1
private,,Accommodation and food services,"1,000+",4.5,2.4,3.8,5.9
private,721,Accommodation,Total all sizes,3.8,,,
private,721,Accommodation,11 - 49,2.2,,,
private,721,Accommodation,50 - 249,4.6,,3.3,7.1
private,721,Accommodation,250 - 999,5.1,2.5,4.8,7
private,721,Accommodation,"1,000+",4.5,2.6,3.9,6
private,7211,Traveler accommodation,Total all sizes,3.8,,,
private,7211,Traveler accommodation,11 - 49,1.9,,,
private,7211,Traveler accommodation,50 - 249,4.7,,3.4,7.3
private,7211,Traveler accommodation,250 - 999,5.1,2.5,4.8,7
private,7211,Traveler accommodation,"1,000+",4.5,2.6,3.9,6
private,72111,Hotels (except casino hotels) and motels,Total all sizes,3.9,,,
private,72111,Hotels (except casino hotels) and motels,11 - 49,1.9,,,
private,72111,Hotels (except casino hotels) and motels,50 - 249,4.7,,3.4,7.3
private,72111,Hotels (except casino hotels) and motels,250 - 999,5.9,3.1,5.3,7.7
private,72111,Hotels (except casino hotels) and motels,"1,000+",5.9,3,5.3,8.2
private,72112,Casino hotels,Total all sizes,3.5,1.2,2.5,4.2
private,72112,Casino hotels,50 - 249,3.6,0.8,2.5,4.7
private,72112,Casino hotels,250 - 999,2.6,1.4,2.5,3.5
private,72112,Casino hotels,"1,000+",3.9,2.3,3.4,4.9
private,72119,Other traveler accommodation,Total all sizes,2.2,,,
private,72119,Other traveler accommodation,50 - 249,4,,,
private,7212,RV (recreational vehicle) parks and recreational camps,Total all sizes,4.3,,,
private,7212,RV (recreational vehicle) parks and recreational camps,11 - 49,7.7,,,8.7
private,7212,RV (recreational vehicle) parks and recreational camps,50 - 249,3.4,,2,4.1
private,7212,RV (recreational vehicle) parks and recreational camps,250 - 999,5.5,,,
private,72121,RV (recreational vehicle) parks and recreational camps,Total all sizes,4.3,,,
private,72121,RV (recreational vehicle) parks and recreational camps,11 - 49,7.7,,,8.7
private,72121,RV (recreational vehicle) parks and recreational camps,50 - 249,3.4,,2,4.1
private,72121,RV (recreational vehicle) parks and recreational camps,250 - 999,5.5,,,
private,721211,RV (recreational vehicle) parks and campgrounds,50 - 249,1.4,,,4.1
private,721214,Recreational and vacation camps (except campgrounds),Total all sizes,7,,,7.4
private,721214,Recreational and vacation camps (except campgrounds),11 - 49,10.7,,,9.1
private,721214,Recreational and vacation camps (except campgrounds),50 - 249,4.2,2,2,4.4
private,721214,Recreational and vacation camps (except campgrounds),250 - 999,7.3,,,
private,7213,"Rooming and boarding houses, dormitories, and workers' camps",Total all sizes,0.6,,,
private,7213,"Rooming and boarding houses, dormitories, and workers' camps",50 - 249,2.8,,,
private,722,Food services and drinking places,Total all sizes,2.4,,,
private,722,Food services and drinking places,11 - 49,2.2,,,
private,722,Food services and drinking places,50 - 249,3.3,,1.2,5
private,722,Food services and drinking places,250 - 999,4.7,1.9,4,7.3
private,722,Food services and drinking places,"1,000+",4.2,2.1,3.3,5.6
private,7223,Special food services,Total all sizes,3.1,,,
private,7223,Special food services,11 - 49,2.3,,,
private,7223,Special food services,50 - 249,3.6,,2.6,5.4
private,7223,Special food services,250 - 999,4.6,2,3.6,6.1
private,7223,Special food services,"1,000+",4.5,,,
private,7224,Drinking places (alcoholic beverages),Total all sizes,1.3,,,
private,7224,Drinking places (alcoholic beverages),11 - 49,1.8,,,
private,7224,Drinking places (alcoholic beverages),50 - 249,1,,,
private,7224,Drinking places (alcoholic beverages),250 - 999,5,,,
private,7225,Restaurants and other eating places,Total all sizes,2.4,,,
private,7225,Restaurants and other eating places,11 - 49,2.2,,,
private,7225,Restaurants and other eating places,50 - 249,3.3,,1.1,4.9
private,7225,Restaurants and other eating places,250 - 999,4.9,1.8,4.1,8.3
private,7225,Restaurants and other eating places,"1,000+",4.1,1.3,2.9,5.4
private,72251,Restaurants and other eating places,Total all sizes,2.4,,,
private,72251,Restaurants and other eating places,11 - 49,2.2,,,
private,72251,Restaurants and other eating places,50 - 249,3.3,,1.1,4.9
private,72251,Restaurants and other eating places,250 - 999,4.9,1.8,4.1,8.3
private,72251,Restaurants and other eating places,"1,000+",4.1,1.3,2.9,5.4
private,722511,Full-service restaurants,Total all sizes,2.2,,,
private,722511,Full-service restaurants,1 - 10,0.2,,,
private,722511,Full-service restaurants,11 - 49,1.5,,,
private,722511,Full-service restaurants,50 - 249,3.3,,1.5,5
private,722511,Full-service restaurants,250 - 999,6.1,2.9,4.9,9.1
private,722511,Full-service restaurants,"1,000+",4.1,,,
private,722513,Limited-service restaurants,Total all sizes,2.6,,,
private,722513,Limited-service restaurants,1 - 10,0.7,,,
private,722513,Limited-service restaurants,11 - 49,2.6,,,
private,722513,Limited-service restaurants,50 - 249,3.3,,,5
private,722513,Limited-service restaurants,250 - 999,3.9,1.6,4.1,5.4
private,722513,Limited-service restaurants,"1,000+",3.9,,,
private,722514,"Cafeterias, grill buffets, and buffets",Total all sizes,1.4,,,
private,722514,"Cafeterias, grill buffets, and buffets",50 - 249,2.1,,,3.3
private,722514,"Cafeterias, grill buffets, and buffets",250 - 999,9,,,
private,722515,Snack and nonalcoholic beverage bars,Total all sizes,2.7,,,
private,722515,Snack and nonalcoholic beverage bars,11 - 49,3.2,,,
private,722515,Snack and nonalcoholic beverage bars,50 - 249,2.9,,,2.8
private,722515,Snack and nonalcoholic beverage bars,250 - 999,6.1,,,
private,722515,Snack and nonalcoholic beverage bars,"1,000+",5.7,,,
private,,Other services (except public administration),Total all sizes,1.9,,,
private,,Other services (except public administration),11 - 49,2.3,,,
private,,Other services (except public administration),50 - 249,2.9,,1.1,3.5
private,,Other services (except public administration),250 - 999,2.3,,1.3,3.9
private,,Other services (except public administration),"1,000+",2.5,0.3,1.6,4.2
private,,Other services (except public administration),Total all sizes,1.9,,,
private,,Other services (except public administration),11 - 49,2.3,,,
private,,Other services (except public administration),50 - 249,2.9,,1.1,3.5
private,,Other services (except public administration),250 - 999,2.3,,1.3,3.9
private,,Other services (except public administration),"1,000+",2.5,0.3,1.6,4.2
private,811,Repair and maintenance,Total all sizes,2,,,
private,811,Repair and maintenance,11 - 49,2.4,,,2.4
private,811,Repair and maintenance,50 - 249,2.9,,1.6,3.6
private,811,Repair and maintenance,250 - 999,2.4,0.3,1.2,6.3
private,811,Repair and maintenance,"1,000+",4.1,,,
private,8111,Automotive repair and maintenance,Total all sizes,1.9,,,
private,8111,Automotive repair and maintenance,11 - 49,2.3,,,2.3
private,8111,Automotive repair and maintenance,50 - 249,3.8,,1.6,4.9
private,8111,Automotive repair and maintenance,250 - 999,4,0.2,5.4,7.2
private,8112,Electronic and precision equipment repair and maintenance,Total all sizes,1.7,,,
private,8112,Electronic and precision equipment repair and maintenance,11 - 49,2.2,,,4
private,8112,Electronic and precision equipment repair and maintenance,50 - 249,1.1,,,2.5
private,8112,Electronic and precision equipment repair and maintenance,250 - 999,0.9,,,
private,8113,Commercial and industrial machinery and equipment (except automotive and electronic) repair and maintenance,Total all sizes,2.4,,,
private,8113,Commercial and industrial machinery and equipment (except automotive and electronic) repair and maintenance,11 - 49,2.8,,,3.8
private,8113,Commercial and industrial machinery and equipment (except automotive and electronic) repair and maintenance,50 - 249,1.7,,1.1,2.5
private,8113,Commercial and industrial machinery and equipment (except automotive and electronic) repair and maintenance,250 - 999,0.9,,,
private,8114,Personal and household goods repair and maintenance,Total all sizes,1.8,,,
private,8114,Personal and household goods repair and maintenance,11 - 49,2.1,,,4.4
private,8114,Personal and household goods repair and maintenance,50 - 249,5,,,
private,812,Personal and laundry services,Total all sizes,1.8,,,
private,812,Personal and laundry services,11 - 49,2.3,,,
private,812,Personal and laundry services,50 - 249,3.9,,2.3,4.1
private,812,Personal and laundry services,250 - 999,2.7,0.6,1.6,3
private,812,Personal and laundry services,"1,000+",3,,,
private,8121,Personal care services,Total all sizes,0.4,,,
private,8121,Personal care services,11 - 49,0.5,,,
private,8121,Personal care services,50 - 249,1.6,,,1.5
private,8121,Personal care services,250 - 999,2.7,,,
private,8121,Personal care services,"1,000+",2.7,,,
private,8122,Death care services,Total all sizes,1.4,,,
private,8122,Death care services,11 - 49,1.3,,,
private,8122,Death care services,50 - 249,4.9,,3.6,8.7
private,8123,Drycleaning and laundry services,Total all sizes,2.5,,,
private,8123,Drycleaning and laundry services,11 - 49,1.6,,,
private,8123,Drycleaning and laundry services,50 - 249,3.6,,1.8,5.4
private,8123,Drycleaning and laundry services,250 - 999,3.7,1.6,1.8,3.9
private,81232,Drycleaning and laundry services (except coin-operated),Total all sizes,1.3,,,
private,81232,Drycleaning and laundry services (except coin-operated),11 - 49,1.1,,,
private,81232,Drycleaning and laundry services (except coin-operated),50 - 249,2.8,,,
private,81232,Drycleaning and laundry services (except coin-operated),250 - 999,4.1,,,
private,81233,Linen and uniform supply,Total all sizes,3.6,,2.2,9.2
private,81233,Linen and uniform supply,11 - 49,2,,,2.7
private,81233,Linen and uniform supply,50 - 249,3.7,,1.8,6
private,81233,Linen and uniform supply,250 - 999,3.3,,,
private,812331,Linen supply,Total all sizes,4.2,,,5.2
private,812331,Linen supply,50 - 249,4.7,,2.9,8.7
private,812331,Linen supply,250 - 999,3.6,,,
private,812332,Industrial launderers,Total all sizes,2.9,,2.2,9.7
private,812332,Industrial launderers,11 - 49,2.5,,,3.2
private,812332,Industrial launderers,50 - 249,2.5,,1.4,4.1
private,812332,Industrial launderers,250 - 999,,,,
private,8129,Other personal services,Total all sizes,3.9,,,
private,8129,Other personal services,11 - 49,5.8,,,6.7
private,8129,Other personal services,50 - 249,4.8,1.3,3,4.2
private,8129,Other personal services,250 - 999,2,0.6,0.9,3
private,8129,Other personal services,"1,000+",3.1,,,
private,81291,Pet care (except veterinary) services,Total all sizes,5.8,,,
private,81291,Pet care (except veterinary) services,11 - 49,6.6,,2.6,6.7
private,81291,Pet care (except veterinary) services,50 - 249,11.7,3.5,7.7,14.7
private,81293,Parking lots and garages,Total all sizes,3.1,,,
private,81293,Parking lots and garages,11 - 49,4.6,,,14.7
private,81293,Parking lots and garages,50 - 249,2.8,,2.6,2.6
private,81293,Parking lots and garages,250 - 999,2.3,0.6,1.4,3
private,81293,Parking lots and garages,"1,000+",3.5,,,
private,81299,All other personal services,Total all sizes,1.9,,,
private,81299,All other personal services,11 - 49,2.5,,,
private,81299,All other personal services,50 - 249,3,,,
private,813,"Religious, grantmaking, civic, professional, and similar organizations",Total all sizes,1.7,,,
private,813,"Religious, grantmaking, civic, professional, and similar organizations",1 - 10,0.4,,,
private,813,"Religious, grantmaking, civic, professional, and similar organizations",11 - 49,2.1,,,
private,813,"Religious, grantmaking, civic, professional, and similar organizations",50 - 249,2.2,,,2.3
private,813,"Religious, grantmaking, civic, professional, and similar organizations",250 - 999,2.1,,1.1,3.7
private,813,"Religious, grantmaking, civic, professional, and similar organizations","1,000+",1.4,,,
state_and_local_government,,State and local government,Total all sizes,4.4,,,4.1
state_and_local_government,,State and local government,1 - 10,2.7,,,
state_and_local_government,,State and local government,11 - 49,3.7,,,5.2
state_and_local_government,,State and local government,50 - 249,4,,2.5,6.5
state_and_local_government,,State and local government,250 - 999,4.6,1,3.1,5.8
state_and_local_government,,State and local government,"1,000+",4.6,1.6,4,6.5
state_government,,State government,Total all sizes,3,,,1.3
state_government,,State government,1 - 10,1.9,,,
state_government,,State government,11 - 49,2.8,,,4.2
state_government,,State government,50 - 249,2.9,,0.9,3.7
state_government,,State government,250 - 999,3.6,0.5,1.9,4.2
state_government,,State government,"1,000+",2.8,0.7,1.4,3.6
state_government,,Service providing,Total all sizes,3,,,1
state_government,,Service providing,1 - 10,1.7,,,
state_government,,Service providing,11 - 49,2.7,,,4.2
state_government,,Service providing,50 - 249,2.8,,0.8,3.4
state_government,,Service providing,250 - 999,3.7,0.5,1.9,4.3
state_government,,Service providing,"1,000+",2.8,0.7,1.4,3.6
state_government,,Educational and health services,Total all sizes,2.8,,,2.7
state_government,,Educational and health services,11 - 49,3.2,,,4.3
state_government,,Educational and health services,50 - 249,3.9,,1.3,4.2
state_government,,Educational and health services,250 - 999,4.2,0.7,2.4,5.2
state_government,,Educational and health services,"1,000+",2.3,0.9,1.4,2.4
state_government,,Educational services,Total all sizes,1.5,,0.6,2.4
state_government,,Educational services,11 - 49,1,,,
state_government,,Educational services,50 - 249,2.7,,2.4,4.2
state_government,,Educational services,250 - 999,2.2,0.6,1.1,2.8
state_government,,Educational services,"1,000+",1.3,0.7,1.2,1.7
state_government,611,Educational services,Total all sizes,1.5,,0.6,2.4
state_government,611,Educational services,11 - 49,1,,,
state_government,611,Educational services,50 - 249,2.7,,2.4,4.2
state_government,611,Educational services,250 - 999,2.2,0.6,1.1,2.8
state_government,611,Educational services,"1,000+",1.3,0.7,1.2,1.7
state_government,6113,"Colleges, universities, and professional schools",Total all sizes,1.5,,0.3,1.7
state_government,6113,"Colleges, universities, and professional schools",50 - 249,1,,,1.1
state_government,6113,"Colleges, universities, and professional schools",250 - 999,2.9,0.5,1.9,5.3
state_government,6113,"Colleges, universities, and professional schools","1,000+",1.3,0.7,1.2,1.7
state_government,,Health care and social assistance,Total all sizes,6,,,4.2
state_government,,Health care and social assistance,11 - 49,3.7,,,5.9
state_government,,Health care and social assistance,50 - 249,4.8,,,3.7
state_government,,Health care and social assistance,250 - 999,7.1,2.4,2.4,7.9
state_government,,Health care and social assistance,"1,000+",6,4.4,6.6,11.5
state_government,622,Hospitals,Total all sizes,6.9,1.6,5,11.7
state_government,622,Hospitals,50 - 249,15.8,1.6,4.5,12.2
state_government,622,Hospitals,250 - 999,10.4,4.9,7.1,13.7
state_government,622,Hospitals,"1,000+",5.9,4.1,6.6,12.6
state_government,623,Nursing and residential care facilities,Total all sizes,8.3,,4.1,12.5
state_government,623,Nursing and residential care facilities,11 - 49,10.1,4.6,12.5,12.5
state_government,623,Nursing and residential care facilities,50 - 249,6,,,6
state_government,623,Nursing and residential care facilities,250 - 999,9.5,5,7.9,14.6
state_government,623,Nursing and residential care facilities,"1,000+",8.5,,,
state_government,,Public administration,Total all sizes,3.2,,,
state_government,,Public administration,1 - 10,1.7,,,
state_government,,Public administration,11 - 49,2.6,,,3.8
state_government,,Public administration,50 - 249,2.4,,,2.8
state_government,,Public administration,250 - 999,3.3,0.2,1.1,3.4
state_government,,Public administration,"1,000+",3.9,0.4,1.3,4.8
state_government,,Public administration,Total all sizes,3.2,,,
state_government,,Public administration,1 - 10,1.7,,,
state_government,,Public administration,11 - 49,2.6,,,3.8
state_government,,Public administration,50 - 249,2.4,,,2.8
state_government,,Public administration,250 - 999,3.3,0.2,1.1,3.4
state_government,,Public administration,"1,000+",3.9,0.4,1.3,4.8
state_government,922,"Justice, public order, and safety activities",Total all sizes,5.1,,,
state_government,922,"Justice, public order, and safety activities",11 - 49,1.5,,,
state_government,922,"Justice, public order, and safety activities",50 - 249,3.7,,1.1,4.3
state_government,922,"Justice, public order, and safety activities",250 - 999,5.8,1.6,3.4,7.4
state_government,922,"Justice, public order, and safety activities","1,000+",6.6,3.3,6.6,12
state_government,9221,"Justice, public order, and safety activities",Total all sizes,5.1,,,
state_government,9221,"Justice, public order, and safety activities",11 - 49,1.5,,,
state_government,9221,"Justice, public order, and safety activities",50 - 249,3.7,,1.1,4.3
state_government,9221,"Justice, public order, and safety activities",250 - 999,5.8,1.6,3.4,7.4
state_government,9221,"Justice, public order, and safety activities","1,000+",6.6,3.3,6.6,12
state_government,92212,Police protection,Total all sizes,4.8,,,3.4
state_government,92212,Police protection,11 - 49,4.2,,3,5.7
state_government,92212,Police protection,50 - 249,5.4,2.7,4.8,8.6
state_government,92212,Police protection,250 - 999,3.4,1.6,3.4,5.1
state_government,92214,Correctional institutions,Total all sizes,7.5,,1.5,6
state_government,92214,Correctional institutions,11 - 49,1.5,,,
state_government,92214,Correctional institutions,50 - 249,6.2,1.1,2.9,7.6
state_government,92214,Correctional institutions,250 - 999,7.4,2.8,4.9,9
state_government,92214,Correctional institutions,"1,000+",8.8,5.2,9.6,14.2
local_government,,Local government,Total all sizes,4.8,,,4.5
local_government,,Local government,1 - 10,2.9,,,
local_government,,Local government,11 - 49,3.9,,,5.7
local_government,,Local government,50 - 249,4.2,,2.7,6.5
local_government,,Local government,250 - 999,5,1.4,3.8,6.8
local_government,,Local government,"1,000+",5.5,2.5,4.8,6.9
local_government,,Goods producing,Total all sizes,7.5,,,7.3
local_government,,Goods producing,1 - 10,4.4,,,
local_government,,Goods producing,11 - 49,7.2,,5.5,12
local_government,,Goods producing,50 - 249,8.2,3.7,7.5,10.7
local_government,,Goods producing,250 - 999,8.5,7.9,9.9,11.8
local_government,,Service providing,Total all sizes,4.8,,,4.5
local_government,,Service providing,1 - 10,2.8,,,
local_government,,Service providing,11 - 49,3.8,,,5.5
local_government,,Service providing,50 - 249,4.1,,2.7,6.5
local_government,,Service providing,250 - 999,5,1.4,3.8,6.7
local_government,,Service providing,"1,000+",5.5,2.5,4.8,6.9
local_government,,Utilities,Total all sizes,4.3,,,5
local_government,,Utilities,1 - 10,2.9,,,
local_government,,Utilities,11 - 49,5.6,,3.6,9.3
local_government,,Utilities,50 - 249,4.1,1.5,2.9,5.5
local_government,,Utilities,250 - 999,4,1.8,3.3,4.7
local_government,,Utilities,"1,000+",3.5,,,
local_government,221,Utilities,Total all sizes,4.3,,,5
local_government,221,Utilities,1 - 10,2.9,,,
local_government,221,Utilities,11 - 49,5.6,,3.6,9.3
local_government,221,Utilities,50 - 249,4.1,1.5,2.9,5.5
local_government,221,Utilities,250 - 999,4,1.8,3.3,4.7
local_government,221,Utilities,"1,000+",3.5,,,
local_government,2213,"Water, sewage and other systems",Total all sizes,4.9,,,5.5
local_government,2213,"Water, sewage and other systems",1 - 10,2.8,,,
local_government,2213,"Water, sewage and other systems",11 - 49,6.4,,6.3,9.3
local_government,2213,"Water, sewage and other systems",50 - 249,4.6,1.5,3.7,5.5
local_government,2213,"Water, sewage and other systems",250 - 999,4.3,1.8,3.6,5.5
local_government,2213,"Water, sewage and other systems","1,000+",4.5,,,
local_government,,Educational and health services,Total all sizes,3.9,,0.9,5
local_government,,Educational and health services,1 - 10,6.7,,,
local_government,,Educational and health services,11 - 49,3.1,,,3.9
local_government,,Educational and health services,50 - 249,3.7,,2.2,5.7
local_government,,Educational and health services,250 - 999,3.5,0.9,2.4,5.3
local_government,,Educational and health services,"1,000+",4.5,2.1,4.1,6.4
local_government,,Educational services,Total all sizes,3.9,,1.2,5
local_government,,Educational services,1 - 10,6.5,,,
local_government,,Educational services,11 - 49,3.1,,,3.9
local_government,,Educational services,50 - 249,3.8,,2.3,5.9
local_government,,Educational services,250 - 999,3.3,0.7,2.3,5.1
local_government,,Educational services,"1,000+",4.4,1.9,3.6,6.4
local_government,611,Educational services,Total all sizes,3.9,,1.2,5
local_government,611,Educational services,1 - 10,6.5,,,
local_government,611,Educational services,11 - 49,3.1,,,3.9
local_government,611,Educational services,50 - 249,3.8,,2.3,5.9
local_government,611,Educational services,250 - 999,3.3,0.7,2.3,5.1
local_government,611,Educational services,"1,000+",4.4,1.9,3.6,6.4
local_government,6111,Elementary and secondary schools,Total all sizes,4,,1.4,5.1
local_government,6111,Elementary and secondary schools,1 - 10,7,,,
local_government,6111,Elementary and secondary schools,11 - 49,3.2,,,3.8
local_government,6111,Elementary and secondary schools,50 - 249,3.8,,2.3,6
local_government,6111,Elementary and secondary schools,250 - 999,3.5,0.7,2.4,5.3
local_government,6111,Elementary and secondary schools,"1,000+",4.7,2.5,4.2,6.6
local_government,,Health care and social assistance,Total all sizes,4.4,,,3.8
local_government,,Health care and social assistance,1 - 10,7.1,,,
local_government,,Health care and social assistance,11 - 49,2.5,,,5.4
local_government,,Health care and social assistance,50 - 249,2.8,,2,4.2
local_government,,Health care and social assistance,250 - 999,4.7,2.3,4.2,7
local_government,,Health care and social assistance,"1,000+",4.9,3.7,5.2,6.7
local_government,622,Hospitals,Total all sizes,4.9,,3.5,5.7
local_government,622,Hospitals,50 - 249,3,0.6,2.8,4.5
local_government,622,Hospitals,250 - 999,5.3,3.6,5,7.3
local_government,622,Hospitals,"1,000+",5.1,4.1,5.4,7.4
local_government,623,Nursing and residential care facilities,Total all sizes,4.6,,2.5,7.5
local_government,623,Nursing and residential care facilities,11 - 49,1.6,,,
local_government,623,Nursing and residential care facilities,50 - 249,4.4,1.5,3,7.8
local_government,623,Nursing and residential care facilities,250 - 999,4.9,2.3,5.1,7.5
local_government,,Public administration,Total all sizes,6.4,,,4.1
local_government,,Public administration,1 - 10,1.8,,,
local_government,,Public administration,11 - 49,4.1,,,6.2
local_government,,Public administration,50 - 249,5,1.2,4,7.5
local_government,,Public administration,250 - 999,7,3.4,5.8,10.6
local_government,,Public administration,"1,000+",7.8,4.2,6,8.4
local_government,,Public administration,Total all sizes,6.4,,,4.1
local_government,,Public administration,1 - 10,1.8,,,
local_government,,Public administration,11 - 49,4.1,,,6.2
local_government,,Public administration,50 - 249,5,1.2,4,7.5
local_government,,Public administration,250 - 999,7,3.4,5.8,10.6
local_government,,Public administration,"1,000+",7.8,4.2,6,8.4
