county_fips,county_name,peril,events,event_days,event_days_per_year,national_percentile,max_magnitude,max_tornado_rating,property_damage_usd,deaths,injuries
01001,Autauga County,flash_flood,5,5,0.5,49,,,0,0,0
01001,Autauga County,hail,9,7,0.7,36,2,,0,0,0
01001,Autauga County,thunderstorm_wind,32,27,2.7,53,66,,0,0,0
01001,Autauga County,tornado,14,12,1.2,97,,EF3,0,7,18
01003,Baldwin County,flash_flood,58,34,3.4,98,,,1190000,0,0
01003,Baldwin County,flood,3,3,0.3,50,,,0,0,0
01003,Baldwin County,hail,36,17,1.7,70,4,,0,0,0
01003,Baldwin County,lightning,8,4,0.4,94,,,70000,2,5
01003,Baldwin County,thunderstorm_wind,111,46,4.6,82,78,,1081000,0,3
01003,Baldwin County,tornado,25,14,1.4,98,,EF1,155000,0,3
01005,Barbour County,flash_flood,2,2,0.2,21,,,0,0,0
01005,Barbour County,hail,6,3,0.3,16,2.5,,0,0,0
01005,Barbour County,thunderstorm_wind,33,26,2.6,51,70,,1000,0,0
01005,Barbour County,tornado,19,15,1.5,99,,EF2,0,0,3
01007,Bibb County,hail,5,5,0.5,26,1.75,,0,0,0
01007,Bibb County,lightning,1,1,0.1,66,,,0,0,1
01007,Bibb County,thunderstorm_wind,20,15,1.5,25,65,,0,0,0
01007,Bibb County,tornado,16,11,1.1,95,,EF3,0,0,6
01009,Blount County,flash_flood,7,7,0.7,62,,,0,0,0
01009,Blount County,flood,3,3,0.3,50,,,0,0,0
01009,Blount County,hail,24,17,1.7,70,4.5,,0,0,0
01009,Blount County,thunderstorm_wind,84,47,4.7,83,70,,1500,0,12
01009,Blount County,tornado,16,8,0.8,89,,EF2,0,0,0
01011,Bullock County,flash_flood,2,2,0.2,21,,,0,0,0
01011,Bullock County,thunderstorm_wind,22,16,1.6,27,55,,0,0,0
01011,Bullock County,tornado,9,8,0.8,89,,EF2,0,0,0
01013,Butler County,flash_flood,4,4,0.4,41,,,0,0,0
01013,Butler County,hail,4,4,0.4,21,1.75,,0,0,0
01013,Butler County,thunderstorm_wind,42,23,2.3,44,87,,142000,0,0
01013,Butler County,tornado,6,6,0.6,79,,EF2,33000,0,0
01015,Calhoun County,flash_flood,9,9,0.9,72,,,0,0,0
01015,Calhoun County,flood,1,1,0.1,20,,,0,0,0
01015,Calhoun County,hail,26,11,1.1,53,3,,0,0,0
01015,Calhoun County,thunderstorm_wind,64,37,3.7,72,67,,1000,0,0
01015,Calhoun County,tornado,7,5,0.5,72,,EF3,0,6,14
01017,Chambers County,flash_flood,6,5,0.5,49,,,0,0,0
01017,Chambers County,hail,9,5,0.5,26,2.5,,0,0,0
01017,Chambers County,lightning,1,1,0.1,66,,,100000,0,0
01017,Chambers County,thunderstorm_wind,35,23,2.3,44,65,,0,0,0
01017,Chambers County,tornado,10,8,0.8,89,,EF2,0,0,0
01019,Cherokee County,flash_flood,11,9,0.9,72,,,0,0,0
01019,Cherokee County,flood,6,6,0.6,71,,,0,0,0
01019,Cherokee County,hail,16,8,0.8,41,2,,0,0,0
01019,Cherokee County,thunderstorm_wind,89,53,5.3,88,61,,17500,0,2
01019,Cherokee County,tornado,3,3,0.3,51,,EF1,0,0,0
01021,Chilton County,flash_flood,5,5,0.5,49,,,0,0,0
01021,Chilton County,hail,13,12,1.2,57,2.75,,0,0,0
01021,Chilton County,thunderstorm_wind,33,22,2.2,42,70,,0,0,0
01021,Chilton County,tornado,17,11,1.1,95,,EF2,0,0,0
01023,Choctaw County,flash_flood,15,10,1.0,75,,,770000,0,0
01023,Choctaw County,hail,5,3,0.3,16,1.75,,0,0,0
01023,Choctaw County,thunderstorm_wind,39,20,2.0,37,61,,55000,0,0
01023,Choctaw County,tornado,13,10,1.0,94,,EF2,750000,0,4
01025,Clarke County,flash_flood,24,12,1.2,81,,,2235000,0,1
01025,Clarke County,flood,1,1,0.1,20,,,250000,0,0
01025,Clarke County,hail,25,10,1.0,50,2.75,,0,0,0
01025,Clarke County,lightning,6,6,0.6,97,,,139000,0,0
01025,Clarke County,thunderstorm_wind,146,64,6.4,94,87,,305000,0,0
01025,Clarke County,tornado,12,10,1.0,94,,EF2,25000,0,2
01027,Clay County,flash_flood,2,2,0.2,21,,,0,0,0
01027,Clay County,flood,1,1,0.1,20,,,0,0,0
01027,Clay County,hail,9,5,0.5,26,2.5,,0,0,0
01027,Clay County,thunderstorm_wind,32,20,2.0,37,56,,0,0,1
01027,Clay County,tornado,2,2,0.2,37,,EF2,0,0,0
01029,Cleburne County,flash_flood,2,2,0.2,21,,,0,1,1
01029,Cleburne County,hail,12,7,0.7,36,3,,0,0,0
01029,Cleburne County,thunderstorm_wind,16,12,1.2,20,65,,0,0,0
01029,Cleburne County,tornado,3,3,0.3,51,,EF1,0,0,0
01031,Coffee County,flash_flood,23,8,0.8,68,,,505000,0,0
01031,Coffee County,flood,2,1,0.1,20,,,0,0,0
01031,Coffee County,hail,15,9,0.9,45,2,,5000,0,0
01031,Coffee County,lightning,6,5,0.5,96,,,431000,0,0
01031,Coffee County,thunderstorm_wind,261,85,8.5,98,65,,310000,0,0
01031,Coffee County,tornado,2,2,0.2,37,,EF0,75000,0,0
01033,Colbert County,flash_flood,56,20,2.0,94,,,0,0,0
01033,Colbert County,flood,16,10,1.0,83,,,0,0,0
01033,Colbert County,hail,20,13,1.3,60,1.75,,0,0,0
01033,Colbert County,lightning,2,2,0.2,85,,,47000,0,0
01033,Colbert County,thunderstorm_wind,606,151,15.1,100,78,,18660100,1,2
01033,Colbert County,tornado,16,14,1.4,98,,EF2,608000,0,8
01035,Conecuh County,flash_flood,2,2,0.2,21,,,50000,0,0
01035,Conecuh County,hail,8,6,0.6,31,1.5,,0,0,0
01035,Conecuh County,lightning,1,1,0.1,66,,,2000,0,0
01035,Conecuh County,thunderstorm_wind,33,23,2.3,44,78,,139000,0,0
01035,Conecuh County,tornado,10,7,0.7,85,,EF2,750000,0,0
01037,Coosa County,flash_flood,1,1,0.1,11,,,0,0,0
01037,Coosa County,hail,14,10,1.0,50,2,,0,0,0
01037,Coosa County,thunderstorm_wind,21,16,1.6,27,70,,0,0,0
01037,Coosa County,tornado,12,10,1.0,94,,EF3,0,0,0
01039,Covington County,flash_flood,5,5,0.5,49,,,0,0,0
01039,Covington County,hail,15,6,0.6,31,4,,0,0,0
01039,Covington County,thunderstorm_wind,62,33,3.3,65,78,,117000,0,2
01039,Covington County,tornado,8,7,0.7,85,,EF2,250000,0,2
01041,Crenshaw County,flash_flood,3,3,0.3,31,,,55000,0,0
01041,Crenshaw County,flood,1,1,0.1,20,,,0,0,0
01041,Crenshaw County,hail,7,4,0.4,21,1.75,,0,0,0
01041,Crenshaw County,lightning,1,1,0.1,66,,,5000,0,0
01041,Crenshaw County,thunderstorm_wind,81,35,3.5,69,78,,1114000,0,0
01041,Crenshaw County,tornado,9,7,0.7,85,,EF2,237000,0,0
01043,Cullman County,flash_flood,25,10,1.0,75,,,0,0,0
01043,Cullman County,flood,7,6,0.6,71,,,0,0,0
01043,Cullman County,hail,36,14,1.4,63,5.38,,0,0,0
01043,Cullman County,lightning,1,1,0.1,66,,,50000,0,0
01043,Cullman County,thunderstorm_wind,243,70,7.0,95,91,,530600,0,1
01043,Cullman County,tornado,21,14,1.4,98,,EF2,0,0,3
01045,Dale County,flash_flood,12,6,0.6,57,,,0,0,0
01045,Dale County,hail,15,10,1.0,50,1.75,,0,0,0
01045,Dale County,thunderstorm_wind,191,93,9.3,99,65,,373000,0,0
01045,Dale County,tornado,6,6,0.6,79,,EF1,426000,0,0
01047,Dallas County,flash_flood,3,3,0.3,31,,,0,0,0
01047,Dallas County,hail,7,6,0.6,31,2.5,,0,0,0
01047,Dallas County,thunderstorm_wind,33,18,1.8,32,55,,0,0,0
01047,Dallas County,tornado,11,10,1.0,94,,EF3,0,2,6
01049,DeKalb County,flash_flood,26,13,1.3,84,,,0,3,1
01049,DeKalb County,flood,13,9,0.9,81,,,0,0,0
01049,DeKalb County,hail,25,14,1.4,63,2.5,,0,0,0
01049,DeKalb County,thunderstorm_wind,249,73,7.3,96,74,,433200,0,5
01049,DeKalb County,tornado,16,12,1.2,97,,EF3,0,1,9
01051,Elmore County,flash_flood,14,12,1.2,81,,,0,0,0
01051,Elmore County,hail,18,17,1.7,70,2.5,,0,0,0
01051,Elmore County,lightning,1,1,0.1,66,,,20000,0,0
01051,Elmore County,thunderstorm_wind,82,50,5.0,86,61,,500,0,1
01051,Elmore County,tornado,18,12,1.2,97,,EF2,0,0,4
01053,Escambia County,flash_flood,15,7,0.7,62,,,105000,0,0
01053,Escambia County,hail,16,9,0.9,45,2.75,,0,0,0
01053,Escambia County,lightning,1,1,0.1,66,,,0,1,0
01053,Escambia County,thunderstorm_wind,66,34,3.4,67,87,,248000,0,10
01053,Escambia County,tornado,5,5,0.5,72,,EF2,3965000,0,20
01055,Etowah County,flash_flood,5,5,0.5,49,,,0,0,0
01055,Etowah County,flood,3,3,0.3,50,,,0,0,0
01055,Etowah County,hail,28,11,1.1,53,2,,0,0,0
01055,Etowah County,thunderstorm_wind,75,42,4.2,78,70,,0,0,21
01055,Etowah County,tornado,8,6,0.6,79,,EF2,0,0,5
01057,Fayette County,flash_flood,4,3,0.3,31,,,0,0,0
01057,Fayette County,hail,12,12,1.2,57,2,,0,0,0
01057,Fayette County,thunderstorm_wind,32,25,2.5,49,52,,5500,0,0
01057,Fayette County,tornado,14,9,0.9,92,,EF1,0,0,0
01059,Franklin County,flash_flood,10,7,0.7,62,,,0,0,0
01059,Franklin County,flood,4,4,0.4,59,,,0,0,0
01059,Franklin County,hail,23,14,1.4,63,4,,0,0,0
01059,Franklin County,lightning,1,1,0.1,66,,,0,0,1
01059,Franklin County,thunderstorm_wind,80,48,4.8,85,82,,305100,0,1
01059,Franklin County,tornado,13,10,1.0,94,,EF2,0,0,2
01061,Geneva County,flash_flood,23,13,1.3,84,,,505000,0,0
01061,Geneva County,flood,7,4,0.4,59,,,150000,0,0
01061,Geneva County,hail,8,4,0.4,21,1.75,,0,0,0
01061,Geneva County,lightning,2,2,0.2,85,,,403000,0,0
01061,Geneva County,thunderstorm_wind,158,77,7.7,97,74,,742000,0,0
01061,Geneva County,tornado,9,8,0.8,89,,EF1,373000,0,0
01063,Greene County,flash_flood,2,1,0.1,11,,,0,0,0
01063,Greene County,hail,4,4,0.4,21,1.25,,0,0,0
01063,Greene County,thunderstorm_wind,16,13,1.3,21,65,,0,0,1
01063,Greene County,tornado,14,10,1.0,94,,EF1,0,0,0
01065,Hale County,hail,10,7,0.7,36,2,,0,0,0
01065,Hale County,thunderstorm_wind,35,23,2.3,44,65,,500,0,0
01065,Hale County,tornado,24,16,1.6,99,,EF3,0,1,17
01067,Henry County,flash_flood,11,8,0.8,68,,,0,0,0
01067,Henry County,hail,2,2,0.2,11,2.75,,0,0,0
01067,Henry County,thunderstorm_wind,81,57,5.7,90,65,,129000,0,0
01067,Henry County,tornado,17,12,1.2,97,,EF2,1457000,1,2
01069,Houston County,flash_flood,41,14,1.4,86,,,145000,0,0
01069,Houston County,flood,8,2,0.2,38,,,5000,0,0
01069,Houston County,hail,12,7,0.7,36,2.75,,0,0,0
01069,Houston County,lightning,4,4,0.4,94,,,651000,1,0
01069,Houston County,thunderstorm_wind,177,83,8.3,98,74,,683000,4,3
01069,Houston County,tornado,25,16,1.6,99,,EF2,8037000,1,16
01071,Jackson County,flash_flood,23,14,1.4,86,,,0,0,0
01071,Jackson County,flood,28,12,1.2,86,,,0,0,0
01071,Jackson County,hail,23,16,1.6,68,2.75,,0,0,0
01071,Jackson County,lightning,1,1,0.1,66,,,1000,0,0
01071,Jackson County,thunderstorm_wind,416,102,10.2,99,76,,1363400,0,1
01071,Jackson County,tornado,27,15,1.5,99,,EF3,12031300,3,7
01073,Jefferson County,flash_flood,50,44,4.4,99,,,0,2,2
01073,Jefferson County,flood,4,4,0.4,59,,,0,0,0
01073,Jefferson County,hail,46,32,3.2,91,2.5,,0,0,0
01073,Jefferson County,lightning,3,3,0.3,91,,,100000,0,2
01073,Jefferson County,thunderstorm_wind,191,81,8.1,98,65,,7500,3,7
01073,Jefferson County,tornado,15,10,1.0,94,,EF3,5000000,1,39
01075,Lamar County,flash_flood,4,4,0.4,41,,,0,0,0
01075,Lamar County,flood,1,1,0.1,20,,,0,0,0
01075,Lamar County,hail,11,8,0.8,41,3,,0,0,0
01075,Lamar County,lightning,1,1,0.1,66,,,150000,0,0
01075,Lamar County,thunderstorm_wind,38,28,2.8,56,52,,0,0,0
01075,Lamar County,tornado,9,7,0.7,85,,EF1,0,0,0
01077,Lauderdale County,flash_flood,52,22,2.2,95,,,0,1,2
01077,Lauderdale County,flood,31,11,1.1,85,,,0,0,0
01077,Lauderdale County,hail,28,12,1.2,57,3.75,,0,0,0
01077,Lauderdale County,lightning,6,6,0.6,97,,,21500,1,2
01077,Lauderdale County,thunderstorm_wind,882,121,12.1,100,81,,8792500,0,1
01077,Lauderdale County,tornado,13,9,0.9,92,,EF2,10708000,0,0
01079,Lawrence County,flash_flood,8,4,0.4,41,,,0,0,0
01079,Lawrence County,flood,10,7,0.7,75,,,0,0,0
01079,Lawrence County,hail,25,15,1.5,66,3,,0,0,0
01079,Lawrence County,lightning,1,1,0.1,66,,,0,1,0
01079,Lawrence County,thunderstorm_wind,129,55,5.5,89,82,,411800,0,1
01079,Lawrence County,tornado,10,8,0.8,89,,EF2,0,2,0
01081,Lee County,flash_flood,9,9,0.9,72,,,0,0,0
01081,Lee County,hail,24,15,1.5,66,1.75,,0,0,0
01081,Lee County,lightning,3,3,0.3,91,,,0,2,2
01081,Lee County,thunderstorm_wind,55,36,3.6,70,55,,1000,0,1
01081,Lee County,tornado,20,12,1.2,97,,EF4,0,23,91
01083,Limestone County,flash_flood,11,7,0.7,62,,,0,0,0
01083,Limestone County,flood,12,10,1.0,83,,,0,0,0
01083,Limestone County,hail,39,15,1.5,66,2.5,,0,0,0
01083,Limestone County,lightning,1,1,0.1,66,,,500,0,0
01083,Limestone County,thunderstorm_wind,185,73,7.3,96,74,,924000,0,0
01083,Limestone County,tornado,21,13,1.3,97,,EF3,3328000,0,0
01085,Lowndes County,flash_flood,4,4,0.4,41,,,0,0,0
01085,Lowndes County,hail,3,3,0.3,16,3.5,,0,0,0
01085,Lowndes County,thunderstorm_wind,17,13,1.3,21,50,,0,0,0
01085,Lowndes County,tornado,4,3,0.3,51,,EF0,0,0,2
01087,Macon County,flash_flood,4,4,0.4,41,,,0,0,0
01087,Macon County,flood,1,1,0.1,20,,,0,0,0
01087,Macon County,hail,4,4,0.4,21,1.75,,0,0,0
01087,Macon County,thunderstorm_wind,18,16,1.6,27,59,,0,0,0
01087,Macon County,tornado,14,9,0.9,92,,EF2,0,0,0
01089,Madison County,flash_flood,82,26,2.6,96,,,0,1,0
01089,Madison County,flood,25,9,0.9,81,,,0,0,0
01089,Madison County,hail,135,35,3.5,93,2.75,,0,0,0
01089,Madison County,lightning,8,8,0.8,98,,,146500,2,3
01089,Madison County,thunderstorm_wind,501,124,12.4,100,87,,9367000,1,3
01089,Madison County,tornado,23,15,1.5,99,,EF3,0,1,6
01091,Marengo County,hail,12,7,0.7,36,2.75,,0,0,0
01091,Marengo County,lightning,1,1,0.1,66,,,100000,0,0
01091,Marengo County,thunderstorm_wind,27,19,1.9,34,60,,0,0,1
01091,Marengo County,tornado,20,13,1.3,97,,EF2,0,1,4
01093,Marion County,flash_flood,4,4,0.4,41,,,0,0,0
01093,Marion County,flood,2,1,0.1,20,,,0,0,0
01093,Marion County,hail,22,13,1.3,60,1.75,,0,0,0
01093,Marion County,lightning,1,1,0.1,66,,,0,0,1
01093,Marion County,thunderstorm_wind,62,35,3.5,69,60,,0,0,0
01093,Marion County,tornado,12,11,1.1,95,,EF1,0,0,1
01095,Marshall County,flash_flood,20,11,1.1,79,,,0,2,0
01095,Marshall County,flood,9,6,0.6,71,,,0,0,0
01095,Marshall County,hail,43,14,1.4,63,2.25,,0,0,0
01095,Marshall County,lightning,5,5,0.5,96,,,8128100,0,1
01095,Marshall County,thunderstorm_wind,187,58,5.8,91,83,,249700,0,1
01095,Marshall County,tornado,14,10,1.0,94,,EF2,0,0,1
01097,Mobile County,flash_flood,84,35,3.5,98,,,195000,0,0
01097,Mobile County,flood,5,3,0.3,50,,,20000,0,0
01097,Mobile County,hail,26,17,1.7,70,2,,0,0,0
01097,Mobile County,lightning,3,2,0.2,85,,,20000,1,0
01097,Mobile County,thunderstorm_wind,127,61,6.1,92,78,,606000,0,1
01097,Mobile County,tornado,39,22,2.2,100,,EF2,75000,0,4
01099,Monroe County,flash_flood,8,4,0.4,41,,,125000,0,0
01099,Monroe County,flood,1,1,0.1,20,,,0,0,0
01099,Monroe County,hail,19,10,1.0,50,2.75,,0,0,0
01099,Monroe County,thunderstorm_wind,35,23,2.3,44,87,,82000,0,0
01099,Monroe County,tornado,4,3,0.3,51,,EF2,0,0,0
01101,Montgomery County,flash_flood,13,11,1.1,79,,,0,0,0
01101,Montgomery County,flood,1,1,0.1,20,,,0,0,0
01101,Montgomery County,hail,12,12,1.2,57,1.75,,0,0,0
01101,Montgomery County,lightning,1,1,0.1,66,,,850000,0,0
01101,Montgomery County,thunderstorm_wind,36,25,2.5,49,61,,0,0,1
01101,Montgomery County,tornado,17,12,1.2,97,,EF2,0,2,3
01103,Morgan County,flash_flood,45,15,1.5,88,,,0,0,0
01103,Morgan County,flood,26,12,1.2,86,,,0,0,0
01103,Morgan County,hail,37,21,2.1,79,1.75,,0,0,0
01103,Morgan County,lightning,3,3,0.3,91,,,20000,0,1
01103,Morgan County,thunderstorm_wind,345,89,8.9,98,66,,732400,0,9
01103,Morgan County,tornado,12,10,1.0,94,,EF3,15000,1,0
01105,Perry County,flash_flood,3,3,0.3,31,,,0,0,0
01105,Perry County,hail,4,3,0.3,16,2,,0,0,0
01105,Perry County,thunderstorm_wind,12,10,1.0,16,52,,0,0,0
01105,Perry County,tornado,17,12,1.2,97,,EF3,0,0,0
01107,Pickens County,hail,14,9,0.9,45,2.75,,0,0,0
01107,Pickens County,thunderstorm_wind,25,14,1.4,23,74,,0,0,1
01107,Pickens County,tornado,16,12,1.2,97,,EF2,0,3,14
01109,Pike County,flash_flood,2,2,0.2,21,,,0,0,0
01109,Pike County,hail,8,8,0.8,41,1.75,,0,0,0
01109,Pike County,thunderstorm_wind,39,28,2.8,56,70,,500,0,0
01109,Pike County,tornado,17,11,1.1,95,,EF2,0,0,0
01111,Randolph County,flash_flood,2,2,0.2,21,,,0,0,0
01111,Randolph County,flood,1,1,0.1,20,,,0,0,1
01111,Randolph County,hail,10,5,0.5,26,2.75,,0,0,0
01111,Randolph County,thunderstorm_wind,45,34,3.4,67,60,,12000,0,0
01111,Randolph County,tornado,5,5,0.5,72,,EF2,0,0,0
01113,Russell County,flash_flood,10,10,1.0,75,,,0,0,0
01113,Russell County,flood,1,1,0.1,20,,,0,0,0
01113,Russell County,hail,16,8,0.8,41,1.75,,0,0,0
01113,Russell County,thunderstorm_wind,30,18,1.8,32,70,,0,0,0
01113,Russell County,tornado,5,3,0.3,51,,EF1,0,0,0
01115,St. Clair County,flash_flood,6,6,0.6,57,,,0,0,0
01115,St. Clair County,flood,2,2,0.2,38,,,0,0,0
01115,St. Clair County,hail,15,8,0.8,41,3,,0,0,0
01115,St. Clair County,lightning,2,2,0.2,85,,,0,0,3
01115,St. Clair County,thunderstorm_wind,76,52,5.2,87,61,,3000,0,1
01115,St. Clair County,tornado,9,6,0.6,79,,EF2,0,0,0
01117,Shelby County,flash_flood,24,22,2.2,95,,,0,2,0
01117,Shelby County,flood,1,1,0.1,20,,,0,0,0
01117,Shelby County,hail,19,13,1.3,60,1.75,,0,0,0
01117,Shelby County,lightning,3,3,0.3,91,,,325000,0,0
01117,Shelby County,thunderstorm_wind,93,49,4.9,85,65,,30000,0,0
01117,Shelby County,tornado,16,12,1.2,97,,EF3,0,0,8
01119,Sumter County,flash_flood,3,3,0.3,31,,,0,0,0
01119,Sumter County,hail,17,14,1.4,63,2,,0,0,0
01119,Sumter County,thunderstorm_wind,43,32,3.2,63,55,,500,0,1
01119,Sumter County,tornado,8,7,0.7,85,,EF2,0,0,1
01121,Talladega County,flash_flood,5,5,0.5,49,,,0,0,0
01121,Talladega County,flood,1,1,0.1,20,,,0,0,0
01121,Talladega County,hail,30,17,1.7,70,3.75,,0,0,0
01121,Talladega County,thunderstorm_wind,69,34,3.4,67,56,,6000,0,0
01121,Talladega County,tornado,2,2,0.2,37,,EF2,0,1,1
01123,Tallapoosa County,flash_flood,2,2,0.2,21,,,0,0,0
01123,Tallapoosa County,hail,20,9,0.9,45,2.75,,0,0,0
01123,Tallapoosa County,lightning,3,3,0.3,91,,,260000,0,1
01123,Tallapoosa County,thunderstorm_wind,65,40,4.0,76,65,,2000,0,1
01123,Tallapoosa County,tornado,9,9,0.9,92,,EF3,0,0,0
01125,Tuscaloosa County,flash_flood,14,14,1.4,86,,,3350000,4,0
01125,Tuscaloosa County,flood,3,3,0.3,50,,,0,0,0
01125,Tuscaloosa County,hail,22,18,1.8,73,2.5,,0,0,0
01125,Tuscaloosa County,lightning,1,1,0.1,66,,,0,0,2
01125,Tuscaloosa County,thunderstorm_wind,74,41,4.1,77,87,,3000,2,1
01125,Tuscaloosa County,tornado,21,14,1.4,98,,EF2,0,0,0
01127,Walker County,flash_flood,5,5,0.5,49,,,0,0,0
01127,Walker County,flood,1,1,0.1,20,,,0,0,0
01127,Walker County,hail,26,15,1.5,66,2,,0,0,0
01127,Walker County,lightning,1,1,0.1,66,,,0,0,1
01127,Walker County,thunderstorm_wind,73,44,4.4,80,70,,1000,0,0
01127,Walker County,tornado,7,4,0.4,62,,EF2,0,0,3
01129,Washington County,flash_flood,8,6,0.6,57,,,1725000,0,0
01129,Washington County,hail,13,9,0.9,45,1.75,,0,0,0
01129,Washington County,lightning,1,1,0.1,66,,,10000,0,0
01129,Washington County,thunderstorm_wind,44,28,2.8,56,61,,29000,0,0
01129,Washington County,tornado,7,6,0.6,79,,EF3,70000,0,0
01131,Wilcox County,flash_flood,4,3,0.3,31,,,100000,0,0
01131,Wilcox County,hail,7,6,0.6,31,1.75,,0,0,0
01131,Wilcox County,lightning,1,1,0.1,66,,,25000,0,0
01131,Wilcox County,thunderstorm_wind,23,15,1.5,25,70,,23000,0,0
01131,Wilcox County,tornado,8,4,0.4,62,,EF1,0,0,0
01133,Winston County,flash_flood,2,2,0.2,21,,,0,0,0
01133,Winston County,hail,13,10,1.0,50,1.5,,0,0,0
01133,Winston County,thunderstorm_wind,49,30,3.0,60,60,,0,0,0
01133,Winston County,tornado,10,6,0.6,79,,EF2,0,0,0
02018,,flood,10,10,1.0,83,,,353000,0,0
02020,Anchorage Municipality,flood,1,1,0.1,20,,,250000,0,0
02021,,flood,1,1,0.1,20,,,674000,0,0
02025,,flood,11,11,1.1,85,,,8300740,0,0
02026,,flood,1,1,0.1,20,,,0,0,0
02028,,thunderstorm_wind,1,1,0.1,3,50,,0,0,0
02029,,thunderstorm_wind,1,1,0.1,3,50,,0,0,0
02101,,flash_flood,1,1,0.1,11,,,0,0,0
02101,,flood,9,6,0.6,71,,,0,0,0
02101,,tornado,1,1,0.1,22,,EF0,0,0,0
02111,,flood,8,8,0.8,78,,,1400000,0,0
02121,,flood,15,13,1.3,87,,,11700000,0,0
02125,,flood,7,7,0.7,75,,,1665000,0,0
02131,,flood,4,3,0.3,50,,,0,0,0
02135,,flood,1,1,0.1,20,,,0,0,0
02141,,flood,5,5,0.5,66,,,0,0,0
02145,,flood,17,14,1.4,88,,,9240000,0,0
02152,,flood,12,10,1.0,83,,,60000,0,0
02155,,flood,13,11,1.1,85,,,0,0,0
02155,,hail,1,1,0.1,6,1,,0,0,0
02161,,hail,1,1,0.1,6,1,,0,0,0
02171,,flood,1,1,0.1,20,,,0,0,0
02181,,flood,1,1,0.1,20,,,5000,0,0
02185,North Slope Borough,flood,1,1,0.1,20,,,0,0,0
02203,,flood,1,1,0.1,20,,,0,0,0
02210,,flood,3,3,0.3,50,,,600000,0,0
02214,,flood,2,1,0.1,20,,,0,0,0
02215,,flood,2,2,0.2,38,,,0,0,0
02217,,flood,1,1,0.1,20,,,0,0,0
02218,,flood,1,1,0.1,20,,,0,0,0
02219,,flood,3,3,0.3,50,,,0,0,0
02220,Sitka City and Borough,flood,6,5,0.5,66,,,0,0,0
02220,Sitka City and Borough,thunderstorm_wind,1,1,0.1,3,52,,0,0,0
02221,,flood,2,2,0.2,38,,,282000,0,0
02222,,flood,2,1,0.1,20,,,0,0,0
02222,,hail,1,1,0.1,6,1,,0,0,0
02222,,lightning,1,1,0.1,66,,,0,0,1
02222,,thunderstorm_wind,2,2,0.2,5,52,,20000,0,0
02223,,flood,1,1,0.1,20,,,0,0,0
02224,,flood,3,3,0.3,50,,,0,0,0
02225,,flood,1,1,0.1,20,,,0,0,0
02226,,flash_flood,1,1,0.1,11,,,14000000,0,0
02227,,flood,1,1,0.1,20,,,301000,0,0
02318,,flood,4,4,0.4,59,,,0,0,0
02318,,thunderstorm_wind,1,1,0.1,3,51,,0,0,0
02325,,flood,9,9,0.9,81,,,19550000,0,0
02325,,thunderstorm_wind,1,1,0.1,3,63,,8200,0,0
02330,,flood,1,1,0.1,20,,,0,0,0
02752,,flood,1,1,0.1,20,,,0,0,0
02755,,flood,1,1,0.1,20,,,2000000,0,0
02756,,flood,1,1,0.1,20,,,10000000,0,0
02804,,flood,1,1,0.1,20,,,0,0,0
02808,,flood,1,1,0.1,20,,,0,0,0
02809,,flood,1,1,0.1,20,,,0,0,0
02812,,flood,1,1,0.1,20,,,0,0,0
02819,,flood,1,1,0.1,20,,,0,0,0
02825,,flood,1,1,0.1,20,,,0,0,0
02826,,flood,1,1,0.1,20,,,0,0,0
02831,,flood,2,2,0.2,38,,,0,0,0
02832,,flood,1,1,0.1,20,,,0,0,0
02833,,flood,1,1,0.1,20,,,0,0,0
02836,,hail,1,1,0.1,6,1,,0,0,0
02844,,hail,1,1,0.1,6,1,,0,0,0
04001,Apache County,flash_flood,39,30,3.0,97,,,0,0,0
04001,Apache County,flood,3,3,0.3,50,,,0,0,0
04001,Apache County,hail,5,5,0.5,26,1.75,,5000,0,0
04001,Apache County,thunderstorm_wind,4,4,0.4,9,56,,0,0,0
04001,Apache County,tornado,3,3,0.3,51,,EF0,0,0,0
04003,Cochise County,flash_flood,75,53,5.3,99,,,2427500,2,3
04003,Cochise County,flood,8,8,0.8,78,,,1507500,0,0
04003,Cochise County,hail,33,24,2.4,83,2,,100500,0,0
04003,Cochise County,lightning,2,2,0.2,85,,,155000,0,0
04003,Cochise County,thunderstorm_wind,80,65,6.5,94,79,,1163500,0,5
04003,Cochise County,tornado,3,3,0.3,51,,EF1,250000,0,5
04005,Coconino County,flash_flood,161,106,10.6,100,,,12500000,5,4
04005,Coconino County,flood,10,8,0.8,78,,,0,0,0
04005,Coconino County,hail,32,26,2.6,85,2.5,,0,0,5
04005,Coconino County,lightning,6,6,0.6,97,,,600000,1,13
04005,Coconino County,thunderstorm_wind,8,8,0.8,13,61,,121000,0,0
04005,Coconino County,tornado,10,10,1.0,94,,EF1,350000,0,0
04007,Gila County,flash_flood,166,93,9.3,100,,,77488000,15,1
04007,Gila County,flood,10,9,0.9,81,,,96000,6,0
04007,Gila County,hail,13,13,1.3,60,1.75,,1000,0,0
04007,Gila County,thunderstorm_wind,25,21,2.1,39,64,,197500,0,0
04007,Gila County,tornado,1,1,0.1,22,,EF1,0,0,0
04009,Graham County,flash_flood,23,22,2.2,95,,,758000,1,0
04009,Graham County,flood,1,1,0.1,20,,,0,0,0
04009,Graham County,hail,7,6,0.6,31,2.75,,1520300,0,0
04009,Graham County,lightning,2,2,0.2,85,,,100000,0,1
04009,Graham County,thunderstorm_wind,40,35,3.5,69,64,,634500,0,0
04011,Greenlee County,flash_flood,2,2,0.2,21,,,75000,0,0
04011,Greenlee County,flood,1,1,0.1,20,,,250000,0,0
04011,Greenlee County,thunderstorm_wind,7,7,0.7,12,62,,5500,0,0
04012,La Paz County,flash_flood,84,48,4.8,99,,,926000,0,0
04012,La Paz County,flood,4,4,0.4,59,,,2000,0,0
04012,La Paz County,hail,1,1,0.1,6,0.88,,0,0,0
04012,La Paz County,thunderstorm_wind,27,16,1.6,27,65,,656000,0,5
04012,La Paz County,tornado,1,1,0.1,22,,EF0,0,0,0
04013,Maricopa County,flash_flood,450,135,13.5,100,,,28738000,8,3
04013,Maricopa County,flood,55,29,2.9,96,,,237000,3,0
04013,Maricopa County,hail,98,37,3.7,94,2,,50000,0,0
04013,Maricopa County,lightning,19,16,1.6,100,,,701350,0,3
04013,Maricopa County,thunderstorm_wind,659,129,12.9,100,87,,27873700,3,4
04013,Maricopa County,tornado,13,10,1.0,94,,EF0,315000,0,0
04015,Mohave County,flash_flood,376,135,13.5,100,,,3132000,3,3
04015,Mohave County,flood,28,16,1.6,90,,,84000,0,0
04015,Mohave County,hail,20,17,1.7,70,1.75,,1000,0,0
04015,Mohave County,lightning,5,5,0.5,96,,,175000,0,0
04015,Mohave County,thunderstorm_wind,108,71,7.1,96,73,,3747500,0,0
04015,Mohave County,tornado,3,3,0.3,51,,EF0,0,0,0
04017,Navajo County,flash_flood,52,42,4.2,99,,,30000,0,0
04017,Navajo County,flood,7,5,0.5,66,,,0,1,0
04017,Navajo County,hail,13,13,1.3,60,2.75,,0,0,0
04017,Navajo County,thunderstorm_wind,7,7,0.7,12,63,,0,0,0
04017,Navajo County,tornado,5,5,0.5,72,,EF0,0,0,0
04019,Pima County,flash_flood,192,116,11.6,100,,,10278500,5,2
04019,Pima County,flood,10,9,0.9,81,,,3272000,0,0
04019,Pima County,hail,48,40,4.0,96,1.75,,228000,0,0
04019,Pima County,lightning,27,21,2.1,100,,,349700,0,0
04019,Pima County,thunderstorm_wind,230,149,14.9,100,69,,31477600,0,2
04019,Pima County,tornado,8,8,0.8,89,,EF1,50000,0,0
04021,Pinal County,flash_flood,77,54,5.4,99,,,2955000,0,0
04021,Pinal County,flood,17,14,1.4,88,,,8428500,0,0
04021,Pinal County,hail,27,19,1.9,75,2,,20000,0,1
04021,Pinal County,lightning,3,3,0.3,91,,,1510000,0,0
04021,Pinal County,thunderstorm_wind,146,65,6.5,94,70,,1997750,0,2
04021,Pinal County,tornado,5,5,0.5,72,,EF0,0,0,0
04023,Santa Cruz County,flash_flood,31,30,3.0,97,,,1242000,1,1
04023,Santa Cruz County,flood,1,1,0.1,20,,,15000,0,0
04023,Santa Cruz County,hail,15,12,1.2,57,1.75,,500,0,0
04023,Santa Cruz County,lightning,1,1,0.1,66,,,5000,0,0
04023,Santa Cruz County,thunderstorm_wind,35,32,3.2,63,72,,54500,0,0
04025,Yavapai County,flash_flood,232,132,13.2,100,,,8000000,3,0
04025,Yavapai County,flood,12,7,0.7,75,,,0,0,0
04025,Yavapai County,hail,38,35,3.5,93,1.75,,1500000,0,0
04025,Yavapai County,lightning,2,2,0.2,85,,,60000,0,0
04025,Yavapai County,thunderstorm_wind,65,47,4.7,83,72,,938000,0,0
04025,Yavapai County,tornado,5,5,0.5,72,,EF0,0,0,0
04027,Yuma County,flash_flood,42,18,1.8,92,,,143000,0,0
04027,Yuma County,flood,11,7,0.7,75,,,50500,0,0
04027,Yuma County,hail,1,1,0.1,6,1,,0,0,0
04027,Yuma County,thunderstorm_wind,67,35,3.5,69,70,,1549000,0,0
04027,Yuma County,tornado,1,1,0.1,22,,EF0,0,0,0
05001,Arkansas County,flash_flood,22,14,1.4,86,,,100000,0,0
05001,Arkansas County,flood,9,9,0.9,81,,,0,0,0
05001,Arkansas County,hail,19,14,1.4,63,2,,0,0,0
05001,Arkansas County,thunderstorm_wind,46,27,2.7,53,71,,151000,1,0
05001,Arkansas County,tornado,7,5,0.5,72,,EF2,58000,0,0
05003,Ashley County,flash_flood,29,23,2.3,95,,,547000,0,0
05003,Ashley County,flood,8,7,0.7,75,,,105000,0,0
05003,Ashley County,hail,15,13,1.3,60,1.75,,130000,0,0
05003,Ashley County,thunderstorm_wind,63,41,4.1,77,85,,2665000,0,0
05003,Ashley County,tornado,12,7,0.7,85,,EF2,6313000,0,0
05005,Baxter County,flash_flood,4,3,0.3,31,,,0,0,0
05005,Baxter County,hail,43,26,2.6,85,2.75,,0,0,0
05005,Baxter County,thunderstorm_wind,49,28,2.8,56,78,,352000,1,0
05005,Baxter County,tornado,4,3,0.3,51,,EF3,130000,1,17
05007,Benton County,flash_flood,60,23,2.3,95,,,135000,2,0
05007,Benton County,flood,4,3,0.3,50,,,0,2,0
05007,Benton County,hail,146,46,4.6,97,4,,1820000,0,0
05007,Benton County,thunderstorm_wind,156,67,6.7,95,83,,21695000,2,1
05007,Benton County,tornado,20,8,0.8,89,,EF3,96450000,0,2
05009,Boone County,flash_flood,9,8,0.8,68,,,0,0,0
05009,Boone County,hail,35,22,2.2,81,2.75,,0,0,0
05009,Boone County,thunderstorm_wind,36,29,2.9,58,61,,53000,0,0
05009,Boone County,tornado,5,5,0.5,72,,EF3,1455000,1,3
05011,Bradley County,flash_flood,8,6,0.6,57,,,20000,0,0
05011,Bradley County,flood,4,4,0.4,59,,,0,0,0
05011,Bradley County,hail,7,7,0.7,36,1.25,,0,0,0
05011,Bradley County,thunderstorm_wind,13,13,1.3,21,78,,10000,0,0
05013,Calhoun County,flash_flood,7,7,0.7,62,,,0,0,0
05013,Calhoun County,flood,35,35,3.5,97,,,0,0,0
05013,Calhoun County,hail,14,8,0.8,41,1.75,,0,0,0
05013,Calhoun County,thunderstorm_wind,15,12,1.2,20,74,,110000,0,0
05015,Carroll County,flash_flood,3,3,0.3,31,,,0,1,0
05015,Carroll County,flood,1,1,0.1,20,,,0,1,0
05015,Carroll County,hail,28,14,1.4,63,1.75,,95000,0,0
05015,Carroll County,thunderstorm_wind,30,25,2.5,49,70,,274000,0,0
05015,Carroll County,tornado,6,5,0.5,72,,EF1,330000,0,0
05017,Chicot County,flash_flood,38,27,2.7,96,,,1857000,0,0
05017,Chicot County,flood,8,8,0.8,78,,,285000,0,0
05017,Chicot County,hail,16,13,1.3,60,2.75,,691000,0,0
05017,Chicot County,lightning,1,1,0.1,66,,,10000,0,0
05017,Chicot County,thunderstorm_wind,68,41,4.1,77,78,,1717500,0,0
05017,Chicot County,tornado,13,7,0.7,85,,EF2,4630000,0,3
05019,Clark County,flash_flood,19,11,1.1,79,,,0,0,0
05019,Clark County,flood,46,40,4.0,98,,,0,0,0
05019,Clark County,hail,18,14,1.4,63,4,,0,0,0
05019,Clark County,thunderstorm_wind,29,22,2.2,42,61,,50000,0,0
05019,Clark County,tornado,2,2,0.2,37,,EF1,0,0,0
05021,Clay County,flash_flood,6,4,0.4,41,,,70000,0,0
05021,Clay County,flood,1,1,0.1,20,,,1000000,0,0
05021,Clay County,hail,35,14,1.4,63,2.5,,0,0,0
05021,Clay County,thunderstorm_wind,40,26,2.6,51,74,,330000,0,0
05021,Clay County,tornado,7,6,0.6,79,,EF2,1400000,1,0
05023,Cleburne County,flash_flood,4,3,0.3,31,,,0,0,0
05023,Cleburne County,hail,10,8,0.8,41,2.75,,0,0,0
05023,Cleburne County,thunderstorm_wind,22,17,1.7,29,70,,396000,0,0
05023,Cleburne County,tornado,2,2,0.2,37,,EF2,70000,0,0
05025,Cleveland County,flash_flood,7,6,0.6,57,,,0,0,0
05025,Cleveland County,hail,6,5,0.5,26,3,,0,0,0
05025,Cleveland County,thunderstorm_wind,17,10,1.0,16,74,,350000,0,0
05027,Columbia County,flash_flood,19,9,0.9,72,,,0,0,0
05027,Columbia County,hail,17,10,1.0,50,2.75,,0,0,0
05027,Columbia County,lightning,1,1,0.1,66,,,50000,0,0
05027,Columbia County,thunderstorm_wind,47,27,2.7,53,96,,110000,0,0
05027,Columbia County,tornado,7,7,0.7,85,,EF1,135000,0,0
05029,Conway County,flash_flood,9,7,0.7,62,,,0,0,0
05029,Conway County,flood,16,16,1.6,90,,,2000000,0,0
05029,Conway County,hail,25,17,1.7,70,2.5,,0,0,0
05029,Conway County,lightning,1,1,0.1,66,,,200000,0,0
05029,Conway County,thunderstorm_wind,40,26,2.6,51,75,,295000,0,0
05029,Conway County,tornado,5,4,0.4,62,,EF1,195000,0,0
05031,Craighead County,flash_flood,27,17,1.7,91,,,3435000,0,1
05031,Craighead County,flood,5,3,0.3,50,,,70000,0,0
05031,Craighead County,hail,61,37,3.7,94,4,,10000,0,0
05031,Craighead County,lightning,1,1,0.1,66,,,15000,0,0
05031,Craighead County,thunderstorm_wind,86,44,4.4,80,96,,1287000,0,0
05031,Craighead County,tornado,19,12,1.2,97,,EF3,308518000,1,35
05033,Crawford County,flash_flood,26,15,1.5,88,,,170000,0,0
05033,Crawford County,flood,13,10,1.0,83,,,0,0,0
05033,Crawford County,hail,47,28,2.8,88,2.5,,550000,0,0
05033,Crawford County,thunderstorm_wind,66,40,4.0,76,74,,161000,0,0
05033,Crawford County,tornado,19,10,1.0,94,,EF2,19530000,0,10
05035,Crittenden County,flash_flood,6,5,0.5,49,,,5000,0,0
05035,Crittenden County,flood,3,3,0.3,50,,,1000000,0,0
05035,Crittenden County,hail,9,6,0.6,31,2.75,,1000,0,0
05035,Crittenden County,thunderstorm_wind,32,25,2.5,49,70,,477000,0,0
05035,Crittenden County,tornado,4,3,0.3,51,,EF2,355000,0,0
05037,Cross County,flash_flood,2,2,0.2,21,,,0,0,0
05037,Cross County,flood,1,1,0.1,20,,,0,0,0
05037,Cross County,hail,1,1,0.1,6,1.75,,0,0,0
05037,Cross County,lightning,1,1,0.1,66,,,25000,0,0
05037,Cross County,thunderstorm_wind,30,23,2.3,44,70,,577500,0,0
05037,Cross County,tornado,9,8,0.8,89,,EF3,151135000,4,27
05039,Dallas County,flash_flood,4,4,0.4,41,,,0,0,0
05039,Dallas County,flood,1,1,0.1,20,,,0,0,0
05039,Dallas County,hail,2,2,0.2,11,0.88,,0,0,0
05039,Dallas County,thunderstorm_wind,26,19,1.9,34,78,,0,0,0
05039,Dallas County,tornado,3,2,0.2,37,,EF1,0,0,0
05041,Desha County,flash_flood,17,9,0.9,72,,,450000,0,0
05041,Desha County,flood,3,3,0.3,50,,,1000000,0,0
05041,Desha County,hail,10,8,0.8,41,2.75,,0,0,0
05041,Desha County,thunderstorm_wind,19,15,1.5,25,70,,67000,0,0
05041,Desha County,tornado,3,3,0.3,51,,EF1,10000,0,0
05043,Drew County,flash_flood,16,14,1.4,86,,,60000,0,0
05043,Drew County,flood,1,1,0.1,20,,,0,0,0
05043,Drew County,hail,15,10,1.0,50,2,,500,0,0
05043,Drew County,thunderstorm_wind,45,21,2.1,39,83,,295000,0,0
05043,Drew County,tornado,3,3,0.3,51,,EF2,450000,0,0
05045,Faulkner County,flash_flood,37,18,1.8,92,,,0,0,0
05045,Faulkner County,flood,7,7,0.7,75,,,2000000,0,0
05045,Faulkner County,hail,56,32,3.2,91,2.75,,10000,0,0
05045,Faulkner County,lightning,1,1,0.1,66,,,0,0,1
05045,Faulkner County,thunderstorm_wind,83,46,4.6,82,74,,787000,0,0
05045,Faulkner County,tornado,7,6,0.6,79,,EF1,111000,0,0
05047,Franklin County,flash_flood,18,14,1.4,86,,,440000,0,0
05047,Franklin County,flood,6,6,0.6,71,,,50000,0,0
05047,Franklin County,hail,51,23,2.3,82,3,,730000,0,0
05047,Franklin County,thunderstorm_wind,87,46,4.6,82,87,,635000,0,0
05047,Franklin County,tornado,15,10,1.0,94,,EF1,405000,0,0
05049,Fulton County,flash_flood,9,8,0.8,68,,,0,0,0
05049,Fulton County,flood,1,1,0.1,20,,,0,0,0
05049,Fulton County,hail,14,12,1.2,57,4.25,,10000,0,0
05049,Fulton County,thunderstorm_wind,26,17,1.7,29,78,,575000,0,0
05049,Fulton County,tornado,2,1,0.1,22,,EF1,0,0,0
05051,Garland County,flash_flood,25,18,1.8,92,,,0,0,0
05051,Garland County,flood,1,1,0.1,20,,,0,0,0
05051,Garland County,hail,50,22,2.2,81,4,,0,0,0
05051,Garland County,lightning,1,1,0.1,66,,,75000,0,1
05051,Garland County,thunderstorm_wind,57,45,4.5,81,70,,225000,0,0
05051,Garland County,tornado,5,5,0.5,72,,EF2,5000000,0,2
05053,Grant County,flash_flood,16,11,1.1,79,,,0,0,0
05053,Grant County,flood,2,1,0.1,20,,,0,0,0
05053,Grant County,hail,18,8,0.8,41,4,,0,0,0
05053,Grant County,lightning,1,1,0.1,66,,,10000,0,0
05053,Grant County,thunderstorm_wind,33,23,2.3,44,70,,65000,0,0
05053,Grant County,tornado,2,2,0.2,37,,EF1,100000,0,0
05055,Greene County,flash_flood,14,11,1.1,79,,,65000,0,0
05055,Greene County,flood,1,1,0.1,20,,,0,0,0
05055,Greene County,hail,38,18,1.8,73,2.75,,51000,0,0
05055,Greene County,lightning,1,1,0.1,66,,,150000,0,0
05055,Greene County,thunderstorm_wind,40,31,3.1,62,74,,419500,0,0
05055,Greene County,tornado,10,8,0.8,89,,EF2,4255000,0,4
05057,Hempstead County,flash_flood,30,13,1.3,84,,,0,0,0
05057,Hempstead County,hail,26,16,1.6,68,2,,0,0,0
05057,Hempstead County,lightning,2,2,0.2,85,,,60000,0,0
05057,Hempstead County,thunderstorm_wind,37,29,2.9,58,74,,0,0,0
05057,Hempstead County,tornado,5,5,0.5,72,,EF2,1200000,0,2
05059,Hot Spring County,flash_flood,13,11,1.1,79,,,10000,0,0
05059,Hot Spring County,flood,1,1,0.1,20,,,0,0,0
05059,Hot Spring County,hail,24,17,1.7,70,3,,0,0,0
05059,Hot Spring County,thunderstorm_wind,45,34,3.4,67,70,,245000,0,0
05059,Hot Spring County,tornado,4,4,0.4,62,,EF1,0,0,0
05061,Howard County,flash_flood,20,9,0.9,72,,,0,0,0
05061,Howard County,flood,3,1,0.1,20,,,0,0,0
05061,Howard County,hail,24,14,1.4,63,2.25,,0,0,0
05061,Howard County,thunderstorm_wind,46,29,2.9,58,81,,0,0,0
05061,Howard County,tornado,2,2,0.2,37,,EF2,300000,0,0
05063,Independence County,flash_flood,9,7,0.7,62,,,0,0,0
05063,Independence County,flood,14,14,1.4,88,,,0,0,0
05063,Independence County,hail,23,12,1.2,57,2,,0,0,0
05063,Independence County,thunderstorm_wind,32,23,2.3,44,65,,40000,0,0
05065,Izard County,flash_flood,1,1,0.1,11,,,0,0,0
05065,Izard County,flood,4,3,0.3,50,,,0,0,0
05065,Izard County,hail,18,12,1.2,57,1.75,,0,0,0
05065,Izard County,thunderstorm_wind,13,10,1.0,16,74,,195000,0,0
05065,Izard County,tornado,1,1,0.1,22,,EF2,325000,0,5
05067,Jackson County,flash_flood,14,9,0.9,72,,,0,0,0
05067,Jackson County,flood,16,16,1.6,90,,,0,1,0
05067,Jackson County,hail,21,13,1.3,60,3,,0,0,0
05067,Jackson County,thunderstorm_wind,30,19,1.9,34,78,,145000,0,0
05067,Jackson County,tornado,9,5,0.5,72,,EF2,510000,0,0
05069,Jefferson County,flash_flood,27,22,2.2,95,,,0,0,0
05069,Jefferson County,flood,4,4,0.4,59,,,1000000,0,0
05069,Jefferson County,hail,27,11,1.1,53,3.5,,0,0,0
05069,Jefferson County,lightning,4,2,0.2,85,,,110000,0,0
05069,Jefferson County,thunderstorm_wind,43,31,3.1,62,70,,292500,2,0
05069,Jefferson County,tornado,7,6,0.6,79,,EF1,208000,0,9
05071,Johnson County,flash_flood,15,12,1.2,81,,,2000,0,0
05071,Johnson County,hail,16,12,1.2,57,1.75,,0,0,0
05071,Johnson County,thunderstorm_wind,63,36,3.6,70,90,,315300,0,0
05071,Johnson County,tornado,6,5,0.5,72,,EF1,21000,0,0
05073,Lafayette County,flash_flood,33,12,1.2,81,,,0,0,0
05073,Lafayette County,hail,12,9,0.9,45,1.75,,0,0,0
05073,Lafayette County,thunderstorm_wind,55,34,3.4,67,87,,0,0,1
05073,Lafayette County,tornado,10,7,0.7,85,,EF1,565000,0,0
05075,Lawrence County,flash_flood,22,17,1.7,91,,,2115000,0,0
05075,Lawrence County,flood,65,65,6.5,100,,,5000000,0,0
05075,Lawrence County,hail,20,12,1.2,57,2.75,,0,0,0
05075,Lawrence County,thunderstorm_wind,56,33,3.3,65,80,,868500,0,0
05075,Lawrence County,tornado,1,1,0.1,22,,EF0,60000,0,0
05077,Lee County,flash_flood,3,3,0.3,31,,,25000,0,0
05077,Lee County,flood,5,5,0.5,66,,,0,0,0
05077,Lee County,hail,11,8,0.8,41,1.75,,0,0,0
05077,Lee County,thunderstorm_wind,10,8,0.8,13,78,,188000,0,0
05079,Lincoln County,flash_flood,14,8,0.8,68,,,60000,0,0
05079,Lincoln County,hail,13,9,0.9,45,4,,0,0,0
05079,Lincoln County,thunderstorm_wind,29,22,2.2,42,70,,95000,0,0
05079,Lincoln County,tornado,2,2,0.2,37,,EF1,75000,0,0
05081,Little River County,flash_flood,11,6,0.6,57,,,0,0,0
05081,Little River County,flood,1,1,0.1,20,,,2000,1,0
05081,Little River County,hail,18,13,1.3,60,2.75,,0,0,0
05081,Little River County,thunderstorm_wind,36,26,2.6,51,78,,0,0,0
05081,Little River County,tornado,4,3,0.3,51,,EF1,47000,0,0
05083,Logan County,flash_flood,9,6,0.6,57,,,0,0,0
05083,Logan County,flood,1,1,0.1,20,,,0,0,0
05083,Logan County,hail,28,16,1.6,68,4.5,,2000,0,0
05083,Logan County,thunderstorm_wind,59,33,3.3,65,78,,445200,0,0
05083,Logan County,tornado,7,6,0.6,79,,EF2,625000,0,0
05085,Lonoke County,flash_flood,31,16,1.6,90,,,0,0,0
05085,Lonoke County,flood,7,5,0.5,66,,,0,0,0
05085,Lonoke County,hail,54,23,2.3,82,3,,0,0,0
05085,Lonoke County,lightning,4,4,0.4,94,,,802000,0,0
05085,Lonoke County,thunderstorm_wind,78,39,3.9,74,78,,155000,2,1
05085,Lonoke County,tornado,9,6,0.6,79,,EF2,4715000,0,0
05087,Madison County,flash_flood,12,9,0.9,72,,,85000,2,0
05087,Madison County,hail,15,12,1.2,57,2.75,,125000,0,0
05087,Madison County,thunderstorm_wind,12,8,0.8,13,83,,145000,0,0
05087,Madison County,tornado,9,8,0.8,89,,EF1,585000,0,0
05089,Marion County,flash_flood,13,7,0.7,62,,,0,0,0
05089,Marion County,flood,1,1,0.1,20,,,0,0,0
05089,Marion County,hail,24,14,1.4,63,4,,1000,0,0
05089,Marion County,thunderstorm_wind,25,22,2.2,42,78,,205000,0,4
05089,Marion County,tornado,4,3,0.3,51,,EF2,300000,3,3
05091,Miller County,flash_flood,16,12,1.2,81,,,0,0,0
05091,Miller County,flood,1,1,0.1,20,,,0,0,0
05091,Miller County,hail,21,15,1.5,66,1.5,,0,0,0
05091,Miller County,lightning,1,1,0.1,66,,,1000,0,0
05091,Miller County,thunderstorm_wind,62,37,3.7,72,87,,10000,0,0
05091,Miller County,tornado,4,3,0.3,51,,EF1,75300,0,0
05093,Mississippi County,flash_flood,10,9,0.9,72,,,186000,0,0
05093,Mississippi County,flood,5,4,0.4,59,,,0,0,0
05093,Mississippi County,hail,27,17,1.7,70,2,,0,0,0
05093,Mississippi County,thunderstorm_wind,79,47,4.7,83,91,,874500,0,0
05093,Mississippi County,tornado,15,10,1.0,94,,EF3,2921000,1,1
05095,Monroe County,flash_flood,4,3,0.3,31,,,50000,0,0
05095,Monroe County,flood,50,49,4.9,99,,,0,0,0
05095,Monroe County,hail,6,3,0.3,16,2.75,,0,0,0
05095,Monroe County,thunderstorm_wind,18,15,1.5,25,70,,150000,0,0
05097,Montgomery County,flash_flood,29,20,2.0,94,,,40000,0,0
05097,Montgomery County,hail,22,16,1.6,68,4,,0,0,0
05097,Montgomery County,lightning,1,1,0.1,66,,,0,0,0
05097,Montgomery County,thunderstorm_wind,67,44,4.4,80,70,,172000,0,0
05097,Montgomery County,tornado,2,2,0.2,37,,EF1,200000,0,0
05099,Nevada County,flash_flood,16,7,0.7,62,,,0,0,0
05099,Nevada County,flood,1,1,0.1,20,,,0,0,0
05099,Nevada County,hail,14,12,1.2,57,2.5,,0,0,0
05099,Nevada County,thunderstorm_wind,26,20,2.0,37,70,,0,0,0
05099,Nevada County,tornado,6,5,0.5,72,,EF2,340000,0,0
05101,Newton County,flash_flood,8,7,0.7,62,,,10000,0,0
05101,Newton County,hail,24,16,1.6,68,2.5,,1000,0,0
05101,Newton County,thunderstorm_wind,25,18,1.8,32,70,,195000,0,0
05101,Newton County,tornado,4,4,0.4,62,,EF2,400000,0,1
05103,Ouachita County,flash_flood,6,6,0.6,57,,,0,0,0
05103,Ouachita County,flood,69,66,6.6,100,,,0,0,0
05103,Ouachita County,hail,18,13,1.3,60,1.75,,0,0,0
05103,Ouachita County,thunderstorm_wind,28,20,2.0,37,74,,1055000,0,0
05103,Ouachita County,tornado,1,1,0.1,22,,EF1,0,0,0
05105,Perry County,flash_flood,9,9,0.9,72,,,0,0,0
05105,Perry County,flood,51,51,5.1,99,,,0,0,0
05105,Perry County,hail,15,9,0.9,45,1.75,,0,0,0
05105,Perry County,thunderstorm_wind,30,23,2.3,44,78,,100000,0,0
05105,Perry County,tornado,3,3,0.3,51,,EF1,5000,0,0
05107,Phillips County,flash_flood,3,3,0.3,31,,,50000,0,0
05107,Phillips County,flood,3,3,0.3,50,,,0,0,0
05107,Phillips County,hail,9,5,0.5,26,1.75,,10000,0,0
05107,Phillips County,thunderstorm_wind,26,18,1.8,32,78,,233000,0,0
05107,Phillips County,tornado,4,3,0.3,51,,EF0,75000,0,0
05109,Pike County,flash_flood,10,7,0.7,62,,,200000,0,0
05109,Pike County,flood,1,1,0.1,20,,,0,0,0
05109,Pike County,hail,9,6,0.6,31,2.5,,0,0,0
05109,Pike County,thunderstorm_wind,24,18,1.8,32,78,,6155000,0,0
05109,Pike County,tornado,2,2,0.2,37,,EF2,0,0,5
05111,Poinsett County,flash_flood,5,4,0.4,41,,,0,0,0
05111,Poinsett County,flood,1,1,0.1,20,,,0,0,0
05111,Poinsett County,hail,38,24,2.4,83,2.5,,75000,0,0
05111,Poinsett County,thunderstorm_wind,55,34,3.4,67,82,,1411000,0,0
05111,Poinsett County,tornado,13,8,0.8,89,,EF2,7168000,0,5
05113,Polk County,flash_flood,17,11,1.1,79,,,0,0,0
05113,Polk County,hail,32,17,1.7,70,5,,0,0,0
05113,Polk County,thunderstorm_wind,35,24,2.4,47,78,,55000,0,1
05113,Polk County,tornado,1,1,0.1,22,,EF1,0,0,0
05115,Pope County,flash_flood,10,9,0.9,72,,,0,0,0
05115,Pope County,flood,5,5,0.5,66,,,2000000,0,0
05115,Pope County,hail,35,19,1.9,75,3,,0,0,0
05115,Pope County,lightning,1,1,0.1,66,,,0,1,0
05115,Pope County,thunderstorm_wind,78,42,4.2,78,78,,447000,0,3
05115,Pope County,tornado,5,4,0.4,62,,EF1,70000,0,0
05117,Prairie County,flash_flood,14,10,1.0,75,,,0,0,0
05117,Prairie County,flood,32,32,3.2,97,,,0,0,0
05117,Prairie County,hail,14,10,1.0,50,4,,0,0,0
05117,Prairie County,thunderstorm_wind,21,16,1.6,27,63,,100000,0,0
05117,Prairie County,tornado,8,7,0.7,85,,EF1,80000,0,0
05119,Pulaski County,flash_flood,123,63,6.3,100,,,276000,0,0
05119,Pulaski County,flood,13,9,0.9,81,,,2000000,0,0
05119,Pulaski County,hail,82,45,4.5,97,2.75,,25000,0,0
05119,Pulaski County,lightning,10,7,0.7,98,,,650000,1,1
05119,Pulaski County,thunderstorm_wind,181,67,6.7,95,83,,463000,1,7
05119,Pulaski County,tornado,15,10,1.0,94,,EF3,86500000,0,62
05121,Randolph County,flash_flood,9,9,0.9,72,,,3050000,0,0
05121,Randolph County,flood,58,52,5.2,99,,,15100000,0,0
05121,Randolph County,hail,11,6,0.6,31,2.5,,0,0,0
05121,Randolph County,lightning,1,1,0.1,66,,,100000,0,0
05121,Randolph County,thunderstorm_wind,29,17,1.7,29,75,,640000,0,0
05121,Randolph County,tornado,9,6,0.6,79,,EF2,440000,0,0
05123,St. Francis County,flash_flood,5,4,0.4,41,,,0,0,0
05123,St. Francis County,flood,1,1,0.1,20,,,0,1,0
05123,St. Francis County,hail,11,7,0.7,36,2.75,,10000,0,0
05123,St. Francis County,lightning,1,1,0.1,66,,,60000,0,0
05123,St. Francis County,thunderstorm_wind,26,18,1.8,32,87,,6550000,0,1
05123,St. Francis County,tornado,4,4,0.4,62,,EF1,168000,0,0
05125,Saline County,flash_flood,34,22,2.2,95,,,0,0,0
05125,Saline County,flood,28,27,2.7,96,,,0,0,0
05125,Saline County,hail,58,25,2.5,84,1.75,,5000,0,0
05125,Saline County,lightning,1,1,0.1,66,,,100000,0,0
05125,Saline County,thunderstorm_wind,66,45,4.5,81,70,,141500,0,0
05125,Saline County,tornado,7,6,0.6,79,,EF2,1200000,0,0
05127,Scott County,flash_flood,24,15,1.5,88,,,10000,1,0
05127,Scott County,hail,14,9,0.9,45,2.75,,0,0,0
05127,Scott County,thunderstorm_wind,31,21,2.1,39,70,,25000,0,0
05127,Scott County,tornado,2,2,0.2,37,,EF1,150000,0,0
05129,Searcy County,flash_flood,2,2,0.2,21,,,0,0,0
05129,Searcy County,flood,7,7,0.7,75,,,0,0,0
05129,Searcy County,hail,12,7,0.7,36,4.5,,0,0,0
05129,Searcy County,thunderstorm_wind,19,13,1.3,21,80,,531000,0,0
05129,Searcy County,tornado,4,3,0.3,51,,EF2,340000,0,0
05131,Sebastian County,flash_flood,36,22,2.2,95,,,775000,2,0
05131,Sebastian County,flood,6,4,0.4,59,,,0,1,0
05131,Sebastian County,hail,65,33,3.3,91,2.5,,1455000,0,0
05131,Sebastian County,thunderstorm_wind,121,65,6.5,94,71,,303000,0,0
05131,Sebastian County,tornado,15,11,1.1,95,,EF1,3535000,0,0
05133,Sevier County,flash_flood,7,6,0.6,57,,,0,0,0
05133,Sevier County,flood,2,1,0.1,20,,,0,0,0
05133,Sevier County,hail,26,14,1.4,63,2.75,,0,0,0
05133,Sevier County,thunderstorm_wind,56,36,3.6,70,78,,0,0,0
05133,Sevier County,tornado,4,4,0.4,62,,EF2,950500,0,0
05135,Sharp County,flash_flood,20,16,1.6,90,,,10000,0,0
05135,Sharp County,flood,12,12,1.2,86,,,0,0,0
05135,Sharp County,hail,21,17,1.7,70,2.5,,0,0,0
05135,Sharp County,thunderstorm_wind,27,19,1.9,34,87,,280000,0,0
05135,Sharp County,tornado,3,3,0.3,51,,EF1,100000,0,0
05137,Stone County,flash_flood,6,5,0.5,49,,,0,0,0
05137,Stone County,hail,10,5,0.5,26,3,,0,0,0
05137,Stone County,thunderstorm_wind,15,12,1.2,20,70,,5000,0,0
05137,Stone County,tornado,2,2,0.2,37,,EF2,10000,0,0
05139,Union County,flash_flood,28,13,1.3,84,,,0,0,0
05139,Union County,flood,2,2,0.2,38,,,0,0,0
05139,Union County,hail,41,24,2.4,83,2,,0,0,0
05139,Union County,lightning,2,2,0.2,85,,,300000,0,0
05139,Union County,thunderstorm_wind,51,36,3.6,70,78,,10000,0,0
05139,Union County,tornado,8,6,0.6,79,,EF2,2385000,0,0
05141,Van Buren County,flash_flood,14,9,0.9,72,,,0,0,0
05141,Van Buren County,flood,1,1,0.1,20,,,0,0,0
05141,Van Buren County,hail,30,16,1.6,68,2.5,,0,0,0
05141,Van Buren County,thunderstorm_wind,37,26,2.6,51,78,,125000,0,0
05143,Washington County,flash_flood,48,18,1.8,92,,,140000,3,0
05143,Washington County,flood,2,2,0.2,38,,,0,0,0
05143,Washington County,hail,115,45,4.5,97,5,,1605000,0,0
05143,Washington County,thunderstorm_wind,100,65,6.5,94,75,,551000,0,0
05143,Washington County,tornado,20,14,1.4,98,,EF3,22739000,0,9
05145,White County,flash_flood,30,16,1.6,90,,,125000,0,0
05145,White County,flood,53,47,4.7,99,,,0,0,0
05145,White County,hail,37,22,2.2,81,2.75,,0,0,0
05145,White County,lightning,1,1,0.1,66,,,10000,0,0
05145,White County,thunderstorm_wind,54,34,3.4,67,78,,186000,0,0
05145,White County,tornado,6,5,0.5,72,,EF2,242000,0,9
05147,Woodruff County,flash_flood,4,2,0.2,21,,,0,0,0
05147,Woodruff County,flood,220,177,17.7,100,,,0,0,0
05147,Woodruff County,hail,1,1,0.1,6,1,,0,0,0
05147,Woodruff County,thunderstorm_wind,11,9,0.9,15,70,,60000,0,0
05147,Woodruff County,tornado,3,3,0.3,51,,EF2,525000,0,3
05149,Yell County,flash_flood,16,9,0.9,72,,,0,0,0
05149,Yell County,flood,43,37,3.7,98,,,0,0,0
05149,Yell County,hail,13,11,1.1,53,3,,0,0,0
05149,Yell County,thunderstorm_wind,47,31,3.1,62,78,,110000,0,0
05149,Yell County,tornado,4,3,0.3,51,,EF1,200000,0,0
06001,Alameda County,flash_flood,6,4,0.4,41,,,0,0,0
06001,Alameda County,flood,134,61,6.1,99,,,150,1,1
06001,Alameda County,hail,19,13,1.3,60,0.25,,5000020,0,0
06001,Alameda County,lightning,1,1,0.1,66,,,0,0,0
06001,Alameda County,thunderstorm_wind,3,3,0.3,7,51,,10000,0,0
06003,Alpine County,flood,1,1,0.1,20,,,0,0,0
06003,Alpine County,hail,1,1,0.1,6,1,,0,0,0
06005,Amador County,flood,10,9,0.9,81,,,50000,0,0
06005,Amador County,hail,1,1,0.1,6,1,,0,0,0
06005,Amador County,thunderstorm_wind,3,2,0.2,5,50,,3000,0,0
06007,Butte County,flash_flood,3,3,0.3,31,,,15000,0,0
06007,Butte County,flood,82,38,3.8,98,,,551795000,0,0
06007,Butte County,hail,3,3,0.3,16,1,,1000,0,0
06007,Butte County,lightning,2,2,0.2,85,,,46000,0,0
06007,Butte County,thunderstorm_wind,5,5,0.5,10,55,,4012000,0,0
06007,Butte County,tornado,2,2,0.2,37,,EF1,17000,0,0
06009,Calaveras County,flash_flood,4,3,0.3,31,,,20000,0,0
06009,Calaveras County,flood,18,10,1.0,83,,,7610000,0,0
06009,Calaveras County,hail,1,1,0.1,6,0.88,,0,0,0
06009,Calaveras County,thunderstorm_wind,5,1,0.1,3,56,,13000,0,0
06009,Calaveras County,tornado,1,1,0.1,22,,EF1,0,0,0
06011,Colusa County,flood,17,15,1.5,89,,,8020000,1,3
06011,Colusa County,hail,1,1,0.1,6,1.25,,0,0,0
06011,Colusa County,thunderstorm_wind,1,1,0.1,3,50,,0,0,0
06011,Colusa County,tornado,1,1,0.1,22,,EF0,0,0,0
06013,Contra Costa County,flood,48,32,3.2,97,,,60,0,0
06013,Contra Costa County,hail,12,7,0.7,36,0.5,,0,0,0
06013,Contra Costa County,thunderstorm_wind,3,2,0.2,5,55,,20,0,0
06015,Del Norte County,flash_flood,2,2,0.2,21,,,0,0,0
06015,Del Norte County,flood,5,4,0.4,59,,,583700,0,0
06015,Del Norte County,hail,2,2,0.2,11,0.25,,5100,0,0
06017,El Dorado County,flash_flood,1,1,0.1,11,,,0,0,0
06017,El Dorado County,flood,41,23,2.3,94,,,2070000,0,0
06017,El Dorado County,hail,9,7,0.7,36,1.75,,1000,0,0
06017,El Dorado County,thunderstorm_wind,4,2,0.2,5,43,,23000,8,0
06017,El Dorado County,tornado,1,1,0.1,22,,EF0,0,0,0
06019,Fresno County,flash_flood,19,12,1.2,81,,,11000,0,0
06019,Fresno County,flood,252,68,6.8,100,,,610100,2,0
06019,Fresno County,hail,2,2,0.2,11,1,,0,0,0
06019,Fresno County,lightning,3,3,0.3,91,,,1001000,1,0
06019,Fresno County,thunderstorm_wind,34,9,0.9,15,61,,320000,0,0
06019,Fresno County,tornado,5,5,0.5,72,,EF1,520000,0,0
06021,Glenn County,flood,18,16,1.6,90,,,5995000,1,0
06021,Glenn County,hail,3,2,0.2,11,1,,0,0,0
06023,Humboldt County,flash_flood,2,1,0.1,11,,,0,0,0
06023,Humboldt County,flood,85,27,2.7,96,,,31100,1,0
06023,Humboldt County,hail,20,14,1.4,63,0.88,,34750,0,4
06023,Humboldt County,thunderstorm_wind,5,4,0.4,9,55,,2500,0,0
06023,Humboldt County,tornado,1,1,0.1,22,,EF0,100,0,0
06025,Imperial County,flash_flood,87,32,3.2,98,,,33954000,2,0
06025,Imperial County,flood,11,3,0.3,50,,,4000500,0,0
06025,Imperial County,thunderstorm_wind,62,15,1.5,25,62,,4146000,0,2
06027,Inyo County,flash_flood,113,62,6.2,100,,,511232000,0,0
06027,Inyo County,flood,21,18,1.8,92,,,13175200,0,0
06027,Inyo County,lightning,1,1,0.1,66,,,1000,0,0
06027,Inyo County,thunderstorm_wind,13,13,1.3,21,87,,127000,0,0
06027,Inyo County,tornado,1,1,0.1,22,,EF0,0,0,0
06029,Kern County,flash_flood,52,18,1.8,92,,,90000,0,0
06029,Kern County,flood,263,74,7.4,100,,,213000,0,0
06029,Kern County,hail,7,6,0.6,31,1.75,,0,0,0
06029,Kern County,lightning,1,1,0.1,66,,,0,0,1
06029,Kern County,thunderstorm_wind,15,7,0.7,12,57,,120000,0,0
06029,Kern County,tornado,2,2,0.2,37,,EF0,1000,0,0
06031,Kings County,flash_flood,2,2,0.2,21,,,0,0,0
06031,Kings County,flood,21,16,1.6,90,,,638190,0,0
06031,Kings County,hail,2,2,0.2,11,1,,0,0,0
06031,Kings County,lightning,1,1,0.1,66,,,10000,0,0
06031,Kings County,thunderstorm_wind,10,3,0.3,7,61,,197000,0,0
06033,Lake County,flash_flood,1,1,0.1,11,,,10000,0,0
06033,Lake County,flood,19,14,1.4,88,,,7055000,0,3
06033,Lake County,hail,1,1,0.1,6,0.75,,0,0,0
06033,Lake County,lightning,1,1,0.1,66,,,5000,0,0
06035,Lassen County,flash_flood,1,1,0.1,11,,,0,0,0
06035,Lassen County,flood,7,5,0.5,66,,,500000,0,0
06035,Lassen County,hail,2,2,0.2,11,1.75,,0,0,0
06035,Lassen County,thunderstorm_wind,1,1,0.1,3,52,,0,0,0
06035,Lassen County,tornado,3,1,0.1,22,,EF1,0,0,0
06037,Los Angeles County,flash_flood,86,29,2.9,97,,,0,0,0
06037,Los Angeles County,flood,1,1,0.1,20,,,0,0,0
06037,Los Angeles County,hail,6,4,0.4,21,1,,0,0,0
06037,Los Angeles County,lightning,1,1,0.1,66,,,0,1,0
06037,Los Angeles County,thunderstorm_wind,35,13,1.3,21,68,,8000,0,1
06037,Los Angeles County,tornado,6,5,0.5,72,,EF1,0,0,1
06039,Madera County,flash_flood,3,3,0.3,31,,,0,0,0
06039,Madera County,flood,51,22,2.2,94,,,20000,0,0
06039,Madera County,hail,3,3,0.3,16,1,,1000,0,0
06039,Madera County,thunderstorm_wind,2,2,0.2,5,48,,20000,0,0
06039,Madera County,tornado,3,3,0.3,51,,EF2,50000,0,0
06041,Marin County,flash_flood,3,3,0.3,31,,,0,0,0
06041,Marin County,flood,73,46,4.6,98,,,50,0,1
06041,Marin County,hail,11,10,1.0,50,0.25,,500,0,0
06041,Marin County,lightning,1,1,0.1,66,,,300,0,0
06041,Marin County,thunderstorm_wind,3,3,0.3,7,78,,0,0,0
06043,Mariposa County,flash_flood,6,6,0.6,57,,,2000000,2,0
06043,Mariposa County,flood,74,34,3.4,97,,,22000,0,0
06043,Mariposa County,hail,3,3,0.3,16,1,,0,0,0
06043,Mariposa County,lightning,1,1,0.1,66,,,0,0,2
06043,Mariposa County,thunderstorm_wind,6,5,0.5,10,54,,276000,0,0
06043,Mariposa County,tornado,1,1,0.1,22,,EF0,0,0,0
06045,Mendocino County,flash_flood,1,1,0.1,11,,,0,0,0
06045,Mendocino County,flood,58,25,2.5,95,,,1500000,0,0
06045,Mendocino County,tornado,1,1,0.1,22,,,0,0,0
06047,Merced County,flash_flood,3,3,0.3,31,,,0,0,0
06047,Merced County,flood,106,42,4.2,98,,,10017000,0,0
06047,Merced County,hail,1,1,0.1,6,0.75,,0,0,0
06047,Merced County,lightning,1,1,0.1,66,,,1000000,0,0
06049,Modoc County,flash_flood,1,1,0.1,11,,,0,0,0
06049,Modoc County,flood,6,6,0.6,71,,,1000000,0,0
06051,Mono County,flash_flood,1,1,0.1,11,,,0,0,0
06051,Mono County,flood,7,5,0.5,66,,,0,0,0
06051,Mono County,hail,2,2,0.2,11,0.75,,0,0,1
06051,Mono County,lightning,1,1,0.1,66,,,0,0,1
06051,Mono County,thunderstorm_wind,2,2,0.2,5,50,,0,0,0
06053,Monterey County,flash_flood,9,7,0.7,62,,,0,0,0
06053,Monterey County,flood,103,44,4.4,98,,,80,1,0
06053,Monterey County,hail,18,11,1.1,53,0.7,,70,0,0
06053,Monterey County,lightning,3,3,0.3,91,,,2000,0,0
06053,Monterey County,thunderstorm_wind,7,6,0.6,11,68,,10,0,0
06053,Monterey County,tornado,1,1,0.1,22,,EF0,0,0,0
06055,Napa County,flash_flood,3,3,0.3,31,,,0,0,0
06055,Napa County,flood,24,19,1.9,92,,,20,0,0
06055,Napa County,hail,1,1,0.1,6,0.25,,0,0,0
06055,Napa County,lightning,1,1,0.1,66,,,0,0,0
06055,Napa County,thunderstorm_wind,2,2,0.2,5,57,,10,0,0
06055,Napa County,tornado,1,1,0.1,22,,EF0,0,0,0
06057,Nevada County,flash_flood,3,3,0.3,31,,,0,0,0
06057,Nevada County,flood,22,17,1.7,91,,,3735000,0,0
06057,Nevada County,hail,2,2,0.2,11,1,,1000,0,0
06057,Nevada County,thunderstorm_wind,1,1,0.1,3,35,,10000,0,0
06059,Orange County,flash_flood,24,19,1.9,93,,,1145000,0,0
06059,Orange County,flood,49,34,3.4,97,,,35000,0,0
06059,Orange County,hail,2,1,0.1,6,0.7,,5500,0,0
06059,Orange County,lightning,1,1,0.1,66,,,2000,0,0
06059,Orange County,thunderstorm_wind,10,8,0.8,13,58,,74000,0,0
06061,Placer County,flash_flood,3,1,0.1,11,,,0,0,0
06061,Placer County,flood,39,24,2.4,94,,,5025000,3,0
06061,Placer County,hail,5,5,0.5,26,1.25,,20000,0,0
06061,Placer County,lightning,1,1,0.1,66,,,90000,0,0
06061,Placer County,thunderstorm_wind,1,1,0.1,3,38,,0,0,0
06061,Placer County,tornado,1,1,0.1,22,,EF0,0,0,0
06063,Plumas County,flood,11,10,1.0,83,,,2040000,0,0
06063,Plumas County,hail,3,3,0.3,16,1.75,,0,0,0
06065,Riverside County,flash_flood,126,60,6.0,99,,,106154000,1,6
06065,Riverside County,flood,84,41,4.1,98,,,1045000,0,10
06065,Riverside County,hail,7,5,0.5,26,1,,70000,0,0
06065,Riverside County,lightning,10,9,0.9,98,,,34000,0,0
06065,Riverside County,thunderstorm_wind,54,32,3.2,63,69,,8685000,0,1
06065,Riverside County,tornado,3,3,0.3,51,,EF0,0,0,0
06067,Sacramento County,flash_flood,5,2,0.2,21,,,134000000,3,0
06067,Sacramento County,flood,129,51,5.1,99,,,134051000,1,1
06067,Sacramento County,hail,2,2,0.2,11,0.88,,100000,0,0
06067,Sacramento County,thunderstorm_wind,3,2,0.2,5,70,,70000,0,0
06067,Sacramento County,tornado,4,4,0.4,62,,EF0,50000,0,0
06069,San Benito County,flash_flood,3,3,0.3,31,,,0,0,0
06069,San Benito County,flood,17,5,0.5,66,,,15500000,0,0
06069,San Benito County,hail,2,2,0.2,11,0.25,,0,0,0
06069,San Benito County,tornado,2,1,0.1,22,,EF0,0,0,0
06071,San Bernardino County,flash_flood,350,141,14.1,100,,,33382000,6,4
06071,San Bernardino County,flood,96,54,5.4,99,,,4570100,0,0
06071,San Bernardino County,hail,16,14,1.4,63,1.75,,261100,0,0
06071,San Bernardino County,lightning,16,15,1.5,99,,,153000,0,0
06071,San Bernardino County,thunderstorm_wind,61,48,4.8,85,75,,1228100,1,3
06071,San Bernardino County,tornado,2,2,0.2,37,,EF0,1000,0,0
06073,San Diego County,flash_flood,77,36,3.6,98,,,31660500,5,8
06073,San Diego County,flood,168,59,5.9,99,,,5500000,1,3
06073,San Diego County,hail,10,7,0.7,36,1,,42050,0,0
06073,San Diego County,lightning,19,17,1.7,100,,,109700,0,1
06073,San Diego County,thunderstorm_wind,55,28,2.8,56,63,,1423700,1,3
06073,San Diego County,tornado,1,1,0.1,22,,,0,0,0
06075,San Francisco County,flood,78,43,4.3,98,,,40,0,0
06075,San Francisco County,hail,10,10,1.0,50,0.5,,40,0,0
06075,San Francisco County,lightning,6,4,0.4,94,,,30,0,0
06075,San Francisco County,thunderstorm_wind,4,4,0.4,9,70,,10,1,4
06077,San Joaquin County,flash_flood,2,2,0.2,21,,,500000,0,0
06077,San Joaquin County,flood,38,26,2.6,95,,,107100000,0,0
06077,San Joaquin County,hail,2,1,0.1,6,1,,0,0,0
06077,San Joaquin County,thunderstorm_wind,1,1,0.1,3,61,,10000,0,0
06077,San Joaquin County,tornado,1,1,0.1,22,,,0,0,0
06079,San Luis Obispo County,flash_flood,25,7,0.7,62,,,0,2,1
06079,San Luis Obispo County,flood,1,1,0.1,20,,,0,0,0
06079,San Luis Obispo County,hail,1,1,0.1,6,1,,0,0,0
06079,San Luis Obispo County,thunderstorm_wind,4,3,0.3,7,57,,4000,0,0
06079,San Luis Obispo County,tornado,2,1,0.1,22,,EF1,0,0,0
06081,San Mateo County,flash_flood,3,2,0.2,21,,,0,0,0
06081,San Mateo County,flood,50,31,3.1,97,,,10,0,0
06081,San Mateo County,hail,9,9,0.9,45,0.25,,30,0,0
06081,San Mateo County,lightning,4,2,0.2,85,,,0,0,0
06081,San Mateo County,thunderstorm_wind,15,9,0.9,15,84,,10020,0,0
06083,Santa Barbara County,flash_flood,41,14,1.4,86,,,0,0,0
06083,Santa Barbara County,thunderstorm_wind,10,7,0.7,12,70,,22000,0,2
06083,Santa Barbara County,tornado,1,1,0.1,22,,EF0,0,0,1
06085,Santa Clara County,flash_flood,8,5,0.5,49,,,5000,0,0
06085,Santa Clara County,flood,108,49,4.9,99,,,70,1,1
06085,Santa Clara County,hail,33,17,1.7,70,0.75,,10000030,0,0
06085,Santa Clara County,lightning,5,3,0.3,91,,,0,0,0
06085,Santa Clara County,thunderstorm_wind,6,4,0.4,9,78,,10,0,0
06087,Santa Cruz County,flash_flood,5,4,0.4,41,,,0,0,0
06087,Santa Cruz County,flood,50,29,2.9,96,,,70,0,0
06087,Santa Cruz County,hail,15,11,1.1,53,0.25,,5000020,0,0
06087,Santa Cruz County,thunderstorm_wind,7,5,0.5,10,79,,30,0,0
06087,Santa Cruz County,tornado,3,2,0.2,37,,EF1,10,0,5
06089,Shasta County,flash_flood,8,3,0.3,31,,,7077000,1,0
06089,Shasta County,flood,53,21,2.1,93,,,240000,0,0
06089,Shasta County,hail,8,3,0.3,16,3,,7500,0,0
06089,Shasta County,lightning,2,2,0.2,85,,,15000,0,0
06089,Shasta County,thunderstorm_wind,1,1,0.1,3,50,,0,0,0
06091,Sierra County,flood,2,2,0.2,38,,,6800000,0,0
06091,Sierra County,lightning,1,1,0.1,66,,,0,1,1
06093,Siskiyou County,flash_flood,3,2,0.2,21,,,0,0,1
06093,Siskiyou County,flood,4,3,0.3,50,,,0,0,0
06093,Siskiyou County,hail,5,5,0.5,26,1,,0,0,0
06093,Siskiyou County,lightning,1,1,0.1,66,,,0,0,1
06093,Siskiyou County,thunderstorm_wind,2,2,0.2,5,52,,0,0,0
06095,Solano County,flood,19,16,1.6,90,,,0,0,0
06097,Sonoma County,flash_flood,19,10,1.0,75,,,5000,0,0
06097,Sonoma County,flood,207,58,5.8,99,,,140,5,0
06097,Sonoma County,hail,20,11,1.1,53,0.25,,0,0,0
06097,Sonoma County,lightning,2,2,0.2,85,,,0,0,0
06097,Sonoma County,thunderstorm_wind,1,1,0.1,3,60,,0,0,0
06099,Stanislaus County,flood,13,9,0.9,81,,,0,0,0
06099,Stanislaus County,hail,1,1,0.1,6,0.5,,100,0,0
06099,Stanislaus County,lightning,2,2,0.2,85,,,220000,0,0
06099,Stanislaus County,thunderstorm_wind,6,2,0.2,5,65,,4000,0,0
06099,Stanislaus County,tornado,2,2,0.2,37,,EF0,20500,0,0
06101,Sutter County,flood,13,10,1.0,83,,,0,1,0
06101,Sutter County,hail,4,2,0.2,11,1.25,,0,0,0
06101,Sutter County,thunderstorm_wind,1,1,0.1,3,50,,0,0,0
06101,Sutter County,tornado,1,1,0.1,22,,EF0,5000,0,0
06103,Tehama County,flash_flood,1,1,0.1,11,,,0,0,0
06103,Tehama County,flood,46,25,2.5,95,,,14260000,0,0
06103,Tehama County,hail,13,6,0.6,31,3,,30000,0,0
06103,Tehama County,lightning,1,1,0.1,66,,,5000,0,0
06103,Tehama County,thunderstorm_wind,4,2,0.2,5,83,,7000,0,0
06103,Tehama County,tornado,4,3,0.3,51,,EF0,10000,0,0
06105,Trinity County,flash_flood,2,2,0.2,21,,,3202000,0,0
06105,Trinity County,flood,1,1,0.1,20,,,0,0,0
06105,Trinity County,hail,7,6,0.6,31,1,,0,0,0
06105,Trinity County,thunderstorm_wind,1,1,0.1,3,37,,30000,0,0
06107,Tulare County,flash_flood,7,5,0.5,49,,,169700,0,0
06107,Tulare County,flood,182,59,5.9,99,,,8109000,0,0
06107,Tulare County,hail,4,4,0.4,21,1.25,,0,0,0
06107,Tulare County,lightning,1,1,0.1,66,,,0,0,3
06107,Tulare County,thunderstorm_wind,7,7,0.7,12,50,,84000,0,0
06107,Tulare County,tornado,1,1,0.1,22,,EF0,0,0,0
06109,Tuolumne County,flash_flood,7,6,0.6,57,,,43000000,0,0
06109,Tuolumne County,flood,11,9,0.9,81,,,50000000,0,0
06109,Tuolumne County,hail,3,3,0.3,16,1.25,,0,0,0
06109,Tuolumne County,thunderstorm_wind,7,5,0.5,10,91,,1181000,0,0
06109,Tuolumne County,tornado,1,1,0.1,22,,EF1,20000,0,0
06111,Ventura County,flash_flood,42,17,1.7,91,,,0,0,0
06111,Ventura County,flood,3,2,0.2,38,,,0,0,0
06111,Ventura County,thunderstorm_wind,14,7,0.7,12,71,,2000,0,0
06111,Ventura County,tornado,2,2,0.2,37,,EF0,0,0,0
06113,Yolo County,flood,42,23,2.3,94,,,11002000,0,0
06113,Yolo County,hail,2,1,0.1,6,1,,0,0,0
06113,Yolo County,thunderstorm_wind,2,2,0.2,5,47,,30000,0,0
06113,Yolo County,tornado,1,1,0.1,22,,EF0,0,0,0
06115,Yuba County,flash_flood,1,1,0.1,11,,,0,0,0
06115,Yuba County,flood,9,7,0.7,75,,,1020000,0,0
06115,Yuba County,hail,1,1,0.1,6,1,,0,0,0
06115,Yuba County,thunderstorm_wind,2,2,0.2,5,48,,1000,0,0
06115,Yuba County,tornado,1,1,0.1,22,,EF0,1000,0,0
08001,Adams County,flash_flood,4,4,0.4,41,,,50000,0,0
08001,Adams County,flood,1,1,0.1,20,,,1000000,0,0
08001,Adams County,hail,141,39,3.9,95,2.75,,0,0,0
08001,Adams County,thunderstorm_wind,50,28,2.8,56,70,,1000,0,0
08001,Adams County,tornado,21,15,1.5,99,,EF2,100000,0,0
08003,Alamosa County,thunderstorm_wind,5,4,0.4,9,57,,0,0,0
08005,Arapahoe County,flash_flood,4,3,0.3,31,,,610000,2,0
08005,Arapahoe County,flood,3,3,0.3,50,,,50000,0,0
08005,Arapahoe County,hail,158,48,4.8,97,3,,276400000,0,0
08005,Arapahoe County,lightning,1,1,0.1,66,,,50000,0,0
08005,Arapahoe County,thunderstorm_wind,53,33,3.3,65,70,,6000,0,0
08005,Arapahoe County,tornado,11,8,0.8,89,,EF2,200000,0,1
08007,Archuleta County,flash_flood,3,2,0.2,21,,,39000,0,0
08007,Archuleta County,flood,5,4,0.4,59,,,7500,0,0
08007,Archuleta County,hail,1,1,0.1,6,1,,0,0,0
08007,Archuleta County,lightning,2,2,0.2,85,,,20000,0,2
08007,Archuleta County,thunderstorm_wind,1,1,0.1,3,51,,0,0,0
08009,Baca County,flash_flood,2,2,0.2,21,,,0,0,0
08009,Baca County,hail,78,36,3.6,93,4.25,,0,0,0
08009,Baca County,thunderstorm_wind,47,32,3.2,63,87,,2055000,0,2
08009,Baca County,tornado,7,5,0.5,72,,EF1,2000,0,0
08011,Bent County,flash_flood,4,4,0.4,41,,,0,0,0
08011,Bent County,hail,47,21,2.1,79,2.75,,0,0,0
08011,Bent County,thunderstorm_wind,12,11,1.1,18,65,,20000,0,0
08011,Bent County,tornado,8,6,0.6,79,,EF0,5000,0,0
08013,Boulder County,flash_flood,3,3,0.3,31,,,40000,0,0
08013,Boulder County,hail,131,36,3.6,93,3,,0,0,0
08013,Boulder County,lightning,1,1,0.1,66,,,0,1,1
08013,Boulder County,thunderstorm_wind,9,7,0.7,12,61,,0,0,0
08014,Broomfield County,flash_flood,1,1,0.1,11,,,10000,0,0
08014,Broomfield County,hail,19,10,1.0,50,1.5,,0,0,0
08014,Broomfield County,lightning,1,1,0.1,66,,,1000,0,0
08014,Broomfield County,thunderstorm_wind,4,2,0.2,5,62,,0,0,0
08015,Chaffee County,flash_flood,12,9,0.9,72,,,0,0,0
08015,Chaffee County,hail,3,1,0.1,6,1.75,,0,0,0
08015,Chaffee County,thunderstorm_wind,2,2,0.2,5,51,,0,0,0
08017,Cheyenne County,flash_flood,11,8,0.8,68,,,228500,0,0
08017,Cheyenne County,flood,1,1,0.1,20,,,10,0,0
08017,Cheyenne County,hail,114,56,5.6,98,2.75,,25500,0,0
08017,Cheyenne County,thunderstorm_wind,113,63,6.3,93,109,,524300,0,2
08017,Cheyenne County,tornado,23,11,1.1,95,,EF1,78500,0,0
08019,Clear Creek County,hail,3,3,0.3,16,1,,0,0,0
08019,Clear Creek County,thunderstorm_wind,1,1,0.1,3,59,,0,0,0
08021,Conejos County,tornado,1,1,0.1,22,,EF0,0,0,0
08023,Costilla County,flash_flood,8,8,0.8,68,,,150000,0,0
08023,Costilla County,tornado,1,1,0.1,22,,,0,0,0
08025,Crowley County,flash_flood,1,1,0.1,11,,,0,0,0
08025,Crowley County,hail,33,21,2.1,79,2,,0,0,0
08025,Crowley County,thunderstorm_wind,8,7,0.7,12,61,,0,0,0
08025,Crowley County,tornado,1,1,0.1,22,,,0,0,0
08027,Custer County,flash_flood,14,10,1.0,75,,,0,0,0
08027,Custer County,hail,12,10,1.0,50,1.75,,0,0,0
08027,Custer County,thunderstorm_wind,2,2,0.2,5,55,,0,0,0
08027,Custer County,tornado,2,2,0.2,37,,EF0,0,0,0
08029,Delta County,flash_flood,1,1,0.1,11,,,0,0,0
08029,Delta County,flood,6,5,0.5,66,,,23000,0,0
08029,Delta County,thunderstorm_wind,7,7,0.7,12,65,,0,0,0
08031,Denver County,flash_flood,7,5,0.5,49,,,800000,0,0
08031,Denver County,flood,1,1,0.1,20,,,0,0,0
08031,Denver County,hail,127,28,2.8,88,2.75,,0,0,0
08031,Denver County,lightning,1,1,0.1,66,,,0,0,0
08031,Denver County,thunderstorm_wind,41,25,2.5,49,70,,15000,0,2
08031,Denver County,tornado,3,3,0.3,51,,EF0,0,0,0
08033,Dolores County,flash_flood,2,2,0.2,21,,,500,0,0
08033,Dolores County,flood,3,3,0.3,50,,,28000,0,0
08033,Dolores County,hail,1,1,0.1,6,1.5,,0,0,0
08033,Dolores County,lightning,1,1,0.1,66,,,0,1,1
08033,Dolores County,thunderstorm_wind,3,2,0.2,5,61,,0,0,0
08035,Douglas County,flash_flood,1,1,0.1,11,,,20000,0,0
08035,Douglas County,flood,1,1,0.1,20,,,25000,0,0
08035,Douglas County,hail,142,60,6.0,99,2.5,,0,0,0
08035,Douglas County,lightning,3,3,0.3,91,,,6000,1,1
08035,Douglas County,thunderstorm_wind,23,10,1.0,16,70,,0,0,0
08035,Douglas County,tornado,3,3,0.3,51,,EF1,0,0,0
08037,Eagle County,flash_flood,5,4,0.4,41,,,100000,0,0
08037,Eagle County,flood,5,5,0.5,66,,,0,4,0
08037,Eagle County,thunderstorm_wind,8,7,0.7,12,63,,0,0,0
08039,Elbert County,flash_flood,3,3,0.3,31,,,65000,0,0
08039,Elbert County,flood,2,2,0.2,38,,,50000,0,0
08039,Elbert County,hail,165,60,6.0,99,3.5,,0,0,0
08039,Elbert County,lightning,1,1,0.1,66,,,0,0,4
08039,Elbert County,thunderstorm_wind,35,19,1.9,34,74,,30000,0,0
08039,Elbert County,tornado,5,5,0.5,72,,EF2,0,0,0
08041,El Paso County,flash_flood,71,42,4.2,99,,,150000,0,0
08041,El Paso County,flood,7,4,0.4,59,,,0,0,0
08041,El Paso County,hail,756,138,13.8,100,4,,341830000,0,9
08041,El Paso County,lightning,2,2,0.2,85,,,20000,0,3
08041,El Paso County,thunderstorm_wind,57,31,3.1,62,75,,4000,0,0
08041,El Paso County,tornado,6,6,0.6,79,,EF0,0,0,0
08043,Fremont County,flash_flood,29,21,2.1,94,,,10000,0,0
08043,Fremont County,flood,3,3,0.3,50,,,0,0,0
08043,Fremont County,hail,21,10,1.0,50,2,,0,0,0
08043,Fremont County,lightning,1,1,0.1,66,,,0,0,1
08043,Fremont County,thunderstorm_wind,7,7,0.7,12,61,,0,0,0
08043,Fremont County,tornado,1,1,0.1,22,,,0,0,0
08045,Garfield County,flash_flood,9,8,0.8,68,,,6100,0,0
08045,Garfield County,flood,5,3,0.3,50,,,10500,1,0
08045,Garfield County,hail,3,3,0.3,16,1.5,,15000,0,0
08045,Garfield County,thunderstorm_wind,33,26,2.6,51,92,,5000,0,0
08047,Gilpin County,hail,1,1,0.1,6,0.75,,0,0,0
08049,Grand County,flash_flood,14,11,1.1,79,,,120000,0,10
08049,Grand County,hail,1,1,0.1,6,0.88,,0,0,0
08049,Grand County,thunderstorm_wind,15,8,0.8,13,96,,0,0,0
08051,Gunnison County,flood,8,6,0.6,71,,,551000,2,0
08051,Gunnison County,lightning,1,1,0.1,66,,,0,0,3
08051,Gunnison County,tornado,1,1,0.1,22,,,0,0,0
08053,Hinsdale County,flash_flood,1,1,0.1,11,,,500,0,0
08053,Hinsdale County,flood,1,1,0.1,20,,,0,1,0
08053,Hinsdale County,hail,1,1,0.1,6,0.88,,0,0,0
08055,Huerfano County,flash_flood,52,31,3.1,97,,,5000,0,0
08055,Huerfano County,flood,1,1,0.1,20,,,0,0,0
08055,Huerfano County,hail,12,9,0.9,45,1.75,,0,0,0
08055,Huerfano County,thunderstorm_wind,6,6,0.6,11,56,,0,0,0
08055,Huerfano County,tornado,1,1,0.1,22,,EF1,0,0,0
08057,Jackson County,hail,1,1,0.1,6,1,,0,0,0
08057,Jackson County,lightning,1,1,0.1,66,,,85000,1,0
08057,Jackson County,thunderstorm_wind,1,1,0.1,3,55,,0,0,0
08057,Jackson County,tornado,2,2,0.2,37,,EF0,0,0,0
08059,Jefferson County,flash_flood,3,2,0.2,21,,,20000,1,0
08059,Jefferson County,flood,1,1,0.1,20,,,25000,0,0
08059,Jefferson County,hail,151,39,3.9,95,2.75,,2300000000,0,90
08059,Jefferson County,lightning,2,2,0.2,85,,,25000,1,1
08059,Jefferson County,thunderstorm_wind,17,8,0.8,13,68,,0,0,0
08061,Kiowa County,flash_flood,3,3,0.3,31,,,0,0,0
08061,Kiowa County,hail,60,34,3.4,92,4,,20000,0,0
08061,Kiowa County,thunderstorm_wind,17,8,0.8,13,83,,23000,0,3
08061,Kiowa County,tornado,13,8,0.8,89,,EF0,0,0,0
08063,Kit Carson County,flash_flood,14,13,1.3,84,,,104010,0,0
08063,Kit Carson County,flood,9,5,0.5,66,,,50000,0,0
08063,Kit Carson County,hail,231,91,9.1,100,4.83,,11500,0,0
08063,Kit Carson County,thunderstorm_wind,129,72,7.2,96,100,,487800,0,0
08063,Kit Carson County,tornado,33,20,2.0,100,,EF2,60000,0,0
08067,La Plata County,flash_flood,9,5,0.5,49,,,3045000,0,0
08067,La Plata County,flood,3,3,0.3,50,,,1000,0,0
08067,La Plata County,hail,7,6,0.6,31,1.75,,0,0,0
08067,La Plata County,lightning,1,1,0.1,66,,,0,1,1
08067,La Plata County,thunderstorm_wind,11,11,1.1,18,66,,52000,0,0
08069,Larimer County,flash_flood,29,22,2.2,95,,,1325000,6,0
08069,Larimer County,hail,143,45,4.5,97,2.5,,0,0,1
08069,Larimer County,lightning,3,3,0.3,91,,,0,1,1
08069,Larimer County,thunderstorm_wind,19,12,1.2,20,70,,2000,0,0
08069,Larimer County,tornado,1,1,0.1,22,,EF0,0,0,0
08071,Las Animas County,flash_flood,4,3,0.3,31,,,0,0,0
08071,Las Animas County,hail,80,32,3.2,91,3.25,,0,0,0
08071,Las Animas County,thunderstorm_wind,8,8,0.8,13,60,,0,0,0
08071,Las Animas County,tornado,8,7,0.7,85,,EF0,0,0,0
08073,Lincoln County,flash_flood,5,5,0.5,49,,,80000,0,0
08073,Lincoln County,hail,178,66,6.6,99,4,,0,0,0
08073,Lincoln County,thunderstorm_wind,65,43,4.3,79,87,,0,0,0
08073,Lincoln County,tornado,16,9,0.9,92,,EF0,0,0,0
08075,Logan County,flash_flood,4,4,0.4,41,,,130000,0,0
08075,Logan County,flood,1,1,0.1,20,,,0,0,0
08075,Logan County,hail,156,65,6.5,99,4,,0,0,0
08075,Logan County,thunderstorm_wind,89,46,4.6,82,83,,20000,0,0
08075,Logan County,tornado,22,14,1.4,98,,EF2,0,0,0
08077,Mesa County,flash_flood,20,14,1.4,86,,,171000,0,0
08077,Mesa County,flood,15,11,1.1,85,,,6000,1,0
08077,Mesa County,hail,14,10,1.0,50,1.75,,0,0,0
08077,Mesa County,lightning,1,1,0.1,66,,,0,0,1
08077,Mesa County,thunderstorm_wind,52,24,2.4,47,86,,20820,0,0
08079,Mineral County,flood,1,1,0.1,20,,,0,0,0
08079,Mineral County,thunderstorm_wind,1,1,0.1,3,53,,0,0,0
08081,Moffat County,flash_flood,1,1,0.1,11,,,0,0,0
08081,Moffat County,flood,5,5,0.5,66,,,15000,1,0
08081,Moffat County,hail,4,4,0.4,21,1.75,,3000,0,0
08081,Moffat County,thunderstorm_wind,24,17,1.7,29,78,,327000,0,0
08083,Montezuma County,flood,8,6,0.6,71,,,60350,0,0
08083,Montezuma County,hail,3,3,0.3,16,1,,10000,0,0
08083,Montezuma County,lightning,1,1,0.1,66,,,10000,0,0
08083,Montezuma County,thunderstorm_wind,8,8,0.8,13,62,,0,0,0
08085,Montrose County,flash_flood,3,3,0.3,31,,,306000,0,0
08085,Montrose County,flood,13,11,1.1,85,,,34000,0,0
08085,Montrose County,hail,4,4,0.4,21,1.5,,0,0,0
08085,Montrose County,lightning,1,1,0.1,66,,,500000,0,0
08085,Montrose County,thunderstorm_wind,9,8,0.8,13,61,,2000,0,0
08087,Morgan County,flash_flood,5,4,0.4,41,,,145000,0,0
08087,Morgan County,hail,108,48,4.8,97,4,,0,0,0
08087,Morgan County,lightning,1,1,0.1,66,,,0,0,0
08087,Morgan County,thunderstorm_wind,45,26,2.6,51,70,,0,0,0
08087,Morgan County,tornado,25,12,1.2,97,,EF2,500000,0,0
08089,Otero County,flash_flood,15,13,1.3,84,,,0,0,0
08089,Otero County,flood,4,4,0.4,59,,,0,1,0
08089,Otero County,hail,47,27,2.7,87,3,,0,0,0
08089,Otero County,thunderstorm_wind,44,30,3.0,60,76,,10000,1,0
08089,Otero County,tornado,6,6,0.6,79,,EF0,0,0,0
08091,Ouray County,flash_flood,2,2,0.2,21,,,51000,0,0
08091,Ouray County,flood,1,1,0.1,20,,,1000,0,0
08093,Park County,flash_flood,2,2,0.2,21,,,15000,0,0
08093,Park County,hail,13,10,1.0,50,2.75,,0,0,0
08093,Park County,lightning,1,1,0.1,66,,,0,0,0
08093,Park County,thunderstorm_wind,1,1,0.1,3,52,,0,0,0
08093,Park County,tornado,5,4,0.4,62,,EF0,0,0,0
08095,Phillips County,flash_flood,1,1,0.1,11,,,25000,0,0
08095,Phillips County,flood,1,1,0.1,20,,,5000,0,0
08095,Phillips County,hail,60,30,3.0,89,3,,0,0,0
08095,Phillips County,thunderstorm_wind,51,25,2.5,49,85,,0,0,0
08095,Phillips County,tornado,11,7,0.7,85,,EF1,20000,0,0
08097,Pitkin County,flash_flood,6,6,0.6,57,,,0,0,0
08097,Pitkin County,flood,3,3,0.3,50,,,6000,1,0
08097,Pitkin County,thunderstorm_wind,2,2,0.2,5,65,,0,0,0
08099,Prowers County,flash_flood,7,6,0.6,57,,,0,0,0
08099,Prowers County,hail,94,38,3.8,95,3,,20000,0,0
08099,Prowers County,thunderstorm_wind,84,52,5.2,87,87,,120000,0,0
08099,Prowers County,tornado,8,7,0.7,85,,EF3,0,0,0
08101,Pueblo County,flash_flood,64,36,3.6,98,,,500000,0,0
08101,Pueblo County,flood,6,6,0.6,71,,,0,0,0
08101,Pueblo County,hail,139,47,4.7,97,3,,0,0,0
08101,Pueblo County,thunderstorm_wind,53,38,3.8,73,103,,34000,0,0
08101,Pueblo County,tornado,2,2,0.2,37,,EF0,0,0,0
08103,Rio Blanco County,flash_flood,4,3,0.3,31,,,200000,0,0
08103,Rio Blanco County,hail,4,4,0.4,21,1.75,,0,0,0
08103,Rio Blanco County,thunderstorm_wind,20,16,1.6,27,75,,0,0,0
08105,Rio Grande County,hail,2,1,0.1,6,0.88,,0,0,0
08107,Routt County,flood,7,7,0.7,75,,,4500,0,0
08107,Routt County,thunderstorm_wind,5,4,0.4,9,65,,6000,0,0
08107,Routt County,tornado,1,1,0.1,22,,EF0,0,0,0
08109,Saguache County,flash_flood,4,3,0.3,31,,,0,0,0
08109,Saguache County,hail,2,2,0.2,11,1,,0,0,0
08109,Saguache County,tornado,2,2,0.2,37,,EF1,0,0,0
08113,San Miguel County,flash_flood,3,3,0.3,31,,,5000,0,0
08113,San Miguel County,flood,2,2,0.2,38,,,2000,0,0
08113,San Miguel County,hail,1,1,0.1,6,1,,0,0,0
08115,Sedgwick County,hail,36,21,2.1,79,2.75,,0,0,0
08115,Sedgwick County,thunderstorm_wind,29,18,1.8,32,67,,0,0,0
08115,Sedgwick County,tornado,10,5,0.5,72,,EF0,0,0,0
08117,Summit County,hail,1,1,0.1,6,0.75,,0,0,0
08117,Summit County,thunderstorm_wind,8,3,0.3,7,78,,5000,1,0
08119,Teller County,flash_flood,4,3,0.3,31,,,0,0,0
08119,Teller County,hail,25,17,1.7,70,1.75,,0,0,0
08119,Teller County,tornado,5,5,0.5,72,,EF1,0,0,0
08121,Washington County,flash_flood,2,2,0.2,21,,,15000,0,0
08121,Washington County,flood,1,1,0.1,20,,,50000,0,0
08121,Washington County,hail,171,67,6.7,99,4.5,,0,0,0
08121,Washington County,thunderstorm_wind,79,43,4.3,79,98,,35000,0,0
08121,Washington County,tornado,85,21,2.1,100,,EF2,15000,0,0
08123,Weld County,flash_flood,12,8,0.8,68,,,625000,0,0
08123,Weld County,flood,7,6,0.6,71,,,4400000,1,0
08123,Weld County,hail,431,120,12.0,100,4.25,,15000,0,0
08123,Weld County,lightning,1,1,0.1,66,,,5000,0,0
08123,Weld County,thunderstorm_wind,109,58,5.8,91,78,,0,0,0
08123,Weld County,tornado,34,23,2.3,100,,EF2,530500,0,0
08125,Yuma County,flash_flood,9,9,0.9,72,,,5100,0,0
08125,Yuma County,flood,4,4,0.4,59,,,100,0,0
08125,Yuma County,hail,355,100,10.0,100,5.25,,75800,0,0
08125,Yuma County,thunderstorm_wind,167,77,7.7,97,104,,1476920,0,0
08125,Yuma County,tornado,30,14,1.4,98,,EF3,1235000,0,4
09001,Fairfield County,flash_flood,89,25,2.5,96,,,5510000,1,0
09001,Fairfield County,flood,1,1,0.1,20,,,0,0,0
09001,Fairfield County,hail,8,7,0.7,36,1.25,,0,0,0
09001,Fairfield County,lightning,7,7,0.7,98,,,32000,0,0
09001,Fairfield County,thunderstorm_wind,158,56,5.6,90,87,,635000,4,4
09001,Fairfield County,tornado,2,2,0.2,37,,EF1,65000,0,0
09003,Hartford County,flash_flood,65,20,2.0,94,,,1164000,0,0
09003,Hartford County,flood,29,20,2.0,93,,,26000,0,0
09003,Hartford County,hail,27,12,1.2,57,2.5,,70000,0,0
09003,Hartford County,lightning,11,8,0.8,98,,,68500,0,0
09003,Hartford County,thunderstorm_wind,149,57,5.7,90,70,,6171500,0,2
09005,Litchfield County,flash_flood,46,11,1.1,79,,,1269500,0,0
09005,Litchfield County,flood,22,16,1.6,90,,,650000,1,0
09005,Litchfield County,hail,17,11,1.1,53,2,,0,0,0
09005,Litchfield County,lightning,3,3,0.3,91,,,46000,0,0
09005,Litchfield County,thunderstorm_wind,228,64,6.4,94,78,,351000,0,2
09005,Litchfield County,tornado,11,7,0.7,85,,EF1,17000,0,0
09007,Middlesex County,flash_flood,10,5,0.5,49,,,50270,0,0
09007,Middlesex County,hail,7,5,0.5,26,1.75,,0,0,0
09007,Middlesex County,lightning,2,2,0.2,85,,,10000,0,3
09007,Middlesex County,thunderstorm_wind,28,17,1.7,29,61,,128500,0,0
09009,New Haven County,flash_flood,64,20,2.0,94,,,420000,2,0
09009,New Haven County,flood,2,2,0.2,38,,,0,0,0
09009,New Haven County,hail,8,4,0.4,21,1.5,,0,0,0
09009,New Haven County,lightning,2,2,0.2,85,,,1000,0,2
09009,New Haven County,thunderstorm_wind,109,38,3.8,73,78,,602000,0,1
09009,New Haven County,tornado,6,4,0.4,62,,EF1,965000,0,0
09011,New London County,flash_flood,32,13,1.3,84,,,706240,0,0
09011,New London County,flood,4,4,0.4,59,,,0,0,0
09011,New London County,hail,9,5,0.5,26,1.75,,0,0,0
09011,New London County,lightning,5,5,0.5,96,,,15000,0,6
09011,New London County,thunderstorm_wind,37,18,1.8,32,61,,145700,1,1
09011,New London County,tornado,2,2,0.2,37,,EF1,63500,0,0
09013,Tolland County,flash_flood,5,3,0.3,31,,,90000,0,0
09013,Tolland County,flood,3,3,0.3,50,,,0,0,0
09013,Tolland County,hail,15,11,1.1,53,1.25,,0,0,0
09013,Tolland County,lightning,6,4,0.4,94,,,14500,0,2
09013,Tolland County,thunderstorm_wind,79,36,3.6,70,60,,298900,0,0
09013,Tolland County,tornado,4,4,0.4,62,,EF1,113000,0,0
09015,Windham County,flash_flood,14,4,0.4,41,,,123000,0,0
09015,Windham County,flood,12,6,0.6,71,,,132000,0,0
09015,Windham County,hail,11,7,0.7,36,1.75,,5000,0,0
09015,Windham County,lightning,5,5,0.5,96,,,41500,0,0
09015,Windham County,thunderstorm_wind,95,44,4.4,80,70,,411350,0,0
09015,Windham County,tornado,6,6,0.6,79,,EF1,106000,0,0
10001,Kent County,flash_flood,5,3,0.3,31,,,0,0,0
10001,Kent County,flood,13,6,0.6,71,,,0,0,0
10001,Kent County,hail,12,9,0.9,45,1,,0,0,0
10001,Kent County,thunderstorm_wind,106,54,5.4,89,96,,0,0,0
10001,Kent County,tornado,4,2,0.2,37,,EF2,0,0,0
10003,New Castle County,flash_flood,68,27,2.7,96,,,3740000,0,0
10003,New Castle County,flood,20,12,1.2,86,,,0,0,0
10003,New Castle County,hail,19,10,1.0,50,1.5,,0,0,0
10003,New Castle County,lightning,11,7,0.7,98,,,37030,0,2
10003,New Castle County,thunderstorm_wind,203,59,5.9,91,76,,21000,1,9
10003,New Castle County,tornado,4,4,0.4,62,,EF2,0,0,0
10005,Sussex County,flash_flood,24,10,1.0,75,,,0,0,0
10005,Sussex County,flood,23,8,0.8,78,,,0,0,0
10005,Sussex County,hail,17,12,1.2,57,2.25,,0,0,0
10005,Sussex County,lightning,14,6,0.6,97,,,1010,0,1
10005,Sussex County,thunderstorm_wind,156,69,6.9,95,91,,35000,0,1
10005,Sussex County,tornado,9,8,0.8,89,,EF3,0,1,1
11001,District of Columbia,flash_flood,55,26,2.6,96,,,600000,0,0
11001,District of Columbia,flood,60,41,4.1,98,,,0,0,0
11001,District of Columbia,hail,19,6,0.6,31,1.75,,0,0,0
11001,District of Columbia,lightning,3,3,0.3,91,,,200000,3,2
11001,District of Columbia,thunderstorm_wind,149,73,7.3,96,73,,28188500,0,7
11001,District of Columbia,tornado,4,2,0.2,37,,EF1,200000,0,1
12001,Alachua County,flash_flood,2,2,0.2,21,,,0,0,0
12001,Alachua County,flood,18,15,1.5,89,,,18000,0,0
12001,Alachua County,hail,20,10,1.0,50,2.5,,0,0,0
12001,Alachua County,lightning,5,4,0.4,94,,,2500,0,3
12001,Alachua County,thunderstorm_wind,138,71,7.1,96,70,,2048410,0,0
12001,Alachua County,tornado,3,3,0.3,51,,EF0,0,0,0
12003,Baker County,flood,9,8,0.8,78,,,3000,0,0
12003,Baker County,hail,3,3,0.3,16,1,,0,0,0
12003,Baker County,lightning,1,1,0.1,66,,,0,0,1
12003,Baker County,thunderstorm_wind,54,25,2.5,49,56,,12720,0,0
12003,Baker County,tornado,1,1,0.1,22,,EF1,0,0,0
12005,Bay County,flash_flood,113,35,3.5,98,,,1114000,0,0
12005,Bay County,flood,16,8,0.8,78,,,742000,0,0
12005,Bay County,hail,24,15,1.5,66,2,,0,0,0
12005,Bay County,lightning,4,4,0.4,94,,,12000,0,2
12005,Bay County,thunderstorm_wind,160,58,5.8,91,71,,442000,0,0
12005,Bay County,tornado,22,13,1.3,97,,EF3,22577000,0,12
12007,Bradford County,flood,5,4,0.4,59,,,35000,0,0
12007,Bradford County,hail,3,2,0.2,11,1,,0,0,0
12007,Bradford County,lightning,1,1,0.1,66,,,100000,0,0
12007,Bradford County,thunderstorm_wind,29,23,2.3,44,87,,5200,0,2
12007,Bradford County,tornado,4,4,0.4,62,,EF1,0,0,2
12009,Brevard County,flash_flood,11,7,0.7,62,,,10480000,0,0
12009,Brevard County,flood,9,8,0.8,78,,,7880000,0,0
12009,Brevard County,hail,52,18,1.8,73,2,,0,0,0
12009,Brevard County,lightning,10,10,1.0,99,,,10000,4,10
12009,Brevard County,thunderstorm_wind,104,64,6.4,94,71,,180100,2,3
12009,Brevard County,tornado,20,13,1.3,97,,EF2,2488500,0,0
12011,Broward County,flash_flood,17,12,1.2,81,,,31219000,0,0
12011,Broward County,flood,70,48,4.8,99,,,76100,0,0
12011,Broward County,hail,45,28,2.8,88,1.5,,0,0,0
12011,Broward County,lightning,21,20,2.0,100,,,782500,5,7
12011,Broward County,thunderstorm_wind,81,52,5.2,87,72,,283500,0,1
12011,Broward County,tornado,27,17,1.7,99,,EF1,3315000,0,2
12013,Calhoun County,flash_flood,21,8,0.8,68,,,1000000,0,0
12013,Calhoun County,flood,4,2,0.2,38,,,0,0,0
12013,Calhoun County,hail,7,5,0.5,26,1.75,,0,0,0
12013,Calhoun County,lightning,2,2,0.2,85,,,55000,0,0
12013,Calhoun County,thunderstorm_wind,68,44,4.4,80,65,,70000,1,1
12013,Calhoun County,tornado,5,4,0.4,62,,EF1,1000,0,0
12015,Charlotte County,hail,1,1,0.1,6,1,,0,0,0
12015,Charlotte County,lightning,4,4,0.4,94,,,556000,1,0
12015,Charlotte County,thunderstorm_wind,18,14,1.4,23,63,,278000,0,0
12015,Charlotte County,tornado,13,8,0.8,89,,EF1,2440000,0,1
12017,Citrus County,flood,1,1,0.1,20,,,10000000,0,0
12017,Citrus County,hail,5,4,0.4,21,1.5,,0,0,0
12017,Citrus County,lightning,1,1,0.1,66,,,0,0,2
12017,Citrus County,thunderstorm_wind,18,14,1.4,23,65,,326000,0,3
12017,Citrus County,tornado,3,3,0.3,51,,EF2,550000,0,0
12019,Clay County,flash_flood,1,1,0.1,11,,,0,0,0
12019,Clay County,flood,15,12,1.2,86,,,0,0,0
12019,Clay County,hail,12,8,0.8,41,2,,0,0,0
12019,Clay County,lightning,8,6,0.6,97,,,1279000,1,3
12019,Clay County,thunderstorm_wind,69,42,4.2,78,64,,25110,0,2
12019,Clay County,tornado,3,2,0.2,37,,EF1,0,0,0
12021,Collier County,flash_flood,5,5,0.5,49,,,65000,0,0
12021,Collier County,flood,25,20,2.0,93,,,43500,0,0
12021,Collier County,hail,15,10,1.0,50,1.25,,500,0,0
12021,Collier County,lightning,12,12,1.2,99,,,174000,3,9
12021,Collier County,thunderstorm_wind,24,16,1.6,27,78,,20000,0,0
12021,Collier County,tornado,9,8,0.8,89,,EF1,120000,0,1
12023,Columbia County,flash_flood,1,1,0.1,11,,,0,0,0
12023,Columbia County,flood,9,5,0.5,66,,,0,0,0
12023,Columbia County,hail,3,3,0.3,16,1.75,,0,0,0
12023,Columbia County,lightning,2,2,0.2,85,,,0,0,4
12023,Columbia County,thunderstorm_wind,69,36,3.6,70,62,,108800,1,1
12023,Columbia County,tornado,5,5,0.5,72,,EF1,0,0,0
12027,DeSoto County,flood,1,1,0.1,20,,,1000000,0,0
12027,DeSoto County,thunderstorm_wind,2,2,0.2,5,55,,110000,0,0
12027,DeSoto County,tornado,2,2,0.2,37,,EF0,15000,0,0
12029,Dixie County,flash_flood,5,4,0.4,41,,,0,0,0
12029,Dixie County,flood,6,4,0.4,59,,,10075000,0,0
12029,Dixie County,hail,2,2,0.2,11,1,,0,0,0
12029,Dixie County,thunderstorm_wind,42,22,2.2,42,55,,54000,0,0
12031,Duval County,flash_flood,22,18,1.8,92,,,5000,0,0
12031,Duval County,flood,68,45,4.5,98,,,515200,0,0
12031,Duval County,hail,61,30,3.0,89,2.75,,0,0,0
12031,Duval County,lightning,46,37,3.7,100,,,691400,0,7
12031,Duval County,thunderstorm_wind,261,114,11.4,100,66,,1167350,1,2
12031,Duval County,tornado,11,9,0.9,92,,EF1,0,0,0
12033,Escambia County,flash_flood,32,20,2.0,94,,,110000,0,0
12033,Escambia County,hail,19,14,1.4,63,2,,0,0,0
12033,Escambia County,lightning,4,4,0.4,94,,,10000,1,2
12033,Escambia County,thunderstorm_wind,63,37,3.7,72,80,,168000,0,2
12033,Escambia County,tornado,11,10,1.0,94,,EF3,27050000,0,6
12035,Flagler County,flash_flood,2,2,0.2,21,,,0,0,0
12035,Flagler County,flood,29,18,1.8,92,,,500,0,0
12035,Flagler County,hail,39,23,2.3,82,2,,0,0,0
12035,Flagler County,lightning,9,9,0.9,98,,,42000,0,0
12035,Flagler County,thunderstorm_wind,103,67,6.7,95,62,,49300,0,0
12035,Flagler County,tornado,6,5,0.5,72,,EF2,0,0,0
12037,Franklin County,flash_flood,14,6,0.6,57,,,0,0,0
12037,Franklin County,hail,1,1,0.1,6,1.75,,0,0,0
12037,Franklin County,thunderstorm_wind,38,25,2.5,49,70,,62000,0,0
12037,Franklin County,tornado,6,6,0.6,79,,EF1,90000,0,0
12039,Gadsden County,flash_flood,10,9,0.9,72,,,0,0,0
12039,Gadsden County,flood,2,2,0.2,38,,,0,0,0
12039,Gadsden County,hail,7,5,0.5,26,1.75,,0,0,0
12039,Gadsden County,lightning,1,1,0.1,66,,,0,1,0
12039,Gadsden County,thunderstorm_wind,84,53,5.3,88,56,,64000,0,0
12039,Gadsden County,tornado,5,4,0.4,62,,EF1,175000,0,0
12041,Gilchrist County,flash_flood,1,1,0.1,11,,,0,0,0
12041,Gilchrist County,flood,1,1,0.1,20,,,10,0,0
12041,Gilchrist County,hail,3,3,0.3,16,1,,500,0,0
12041,Gilchrist County,thunderstorm_wind,26,20,2.0,37,60,,22100,0,0
12041,Gilchrist County,tornado,2,2,0.2,37,,EF0,0,0,0
12043,Glades County,flash_flood,1,1,0.1,11,,,0,0,0
12043,Glades County,flood,2,2,0.2,38,,,50000,0,0
12043,Glades County,hail,4,4,0.4,21,1.25,,0,0,0
12043,Glades County,thunderstorm_wind,4,4,0.4,9,60,,22000,0,0
12043,Glades County,tornado,6,3,0.3,51,,EF3,20065000,0,3
12045,Gulf County,flash_flood,16,11,1.1,79,,,0,0,0
12045,Gulf County,flood,3,3,0.3,50,,,100000,0,0
12045,Gulf County,hail,12,5,0.5,26,2,,0,0,0
12045,Gulf County,lightning,1,1,0.1,66,,,0,1,0
12045,Gulf County,thunderstorm_wind,33,25,2.5,49,76,,291000,0,0
12047,Hamilton County,flash_flood,1,1,0.1,11,,,35000,0,0
12047,Hamilton County,flood,3,2,0.2,38,,,0,0,0
12047,Hamilton County,hail,4,3,0.3,16,1.75,,0,0,0
12047,Hamilton County,lightning,1,1,0.1,66,,,0,1,4
12047,Hamilton County,thunderstorm_wind,36,23,2.3,44,60,,12300,0,0
12049,Hardee County,flood,6,2,0.2,38,,,1650000,0,0
12049,Hardee County,hail,5,4,0.4,21,2,,3000,0,0
12049,Hardee County,lightning,1,1,0.1,66,,,20000,0,0
12049,Hardee County,thunderstorm_wind,9,8,0.8,13,60,,147000,0,0
12049,Hardee County,tornado,4,4,0.4,62,,EF1,60000,0,0
12051,Hendry County,flood,4,4,0.4,59,,,20000,0,0
12051,Hendry County,hail,13,9,0.9,45,2,,0,0,0
12051,Hendry County,thunderstorm_wind,4,3,0.3,7,65,,66000,0,0
12051,Hendry County,tornado,6,1,0.1,22,,EF1,24000,0,0
12053,Hernando County,flood,3,3,0.3,50,,,5030000,0,0
12053,Hernando County,thunderstorm_wind,21,16,1.6,27,58,,88000,0,0
12053,Hernando County,tornado,3,3,0.3,51,,EF1,600000,0,0
12055,Highlands County,hail,3,2,0.2,11,1.75,,500000,0,0
12055,Highlands County,lightning,2,2,0.2,85,,,50000,2,0
12055,Highlands County,thunderstorm_wind,11,8,0.8,13,55,,241000,0,0
12055,Highlands County,tornado,6,2,0.2,37,,EF2,725000,0,1
12057,Hillsborough County,flash_flood,1,1,0.1,11,,,0,0,0
12057,Hillsborough County,flood,20,12,1.2,86,,,6095000,0,0
12057,Hillsborough County,hail,12,10,1.0,50,3,,0,0,0
12057,Hillsborough County,lightning,12,12,1.2,99,,,930000,0,3
12057,Hillsborough County,thunderstorm_wind,52,35,3.5,69,57,,1307500,0,2
12057,Hillsborough County,tornado,8,8,0.8,89,,EF1,460000,0,0
12059,Holmes County,flash_flood,31,10,1.0,75,,,8510000,0,0
12059,Holmes County,flood,32,6,0.6,71,,,3000,0,0
12059,Holmes County,hail,1,1,0.1,6,1,,0,0,0
12059,Holmes County,thunderstorm_wind,128,62,6.2,93,70,,337000,0,0
12059,Holmes County,tornado,6,6,0.6,79,,EF2,545000,0,2
12061,Indian River County,flash_flood,2,2,0.2,21,,,50000,0,0
12061,Indian River County,flood,5,5,0.5,66,,,450000,0,0
12061,Indian River County,hail,10,9,0.9,45,1.75,,0,0,0
12061,Indian River County,lightning,2,2,0.2,85,,,200000,0,2
12061,Indian River County,thunderstorm_wind,11,9,0.9,15,87,,21000,0,0
12061,Indian River County,tornado,11,5,0.5,72,,EF2,59662240,0,0
12063,Jackson County,flash_flood,47,14,1.4,86,,,7000000,0,0
12063,Jackson County,flood,16,9,0.9,81,,,30000,0,0
12063,Jackson County,hail,10,8,0.8,41,1.75,,0,0,0
12063,Jackson County,lightning,2,2,0.2,85,,,13000,0,0
12063,Jackson County,thunderstorm_wind,225,86,8.6,98,65,,336000,0,0
12063,Jackson County,tornado,9,7,0.7,85,,EF2,5635000,0,7
12065,Jefferson County,flash_flood,8,4,0.4,41,,,0,0,0
12065,Jefferson County,flood,2,2,0.2,38,,,0,0,0
12065,Jefferson County,hail,4,4,0.4,21,1.25,,0,0,0
12065,Jefferson County,thunderstorm_wind,155,75,7.5,97,65,,282000,0,0
12065,Jefferson County,tornado,6,6,0.6,79,,EF2,2000,0,0
12067,Lafayette County,flash_flood,3,3,0.3,31,,,100000,0,0
12067,Lafayette County,flood,5,3,0.3,50,,,0,0,0
12067,Lafayette County,thunderstorm_wind,46,29,2.9,58,65,,56000,0,0
12069,Lake County,flash_flood,3,3,0.3,31,,,2800000,0,0
12069,Lake County,flood,5,5,0.5,66,,,18500000,0,0
12069,Lake County,hail,22,15,1.5,66,2.75,,500,0,0
12069,Lake County,lightning,3,3,0.3,91,,,5000,1,0
12069,Lake County,thunderstorm_wind,33,25,2.5,49,83,,368000,0,0
12069,Lake County,tornado,7,6,0.6,79,,EF1,22000,0,1
12071,Lee County,flood,23,18,1.8,92,,,500945000,0,0
12071,Lee County,hail,11,10,1.0,50,1,,0,0,0
12071,Lee County,lightning,7,7,0.7,98,,,80000,3,3
12071,Lee County,thunderstorm_wind,32,23,2.3,44,70,,635500,0,0
12071,Lee County,tornado,17,13,1.3,97,,EF2,14341000,0,5
12073,Leon County,flash_flood,60,11,1.1,79,,,3750000,0,0
12073,Leon County,flood,14,9,0.9,81,,,5000,0,0
12073,Leon County,hail,20,11,1.1,53,2,,0,0,0
12073,Leon County,lightning,7,6,0.6,97,,,347000,1,0
12073,Leon County,thunderstorm_wind,385,104,10.4,99,73,,1115000,1,2
12073,Leon County,tornado,15,11,1.1,95,,EF3,185168000,2,0
12075,Levy County,flood,1,1,0.1,20,,,10000,0,0
12075,Levy County,hail,5,5,0.5,26,1.75,,0,0,0
12075,Levy County,lightning,2,2,0.2,85,,,0,1,1
12075,Levy County,thunderstorm_wind,43,26,2.6,51,87,,2938500,0,2
12077,Liberty County,flash_flood,9,5,0.5,49,,,50000,0,0
12077,Liberty County,hail,2,2,0.2,11,1,,0,0,0
12077,Liberty County,thunderstorm_wind,28,21,2.1,39,65,,45000,0,0
12077,Liberty County,tornado,5,5,0.5,72,,EF2,510000,0,0
12079,Madison County,flash_flood,14,5,0.5,49,,,0,0,0
12079,Madison County,flood,1,1,0.1,20,,,5000000,0,0
12079,Madison County,hail,4,3,0.3,16,1,,0,0,0
12079,Madison County,thunderstorm_wind,116,61,6.1,92,65,,111000,0,0
12079,Madison County,tornado,7,5,0.5,72,,EF1,275000,0,0
12081,Manatee County,flash_flood,1,1,0.1,11,,,0,0,0
12081,Manatee County,flood,10,7,0.7,75,,,1745000,1,0
12081,Manatee County,hail,4,4,0.4,21,1,,0,0,0
12081,Manatee County,lightning,5,5,0.5,96,,,160000,2,2
12081,Manatee County,thunderstorm_wind,25,21,2.1,39,60,,727000,0,0
12081,Manatee County,tornado,11,11,1.1,95,,EF2,1316000,2,5
12083,Marion County,flash_flood,3,3,0.3,31,,,20000,0,0
12083,Marion County,flood,14,11,1.1,85,,,500,0,0
12083,Marion County,hail,16,8,0.8,41,3,,0,0,0
12083,Marion County,lightning,8,8,0.8,98,,,19000,0,1
12083,Marion County,thunderstorm_wind,144,72,7.2,96,65,,120310,1,2
12083,Marion County,tornado,6,6,0.6,79,,EF1,0,0,0
12085,Martin County,flash_flood,4,4,0.4,41,,,700000,0,0
12085,Martin County,flood,4,4,0.4,59,,,0,0,0
12085,Martin County,hail,13,8,0.8,41,2,,0,0,0
12085,Martin County,lightning,5,5,0.5,96,,,0,2,6
12085,Martin County,thunderstorm_wind,23,12,1.2,20,74,,3000,0,0
12085,Martin County,tornado,12,8,0.8,89,,EF2,14808700,0,1
12086,Miami-Dade County,flash_flood,33,29,2.9,97,,,5037000,0,0
12086,Miami-Dade County,flood,104,76,7.6,100,,,125000,0,0
12086,Miami-Dade County,hail,43,19,1.9,75,1.75,,0,0,0
12086,Miami-Dade County,lightning,13,13,1.3,99,,,334000,0,5
12086,Miami-Dade County,thunderstorm_wind,75,39,3.9,74,76,,1625500,0,0
12086,Miami-Dade County,tornado,16,13,1.3,97,,EF1,61000,0,1
12087,Monroe County,flood,10,8,0.8,78,,,31500,0,0
12087,Monroe County,lightning,2,2,0.2,85,,,9500,0,0
12087,Monroe County,thunderstorm_wind,9,9,0.9,15,74,,2500,0,0
12087,Monroe County,tornado,13,12,1.2,97,,EF1,84700,0,0
12089,Nassau County,flash_flood,2,2,0.2,21,,,0,0,0
12089,Nassau County,flood,8,5,0.5,66,,,25000,0,0
12089,Nassau County,hail,14,8,0.8,41,1.75,,0,0,0
12089,Nassau County,lightning,1,1,0.1,66,,,100,0,0
12089,Nassau County,thunderstorm_wind,77,47,4.7,83,56,,48220,0,0
12089,Nassau County,tornado,5,4,0.4,62,,EF1,0,0,0
12091,Okaloosa County,flash_flood,28,17,1.7,91,,,25000,0,0
12091,Okaloosa County,hail,6,4,0.4,21,1,,0,0,0
12091,Okaloosa County,lightning,2,2,0.2,85,,,0,2,0
12091,Okaloosa County,thunderstorm_wind,78,43,4.3,79,83,,467000,0,0
12091,Okaloosa County,tornado,10,9,0.9,92,,EF2,951000,0,2
12093,Okeechobee County,flood,2,2,0.2,38,,,0,0,0
12093,Okeechobee County,hail,3,3,0.3,16,1.75,,5000,0,0
12093,Okeechobee County,thunderstorm_wind,6,6,0.6,11,70,,112000,0,2
12093,Okeechobee County,tornado,5,2,0.2,37,,EF2,5850000,0,2
12095,Orange County,flash_flood,4,3,0.3,31,,,10000,0,0
12095,Orange County,flood,7,6,0.6,71,,,221011000,0,0
12095,Orange County,hail,45,24,2.4,83,1.75,,100,0,0
12095,Orange County,lightning,5,5,0.5,96,,,1440000,0,3
12095,Orange County,thunderstorm_wind,65,39,3.9,74,60,,707250,2,2
12095,Orange County,tornado,8,6,0.6,79,,EF1,1025000,0,0
12097,Osceola County,flash_flood,3,3,0.3,31,,,0,0,0
12097,Osceola County,flood,3,3,0.3,50,,,245800000,1,0
12097,Osceola County,hail,15,12,1.2,57,1.75,,50000,0,0
12097,Osceola County,thunderstorm_wind,12,11,1.1,18,60,,27000,0,0
12097,Osceola County,tornado,7,5,0.5,72,,EF1,120000,0,0
12099,Palm Beach County,flash_flood,25,13,1.3,84,,,147000,0,0
12099,Palm Beach County,flood,49,33,3.3,97,,,16000,0,0
12099,Palm Beach County,hail,53,32,3.2,91,2,,0,0,0
12099,Palm Beach County,lightning,10,10,1.0,99,,,107000,3,12
12099,Palm Beach County,thunderstorm_wind,84,47,4.7,83,68,,302000,0,0
12099,Palm Beach County,tornado,31,24,2.4,100,,EF3,83061000,0,9
12101,Pasco County,flood,6,6,0.6,71,,,89510000,0,0
12101,Pasco County,hail,5,4,0.4,21,1,,0,0,0
12101,Pasco County,lightning,7,7,0.7,98,,,285000,0,0
12101,Pasco County,thunderstorm_wind,24,18,1.8,32,60,,628000,0,0
12101,Pasco County,tornado,12,10,1.0,94,,EF1,860000,0,0
12103,Pinellas County,flash_flood,3,2,0.2,21,,,125000,0,0
12103,Pinellas County,flood,5,5,0.5,66,,,2300000,0,0
12103,Pinellas County,hail,5,5,0.5,26,1,,0,0,0
12103,Pinellas County,lightning,47,39,3.9,100,,,1246500,4,28
12103,Pinellas County,thunderstorm_wind,53,39,3.9,74,61,,1067500,0,0
12103,Pinellas County,tornado,19,17,1.7,99,,EF2,18165000,0,4
12105,Polk County,hail,24,14,1.4,63,2,,0,0,0
12105,Polk County,lightning,1,1,0.1,66,,,25000,0,0
12105,Polk County,thunderstorm_wind,31,23,2.3,44,60,,293000,0,0
12105,Polk County,tornado,10,8,0.8,89,,EF2,10345000,0,1
12107,Putnam County,flash_flood,1,1,0.1,11,,,0,0,0
12107,Putnam County,flood,15,15,1.5,89,,,0,0,0
12107,Putnam County,hail,6,5,0.5,26,1.75,,0,0,0
12107,Putnam County,lightning,4,4,0.4,94,,,8000,1,1
12107,Putnam County,thunderstorm_wind,94,51,5.1,87,60,,36600,0,1
12107,Putnam County,tornado,3,2,0.2,37,,EF1,0,0,0
12109,St. Johns County,flash_flood,6,4,0.4,41,,,0,0,0
12109,St. Johns County,flood,23,20,2.0,93,,,20000,0,0
12109,St. Johns County,hail,35,19,1.9,75,3,,0,0,0
12109,St. Johns County,lightning,19,17,1.7,100,,,356100,0,4
12109,St. Johns County,thunderstorm_wind,126,88,8.8,98,56,,1144010,0,1
12109,St. Johns County,tornado,14,13,1.3,97,,EF2,75000,0,1
12111,St. Lucie County,flash_flood,3,3,0.3,31,,,30005000,0,0
12111,St. Lucie County,flood,4,4,0.4,59,,,50000,0,0
12111,St. Lucie County,hail,23,11,1.1,53,2,,0,0,0
12111,St. Lucie County,lightning,1,1,0.1,66,,,0,1,0
12111,St. Lucie County,thunderstorm_wind,13,11,1.1,18,87,,19750,0,0
12111,St. Lucie County,tornado,12,6,0.6,79,,EF3,497722000,6,0
12113,Santa Rosa County,flash_flood,31,21,2.1,94,,,510000,0,0
12113,Santa Rosa County,hail,12,11,1.1,53,2,,0,0,0
12113,Santa Rosa County,lightning,41,24,2.4,100,,,509000,0,11
12113,Santa Rosa County,thunderstorm_wind,74,39,3.9,74,96,,269000,0,3
12113,Santa Rosa County,tornado,12,8,0.8,89,,EF2,95000,0,2
12115,Sarasota County,flash_flood,1,1,0.1,11,,,0,0,0
12115,Sarasota County,flood,11,7,0.7,75,,,11250000,1,0
12115,Sarasota County,hail,3,3,0.3,16,1,,0,0,0
12115,Sarasota County,lightning,4,4,0.4,94,,,50000,2,2
12115,Sarasota County,thunderstorm_wind,14,14,1.4,23,65,,441000,0,0
12115,Sarasota County,tornado,8,8,0.8,89,,EF2,13010000,0,3
12117,Seminole County,flash_flood,3,3,0.3,31,,,0,0,0
12117,Seminole County,flood,6,6,0.6,71,,,268010000,0,0
12117,Seminole County,hail,45,12,1.2,57,3,,0,0,0
12117,Seminole County,lightning,4,4,0.4,94,,,550000,2,3
12117,Seminole County,thunderstorm_wind,30,24,2.4,47,58,,18800,1,1
12117,Seminole County,tornado,4,4,0.4,62,,EF2,5280000,0,0
12119,Sumter County,flash_flood,1,1,0.1,11,,,35000,0,0
12119,Sumter County,hail,2,2,0.2,11,0.88,,0,0,0
12119,Sumter County,lightning,4,4,0.4,94,,,43000,0,1
12119,Sumter County,thunderstorm_wind,20,15,1.5,25,60,,214500,0,0
12119,Sumter County,tornado,2,1,0.1,22,,EF0,40000,0,0
12121,Suwannee County,flash_flood,1,1,0.1,11,,,0,0,0
12121,Suwannee County,flood,3,3,0.3,50,,,0,0,0
12121,Suwannee County,thunderstorm_wind,71,42,4.2,78,87,,60500,0,0
12121,Suwannee County,tornado,3,3,0.3,51,,EF0,0,0,0
12123,Taylor County,flash_flood,11,8,0.8,68,,,5000,0,0
12123,Taylor County,flood,5,5,0.5,66,,,5513000,0,0
12123,Taylor County,lightning,1,1,0.1,66,,,5000,0,0
12123,Taylor County,thunderstorm_wind,70,45,4.5,81,78,,120000,0,0
12123,Taylor County,tornado,9,4,0.4,62,,EF1,175000,0,0
12125,Union County,thunderstorm_wind,37,22,2.2,42,60,,24300,0,0
12125,Union County,tornado,2,2,0.2,37,,EF1,0,0,0
12127,Volusia County,flash_flood,5,4,0.4,41,,,453000,0,0
12127,Volusia County,flood,9,8,0.8,78,,,580005000,4,0
12127,Volusia County,hail,41,20,2.0,77,2,,5000,0,0
12127,Volusia County,lightning,13,12,1.2,99,,,475000,5,10
12127,Volusia County,thunderstorm_wind,25,22,2.2,42,63,,130000,1,1
12127,Volusia County,tornado,9,8,0.8,89,,EF2,8085000,0,1
12129,Wakulla County,flash_flood,5,5,0.5,49,,,0,0,0
12129,Wakulla County,flood,1,1,0.1,20,,,0,0,0
12129,Wakulla County,hail,4,3,0.3,16,1,,0,0,0
12129,Wakulla County,lightning,1,1,0.1,66,,,2000,0,0
12129,Wakulla County,thunderstorm_wind,191,79,7.9,97,75,,345000,0,0
12129,Wakulla County,tornado,10,8,0.8,89,,EF1,180000,0,0
12131,Walton County,flash_flood,38,13,1.3,84,,,11250000,0,0
12131,Walton County,flood,15,7,0.7,75,,,10000,1,0
12131,Walton County,hail,14,9,0.9,45,1.25,,0,0,0
12131,Walton County,lightning,8,6,0.6,97,,,304000,0,2
12131,Walton County,thunderstorm_wind,158,95,9.5,99,92,,198000,0,0
12131,Walton County,tornado,23,18,1.8,100,,EF2,645000,0,0
12133,Washington County,flash_flood,44,14,1.4,86,,,18503000,0,0
12133,Washington County,flood,11,5,0.5,66,,,11500000,0,0
12133,Washington County,hail,5,4,0.4,21,1.75,,0,0,0
12133,Washington County,lightning,3,3,0.3,91,,,11000,0,0
12133,Washington County,thunderstorm_wind,96,52,5.2,87,65,,204000,0,1
12133,Washington County,tornado,8,7,0.7,85,,EF3,1050000,2,1
13001,Appling County,flash_flood,3,3,0.3,31,,,0,0,0
13001,Appling County,flood,3,3,0.3,50,,,0,0,0
13001,Appling County,hail,6,4,0.4,21,1.75,,0,0,0
13001,Appling County,lightning,1,1,0.1,66,,,100,0,0
13001,Appling County,thunderstorm_wind,48,35,3.5,69,58,,33700,0,1
13001,Appling County,tornado,2,2,0.2,37,,EF1,0,0,0
13003,Atkinson County,flood,2,2,0.2,38,,,0,0,0
13003,Atkinson County,hail,5,4,0.4,21,1.75,,0,0,0
13003,Atkinson County,thunderstorm_wind,39,25,2.5,49,87,,1000,0,2
13003,Atkinson County,tornado,4,3,0.3,51,,EF1,2000,0,0
13005,Bacon County,thunderstorm_wind,18,18,1.8,32,60,,2000,0,0
13005,Bacon County,tornado,2,2,0.2,37,,EF1,0,0,0
13007,Baker County,flash_flood,3,2,0.2,21,,,0,0,0
13007,Baker County,flood,2,2,0.2,38,,,28000,0,0
13007,Baker County,hail,1,1,0.1,6,1.75,,0,0,0
13007,Baker County,thunderstorm_wind,42,24,2.4,47,74,,125000,0,0
13007,Baker County,tornado,4,4,0.4,62,,EF1,61000,0,0
13009,Baldwin County,flash_flood,5,3,0.3,31,,,0,0,0
13009,Baldwin County,hail,2,2,0.2,11,1.75,,2000,0,0
13009,Baldwin County,lightning,4,3,0.3,91,,,461000,0,0
13009,Baldwin County,thunderstorm_wind,45,27,2.7,53,60,,153000,0,0
13009,Baldwin County,tornado,4,4,0.4,62,,EF1,30000,0,0
13011,Banks County,flash_flood,4,3,0.3,31,,,30000,0,0
13011,Banks County,hail,2,2,0.2,11,1.75,,241000,0,0
13011,Banks County,thunderstorm_wind,43,26,2.6,51,52,,151000,0,0
13011,Banks County,tornado,3,3,0.3,51,,EF1,215000,0,0
13013,Barrow County,flash_flood,1,1,0.1,11,,,0,0,0
13013,Barrow County,hail,6,5,0.5,26,1.5,,0,0,0
13013,Barrow County,lightning,1,1,0.1,66,,,1000,0,0
13013,Barrow County,thunderstorm_wind,22,17,1.7,29,55,,297000,0,0
13013,Barrow County,tornado,1,1,0.1,22,,EF0,20000,0,0
13015,Bartow County,flash_flood,26,6,0.6,57,,,50000,0,0
13015,Bartow County,flood,2,2,0.2,38,,,0,0,0
13015,Bartow County,hail,18,7,0.7,36,1.75,,700000,0,0
13015,Bartow County,lightning,1,1,0.1,66,,,5000,0,0
13015,Bartow County,thunderstorm_wind,120,55,5.5,89,70,,606500,0,0
13015,Bartow County,tornado,5,4,0.4,62,,EF1,610000,1,2
13017,Ben Hill County,flash_flood,9,4,0.4,41,,,170000,0,0
13017,Ben Hill County,flood,1,1,0.1,20,,,0,0,0
13017,Ben Hill County,hail,3,3,0.3,16,1.75,,0,0,0
13017,Ben Hill County,thunderstorm_wind,34,25,2.5,49,65,,152000,0,0
13017,Ben Hill County,tornado,1,1,0.1,22,,EF2,100000,0,0
13019,Berrien County,flash_flood,21,9,0.9,72,,,10000,0,0
13019,Berrien County,hail,7,5,0.5,26,1.75,,0,0,0
13019,Berrien County,thunderstorm_wind,76,49,4.9,85,65,,318000,0,0
13019,Berrien County,tornado,3,3,0.3,51,,EF3,550000,2,0
13021,Bibb County,flash_flood,4,3,0.3,31,,,0,0,0
13021,Bibb County,hail,4,4,0.4,21,2,,2000000,0,0
13021,Bibb County,thunderstorm_wind,51,41,4.1,77,57,,235000,0,0
13021,Bibb County,tornado,7,7,0.7,85,,EF1,465000,0,0
13023,Bleckley County,thunderstorm_wind,11,7,0.7,12,61,,15000,0,0
13023,Bleckley County,tornado,7,4,0.4,62,,EF1,60000,0,0
13025,Brantley County,flash_flood,2,1,0.1,11,,,0,0,0
13025,Brantley County,flood,2,2,0.2,38,,,0,0,0
13025,Brantley County,hail,5,3,0.3,16,1.75,,0,0,0
13025,Brantley County,thunderstorm_wind,35,26,2.6,51,69,,10600,0,0
13025,Brantley County,tornado,1,1,0.1,22,,EF2,0,0,5
13027,Brooks County,flash_flood,11,7,0.7,62,,,20000,0,0
13027,Brooks County,flood,3,3,0.3,50,,,0,0,0
13027,Brooks County,hail,6,4,0.4,21,2,,0,0,0
13027,Brooks County,thunderstorm_wind,70,44,4.4,80,65,,80000,0,0
13027,Brooks County,tornado,6,3,0.3,51,,EF3,530000,2,0
13029,Bryan County,flash_flood,3,2,0.2,21,,,0,0,0
13029,Bryan County,hail,14,11,1.1,53,2.75,,0,0,0
13029,Bryan County,thunderstorm_wind,31,20,2.0,37,60,,5000,0,0
13029,Bryan County,tornado,2,2,0.2,37,,EF4,0,1,12
13031,Bulloch County,flash_flood,8,4,0.4,41,,,90000,0,0
13031,Bulloch County,flood,2,1,0.1,20,,,0,0,0
13031,Bulloch County,hail,28,16,1.6,68,1.75,,0,0,0
13031,Bulloch County,thunderstorm_wind,115,52,5.2,87,65,,31750,0,0
13031,Bulloch County,tornado,2,2,0.2,37,,EF2,0,0,7
13033,Burke County,flash_flood,16,6,0.6,57,,,106300,0,0
13033,Burke County,flood,4,4,0.4,59,,,10600,0,0
13033,Burke County,hail,15,9,0.9,45,1.75,,330,0,0
13033,Burke County,lightning,1,1,0.1,66,,,2000,0,0
13033,Burke County,thunderstorm_wind,69,33,3.3,65,78,,260,0,0
13033,Burke County,tornado,7,4,0.4,62,,EF2,5000,0,0
13035,Butts County,flash_flood,1,1,0.1,11,,,0,0,0
13035,Butts County,hail,3,3,0.3,16,1.25,,0,0,0
13035,Butts County,thunderstorm_wind,42,35,3.5,69,61,,223000,0,0
13035,Butts County,tornado,6,3,0.3,51,,EF2,0,1,10
13037,Calhoun County,flash_flood,2,1,0.1,11,,,0,0,0
13037,Calhoun County,flood,2,2,0.2,38,,,0,0,0
13037,Calhoun County,hail,2,2,0.2,11,1,,0,0,0
13037,Calhoun County,thunderstorm_wind,18,11,1.1,18,65,,262000,0,0
13037,Calhoun County,tornado,4,4,0.4,62,,EF2,650000,0,5
13039,Camden County,flood,4,4,0.4,59,,,0,0,0
13039,Camden County,hail,13,10,1.0,50,1.75,,0,0,0
13039,Camden County,lightning,3,3,0.3,91,,,7000,0,1
13039,Camden County,thunderstorm_wind,33,26,2.6,51,56,,4210,0,0
13039,Camden County,tornado,7,6,0.6,79,,EF3,0,0,21
13043,Candler County,flash_flood,4,3,0.3,31,,,125000,0,0
13043,Candler County,flood,1,1,0.1,20,,,0,0,0
13043,Candler County,hail,12,9,0.9,45,1.75,,0,0,0
13043,Candler County,lightning,3,3,0.3,91,,,55000,0,0
13043,Candler County,thunderstorm_wind,37,25,2.5,49,70,,0,0,2
13045,Carroll County,flash_flood,4,2,0.2,21,,,85000,0,0
13045,Carroll County,hail,7,7,0.7,36,1.75,,626000,0,0
13045,Carroll County,thunderstorm_wind,137,47,4.7,83,61,,595000,0,0
13045,Carroll County,tornado,6,5,0.5,72,,EF1,58000,0,0
13047,Catoosa County,flash_flood,4,4,0.4,41,,,60000,0,0
13047,Catoosa County,hail,5,4,0.4,21,1.25,,0,0,0
13047,Catoosa County,lightning,1,1,0.1,66,,,5000,0,0
13047,Catoosa County,thunderstorm_wind,65,35,3.5,69,60,,339700,0,4
13047,Catoosa County,tornado,2,2,0.2,37,,EF1,300000,0,0
13049,Charlton County,flash_flood,1,1,0.1,11,,,0,0,0
13049,Charlton County,flood,2,2,0.2,38,,,0,0,0
13049,Charlton County,hail,1,1,0.1,6,1.75,,0,0,0
13049,Charlton County,lightning,1,1,0.1,66,,,100000,0,0
13049,Charlton County,thunderstorm_wind,19,15,1.5,25,61,,8500,0,0
13049,Charlton County,tornado,2,2,0.2,37,,EF0,0,0,0
13051,Chatham County,flash_flood,30,11,1.1,79,,,60000,0,0
13051,Chatham County,flood,2,2,0.2,38,,,2000,0,0
13051,Chatham County,hail,30,15,1.5,66,1.75,,0,0,0
13051,Chatham County,lightning,23,16,1.6,100,,,2573000,1,2
13051,Chatham County,thunderstorm_wind,190,65,6.5,94,70,,67350,1,0
13051,Chatham County,tornado,8,8,0.8,89,,EF2,0,0,6
13053,Chattahoochee County,flash_flood,2,2,0.2,21,,,5000,0,0
13053,Chattahoochee County,thunderstorm_wind,12,10,1.0,16,55,,66000,0,0
13053,Chattahoochee County,tornado,2,2,0.2,37,,EF1,12000,0,0
13055,Chattooga County,flash_flood,35,7,0.7,62,,,139000,0,0
13055,Chattooga County,hail,8,6,0.6,31,1.5,,0,0,0
13055,Chattooga County,thunderstorm_wind,109,54,5.4,89,65,,469000,0,0
13055,Chattooga County,tornado,2,2,0.2,37,,EF1,100000,0,0
13057,Cherokee County,flash_flood,1,1,0.1,11,,,0,0,0
13057,Cherokee County,hail,24,10,1.0,50,2.5,,2000000,0,0
13057,Cherokee County,lightning,5,4,0.4,94,,,73000,0,0
13057,Cherokee County,thunderstorm_wind,176,73,7.3,96,78,,1126000,1,1
13057,Cherokee County,tornado,4,4,0.4,62,,EF1,250000,0,0
13059,Clarke County,flash_flood,3,3,0.3,31,,,43000,0,0
13059,Clarke County,hail,10,4,0.4,21,2,,2500000,0,0
13059,Clarke County,thunderstorm_wind,51,29,2.9,58,65,,263000,0,2
13061,Clay County,thunderstorm_wind,31,21,2.1,39,61,,39000,0,0
13061,Clay County,tornado,6,6,0.6,79,,EF2,270000,0,1
13063,Clayton County,flash_flood,8,4,0.4,41,,,140000,0,0
13063,Clayton County,hail,4,3,0.3,16,1.25,,0,0,0
13063,Clayton County,thunderstorm_wind,38,24,2.4,47,66,,178000,2,0
13063,Clayton County,tornado,3,3,0.3,51,,EF1,315000,0,0
13065,Clinch County,flood,1,1,0.1,20,,,5000,0,0
13065,Clinch County,hail,5,3,0.3,16,1.25,,0,0,0
13065,Clinch County,lightning,1,1,0.1,66,,,150000,0,0
13065,Clinch County,thunderstorm_wind,36,25,2.5,49,70,,510900,0,0
13065,Clinch County,tornado,4,4,0.4,62,,EF1,0,0,0
13067,Cobb County,flash_flood,11,5,0.5,49,,,1943000,0,0
13067,Cobb County,hail,19,11,1.1,53,1.75,,0,0,0
13067,Cobb County,lightning,1,1,0.1,66,,,10000,0,0
13067,Cobb County,thunderstorm_wind,70,47,4.7,83,60,,313000,0,0
13067,Cobb County,tornado,4,4,0.4,62,,EF1,150000,0,2
13069,Coffee County,flash_flood,1,1,0.1,11,,,0,0,0
13069,Coffee County,flood,2,2,0.2,38,,,0,0,0
13069,Coffee County,hail,8,6,0.6,31,1,,0,0,0
13069,Coffee County,thunderstorm_wind,90,55,5.5,89,60,,73200,0,0
13069,Coffee County,tornado,8,7,0.7,85,,EF2,0,0,0
13071,Colquitt County,flash_flood,7,6,0.6,57,,,5000,0,0
13071,Colquitt County,flood,2,1,0.1,20,,,0,0,0
13071,Colquitt County,hail,19,12,1.2,57,4,,0,0,0
13071,Colquitt County,lightning,2,2,0.2,85,,,1000,1,1
13071,Colquitt County,thunderstorm_wind,76,46,4.6,82,65,,344000,0,0
13071,Colquitt County,tornado,9,8,0.8,89,,EF2,1315000,0,0
13073,Columbia County,flash_flood,18,7,0.7,62,,,17100,0,0
13073,Columbia County,flood,1,1,0.1,20,,,100,0,0
13073,Columbia County,hail,23,13,1.3,60,1.75,,160,0,0
13073,Columbia County,lightning,2,2,0.2,85,,,200500,0,0
13073,Columbia County,thunderstorm_wind,87,49,4.9,85,91,,60,0,3
13073,Columbia County,tornado,1,1,0.1,22,,EF2,0,0,0
13075,Cook County,flash_flood,6,6,0.6,57,,,0,0,0
13075,Cook County,hail,7,6,0.6,31,1.75,,0,0,0
13075,Cook County,lightning,2,2,0.2,85,,,10000,0,0
13075,Cook County,thunderstorm_wind,40,27,2.7,53,65,,90000,0,0
13075,Cook County,tornado,7,7,0.7,85,,EF3,2210000,7,45
13077,Coweta County,flash_flood,6,3,0.3,31,,,0,0,0
13077,Coweta County,hail,21,8,0.8,41,1.75,,0,0,0
13077,Coweta County,thunderstorm_wind,182,76,7.6,97,70,,1018000,1,6
13077,Coweta County,tornado,11,10,1.0,94,,EF4,20620000,0,0
13079,Crawford County,flash_flood,3,2,0.2,21,,,30000,0,0
13079,Crawford County,hail,4,4,0.4,21,1.75,,76000,0,0
13079,Crawford County,lightning,1,1,0.1,66,,,1000,0,0
13079,Crawford County,thunderstorm_wind,31,24,2.4,47,61,,133000,0,0
13079,Crawford County,tornado,5,5,0.5,72,,EF2,330000,0,1
13081,Crisp County,flash_flood,5,2,0.2,21,,,45000,0,0
13081,Crisp County,flood,2,1,0.1,20,,,0,0,0
13081,Crisp County,hail,9,8,0.8,41,1,,0,0,0
13081,Crisp County,thunderstorm_wind,32,23,2.3,44,70,,245000,0,0
13081,Crisp County,tornado,5,4,0.4,62,,EF1,145000,0,2
13083,Dade County,flash_flood,5,3,0.3,31,,,0,0,0
13083,Dade County,flood,1,1,0.1,20,,,0,0,0
13083,Dade County,hail,14,8,0.8,41,1.5,,5000,0,0
13083,Dade County,thunderstorm_wind,54,30,3.0,60,56,,248500,0,0
13083,Dade County,tornado,1,1,0.1,22,,EF1,700000,0,0
13085,Dawson County,flash_flood,5,2,0.2,21,,,50000,0,0
13085,Dawson County,hail,4,2,0.2,11,1.75,,0,0,0
13085,Dawson County,thunderstorm_wind,40,30,3.0,60,78,,687000,0,0
13087,Decatur County,flash_flood,6,5,0.5,49,,,0,0,0
13087,Decatur County,flood,1,1,0.1,20,,,300000,0,0
13087,Decatur County,hail,3,3,0.3,16,1.5,,0,0,0
13087,Decatur County,thunderstorm_wind,84,48,4.8,85,70,,229000,0,0
13087,Decatur County,tornado,5,4,0.4,62,,EF1,60000,0,0
13089,DeKalb County,flash_flood,10,9,0.9,72,,,25000,0,0
13089,DeKalb County,flood,1,1,0.1,20,,,0,0,0
13089,DeKalb County,hail,13,6,0.6,31,1.75,,4001000,0,0
13089,DeKalb County,lightning,2,1,0.1,66,,,40000,0,0
13089,DeKalb County,thunderstorm_wind,124,50,5.0,86,72,,600000,0,2
13089,DeKalb County,tornado,4,4,0.4,62,,EF0,465000,0,0
13091,Dodge County,flash_flood,6,4,0.4,41,,,60000,0,0
13091,Dodge County,hail,5,5,0.5,26,1,,0,0,0
13091,Dodge County,thunderstorm_wind,43,30,3.0,60,61,,154000,0,0
13091,Dodge County,tornado,6,4,0.4,62,,EF1,200000,0,0
13093,Dooly County,flash_flood,1,1,0.1,11,,,0,0,0
13093,Dooly County,hail,4,2,0.2,11,1.75,,82000,0,0
13093,Dooly County,thunderstorm_wind,20,16,1.6,27,70,,161500,0,0
13093,Dooly County,tornado,2,2,0.2,37,,EF2,150000,0,0
13095,Dougherty County,flash_flood,40,15,1.5,88,,,100000,0,0
13095,Dougherty County,flood,12,6,0.6,71,,,50000,0,0
13095,Dougherty County,hail,11,7,0.7,36,3.75,,0,0,0
13095,Dougherty County,lightning,1,1,0.1,66,,,7000,0,0
13095,Dougherty County,thunderstorm_wind,91,42,4.2,78,74,,17259000,0,0
13095,Dougherty County,tornado,2,2,0.2,37,,EF3,300000000,5,32
13097,Douglas County,flash_flood,8,5,0.5,49,,,0,0,0
13097,Douglas County,hail,6,6,0.6,31,1,,0,0,0
13097,Douglas County,lightning,4,3,0.3,91,,,40000,0,0
13097,Douglas County,thunderstorm_wind,170,60,6.0,92,65,,790500,0,2
13097,Douglas County,tornado,2,2,0.2,37,,EF1,280000,0,1
13099,Early County,flash_flood,7,5,0.5,49,,,0,0,0
13099,Early County,flood,1,1,0.1,20,,,0,0,0
13099,Early County,hail,3,2,0.2,11,2.5,,0,0,0
13099,Early County,thunderstorm_wind,62,46,4.6,82,75,,60000,0,0
13099,Early County,tornado,15,11,1.1,95,,EF2,2309000,0,5
13101,Echols County,flood,1,1,0.1,20,,,0,0,0
13101,Echols County,hail,1,1,0.1,6,2.5,,0,0,0
13101,Echols County,thunderstorm_wind,15,15,1.5,25,60,,300,0,0
13101,Echols County,tornado,1,1,0.1,22,,EF0,0,0,0
13103,Effingham County,flash_flood,3,3,0.3,31,,,100000,0,0
13103,Effingham County,flood,2,1,0.1,20,,,0,0,0
13103,Effingham County,hail,26,18,1.8,73,2,,0,0,0
13103,Effingham County,lightning,14,10,1.0,99,,,122500,0,2
13103,Effingham County,thunderstorm_wind,100,41,4.1,77,70,,47750,0,1
13103,Effingham County,tornado,4,4,0.4,62,,EF1,0,0,0
13105,Elbert County,flash_flood,3,3,0.3,31,,,260000,0,0
13105,Elbert County,flood,4,4,0.4,59,,,47000,0,0
13105,Elbert County,hail,5,5,0.5,26,1.5,,0,0,0
13105,Elbert County,lightning,1,1,0.1,66,,,75000,0,0
13105,Elbert County,thunderstorm_wind,25,24,2.4,47,55,,23500,0,0
13105,Elbert County,tornado,3,3,0.3,51,,EF1,70000,0,0
13107,Emanuel County,flash_flood,1,1,0.1,11,,,50000,0,2
13107,Emanuel County,hail,2,2,0.2,11,1.5,,0,0,0
13107,Emanuel County,thunderstorm_wind,34,25,2.5,49,61,,100000,0,0
13107,Emanuel County,tornado,5,3,0.3,51,,EF1,50000,0,0
13109,Evans County,flash_flood,2,2,0.2,21,,,0,0,0
13109,Evans County,flood,1,1,0.1,20,,,7500,0,0
13109,Evans County,hail,3,1,0.1,6,2,,0,0,0
13109,Evans County,thunderstorm_wind,43,17,1.7,29,65,,2500,0,0
13109,Evans County,tornado,1,1,0.1,22,,EF1,100000,0,0
13111,Fannin County,flash_flood,8,3,0.3,31,,,70000,0,0
13111,Fannin County,hail,4,2,0.2,11,1,,0,0,0
13111,Fannin County,lightning,1,1,0.1,66,,,200000,0,0
13111,Fannin County,thunderstorm_wind,49,26,2.6,51,56,,229000,0,0
13111,Fannin County,tornado,2,2,0.2,37,,EF0,257000,0,0
13113,Fayette County,flash_flood,3,2,0.2,21,,,10000,0,0
13113,Fayette County,hail,8,6,0.6,31,1.5,,0,0,0
13113,Fayette County,lightning,1,1,0.1,66,,,1000,0,0
13113,Fayette County,thunderstorm_wind,87,45,4.5,81,61,,230000,0,0
13113,Fayette County,tornado,5,5,0.5,72,,EF0,70000,0,0
13115,Floyd County,flash_flood,20,10,1.0,75,,,110000,0,0
13115,Floyd County,hail,6,6,0.6,31,1,,0,0,0
13115,Floyd County,lightning,6,2,0.2,85,,,40000,0,0
13115,Floyd County,thunderstorm_wind,92,42,4.2,78,61,,428000,0,1
13115,Floyd County,tornado,3,2,0.2,37,,EF0,70000,0,0
13117,Forsyth County,flash_flood,3,2,0.2,21,,,0,0,0
13117,Forsyth County,hail,17,9,0.9,45,1.75,,5000000,0,0
13117,Forsyth County,lightning,4,2,0.2,85,,,46000,0,0
13117,Forsyth County,thunderstorm_wind,48,37,3.7,72,83,,614500,0,0
13117,Forsyth County,tornado,2,2,0.2,37,,EF0,40000,0,0
13119,Franklin County,flash_flood,2,2,0.2,21,,,25000,0,0
13119,Franklin County,flood,1,1,0.1,20,,,10000,0,0
13119,Franklin County,hail,8,7,0.7,36,1,,0,0,0
13119,Franklin County,thunderstorm_wind,24,19,1.9,34,60,,132000,0,0
13119,Franklin County,tornado,1,1,0.1,22,,EF0,0,0,0
13121,Fulton County,flash_flood,48,19,1.9,93,,,625000,0,0
13121,Fulton County,hail,34,15,1.5,66,1.75,,6107500,0,0
13121,Fulton County,thunderstorm_wind,174,85,8.5,98,70,,1516500,2,7
13121,Fulton County,tornado,10,9,0.9,92,,EF2,1276000,0,0
13123,Gilmer County,flash_flood,4,3,0.3,31,,,22000,0,0
13123,Gilmer County,hail,5,4,0.4,21,1.75,,200000,0,0
13123,Gilmer County,lightning,1,1,0.1,66,,,10000,0,0
13123,Gilmer County,thunderstorm_wind,49,30,3.0,60,74,,370000,0,0
13123,Gilmer County,tornado,5,2,0.2,37,,EF1,8000,0,0
13125,Glascock County,flash_flood,1,1,0.1,11,,,0,0,0
13125,Glascock County,thunderstorm_wind,4,4,0.4,9,56,,29000,0,0
13127,Glynn County,flash_flood,1,1,0.1,11,,,0,0,0
13127,Glynn County,flood,9,7,0.7,75,,,1000,0,0
13127,Glynn County,hail,5,3,0.3,16,1,,0,0,0
13127,Glynn County,lightning,1,1,0.1,66,,,500,0,0
13127,Glynn County,thunderstorm_wind,39,28,2.8,56,70,,4000,0,0
13127,Glynn County,tornado,5,3,0.3,51,,EF1,0,0,0
13129,Gordon County,flash_flood,7,6,0.6,57,,,115000,0,0
13129,Gordon County,hail,18,11,1.1,53,2.5,,1400000,0,0
13129,Gordon County,lightning,3,2,0.2,85,,,12000,0,0
13129,Gordon County,thunderstorm_wind,34,23,2.3,44,56,,258000,0,0
13129,Gordon County,tornado,8,5,0.5,72,,EF1,90000,0,0
13131,Grady County,flash_flood,4,3,0.3,31,,,0,0,0
13131,Grady County,hail,8,6,0.6,31,1.75,,0,0,0
13131,Grady County,thunderstorm_wind,54,38,3.8,73,89,,185000,0,0
13131,Grady County,tornado,5,4,0.4,62,,EF2,1522000,0,2
13133,Greene County,flash_flood,4,3,0.3,31,,,50000,0,0
13133,Greene County,hail,2,2,0.2,11,1,,0,0,0
13133,Greene County,thunderstorm_wind,22,19,1.9,34,61,,67300,0,0
13133,Greene County,tornado,2,2,0.2,37,,EF1,600000,0,0
13135,Gwinnett County,flash_flood,10,6,0.6,57,,,97000,0,0
13135,Gwinnett County,hail,20,14,1.4,63,2.5,,7510000,0,0
13135,Gwinnett County,lightning,11,10,1.0,99,,,198200,0,1
13135,Gwinnett County,thunderstorm_wind,143,78,7.8,97,78,,2002500,0,3
13135,Gwinnett County,tornado,1,1,0.1,22,,EF0,100000,0,0
13137,Habersham County,flash_flood,5,5,0.5,49,,,208000,0,0
13137,Habersham County,flood,10,10,1.0,83,,,17500,0,0
13137,Habersham County,hail,15,11,1.1,53,1.5,,0,0,0
13137,Habersham County,thunderstorm_wind,20,20,2.0,37,65,,55000,0,0
13137,Habersham County,tornado,3,2,0.2,37,,EF1,22000,0,0
13139,Hall County,flash_flood,11,5,0.5,49,,,80000,0,0
13139,Hall County,hail,9,8,0.8,41,1.75,,3587000,0,0
13139,Hall County,lightning,3,2,0.2,85,,,6000,0,0
13139,Hall County,thunderstorm_wind,95,46,4.6,82,74,,4116000,0,1
13139,Hall County,tornado,4,4,0.4,62,,EF1,85000,0,0
13141,Hancock County,flash_flood,2,2,0.2,21,,,15000,0,0
13141,Hancock County,thunderstorm_wind,21,16,1.6,27,65,,158000,0,0
13141,Hancock County,tornado,2,2,0.2,37,,EF1,25000,0,0
13143,Haralson County,hail,6,3,0.3,16,1.75,,396000,0,0
13143,Haralson County,lightning,1,1,0.1,66,,,20000,0,0
13143,Haralson County,thunderstorm_wind,41,23,2.3,44,83,,878000,0,0
13143,Haralson County,tornado,3,2,0.2,37,,EF1,650000,0,2
13145,Harris County,flash_flood,6,3,0.3,31,,,35000,0,0
13145,Harris County,hail,4,4,0.4,21,1,,0,0,0
13145,Harris County,lightning,1,1,0.1,66,,,25000,0,0
13145,Harris County,thunderstorm_wind,52,33,3.3,65,53,,130500,0,0
13145,Harris County,tornado,7,6,0.6,79,,EF2,970000,0,0
13147,Hart County,flash_flood,1,1,0.1,11,,,100000,0,0
13147,Hart County,flood,1,1,0.1,20,,,25000,0,0
13147,Hart County,hail,7,7,0.7,36,1.75,,0,0,0
13147,Hart County,thunderstorm_wind,21,21,2.1,39,65,,330000,0,0
13147,Hart County,tornado,2,2,0.2,37,,EF0,50000,0,0
13149,Heard County,flash_flood,2,1,0.1,11,,,10000,0,0
13149,Heard County,hail,7,5,0.5,26,1.5,,0,0,0
13149,Heard County,thunderstorm_wind,36,21,2.1,39,60,,233000,0,0
13149,Heard County,tornado,3,3,0.3,51,,EF2,525000,0,0
13151,Henry County,flash_flood,3,3,0.3,31,,,0,0,0
13151,Henry County,hail,5,5,0.5,26,1.5,,4000,0,0
13151,Henry County,thunderstorm_wind,63,31,3.1,62,61,,369000,0,0
13151,Henry County,tornado,8,7,0.7,85,,EF3,65000,0,20
13153,Houston County,flash_flood,7,5,0.5,49,,,50000,0,0
13153,Houston County,hail,9,6,0.6,31,1.75,,500000,0,0
13153,Houston County,thunderstorm_wind,111,47,4.7,83,72,,769600,1,1
13153,Houston County,tornado,8,6,0.6,79,,EF3,610000,0,3
13155,Irwin County,flash_flood,4,3,0.3,31,,,0,0,0
13155,Irwin County,flood,14,2,0.2,38,,,0,0,0
13155,Irwin County,hail,14,7,0.7,36,1.75,,0,0,0
13155,Irwin County,thunderstorm_wind,50,31,3.1,62,70,,78000,0,0
13155,Irwin County,tornado,2,2,0.2,37,,EF2,500000,0,0
13157,Jackson County,flash_flood,7,5,0.5,49,,,15000,0,0
13157,Jackson County,hail,10,4,0.4,21,2,,739000,0,0
13157,Jackson County,lightning,3,3,0.3,91,,,65000,0,0
13157,Jackson County,thunderstorm_wind,52,41,4.1,77,65,,509000,1,0
13157,Jackson County,tornado,3,3,0.3,51,,EF1,175000,0,0
13159,Jasper County,flash_flood,4,3,0.3,31,,,2000,0,0
13159,Jasper County,hail,1,1,0.1,6,1,,0,0,0
13159,Jasper County,thunderstorm_wind,15,15,1.5,25,56,,29000,0,0
13159,Jasper County,tornado,2,2,0.2,37,,EF2,0,1,10
13161,Jeff Davis County,flood,4,4,0.4,59,,,0,0,0
13161,Jeff Davis County,hail,1,1,0.1,6,0.88,,0,0,0
13161,Jeff Davis County,thunderstorm_wind,29,20,2.0,37,100,,2500,0,0
13161,Jeff Davis County,tornado,3,3,0.3,51,,EF1,0,0,0
13163,Jefferson County,flash_flood,2,1,0.1,11,,,40000,0,0
13163,Jefferson County,hail,1,1,0.1,6,1,,0,0,0
13163,Jefferson County,thunderstorm_wind,21,13,1.3,21,65,,66000,0,0
13163,Jefferson County,tornado,3,3,0.3,51,,EF0,45000,0,0
13165,Jenkins County,flash_flood,2,2,0.2,21,,,290000,0,0
13165,Jenkins County,hail,3,3,0.3,16,1,,0,0,0
13165,Jenkins County,lightning,1,1,0.1,66,,,2000,0,0
13165,Jenkins County,thunderstorm_wind,27,15,1.5,25,65,,3000,0,0
13167,Johnson County,flash_flood,1,1,0.1,11,,,10000,0,0
13167,Johnson County,hail,5,5,0.5,26,1.75,,50000,0,0
13167,Johnson County,thunderstorm_wind,48,26,2.6,51,61,,163000,0,0
13167,Johnson County,tornado,2,2,0.2,37,,EF1,10000,0,0
13169,Jones County,flash_flood,6,2,0.2,21,,,190000,0,0
13169,Jones County,hail,3,2,0.2,11,1.75,,0,0,0
13169,Jones County,thunderstorm_wind,25,22,2.2,42,60,,161500,0,0
13169,Jones County,tornado,3,3,0.3,51,,EF0,90000,0,0
13171,Lamar County,flash_flood,3,1,0.1,11,,,0,0,0
13171,Lamar County,hail,1,1,0.1,6,1.25,,0,0,0
13171,Lamar County,thunderstorm_wind,20,16,1.6,27,83,,151000,0,0
13171,Lamar County,tornado,3,2,0.2,37,,EF1,215000,0,0
13173,Lanier County,flash_flood,5,5,0.5,49,,,0,0,0
13173,Lanier County,hail,6,5,0.5,26,1.5,,0,0,0
13173,Lanier County,lightning,1,1,0.1,66,,,5000,0,0
13173,Lanier County,thunderstorm_wind,59,27,2.7,53,70,,432000,0,0
13173,Lanier County,tornado,2,2,0.2,37,,EF0,50000,0,0
13175,Laurens County,flash_flood,9,3,0.3,31,,,0,0,0
13175,Laurens County,flood,6,1,0.1,20,,,35000,0,0
13175,Laurens County,hail,6,5,0.5,26,1,,0,0,0
13175,Laurens County,lightning,2,2,0.2,85,,,31000,0,0
13175,Laurens County,thunderstorm_wind,87,40,4.0,76,60,,340000,0,0
13175,Laurens County,tornado,13,10,1.0,94,,EF2,280000,0,0
13177,Lee County,flash_flood,20,9,0.9,72,,,150000,0,0
13177,Lee County,flood,9,4,0.4,59,,,0,0,0
13177,Lee County,hail,10,7,0.7,36,1.75,,10000,0,0
13177,Lee County,thunderstorm_wind,56,41,4.1,77,81,,174000,0,0
13177,Lee County,tornado,4,4,0.4,62,,EF1,400000,0,0
13179,Liberty County,flash_flood,1,1,0.1,11,,,0,0,0
13179,Liberty County,flood,1,1,0.1,20,,,0,0,0
13179,Liberty County,hail,16,10,1.0,50,2,,0,0,0
13179,Liberty County,lightning,2,2,0.2,85,,,755000,0,0
13179,Liberty County,thunderstorm_wind,81,36,3.6,70,65,,23750,0,0
13179,Liberty County,tornado,6,6,0.6,79,,EF1,5080000,0,0
13181,Lincoln County,flash_flood,4,2,0.2,21,,,15010,0,0
13181,Lincoln County,hail,11,7,0.7,36,1.75,,330,0,0
13181,Lincoln County,thunderstorm_wind,36,27,2.7,53,75,,0,0,0
13183,Long County,flash_flood,1,1,0.1,11,,,0,0,0
13183,Long County,hail,10,6,0.6,31,1.75,,0,0,0
13183,Long County,lightning,2,2,0.2,85,,,6000,0,0
13183,Long County,thunderstorm_wind,27,19,1.9,34,70,,1250,0,0
13183,Long County,tornado,2,1,0.1,22,,EF1,0,0,0
13185,Lowndes County,flash_flood,78,19,1.9,93,,,5760000,0,0
13185,Lowndes County,flood,3,2,0.2,38,,,20000,0,0
13185,Lowndes County,hail,12,9,0.9,45,1.75,,0,0,0
13185,Lowndes County,lightning,5,4,0.4,94,,,23000,0,0
13185,Lowndes County,thunderstorm_wind,238,84,8.4,98,65,,4021000,0,0
13185,Lowndes County,tornado,3,3,0.3,51,,EF2,500000,0,2
13187,Lumpkin County,flash_flood,6,5,0.5,49,,,40000,0,0
13187,Lumpkin County,hail,1,1,0.1,6,1,,0,0,0
13187,Lumpkin County,lightning,2,2,0.2,85,,,16000,0,0
13187,Lumpkin County,thunderstorm_wind,33,18,1.8,32,60,,158000,0,1
13187,Lumpkin County,tornado,2,2,0.2,37,,EF1,225000,0,0
13189,McDuffie County,flash_flood,1,1,0.1,11,,,0,0,0
13189,McDuffie County,hail,5,5,0.5,26,1.75,,200,0,0
13189,McDuffie County,thunderstorm_wind,32,26,2.6,51,65,,400,0,0
13189,McDuffie County,tornado,1,1,0.1,22,,EF1,0,0,0
13191,McIntosh County,flash_flood,1,1,0.1,11,,,25000,0,0
13191,McIntosh County,hail,6,4,0.4,21,1.75,,0,0,0
13191,McIntosh County,lightning,1,1,0.1,66,,,5000,0,0
13191,McIntosh County,thunderstorm_wind,30,17,1.7,29,65,,1000,0,6
13193,Macon County,flash_flood,3,2,0.2,21,,,0,0,0
13193,Macon County,thunderstorm_wind,25,23,2.3,44,61,,129000,0,0
13193,Macon County,tornado,4,4,0.4,62,,EF1,85000,0,0
13195,Madison County,hail,4,4,0.4,21,1.5,,0,0,0
13195,Madison County,thunderstorm_wind,22,16,1.6,27,61,,127000,0,0
13195,Madison County,tornado,2,2,0.2,37,,EF1,100000,0,0
13197,Marion County,flash_flood,2,2,0.2,21,,,45000,0,0
13197,Marion County,hail,2,2,0.2,11,1.75,,0,0,0
13197,Marion County,thunderstorm_wind,20,18,1.8,32,52,,79000,0,0
13199,Meriwether County,flash_flood,4,3,0.3,31,,,0,0,0
13199,Meriwether County,hail,6,5,0.5,26,2,,0,0,0
13199,Meriwether County,thunderstorm_wind,45,33,3.3,65,65,,244500,0,0
13199,Meriwether County,tornado,8,6,0.6,79,,EF3,6105000,0,9
13201,Miller County,flash_flood,8,4,0.4,41,,,0,0,0
13201,Miller County,flood,1,1,0.1,20,,,0,0,0
13201,Miller County,hail,2,2,0.2,11,2.5,,0,0,0
13201,Miller County,lightning,1,1,0.1,66,,,5000,0,0
13201,Miller County,thunderstorm_wind,33,26,2.6,51,65,,105000,0,0
13201,Miller County,tornado,3,3,0.3,51,,EF1,275000,0,1
13205,Mitchell County,flash_flood,26,7,0.7,62,,,50000,0,0
13205,Mitchell County,flood,5,4,0.4,59,,,0,0,0
13205,Mitchell County,hail,7,6,0.6,31,1.5,,0,0,0
13205,Mitchell County,thunderstorm_wind,99,55,5.5,89,60,,62000,0,0
13205,Mitchell County,tornado,5,5,0.5,72,,EF2,700000,0,0
13207,Monroe County,flash_flood,5,3,0.3,31,,,0,0,0
13207,Monroe County,hail,5,4,0.4,21,1.25,,0,0,0
13207,Monroe County,thunderstorm_wind,47,24,2.4,47,83,,426000,0,0
13207,Monroe County,tornado,6,5,0.5,72,,EF3,10460000,0,1
13209,Montgomery County,flash_flood,3,2,0.2,21,,,0,0,0
13209,Montgomery County,hail,2,2,0.2,11,1.5,,0,0,0
13209,Montgomery County,thunderstorm_wind,27,22,2.2,42,61,,125000,0,0
13209,Montgomery County,tornado,1,1,0.1,22,,EF1,0,0,0
13211,Morgan County,flash_flood,8,4,0.4,41,,,21000,0,0
13211,Morgan County,thunderstorm_wind,47,26,2.6,51,60,,124000,0,1
13213,Murray County,flash_flood,3,3,0.3,31,,,3000,0,0
13213,Murray County,hail,4,4,0.4,21,1,,0,0,0
13213,Murray County,thunderstorm_wind,48,31,3.1,62,60,,158800,0,3
13213,Murray County,tornado,2,2,0.2,37,,EF2,600000,8,24
13215,Muscogee County,flash_flood,14,6,0.6,57,,,85000,0,0
13215,Muscogee County,hail,13,5,0.5,26,1.75,,0,0,0
13215,Muscogee County,lightning,1,1,0.1,66,,,500,0,0
13215,Muscogee County,thunderstorm_wind,49,40,4.0,76,61,,290000,0,0
13215,Muscogee County,tornado,5,4,0.4,62,,EF3,775000,0,0
13217,Newton County,flash_flood,3,2,0.2,21,,,5000,0,0
13217,Newton County,hail,6,4,0.4,21,1.75,,1004000,0,0
13217,Newton County,thunderstorm_wind,38,35,3.5,69,65,,470510,1,1
13217,Newton County,tornado,7,6,0.6,79,,EF2,279000,1,16
13219,Oconee County,flash_flood,1,1,0.1,11,,,0,0,0
13219,Oconee County,hail,4,2,0.2,11,1.5,,0,0,0
13219,Oconee County,thunderstorm_wind,27,21,2.1,39,65,,212000,0,0
13221,Oglethorpe County,flash_flood,1,1,0.1,11,,,3000,0,0
13221,Oglethorpe County,hail,2,2,0.2,11,1.5,,0,0,0
13221,Oglethorpe County,thunderstorm_wind,29,23,2.3,44,61,,126500,0,0
13221,Oglethorpe County,tornado,1,1,0.1,22,,EF0,100000,0,0
13223,Paulding County,flash_flood,14,5,0.5,49,,,0,0,0
13223,Paulding County,flood,2,1,0.1,20,,,0,0,0
13223,Paulding County,hail,8,7,0.7,36,2,,1402000,0,0
13223,Paulding County,lightning,3,3,0.3,91,,,60000,1,0
13223,Paulding County,thunderstorm_wind,139,58,5.8,91,61,,1007500,0,1
13223,Paulding County,tornado,2,2,0.2,37,,EF1,50000,0,0
13225,Peach County,flash_flood,2,2,0.2,21,,,0,0,0
13225,Peach County,hail,5,4,0.4,21,1,,0,0,0
13225,Peach County,lightning,1,1,0.1,66,,,200000,0,0
13225,Peach County,thunderstorm_wind,18,17,1.7,29,61,,116000,0,0
13225,Peach County,tornado,7,5,0.5,72,,EF1,265000,0,0
13227,Pickens County,flash_flood,5,2,0.2,21,,,0,0,0
13227,Pickens County,hail,10,8,0.8,41,1,,0,0,0
13227,Pickens County,thunderstorm_wind,52,39,3.9,74,76,,786000,0,0
13227,Pickens County,tornado,2,1,0.1,22,,EF1,0,0,0
13229,Pierce County,flash_flood,1,1,0.1,11,,,0,0,0
13229,Pierce County,hail,5,4,0.4,21,2,,0,0,0
13229,Pierce County,lightning,3,2,0.2,85,,,9000,0,0
13229,Pierce County,thunderstorm_wind,31,23,2.3,44,60,,13600,0,0
13229,Pierce County,tornado,2,2,0.2,37,,EF1,0,0,0
13231,Pike County,flash_flood,33,6,0.6,57,,,17000,0,0
13231,Pike County,hail,3,2,0.2,11,1.5,,0,0,0
13231,Pike County,lightning,1,1,0.1,66,,,100000,0,0
13231,Pike County,thunderstorm_wind,54,26,2.6,51,60,,165500,0,0
13231,Pike County,tornado,7,3,0.3,51,,EF3,75000,0,18
13233,Polk County,flash_flood,14,4,0.4,41,,,5210000,0,0
13233,Polk County,hail,9,7,0.7,36,1.75,,327000,0,0
13233,Polk County,lightning,1,1,0.1,66,,,10000,0,0
13233,Polk County,thunderstorm_wind,76,42,4.2,78,91,,579000,0,0
13235,Pulaski County,flash_flood,1,1,0.1,11,,,0,0,0
13235,Pulaski County,hail,2,2,0.2,11,1,,2000,0,0
13235,Pulaski County,thunderstorm_wind,11,10,1.0,16,56,,37000,0,1
13235,Pulaski County,tornado,1,1,0.1,22,,EF0,0,0,0
13237,Putnam County,flash_flood,8,3,0.3,31,,,0,0,0
13237,Putnam County,hail,4,3,0.3,16,1.75,,0,0,0
13237,Putnam County,thunderstorm_wind,35,21,2.1,39,56,,89000,0,0
13237,Putnam County,tornado,2,2,0.2,37,,EF1,125000,0,0
13239,Quitman County,flash_flood,1,1,0.1,11,,,0,0,0
13239,Quitman County,hail,1,1,0.1,6,1,,0,0,0
13239,Quitman County,thunderstorm_wind,20,19,1.9,34,55,,34000,0,0
13239,Quitman County,tornado,4,4,0.4,62,,EF2,150000,0,1
13241,Rabun County,flash_flood,5,5,0.5,49,,,17000,0,0
13241,Rabun County,flood,6,6,0.6,71,,,5500,0,0
13241,Rabun County,hail,9,8,0.8,41,1.25,,0,0,0
13241,Rabun County,lightning,1,1,0.1,66,,,0,1,0
13241,Rabun County,thunderstorm_wind,25,22,2.2,42,55,,20000,0,0
13241,Rabun County,tornado,1,1,0.1,22,,EF0,0,0,0
13243,Randolph County,flash_flood,1,1,0.1,11,,,0,0,0
13243,Randolph County,flood,1,1,0.1,20,,,0,0,0
13243,Randolph County,hail,6,5,0.5,26,1.75,,0,0,0
13243,Randolph County,thunderstorm_wind,43,28,2.8,56,65,,201000,0,3
13243,Randolph County,tornado,8,7,0.7,85,,EF2,302000,0,0
13245,Richmond County,flash_flood,8,7,0.7,62,,,325700,0,0
13245,Richmond County,hail,26,16,1.6,68,2,,420,0,0
13245,Richmond County,lightning,2,2,0.2,85,,,100,1,9
13245,Richmond County,thunderstorm_wind,69,45,4.5,81,87,,16550,0,0
13247,Rockdale County,flash_flood,2,2,0.2,21,,,0,0,0
13247,Rockdale County,thunderstorm_wind,53,29,2.9,58,61,,288100,0,0
13247,Rockdale County,tornado,1,1,0.1,22,,EF2,0,0,0
13249,Schley County,hail,5,5,0.5,26,1.25,,0,0,0
13249,Schley County,lightning,1,1,0.1,66,,,25000,0,0
13249,Schley County,thunderstorm_wind,12,10,1.0,16,52,,51000,0,0
13249,Schley County,tornado,1,1,0.1,22,,EF1,500000,0,0
13251,Screven County,flood,1,1,0.1,20,,,225000,0,0
13251,Screven County,hail,7,5,0.5,26,1.25,,0,0,0
13251,Screven County,thunderstorm_wind,93,51,5.1,87,55,,37250,0,0
13251,Screven County,tornado,4,3,0.3,51,,EF1,0,0,0
13253,Seminole County,flash_flood,2,2,0.2,21,,,0,0,0
13253,Seminole County,flood,2,1,0.1,20,,,0,0,0
13253,Seminole County,thunderstorm_wind,39,28,2.8,56,65,,255000,0,0
13253,Seminole County,tornado,2,2,0.2,37,,EF1,250000,0,0
13255,Spalding County,flash_flood,5,3,0.3,31,,,20000,0,0
13255,Spalding County,hail,7,6,0.6,31,1,,5000,0,0
13255,Spalding County,lightning,1,1,0.1,66,,,4000,0,0
13255,Spalding County,thunderstorm_wind,117,45,4.5,81,56,,345000,0,0
13255,Spalding County,tornado,14,6,0.6,79,,EF3,94000,1,28
13257,Stephens County,flash_flood,1,1,0.1,11,,,5000,0,0
13257,Stephens County,hail,11,10,1.0,50,1.75,,0,0,0
13257,Stephens County,lightning,1,1,0.1,66,,,50000,0,0
13257,Stephens County,thunderstorm_wind,18,18,1.8,32,55,,40000,0,0
13257,Stephens County,tornado,2,1,0.1,22,,EF1,20000,0,0
13259,Stewart County,thunderstorm_wind,14,11,1.1,18,52,,41000,0,0
13259,Stewart County,tornado,7,6,0.6,79,,EF2,650000,0,0
13261,Sumter County,flash_flood,2,2,0.2,21,,,12000,0,0
13261,Sumter County,hail,2,2,0.2,11,1,,2000,0,0
13261,Sumter County,thunderstorm_wind,31,23,2.3,44,55,,211000,0,0
13261,Sumter County,tornado,4,4,0.4,62,,EF1,280000,0,0
13263,Talbot County,flash_flood,9,4,0.4,41,,,45000,0,0
13263,Talbot County,flood,1,1,0.1,20,,,15000,0,0
13263,Talbot County,hail,2,2,0.2,11,1,,0,0,0
13263,Talbot County,thunderstorm_wind,34,26,2.6,51,56,,134500,0,0
13263,Talbot County,tornado,12,8,0.8,89,,EF3,1362000,0,0
13265,Taliaferro County,flash_flood,1,1,0.1,11,,,0,0,0
13265,Taliaferro County,hail,1,1,0.1,6,1,,0,0,0
13265,Taliaferro County,thunderstorm_wind,18,12,1.2,20,56,,60000,0,0
13267,Tattnall County,flash_flood,8,5,0.5,49,,,75000,0,0
13267,Tattnall County,hail,10,5,0.5,26,2.5,,0,0,0
13267,Tattnall County,lightning,1,1,0.1,66,,,10000,0,0
13267,Tattnall County,thunderstorm_wind,50,24,2.4,47,65,,7000,0,0
13267,Tattnall County,tornado,1,1,0.1,22,,EF0,0,0,0
13269,Taylor County,flash_flood,1,1,0.1,11,,,0,0,0
13269,Taylor County,hail,4,1,0.1,6,2,,0,0,0
13269,Taylor County,thunderstorm_wind,32,23,2.3,44,65,,135000,0,0
13269,Taylor County,tornado,7,6,0.6,79,,EF1,170000,0,0
13271,Telfair County,flash_flood,4,3,0.3,31,,,2000,0,0
13271,Telfair County,hail,2,2,0.2,11,1,,0,0,0
13271,Telfair County,thunderstorm_wind,29,25,2.5,49,60,,190500,0,0
13271,Telfair County,tornado,3,2,0.2,37,,EF0,80000,0,0
13273,Terrell County,flash_flood,4,4,0.4,41,,,0,0,0
13273,Terrell County,flood,1,1,0.1,20,,,0,0,0
13273,Terrell County,hail,4,2,0.2,11,1.75,,0,0,0
13273,Terrell County,thunderstorm_wind,47,34,3.4,67,78,,111000,0,0
13273,Terrell County,tornado,3,3,0.3,51,,EF1,20000,0,0
13275,Thomas County,flash_flood,34,12,1.2,81,,,0,0,0
13275,Thomas County,flood,2,2,0.2,38,,,0,0,0
13275,Thomas County,hail,19,10,1.0,50,2,,0,0,0
13275,Thomas County,thunderstorm_wind,96,58,5.8,91,65,,126000,0,0
13275,Thomas County,tornado,8,6,0.6,79,,EF2,505000,0,3
13277,Tift County,flash_flood,8,5,0.5,49,,,0,0,0
13277,Tift County,flood,8,5,0.5,66,,,0,0,0
13277,Tift County,hail,15,6,0.6,31,2,,0,0,0
13277,Tift County,lightning,1,1,0.1,66,,,3000,0,0
13277,Tift County,thunderstorm_wind,51,33,3.3,65,65,,129000,0,0
13277,Tift County,tornado,4,4,0.4,62,,EF1,160000,0,0
13279,Toombs County,flash_flood,4,3,0.3,31,,,0,0,0
13279,Toombs County,hail,2,2,0.2,11,1.25,,0,0,0
13279,Toombs County,lightning,1,1,0.1,66,,,75000,0,0
13279,Toombs County,thunderstorm_wind,19,14,1.4,23,60,,158000,0,0
13279,Toombs County,tornado,3,3,0.3,51,,EF1,50000,0,0
13281,Towns County,flash_flood,1,1,0.1,11,,,2500,0,0
13281,Towns County,thunderstorm_wind,4,4,0.4,9,61,,12000,0,0
13283,Treutlen County,hail,1,1,0.1,6,1.75,,0,0,0
13283,Treutlen County,thunderstorm_wind,17,11,1.1,18,56,,43000,0,0
13283,Treutlen County,tornado,3,2,0.2,37,,EF1,20000,0,0
13285,Troup County,flash_flood,7,4,0.4,41,,,15000,0,0
13285,Troup County,hail,20,11,1.1,53,2,,1540000,0,0
13285,Troup County,thunderstorm_wind,164,62,6.2,93,61,,800000,1,0
13285,Troup County,tornado,6,5,0.5,72,,EF3,50000,0,9
13287,Turner County,flash_flood,6,4,0.4,41,,,0,0,0
13287,Turner County,flood,25,4,0.4,59,,,0,0,0
13287,Turner County,hail,23,10,1.0,50,2.75,,0,0,0
13287,Turner County,thunderstorm_wind,40,21,2.1,39,70,,290000,1,1
13287,Turner County,tornado,3,3,0.3,51,,EF3,5100000,0,25
13289,Twiggs County,flash_flood,1,1,0.1,11,,,0,0,0
13289,Twiggs County,hail,2,2,0.2,11,1.75,,0,0,0
13289,Twiggs County,thunderstorm_wind,70,34,3.4,67,61,,222000,0,0
13289,Twiggs County,tornado,12,9,0.9,92,,EF1,440000,0,0
13291,Union County,flash_flood,13,4,0.4,41,,,65000,0,0
13291,Union County,flood,6,1,0.1,20,,,90000,0,0
13291,Union County,hail,10,5,0.5,26,2.12,,301000,0,0
13291,Union County,thunderstorm_wind,37,20,2.0,37,60,,225500,0,0
13293,Upson County,flash_flood,14,5,0.5,49,,,85000,0,0
13293,Upson County,hail,6,6,0.6,31,1.75,,153000,0,0
13293,Upson County,lightning,1,1,0.1,66,,,20000,0,0
13293,Upson County,thunderstorm_wind,52,34,3.4,67,70,,348000,0,0
13293,Upson County,tornado,10,5,0.5,72,,EF3,905000,0,0
13295,Walker County,flash_flood,6,5,0.5,49,,,28000,0,0
13295,Walker County,hail,6,5,0.5,26,1,,0,0,0
13295,Walker County,lightning,1,1,0.1,66,,,150000,0,0
13295,Walker County,thunderstorm_wind,61,34,3.4,67,61,,257000,0,0
13295,Walker County,tornado,2,2,0.2,37,,EF2,310000,0,0
13297,Walton County,flash_flood,15,6,0.6,57,,,20000,0,0
13297,Walton County,hail,3,2,0.2,11,1.75,,900000,0,0
13297,Walton County,lightning,2,2,0.2,85,,,60000,0,0
13297,Walton County,thunderstorm_wind,196,63,6.3,93,65,,598000,0,0
13297,Walton County,tornado,3,3,0.3,51,,EF1,315000,0,0
13299,Ware County,flash_flood,1,1,0.1,11,,,0,0,0
13299,Ware County,flood,2,2,0.2,38,,,500,0,0
13299,Ware County,hail,4,3,0.3,16,1,,0,0,0
13299,Ware County,lightning,4,3,0.3,91,,,11000,2,0
13299,Ware County,thunderstorm_wind,36,24,2.4,47,60,,8100,0,1
13299,Ware County,tornado,7,7,0.7,85,,EF1,40000,0,0
13301,Warren County,hail,1,1,0.1,6,1,,0,0,0
13301,Warren County,thunderstorm_wind,16,10,1.0,16,56,,47000,0,0
13301,Warren County,tornado,1,1,0.1,22,,EF1,0,0,0
13303,Washington County,flash_flood,6,4,0.4,41,,,175000,0,0
13303,Washington County,hail,1,1,0.1,6,1,,0,0,0
13303,Washington County,lightning,1,1,0.1,66,,,100000,0,0
13303,Washington County,thunderstorm_wind,39,27,2.7,53,60,,184000,0,0
13303,Washington County,tornado,14,5,0.5,72,,EF1,735000,0,1
13305,Wayne County,flood,4,4,0.4,59,,,10000,0,0
13305,Wayne County,hail,13,8,0.8,41,1.75,,0,0,0
13305,Wayne County,lightning,2,2,0.2,85,,,1200,0,0
13305,Wayne County,thunderstorm_wind,47,36,3.6,70,60,,12200,0,0
13305,Wayne County,tornado,3,3,0.3,51,,EF1,0,0,8
13307,Webster County,hail,2,2,0.2,11,1.75,,16000,0,0
13307,Webster County,thunderstorm_wind,13,13,1.3,21,60,,181000,0,0
13307,Webster County,tornado,4,4,0.4,62,,EF1,160000,0,0
13309,Wheeler County,flash_flood,1,1,0.1,11,,,0,0,0
13309,Wheeler County,hail,2,2,0.2,11,1,,0,0,0
13309,Wheeler County,thunderstorm_wind,22,20,2.0,37,52,,81000,0,0
13309,Wheeler County,tornado,2,2,0.2,37,,EF1,0,2,0
13311,White County,flash_flood,35,8,0.8,68,,,233000,0,0
13311,White County,flood,1,1,0.1,20,,,0,0,0
13311,White County,hail,13,6,0.6,31,1.75,,864000,0,0
13311,White County,lightning,2,2,0.2,85,,,155000,0,0
13311,White County,thunderstorm_wind,51,31,3.1,62,70,,398500,2,5
13311,White County,tornado,1,1,0.1,22,,EF1,500000,0,0
13313,Whitfield County,flash_flood,20,4,0.4,41,,,165000,0,0
13313,Whitfield County,hail,8,7,0.7,36,1.5,,0,0,0
13313,Whitfield County,lightning,1,1,0.1,66,,,0,1,0
13313,Whitfield County,thunderstorm_wind,111,42,4.2,78,65,,481000,0,0
13313,Whitfield County,tornado,1,1,0.1,22,,EF1,20000,0,0
13315,Wilcox County,flash_flood,3,2,0.2,21,,,80000,0,0
13315,Wilcox County,hail,2,2,0.2,11,1,,0,0,0
13315,Wilcox County,thunderstorm_wind,16,15,1.5,25,52,,103000,0,2
13315,Wilcox County,tornado,6,5,0.5,72,,EF2,800000,0,0
13317,Wilkes County,flash_flood,3,2,0.2,21,,,40000,0,1
13317,Wilkes County,hail,4,3,0.3,16,1.75,,44000,0,0
13317,Wilkes County,thunderstorm_wind,23,20,2.0,37,55,,156500,0,0
13319,Wilkinson County,flash_flood,2,2,0.2,21,,,100000,0,0
13319,Wilkinson County,hail,1,1,0.1,6,1.25,,0,0,0
13319,Wilkinson County,thunderstorm_wind,20,14,1.4,23,52,,53000,0,0
13319,Wilkinson County,tornado,10,6,0.6,79,,EF2,270000,0,0
13321,Worth County,flash_flood,18,7,0.7,62,,,0,0,0
13321,Worth County,flood,27,6,0.6,71,,,40000,0,0
13321,Worth County,hail,9,5,0.5,26,1.75,,0,0,0
13321,Worth County,thunderstorm_wind,141,59,5.9,91,65,,607000,0,0
13321,Worth County,tornado,7,7,0.7,85,,EF3,5875000,0,31
15001,Hawaii County,flash_flood,39,32,3.2,98,,,11200000,2,2
15001,Hawaii County,flood,11,8,0.8,78,,,5000000,0,0
15001,Hawaii County,hail,1,1,0.1,6,0.88,,0,0,0
15001,Hawaii County,lightning,4,4,0.4,94,,,18000,0,0
15001,Hawaii County,thunderstorm_wind,2,2,0.2,5,52,,0,1,0
15003,Honolulu County,flash_flood,44,41,4.1,99,,,5100000,0,0
15003,Honolulu County,flood,15,12,1.2,86,,,51000,0,1
15003,Honolulu County,hail,1,1,0.1,6,1.25,,0,0,0
15003,Honolulu County,lightning,1,1,0.1,66,,,20000,0,0
15003,Honolulu County,thunderstorm_wind,4,3,0.3,7,53,,10000,0,0
15007,Kauai County,flash_flood,56,44,4.4,99,,,93300000,2,1
15007,Kauai County,flood,2,2,0.2,38,,,0,0,0
15007,Kauai County,lightning,1,1,0.1,66,,,10000,0,0
15007,Kauai County,thunderstorm_wind,2,2,0.2,5,50,,1000,0,0
15009,Maui County,flash_flood,43,35,3.5,98,,,15500000,1,0
15009,Maui County,flood,7,5,0.5,66,,,0,0,0
15009,Maui County,thunderstorm_wind,5,2,0.2,5,56,,100000,0,0
16001,Ada County,flash_flood,4,4,0.4,41,,,1000000,0,0
16001,Ada County,flood,7,6,0.6,71,,,4000000,0,0
16001,Ada County,hail,6,3,0.3,16,1.25,,0,0,0
16001,Ada County,thunderstorm_wind,32,18,1.8,32,70,,0,0,2
16001,Ada County,tornado,1,1,0.1,22,,EF0,0,0,0
16003,Adams County,flood,1,1,0.1,20,,,403000,0,0
16003,Adams County,hail,2,2,0.2,11,1.75,,0,0,0
16003,Adams County,thunderstorm_wind,2,2,0.2,5,66,,0,0,0
16005,Bannock County,flash_flood,4,4,0.4,41,,,1000,0,0
16005,Bannock County,flood,9,9,0.9,81,,,651500,0,0
16005,Bannock County,hail,18,8,0.8,41,1.5,,0,0,0
16005,Bannock County,lightning,3,3,0.3,91,,,21000,0,0
16005,Bannock County,thunderstorm_wind,48,24,2.4,47,72,,112200,0,0
16007,Bear Lake County,flash_flood,1,1,0.1,11,,,0,0,0
16007,Bear Lake County,flood,5,5,0.5,66,,,1008000,0,0
16007,Bear Lake County,hail,4,2,0.2,11,1,,0,0,0
16007,Bear Lake County,thunderstorm_wind,26,17,1.7,29,65,,6400,0,0
16009,Benewah County,flood,6,5,0.5,66,,,1210000,0,0
16009,Benewah County,hail,1,1,0.1,6,1,,0,0,0
16009,Benewah County,thunderstorm_wind,5,5,0.5,10,52,,7500,0,0
16011,Bingham County,flood,5,5,0.5,66,,,1180000,0,0
16011,Bingham County,hail,4,4,0.4,21,1.5,,1500,0,0
16011,Bingham County,lightning,1,1,0.1,66,,,1000,0,0
16011,Bingham County,thunderstorm_wind,61,26,2.6,51,63,,77450,0,0
16011,Bingham County,tornado,4,4,0.4,62,,EF1,1300,0,0
16013,Blaine County,flash_flood,4,4,0.4,41,,,0,0,0
16013,Blaine County,flood,12,12,1.2,86,,,17865000,0,0
16013,Blaine County,hail,2,2,0.2,11,1,,0,0,0
16013,Blaine County,lightning,1,1,0.1,66,,,1000,0,0
16013,Blaine County,thunderstorm_wind,26,16,1.6,27,60,,9500,0,0
16015,Boise County,flash_flood,3,2,0.2,21,,,0,0,0
16015,Boise County,flood,3,3,0.3,50,,,100000,0,0
16015,Boise County,hail,2,2,0.2,11,1.25,,0,0,0
16015,Boise County,thunderstorm_wind,5,4,0.4,9,58,,0,0,0
16017,Bonner County,flood,7,7,0.7,75,,,2038500,0,0
16017,Bonner County,hail,8,6,0.6,31,1.25,,5500,0,0
16017,Bonner County,thunderstorm_wind,12,6,0.6,11,61,,49600,2,0
16019,Bonneville County,flash_flood,5,5,0.5,49,,,802000,0,0
16019,Bonneville County,flood,10,8,0.8,78,,,349000,0,0
16019,Bonneville County,hail,18,13,1.3,60,2,,29751000,0,6
16019,Bonneville County,lightning,6,6,0.6,97,,,806200,0,1
16019,Bonneville County,thunderstorm_wind,65,34,3.4,67,64,,26100,0,0
16019,Bonneville County,tornado,1,1,0.1,22,,EF0,200,0,0
16021,Boundary County,flash_flood,1,1,0.1,11,,,500,0,0
16021,Boundary County,flood,2,2,0.2,38,,,4000,0,0
16021,Boundary County,hail,2,1,0.1,6,0.88,,0,0,0
16021,Boundary County,thunderstorm_wind,9,2,0.2,5,57,,25500,0,1
16023,Butte County,flood,8,8,0.8,78,,,530000,0,0
16023,Butte County,hail,3,3,0.3,16,1,,0,0,0
16023,Butte County,lightning,1,1,0.1,66,,,7000,0,0
16023,Butte County,thunderstorm_wind,123,50,5.0,86,70,,7000,0,0
16023,Butte County,tornado,1,1,0.1,22,,EF0,3000,0,0
16025,Camas County,flash_flood,1,1,0.1,11,,,0,0,0
16025,Camas County,hail,1,1,0.1,6,1,,0,0,0
16025,Camas County,thunderstorm_wind,4,3,0.3,7,56,,0,0,0
16027,Canyon County,flood,6,5,0.5,66,,,1500000,0,0
16027,Canyon County,hail,4,3,0.3,16,2,,0,0,0
16027,Canyon County,thunderstorm_wind,8,7,0.7,12,60,,0,0,2
16029,Caribou County,flood,6,6,0.6,71,,,2034000,0,0
16029,Caribou County,hail,18,7,0.7,36,1.75,,15000,0,0
16029,Caribou County,thunderstorm_wind,17,11,1.1,18,66,,250,0,0
16029,Caribou County,tornado,2,2,0.2,37,,EF0,0,0,0
16031,Cassia County,flash_flood,5,3,0.3,31,,,0,0,0
16031,Cassia County,flood,3,3,0.3,50,,,5415000,0,0
16031,Cassia County,hail,7,6,0.6,31,1.75,,0,0,0
16031,Cassia County,thunderstorm_wind,63,33,3.3,65,70,,78000,0,0
16031,Cassia County,tornado,2,2,0.2,37,,EF0,0,0,0
16033,Clark County,flood,5,5,0.5,66,,,760000,0,0
16033,Clark County,thunderstorm_wind,32,26,2.6,51,72,,0,0,0
16035,Clearwater County,flood,2,2,0.2,38,,,3005000,0,0
16035,Clearwater County,hail,5,4,0.4,21,2,,0,0,0
16035,Clearwater County,thunderstorm_wind,1,1,0.1,3,52,,0,0,0
16037,Custer County,flash_flood,4,3,0.3,31,,,0,0,0
16037,Custer County,flood,7,7,0.7,75,,,4780000,0,0
16037,Custer County,hail,2,1,0.1,6,1.25,,0,0,0
16037,Custer County,thunderstorm_wind,16,10,1.0,16,56,,3000,0,0
16039,Elmore County,flash_flood,2,2,0.2,21,,,0,0,0
16039,Elmore County,flood,2,2,0.2,38,,,102000,0,0
16039,Elmore County,hail,4,3,0.3,16,1.75,,0,0,0
16039,Elmore County,thunderstorm_wind,24,16,1.6,27,69,,0,3,5
16039,Elmore County,tornado,2,2,0.2,37,,EF0,0,0,0
16041,Franklin County,flash_flood,3,3,0.3,31,,,25000,0,0
16041,Franklin County,flood,3,3,0.3,50,,,1797000,0,0
16041,Franklin County,hail,6,2,0.2,11,1.5,,600,0,0
16041,Franklin County,thunderstorm_wind,4,3,0.3,7,56,,6000,0,0
16043,Fremont County,flash_flood,3,3,0.3,31,,,15000,0,0
16043,Fremont County,flood,3,3,0.3,50,,,196000,0,0
16043,Fremont County,hail,14,11,1.1,53,1.5,,10000,0,0
16043,Fremont County,lightning,2,2,0.2,85,,,200,0,1
16043,Fremont County,thunderstorm_wind,53,25,2.5,49,63,,115700,0,0
16043,Fremont County,tornado,1,1,0.1,22,,,0,0,0
16045,Gem County,flood,3,3,0.3,50,,,1000,0,0
16045,Gem County,hail,1,1,0.1,6,0.75,,0,0,0
16045,Gem County,thunderstorm_wind,5,3,0.3,7,61,,0,0,0
16047,Gooding County,flood,4,4,0.4,59,,,1850000,0,0
16047,Gooding County,hail,4,2,0.2,11,1.25,,0,0,0
16047,Gooding County,thunderstorm_wind,6,6,0.6,11,54,,0,0,0
16049,Idaho County,flash_flood,5,5,0.5,49,,,8045000,0,0
16049,Idaho County,flood,4,4,0.4,59,,,6000000,0,0
16049,Idaho County,hail,12,10,1.0,50,2.75,,201600,0,0
16049,Idaho County,thunderstorm_wind,11,9,0.9,15,74,,515200,0,0
16051,Jefferson County,flood,7,7,0.7,75,,,3142500,0,0
16051,Jefferson County,hail,7,5,0.5,26,1.25,,9000,0,0
16051,Jefferson County,lightning,1,1,0.1,66,,,1000,0,0
16051,Jefferson County,thunderstorm_wind,108,36,3.6,70,63,,338050,0,0
16051,Jefferson County,tornado,2,2,0.2,37,,EF0,10000,0,0
16053,Jerome County,flood,2,2,0.2,38,,,2750000,0,0
16053,Jerome County,hail,2,1,0.1,6,1,,0,0,0
16053,Jerome County,thunderstorm_wind,12,10,1.0,16,69,,0,0,0
16053,Jerome County,tornado,1,1,0.1,22,,EF0,0,0,0
16055,Kootenai County,flash_flood,1,1,0.1,11,,,500,0,0
16055,Kootenai County,flood,6,5,0.5,66,,,520000,0,0
16055,Kootenai County,hail,6,5,0.5,26,2.75,,72000,0,0
16055,Kootenai County,lightning,1,1,0.1,66,,,50000,0,0
16055,Kootenai County,thunderstorm_wind,2,2,0.2,5,56,,3000,0,0
16057,Latah County,flash_flood,4,4,0.4,41,,,210750,0,0
16057,Latah County,flood,12,10,1.0,83,,,888000,0,0
16057,Latah County,hail,2,2,0.2,11,1,,0,0,0
16057,Latah County,thunderstorm_wind,7,4,0.4,9,60,,233500,0,9
16059,Lemhi County,flash_flood,3,3,0.3,31,,,250000,0,0
16059,Lemhi County,flood,4,4,0.4,59,,,10000,0,0
16059,Lemhi County,hail,5,4,0.4,21,1.75,,12000,0,0
16059,Lemhi County,thunderstorm_wind,8,6,0.6,11,70,,96500,0,0
16061,Lewis County,flood,3,3,0.3,50,,,103000,0,0
16061,Lewis County,hail,8,3,0.3,16,1.75,,100000,0,0
16061,Lewis County,thunderstorm_wind,5,4,0.4,9,70,,73000,0,0
16063,Lincoln County,flood,3,3,0.3,50,,,2427000,0,0
16063,Lincoln County,thunderstorm_wind,16,10,1.0,16,65,,9500,0,0
16065,Madison County,flash_flood,3,3,0.3,31,,,162000,0,0
16065,Madison County,flood,7,7,0.7,75,,,1589000,0,0
16065,Madison County,hail,5,3,0.3,16,1.75,,0,0,0
16065,Madison County,lightning,1,1,0.1,66,,,100,0,0
16065,Madison County,thunderstorm_wind,26,12,1.2,20,63,,861500,0,0
16067,Minidoka County,flood,4,4,0.4,59,,,6565000,0,0
16067,Minidoka County,hail,7,3,0.3,16,1.75,,1000,0,0
16067,Minidoka County,thunderstorm_wind,40,12,1.2,20,68,,62600,0,0
16069,Nez Perce County,flash_flood,1,1,0.1,11,,,1000000,0,0
16069,Nez Perce County,flood,13,5,0.5,66,,,1875000,0,0
16069,Nez Perce County,thunderstorm_wind,10,6,0.6,11,82,,7500,0,0
16071,Oneida County,flash_flood,4,4,0.4,41,,,5000,0,0
16071,Oneida County,flood,2,2,0.2,38,,,323000,0,0
16071,Oneida County,hail,1,1,0.1,6,1,,0,0,0
16071,Oneida County,thunderstorm_wind,28,11,1.1,18,74,,51000,0,0
16073,Owyhee County,flood,2,2,0.2,38,,,0,0,0
16073,Owyhee County,hail,6,5,0.5,26,1.75,,0,0,0
16073,Owyhee County,thunderstorm_wind,9,7,0.7,12,55,,0,0,0
16073,Owyhee County,tornado,2,2,0.2,37,,EF0,0,0,0
16075,Payette County,flood,1,1,0.1,20,,,2000,0,0
16075,Payette County,hail,3,2,0.2,11,1,,0,0,3
16075,Payette County,thunderstorm_wind,4,3,0.3,7,55,,0,0,0
16077,Power County,flash_flood,9,6,0.6,57,,,20500,0,0
16077,Power County,flood,3,3,0.3,50,,,354000,0,0
16077,Power County,hail,7,5,0.5,26,1.75,,0,0,0
16077,Power County,thunderstorm_wind,41,24,2.4,47,77,,59000,0,0
16079,Shoshone County,flash_flood,1,1,0.1,11,,,250,0,0
16079,Shoshone County,flood,9,6,0.6,71,,,760250,0,0
16079,Shoshone County,hail,3,3,0.3,16,1,,1000,0,0
16079,Shoshone County,lightning,1,1,0.1,66,,,1000,0,0
16079,Shoshone County,thunderstorm_wind,3,1,0.1,3,41,,1500,0,0
16081,Teton County,flash_flood,1,1,0.1,11,,,200,0,0
16081,Teton County,flood,4,4,0.4,59,,,118100,0,0
16081,Teton County,lightning,1,1,0.1,66,,,100,0,0
16081,Teton County,thunderstorm_wind,33,11,1.1,18,55,,67800,0,0
16083,Twin Falls County,flood,1,1,0.1,20,,,2500000,0,0
16083,Twin Falls County,hail,8,4,0.4,21,1.5,,0,0,0
16083,Twin Falls County,thunderstorm_wind,16,10,1.0,16,65,,0,0,1
16083,Twin Falls County,tornado,1,1,0.1,22,,EF0,0,0,0
16085,Valley County,flood,1,1,0.1,20,,,420000,0,0
16085,Valley County,hail,1,1,0.1,6,1.75,,0,0,0
16085,Valley County,thunderstorm_wind,11,6,0.6,11,70,,700000,0,0
16087,Washington County,flood,5,5,0.5,66,,,1002000,0,0
16087,Washington County,thunderstorm_wind,2,2,0.2,5,55,,0,0,0
17001,Adams County,flash_flood,7,7,0.7,62,,,25000,0,0
17001,Adams County,hail,31,25,2.5,84,4.5,,5000,0,0
17001,Adams County,lightning,1,1,0.1,66,,,10000,0,0
17001,Adams County,thunderstorm_wind,49,37,3.7,72,70,,142000,0,0
17001,Adams County,tornado,5,4,0.4,62,,EF1,165000,0,0
17003,Alexander County,flash_flood,6,6,0.6,57,,,180000,0,0
17003,Alexander County,flood,74,63,6.3,100,,,10795000,0,0
17003,Alexander County,hail,10,10,1.0,50,1.25,,0,0,0
17003,Alexander County,thunderstorm_wind,15,14,1.4,23,78,,140000,0,0
17003,Alexander County,tornado,1,1,0.1,22,,EF1,25000,0,0
17005,Bond County,flash_flood,3,3,0.3,31,,,30000,0,0
17005,Bond County,hail,3,3,0.3,16,2.25,,0,0,0
17005,Bond County,thunderstorm_wind,20,17,1.7,29,65,,94000,0,0
17005,Bond County,tornado,3,3,0.3,51,,EF2,415000,0,1
17007,Boone County,flash_flood,5,5,0.5,49,,,126000,0,0
17007,Boone County,flood,11,10,1.0,83,,,0,0,0
17007,Boone County,hail,17,13,1.3,60,1.75,,0,0,0
17007,Boone County,thunderstorm_wind,43,26,2.6,51,74,,0,0,0
17007,Boone County,tornado,11,8,0.8,89,,EF1,100000,1,40
17009,Brown County,flash_flood,1,1,0.1,11,,,0,0,0
17009,Brown County,hail,10,10,1.0,50,2.75,,100000,0,0
17009,Brown County,thunderstorm_wind,16,15,1.5,25,70,,342000,0,0
17009,Brown County,tornado,2,2,0.2,37,,EF1,0,0,2
17011,Bureau County,flash_flood,15,13,1.3,84,,,0,0,0
17011,Bureau County,flood,1,1,0.1,20,,,0,0,0
17011,Bureau County,hail,41,19,1.9,75,2,,0,0,0
17011,Bureau County,lightning,1,1,0.1,66,,,0,0,1
17011,Bureau County,thunderstorm_wind,75,29,2.9,58,103,,2000,0,0
17011,Bureau County,tornado,14,8,0.8,89,,EF1,8000,0,0
17013,Calhoun County,flash_flood,2,2,0.2,21,,,50000,0,0
17013,Calhoun County,hail,6,6,0.6,31,2,,0,0,0
17013,Calhoun County,thunderstorm_wind,13,12,1.2,20,61,,5000,0,0
17013,Calhoun County,tornado,1,1,0.1,22,,,0,0,0
17015,Carroll County,flash_flood,8,8,0.8,68,,,11000,0,0
17015,Carroll County,flood,7,7,0.7,75,,,0,0,0
17015,Carroll County,hail,16,8,0.8,41,2,,1000,0,0
17015,Carroll County,thunderstorm_wind,50,27,2.7,53,85,,0,0,0
17015,Carroll County,tornado,4,3,0.3,51,,EF1,0,0,0
17017,Cass County,flash_flood,4,3,0.3,31,,,9000,0,0
17017,Cass County,flood,2,2,0.2,38,,,0,0,0
17017,Cass County,hail,15,10,1.0,50,2.5,,100000,0,0
17017,Cass County,thunderstorm_wind,15,13,1.3,21,61,,45000,0,0
17017,Cass County,tornado,10,5,0.5,72,,EF2,235000,0,0
17019,Champaign County,flash_flood,20,12,1.2,81,,,0,0,0
17019,Champaign County,flood,5,5,0.5,66,,,1000000,0,0
17019,Champaign County,hail,63,32,3.2,91,2.5,,5000000,0,0
17019,Champaign County,thunderstorm_wind,204,61,6.1,92,71,,1753000,0,0
17019,Champaign County,tornado,15,11,1.1,95,,EF2,949000,0,0
17021,Christian County,flash_flood,13,13,1.3,84,,,3000,0,0
17021,Christian County,flood,4,4,0.4,59,,,0,0,0
17021,Christian County,hail,51,26,2.6,85,2.5,,0,0,0
17021,Christian County,thunderstorm_wind,64,32,3.2,63,70,,442000,0,1
17021,Christian County,tornado,22,13,1.3,97,,EF3,122460000,0,22
17023,Clark County,flash_flood,4,4,0.4,41,,,0,0,0
17023,Clark County,flood,4,4,0.4,59,,,0,0,0
17023,Clark County,hail,8,8,0.8,41,2.5,,0,0,0
17023,Clark County,lightning,1,1,0.1,66,,,20000,0,0
17023,Clark County,thunderstorm_wind,31,20,2.0,37,70,,494000,0,0
17023,Clark County,tornado,4,3,0.3,51,,EF2,0,0,0
17025,Clay County,flash_flood,22,17,1.7,91,,,0,0,0
17025,Clay County,flood,5,5,0.5,66,,,0,0,0
17025,Clay County,hail,19,14,1.4,63,1.75,,6000,0,0
17025,Clay County,lightning,1,1,0.1,66,,,30000,0,0
17025,Clay County,thunderstorm_wind,68,24,2.4,47,78,,896000,0,1
17025,Clay County,tornado,4,3,0.3,51,,EF2,10045000,0,0
17027,Clinton County,flash_flood,4,4,0.4,41,,,26000,0,0
17027,Clinton County,hail,10,8,0.8,41,2,,100000,0,0
17027,Clinton County,thunderstorm_wind,36,28,2.8,56,75,,158500,0,0
17027,Clinton County,tornado,6,4,0.4,62,,EF2,923000,0,0
17029,Coles County,flash_flood,8,8,0.8,68,,,2000000,0,0
17029,Coles County,flood,6,6,0.6,71,,,0,0,0
17029,Coles County,hail,22,12,1.2,57,2,,0,0,0
17029,Coles County,lightning,2,2,0.2,85,,,105000,0,0
17029,Coles County,thunderstorm_wind,65,36,3.6,70,70,,482000,0,0
17029,Coles County,tornado,8,6,0.6,79,,EF2,0,0,0
17031,Cook County,flash_flood,82,37,3.7,98,,,1048200000,0,0
17031,Cook County,flood,133,69,6.9,100,,,0,0,0
17031,Cook County,hail,164,47,4.7,97,2.75,,0,0,0
17031,Cook County,lightning,6,4,0.4,94,,,15000,0,4
17031,Cook County,thunderstorm_wind,620,105,10.5,99,83,,1246000,0,6
17031,Cook County,tornado,33,11,1.1,95,,EF3,10000,0,1
17033,Crawford County,flash_flood,13,13,1.3,84,,,0,0,0
17033,Crawford County,flood,6,6,0.6,71,,,0,0,0
17033,Crawford County,hail,9,5,0.5,26,3,,0,0,0
17033,Crawford County,thunderstorm_wind,26,16,1.6,27,61,,645000,0,0
17033,Crawford County,tornado,3,3,0.3,51,,EF3,0,3,8
17035,Cumberland County,flash_flood,7,6,0.6,57,,,0,0,0
17035,Cumberland County,flood,4,4,0.4,59,,,0,0,0
17035,Cumberland County,hail,5,4,0.4,21,1.75,,0,0,0
17035,Cumberland County,thunderstorm_wind,25,15,1.5,25,70,,59000,0,1
17035,Cumberland County,tornado,6,5,0.5,72,,EF2,0,0,2
17037,DeKalb County,flash_flood,7,4,0.4,41,,,0,0,0
17037,DeKalb County,flood,5,5,0.5,66,,,0,0,0
17037,DeKalb County,hail,24,15,1.5,66,2.75,,0,0,0
17037,DeKalb County,lightning,1,1,0.1,66,,,20000,0,0
17037,DeKalb County,thunderstorm_wind,131,42,4.2,78,78,,11000,0,0
17037,DeKalb County,tornado,14,9,0.9,92,,EF1,0,0,0
17039,De Witt County,flash_flood,2,2,0.2,21,,,0,0,0
17039,De Witt County,flood,1,1,0.1,20,,,0,0,0
17039,De Witt County,hail,15,9,0.9,45,1.75,,0,0,0
17039,De Witt County,thunderstorm_wind,42,24,2.4,47,70,,358000,0,0
17039,De Witt County,tornado,3,3,0.3,51,,EF1,0,0,0
17041,Douglas County,flash_flood,5,5,0.5,49,,,0,0,0
17041,Douglas County,flood,4,4,0.4,59,,,0,0,0
17041,Douglas County,hail,22,13,1.3,60,3.25,,0,0,0
17041,Douglas County,thunderstorm_wind,40,22,2.2,42,70,,201000,0,0
17041,Douglas County,tornado,1,1,0.1,22,,EF0,0,0,0
17043,DuPage County,flash_flood,28,19,1.9,93,,,323000,0,0
17043,DuPage County,flood,47,30,3.0,96,,,0,1,0
17043,DuPage County,hail,53,20,2.0,77,2.5,,30000,0,0
17043,DuPage County,lightning,1,1,0.1,66,,,40000,0,0
17043,DuPage County,thunderstorm_wind,201,64,6.4,94,78,,12000,0,1
17043,DuPage County,tornado,20,12,1.2,97,,EF3,0,0,11
17045,Edgar County,flash_flood,7,6,0.6,57,,,250000,0,0
17045,Edgar County,flood,3,3,0.3,50,,,0,0,0
17045,Edgar County,hail,17,11,1.1,53,3,,10000,0,0
17045,Edgar County,thunderstorm_wind,48,28,2.8,56,61,,543000,0,0
17045,Edgar County,tornado,5,4,0.4,62,,EF2,0,0,0
17047,Edwards County,flash_flood,5,5,0.5,49,,,20000,0,0
17047,Edwards County,flood,3,3,0.3,50,,,0,0,0
17047,Edwards County,hail,5,5,0.5,26,1.75,,0,0,0
17047,Edwards County,thunderstorm_wind,19,19,1.9,34,78,,208000,0,0
17049,Effingham County,flash_flood,19,16,1.6,90,,,0,0,0
17049,Effingham County,flood,6,6,0.6,71,,,0,0,0
17049,Effingham County,hail,21,13,1.3,60,1.75,,0,0,0
17049,Effingham County,thunderstorm_wind,72,33,3.3,65,70,,877000,0,1
17049,Effingham County,tornado,7,5,0.5,72,,EF1,0,0,0
17051,Fayette County,flash_flood,4,4,0.4,41,,,600000,0,0
17051,Fayette County,hail,6,6,0.6,31,1.75,,0,0,0
17051,Fayette County,thunderstorm_wind,23,20,2.0,37,70,,55000,0,0
17051,Fayette County,tornado,6,5,0.5,72,,EF2,168000,0,0
17053,Ford County,flash_flood,2,2,0.2,21,,,12000000,0,0
17053,Ford County,flood,11,10,1.0,83,,,0,0,0
17053,Ford County,hail,11,7,0.7,36,1.75,,0,0,0
17053,Ford County,lightning,1,1,0.1,66,,,0,0,1
17053,Ford County,thunderstorm_wind,42,23,2.3,44,70,,14000,0,0
17053,Ford County,tornado,7,7,0.7,85,,EF1,0,0,0
17055,Franklin County,flash_flood,17,16,1.6,90,,,30000,0,0
17055,Franklin County,flood,31,30,3.0,96,,,150000,0,0
17055,Franklin County,hail,27,19,1.9,75,3,,40000,0,0
17055,Franklin County,thunderstorm_wind,43,31,3.1,62,83,,760000,0,0
17055,Franklin County,tornado,4,4,0.4,62,,EF3,942000,0,0
17057,Fulton County,flash_flood,12,7,0.7,62,,,0,0,0
17057,Fulton County,flood,2,2,0.2,38,,,0,0,0
17057,Fulton County,hail,81,37,3.7,94,4,,2000000,0,0
17057,Fulton County,lightning,1,1,0.1,66,,,2000,0,0
17057,Fulton County,thunderstorm_wind,94,41,4.1,77,78,,917000,0,0
17057,Fulton County,tornado,14,9,0.9,92,,EF3,610000,0,4
17059,Gallatin County,flash_flood,3,3,0.3,31,,,5000,0,0
17059,Gallatin County,flood,48,48,4.8,99,,,358000,0,0
17059,Gallatin County,hail,4,4,0.4,21,1,,0,0,0
17059,Gallatin County,lightning,1,1,0.1,66,,,20000,0,0
17059,Gallatin County,thunderstorm_wind,17,15,1.5,25,70,,331000,0,0
17059,Gallatin County,tornado,4,2,0.2,37,,EF2,305000,0,0
17061,Greene County,flash_flood,3,3,0.3,31,,,0,0,0
17061,Greene County,hail,4,4,0.4,21,1.75,,0,0,0
17061,Greene County,thunderstorm_wind,18,17,1.7,29,65,,65000,0,0
17061,Greene County,tornado,4,4,0.4,62,,EF2,100000,0,0
17063,Grundy County,flash_flood,5,3,0.3,31,,,335000,0,0
17063,Grundy County,flood,8,7,0.7,75,,,0,0,0
17063,Grundy County,hail,7,5,0.5,26,1.75,,0,0,0
17063,Grundy County,thunderstorm_wind,53,17,1.7,29,74,,10000,0,0
17063,Grundy County,tornado,7,6,0.6,79,,EF2,0,0,1
17065,Hamilton County,flash_flood,15,14,1.4,86,,,331000,0,0
17065,Hamilton County,flood,8,7,0.7,75,,,10000,0,0
17065,Hamilton County,hail,10,9,0.9,45,1.75,,0,0,0
17065,Hamilton County,thunderstorm_wind,26,22,2.2,42,74,,325000,0,0
17065,Hamilton County,tornado,1,1,0.1,22,,EF1,125000,0,0
17067,Hancock County,flash_flood,7,6,0.6,57,,,0,0,0
17067,Hancock County,flood,8,8,0.8,78,,,0,0,0
17067,Hancock County,hail,55,21,2.1,79,3,,0,0,0
17067,Hancock County,thunderstorm_wind,61,29,2.9,58,104,,0,0,2
17067,Hancock County,tornado,3,3,0.3,51,,EF1,0,0,0
17069,Hardin County,flash_flood,4,4,0.4,41,,,0,0,0
17069,Hardin County,flood,11,11,1.1,85,,,104000,0,0
17069,Hardin County,hail,2,2,0.2,11,1,,0,0,0
17069,Hardin County,lightning,1,1,0.1,66,,,0,0,1
17069,Hardin County,thunderstorm_wind,4,4,0.4,9,56,,17000,0,0
17069,Hardin County,tornado,1,1,0.1,22,,EF0,0,0,0
17071,Henderson County,flash_flood,2,2,0.2,21,,,0,0,0
17071,Henderson County,flood,17,16,1.6,90,,,0,0,0
17071,Henderson County,hail,8,6,0.6,31,1.75,,0,0,0
17071,Henderson County,thunderstorm_wind,21,16,1.6,27,73,,0,0,0
17073,Henry County,flash_flood,9,7,0.7,62,,,20000,0,0
17073,Henry County,flood,4,4,0.4,59,,,0,0,0
17073,Henry County,hail,77,28,2.8,88,3,,0,0,0
17073,Henry County,thunderstorm_wind,111,55,5.5,89,100,,10000,0,0
17073,Henry County,tornado,29,13,1.3,97,,EF2,207000,0,1
17075,Iroquois County,flash_flood,6,6,0.6,57,,,0,0,0
17075,Iroquois County,flood,11,8,0.8,78,,,1500000,0,0
17075,Iroquois County,hail,14,10,1.0,50,1.75,,0,0,0
17075,Iroquois County,thunderstorm_wind,72,35,3.5,69,72,,26000,0,0
17075,Iroquois County,tornado,16,10,1.0,94,,EF1,0,0,0
17077,Jackson County,flash_flood,15,14,1.4,86,,,157000,0,0
17077,Jackson County,flood,43,37,3.7,98,,,1636000,0,0
17077,Jackson County,hail,37,26,2.6,85,2,,0,0,0
17077,Jackson County,thunderstorm_wind,69,52,5.2,87,74,,710100,0,0
17077,Jackson County,tornado,6,5,0.5,72,,EF3,6379000,0,1
17079,Jasper County,flash_flood,7,6,0.6,57,,,0,0,0
17079,Jasper County,flood,4,4,0.4,59,,,0,0,0
17079,Jasper County,hail,11,5,0.5,26,2.5,,0,0,0
17079,Jasper County,thunderstorm_wind,19,11,1.1,18,61,,301000,0,1
17079,Jasper County,tornado,3,3,0.3,51,,EF1,0,0,0
17081,Jefferson County,flash_flood,12,10,1.0,75,,,410000,0,1
17081,Jefferson County,flood,7,7,0.7,75,,,30000,1,0
17081,Jefferson County,hail,15,14,1.4,63,1.5,,0,0,0
17081,Jefferson County,thunderstorm_wind,36,31,3.1,62,74,,378000,0,0
17081,Jefferson County,tornado,3,3,0.3,51,,EF1,703000,0,0
17083,Jersey County,flash_flood,1,1,0.1,11,,,0,0,0
17083,Jersey County,flood,1,1,0.1,20,,,0,0,0
17083,Jersey County,hail,5,5,0.5,26,1,,0,0,0
17083,Jersey County,thunderstorm_wind,17,16,1.6,27,78,,16000,0,0
17083,Jersey County,tornado,6,4,0.4,62,,EF1,0,0,0
17085,Jo Daviess County,flash_flood,13,9,0.9,72,,,6740000,0,0
17085,Jo Daviess County,flood,8,8,0.8,78,,,5000,0,0
17085,Jo Daviess County,hail,13,9,0.9,45,1.75,,0,0,0
17085,Jo Daviess County,lightning,1,1,0.1,66,,,20000,0,0
17085,Jo Daviess County,thunderstorm_wind,72,43,4.3,79,73,,3000,0,0
17085,Jo Daviess County,tornado,6,4,0.4,62,,EF2,0,0,0
17087,Johnson County,flash_flood,1,1,0.1,11,,,0,0,0
17087,Johnson County,flood,4,3,0.3,50,,,15000,1,1
17087,Johnson County,hail,10,10,1.0,50,2,,0,0,0
17087,Johnson County,thunderstorm_wind,18,17,1.7,29,78,,350000,0,1
17087,Johnson County,tornado,3,2,0.2,37,,EF3,1765000,0,1
17089,Kane County,flash_flood,6,5,0.5,49,,,515000,0,0
17089,Kane County,flood,14,12,1.2,86,,,0,0,0
17089,Kane County,hail,74,27,2.7,87,2.5,,0,0,0
17089,Kane County,lightning,1,1,0.1,66,,,700000,0,0
17089,Kane County,thunderstorm_wind,262,64,6.4,94,75,,43000,0,1
17089,Kane County,tornado,23,12,1.2,97,,EF1,0,0,0
17091,Kankakee County,flash_flood,6,4,0.4,41,,,0,0,0
17091,Kankakee County,flood,15,13,1.3,87,,,1100000,0,0
17091,Kankakee County,hail,19,14,1.4,63,2.5,,0,0,0
17091,Kankakee County,thunderstorm_wind,97,38,3.8,73,70,,76000,0,0
17091,Kankakee County,tornado,11,6,0.6,79,,EF1,0,0,0
17093,Kendall County,flash_flood,9,5,0.5,49,,,300000,0,0
17093,Kendall County,flood,7,7,0.7,75,,,0,0,0
17093,Kendall County,hail,33,9,0.9,45,3,,0,0,0
17093,Kendall County,lightning,1,1,0.1,66,,,1000,0,0
17093,Kendall County,thunderstorm_wind,79,36,3.6,70,70,,7000,0,0
17093,Kendall County,tornado,17,11,1.1,95,,EF1,0,0,0
17095,Knox County,flash_flood,6,5,0.5,49,,,0,0,0
17095,Knox County,hail,35,25,2.5,84,1.75,,0,0,0
17095,Knox County,thunderstorm_wind,64,40,4.0,76,87,,976000,0,0
17095,Knox County,tornado,7,6,0.6,79,,EF1,150000,0,0
17097,Lake County,flash_flood,18,14,1.4,86,,,12795000,0,0
17097,Lake County,flood,19,14,1.4,88,,,0,0,0
17097,Lake County,hail,62,21,2.1,79,2.25,,5000,0,0
17097,Lake County,lightning,2,2,0.2,85,,,0,0,5
17097,Lake County,thunderstorm_wind,132,45,4.5,81,70,,500,0,1
17097,Lake County,tornado,5,4,0.4,62,,EF1,0,0,2
17099,LaSalle County,flash_flood,7,5,0.5,49,,,1200000,0,0
17099,LaSalle County,flood,15,15,1.5,89,,,2000,0,0
17099,LaSalle County,hail,36,16,1.6,68,2.75,,0,0,0
17099,LaSalle County,lightning,1,1,0.1,66,,,0,0,2
17099,LaSalle County,thunderstorm_wind,118,46,4.6,82,79,,26000,0,4
17099,LaSalle County,tornado,20,8,0.8,89,,EF3,0,2,14
17101,Lawrence County,flash_flood,13,12,1.2,81,,,0,0,0
17101,Lawrence County,flood,5,5,0.5,66,,,0,0,0
17101,Lawrence County,hail,13,9,0.9,45,1.5,,0,0,0
17101,Lawrence County,thunderstorm_wind,46,25,2.5,49,70,,605000,0,0
17101,Lawrence County,tornado,1,1,0.1,22,,EF1,0,0,0
17103,Lee County,flash_flood,6,5,0.5,49,,,2000,0,0
17103,Lee County,flood,5,5,0.5,66,,,0,0,0
17103,Lee County,hail,35,11,1.1,53,2,,0,0,0
17103,Lee County,thunderstorm_wind,63,30,3.0,60,80,,0,0,0
17103,Lee County,tornado,10,7,0.7,85,,EF2,0,0,0
17105,Livingston County,flash_flood,7,5,0.5,49,,,10000,0,0
17105,Livingston County,flood,10,8,0.8,78,,,0,0,0
17105,Livingston County,hail,23,14,1.4,63,3,,0,0,0
17105,Livingston County,lightning,1,1,0.1,66,,,1000,0,0
17105,Livingston County,thunderstorm_wind,71,34,3.4,67,70,,2000,0,0
17105,Livingston County,tornado,10,7,0.7,85,,EF2,0,0,4
17107,Logan County,flash_flood,7,6,0.6,57,,,300000,0,0
17107,Logan County,flood,2,2,0.2,38,,,0,0,0
17107,Logan County,hail,35,16,1.6,68,2,,0,0,0
17107,Logan County,lightning,3,3,0.3,91,,,16000,0,0
17107,Logan County,thunderstorm_wind,99,41,4.1,77,83,,3100000,0,0
17107,Logan County,tornado,14,11,1.1,95,,EF2,0,0,1
17109,McDonough County,flash_flood,15,11,1.1,79,,,0,0,0
17109,McDonough County,flood,2,2,0.2,38,,,0,0,0
17109,McDonough County,hail,58,21,2.1,79,2.5,,0,0,0
17109,McDonough County,lightning,1,1,0.1,66,,,500,0,0
17109,McDonough County,thunderstorm_wind,71,35,3.5,69,87,,16000,0,0
17109,McDonough County,tornado,15,11,1.1,95,,EF2,222000,0,0
17111,McHenry County,flash_flood,7,7,0.7,62,,,0,0,0
17111,McHenry County,flood,11,8,0.8,78,,,3900000,0,0
17111,McHenry County,hail,32,16,1.6,68,2.75,,0,0,0
17111,McHenry County,lightning,4,2,0.2,85,,,105000,0,1
17111,McHenry County,thunderstorm_wind,159,56,5.6,90,74,,14000,0,0
17111,McHenry County,tornado,7,6,0.6,79,,EF1,0,0,0
17113,McLean County,flash_flood,15,12,1.2,81,,,12006000,0,0
17113,McLean County,flood,4,4,0.4,59,,,0,0,0
17113,McLean County,hail,64,24,2.4,83,2.5,,0,0,0
17113,McLean County,lightning,3,3,0.3,91,,,115000,0,0
17113,McLean County,thunderstorm_wind,152,46,4.6,82,83,,1545000,0,1
17113,McLean County,tornado,18,11,1.1,95,,EF2,330000,0,0
17115,Macon County,flash_flood,11,9,0.9,72,,,0,0,0
17115,Macon County,flood,1,1,0.1,20,,,0,0,0
17115,Macon County,hail,50,19,1.9,75,2.5,,0,0,0
17115,Macon County,lightning,1,1,0.1,66,,,1000,0,0
17115,Macon County,thunderstorm_wind,105,36,3.6,70,87,,1714000,0,1
17115,Macon County,tornado,18,11,1.1,95,,EF2,518000,0,0
17117,Macoupin County,flash_flood,3,3,0.3,31,,,15000,0,0
17117,Macoupin County,hail,24,19,1.9,75,2,,1000,0,0
17117,Macoupin County,thunderstorm_wind,40,29,2.9,58,70,,185000,0,0
17117,Macoupin County,tornado,12,9,0.9,92,,EF1,60000,0,0
17119,Madison County,flash_flood,4,4,0.4,41,,,0,0,0
17119,Madison County,flood,1,1,0.1,20,,,24800000,0,0
17119,Madison County,hail,60,31,3.1,90,3.75,,0,0,0
17119,Madison County,thunderstorm_wind,87,54,5.4,89,81,,473000,0,1
17119,Madison County,tornado,10,6,0.6,79,,EF3,5145000,6,1
17121,Marion County,flash_flood,9,9,0.9,72,,,100000,0,0
17121,Marion County,flood,1,1,0.1,20,,,0,0,0
17121,Marion County,hail,10,5,0.5,26,1.75,,0,0,0
17121,Marion County,thunderstorm_wind,48,36,3.6,70,65,,285000,0,5
17121,Marion County,tornado,7,5,0.5,72,,EF1,2040000,0,0
17123,Marshall County,flash_flood,6,5,0.5,49,,,25000,0,0
17123,Marshall County,flood,1,1,0.1,20,,,0,0,0
17123,Marshall County,hail,8,4,0.4,21,1.75,,0,0,0
17123,Marshall County,thunderstorm_wind,45,17,1.7,29,91,,382000,0,0
17123,Marshall County,tornado,7,3,0.3,51,,EF2,500000,0,0
17125,Mason County,flash_flood,4,4,0.4,41,,,0,0,0
17125,Mason County,flood,1,1,0.1,20,,,0,0,0
17125,Mason County,hail,7,4,0.4,21,1.75,,0,0,0
17125,Mason County,thunderstorm_wind,39,22,2.2,42,61,,665000,0,0
17125,Mason County,tornado,8,7,0.7,85,,EF1,240000,0,0
17127,Massac County,flash_flood,4,4,0.4,41,,,252000,0,0
17127,Massac County,flood,31,31,3.1,97,,,865000,0,0
17127,Massac County,hail,12,11,1.1,53,1,,0,0,0
17127,Massac County,lightning,2,2,0.2,85,,,55000,0,0
17127,Massac County,thunderstorm_wind,31,28,2.8,56,76,,761000,0,0
17127,Massac County,tornado,5,5,0.5,72,,EF1,515000,0,2
17129,Menard County,flash_flood,4,3,0.3,31,,,0,0,0
17129,Menard County,flood,2,2,0.2,38,,,0,0,0
17129,Menard County,hail,17,13,1.3,60,1.75,,0,0,0
17129,Menard County,thunderstorm_wind,29,16,1.6,27,61,,187000,0,0
17129,Menard County,tornado,5,3,0.3,51,,EF2,0,0,0
17131,Mercer County,flash_flood,2,2,0.2,21,,,0,0,0
17131,Mercer County,flood,18,14,1.4,88,,,200000,0,0
17131,Mercer County,hail,20,11,1.1,53,1.75,,0,0,0
17131,Mercer County,thunderstorm_wind,40,32,3.2,63,78,,0,0,0
17131,Mercer County,tornado,11,7,0.7,85,,EF1,25000,0,0
17133,Monroe County,flash_flood,5,5,0.5,49,,,0,0,0
17133,Monroe County,flood,1,1,0.1,20,,,0,0,0
17133,Monroe County,hail,32,16,1.6,68,2.75,,0,0,0
17133,Monroe County,thunderstorm_wind,34,27,2.7,53,87,,13000,0,0
17133,Monroe County,tornado,9,6,0.6,79,,EF1,250000,0,0
17135,Montgomery County,flash_flood,7,7,0.7,62,,,0,0,0
17135,Montgomery County,hail,20,10,1.0,50,2.75,,0,0,0
17135,Montgomery County,thunderstorm_wind,48,36,3.6,70,70,,133800,0,1
17135,Montgomery County,tornado,16,10,1.0,94,,EF2,65000,0,0
17137,Morgan County,flash_flood,8,7,0.7,62,,,0,0,0
17137,Morgan County,flood,3,3,0.3,50,,,0,0,0
17137,Morgan County,hail,38,20,2.0,77,4,,0,0,0
17137,Morgan County,thunderstorm_wind,38,26,2.6,51,70,,292000,0,0
17137,Morgan County,tornado,12,7,0.7,85,,EF2,10000,0,1
17139,Moultrie County,flash_flood,4,4,0.4,41,,,50000,0,0
17139,Moultrie County,flood,4,4,0.4,59,,,0,0,0
17139,Moultrie County,hail,18,14,1.4,63,1.75,,0,0,0
17139,Moultrie County,thunderstorm_wind,37,16,1.6,27,87,,618000,0,0
17139,Moultrie County,tornado,6,4,0.4,62,,EF2,0,0,0
17141,Ogle County,flash_flood,8,5,0.5,49,,,1000,0,0
17141,Ogle County,flood,11,9,0.9,81,,,0,0,0
17141,Ogle County,hail,18,15,1.5,66,2,,0,0,0
17141,Ogle County,lightning,1,1,0.1,66,,,5000,0,0
17141,Ogle County,thunderstorm_wind,83,36,3.6,70,87,,20000,0,5
17141,Ogle County,tornado,11,8,0.8,89,,EF1,0,0,0
17143,Peoria County,flash_flood,15,13,1.3,84,,,0,0,0
17143,Peoria County,flood,2,2,0.2,38,,,0,0,0
17143,Peoria County,hail,96,36,3.6,93,2.5,,3000000,0,0
17143,Peoria County,lightning,3,3,0.3,91,,,82000,0,2
17143,Peoria County,thunderstorm_wind,138,41,4.1,77,87,,1298000,1,0
17143,Peoria County,tornado,10,6,0.6,79,,EF2,1635000,0,0
17145,Perry County,flash_flood,19,17,1.7,91,,,115000,0,0
17145,Perry County,flood,9,8,0.8,78,,,0,0,0
17145,Perry County,hail,22,17,1.7,70,1.75,,50000,0,0
17145,Perry County,thunderstorm_wind,30,23,2.3,44,96,,468000,0,1
17145,Perry County,tornado,3,3,0.3,51,,EF2,2050000,0,1
17147,Piatt County,flash_flood,3,3,0.3,31,,,0,0,0
17147,Piatt County,flood,2,2,0.2,38,,,0,0,0
17147,Piatt County,hail,12,8,0.8,41,2.5,,0,0,0
17147,Piatt County,thunderstorm_wind,39,22,2.2,42,70,,600000,0,0
17147,Piatt County,tornado,6,5,0.5,72,,EF2,0,0,0
17149,Pike County,flash_flood,3,3,0.3,31,,,0,1,0
17149,Pike County,hail,17,12,1.2,57,2,,0,0,0
17149,Pike County,thunderstorm_wind,35,26,2.6,51,65,,75000,0,0
17149,Pike County,tornado,5,3,0.3,51,,EF1,0,0,0
17151,Pope County,flash_flood,2,2,0.2,21,,,1000,0,1
17151,Pope County,flood,20,19,1.9,92,,,170000,0,0
17151,Pope County,hail,3,3,0.3,16,1,,0,0,0
17151,Pope County,thunderstorm_wind,9,9,0.9,15,65,,86000,0,0
17151,Pope County,tornado,2,2,0.2,37,,EF1,40000,0,0
17153,Pulaski County,flash_flood,3,3,0.3,31,,,150000,0,0
17153,Pulaski County,flood,37,37,3.7,98,,,221000,0,0
17153,Pulaski County,hail,10,7,0.7,36,2.75,,0,0,0
17153,Pulaski County,thunderstorm_wind,18,14,1.4,23,87,,193000,1,1
17153,Pulaski County,tornado,2,2,0.2,37,,EF1,51000,0,0
17155,Putnam County,flash_flood,3,3,0.3,31,,,0,0,0
17155,Putnam County,hail,7,6,0.6,31,1.5,,0,0,0
17155,Putnam County,thunderstorm_wind,41,26,2.6,51,87,,0,0,0
17155,Putnam County,tornado,4,3,0.3,51,,EF1,0,0,0
17157,Randolph County,flash_flood,8,8,0.8,68,,,30000,0,0
17157,Randolph County,flood,1,1,0.1,20,,,0,0,0
17157,Randolph County,hail,22,17,1.7,70,2.5,,0,0,0
17157,Randolph County,thunderstorm_wind,32,24,2.4,47,70,,288500,0,0
17157,Randolph County,tornado,6,6,0.6,79,,EF2,3132000,0,0
17159,Richland County,flash_flood,8,7,0.7,62,,,0,0,0
17159,Richland County,flood,4,4,0.4,59,,,0,0,0
17159,Richland County,hail,18,9,0.9,45,2,,0,0,0
17159,Richland County,thunderstorm_wind,28,15,1.5,25,61,,333000,0,0
17159,Richland County,tornado,4,4,0.4,62,,EF1,70000,0,0
17161,Rock Island County,flash_flood,12,9,0.9,72,,,0,0,0
17161,Rock Island County,flood,37,26,2.6,95,,,216000,1,0
17161,Rock Island County,hail,28,17,1.7,70,3,,0,0,0
17161,Rock Island County,thunderstorm_wind,95,49,4.9,85,87,,100000,0,0
17161,Rock Island County,tornado,17,9,0.9,92,,EF2,751000,0,10
17163,St. Clair County,flash_flood,16,14,1.4,86,,,10090000,0,0
17163,St. Clair County,flood,1,1,0.1,20,,,8100000,0,0
17163,St. Clair County,hail,55,32,3.2,91,2.5,,0,0,0
17163,St. Clair County,lightning,1,1,0.1,66,,,0,0,0
17163,St. Clair County,thunderstorm_wind,98,64,6.4,94,87,,624000,0,5
17163,St. Clair County,tornado,14,9,0.9,92,,EF1,460500,0,0
17165,Saline County,flash_flood,12,11,1.1,79,,,1225000,0,0
17165,Saline County,flood,7,6,0.6,71,,,30000,1,0
17165,Saline County,hail,27,21,2.1,79,3.5,,100000,0,0
17165,Saline County,thunderstorm_wind,29,23,2.3,44,78,,575500,0,0
17165,Saline County,tornado,6,4,0.4,62,,EF2,892000,0,2
17167,Sangamon County,flash_flood,28,23,2.3,95,,,2211000,0,0
17167,Sangamon County,flood,7,7,0.7,75,,,0,0,0
17167,Sangamon County,hail,121,42,4.2,96,3.25,,0,0,0
17167,Sangamon County,lightning,4,4,0.4,94,,,215000,0,0
17167,Sangamon County,thunderstorm_wind,186,74,7.4,96,70,,1330000,0,0
17167,Sangamon County,tornado,16,12,1.2,97,,EF2,915000,0,0
17169,Schuyler County,flash_flood,4,4,0.4,41,,,0,0,0
17169,Schuyler County,flood,2,2,0.2,38,,,0,0,0
17169,Schuyler County,hail,12,9,0.9,45,1.75,,0,0,0
17169,Schuyler County,lightning,1,1,0.1,66,,,0,0,1
17169,Schuyler County,thunderstorm_wind,22,14,1.4,23,61,,175000,0,0
17169,Schuyler County,tornado,4,3,0.3,51,,EF1,272000,0,0
17171,Scott County,flash_flood,4,4,0.4,41,,,0,0,0
17171,Scott County,flood,1,1,0.1,20,,,0,0,0
17171,Scott County,hail,8,7,0.7,36,1.75,,0,0,0
17171,Scott County,thunderstorm_wind,11,8,0.8,13,61,,15000,0,0
17171,Scott County,tornado,3,2,0.2,37,,EF1,0,0,0
17173,Shelby County,flash_flood,17,13,1.3,84,,,25000,1,0
17173,Shelby County,flood,6,6,0.6,71,,,0,0,0
17173,Shelby County,hail,8,7,0.7,36,1.75,,800000,0,0
17173,Shelby County,thunderstorm_wind,39,28,2.8,56,74,,264000,0,0
17173,Shelby County,tornado,5,3,0.3,51,,EF2,0,0,1
17175,Stark County,flash_flood,2,2,0.2,21,,,0,0,0
17175,Stark County,hail,4,3,0.3,16,1.5,,0,0,0
17175,Stark County,thunderstorm_wind,24,16,1.6,27,61,,240000,0,0
17175,Stark County,tornado,4,4,0.4,62,,EF1,100000,0,0
17177,Stephenson County,flash_flood,18,10,1.0,75,,,0,0,0
17177,Stephenson County,flood,4,3,0.3,50,,,7000000,0,0
17177,Stephenson County,hail,23,15,1.5,66,3,,0,0,0
17177,Stephenson County,lightning,1,1,0.1,66,,,10000,0,0
17177,Stephenson County,thunderstorm_wind,66,37,3.7,72,81,,250,0,0
17177,Stephenson County,tornado,8,6,0.6,79,,EF1,0,0,0
17179,Tazewell County,flash_flood,15,13,1.3,84,,,240000,0,0
17179,Tazewell County,flood,4,4,0.4,59,,,0,0,0
17179,Tazewell County,hail,81,35,3.5,93,3,,0,0,0
17179,Tazewell County,lightning,1,1,0.1,66,,,8000,0,0
17179,Tazewell County,thunderstorm_wind,142,57,5.7,90,87,,483000,0,0
17179,Tazewell County,tornado,17,11,1.1,95,,EF2,435000,0,0
17181,Union County,flash_flood,8,8,0.8,68,,,170000,1,0
17181,Union County,flood,8,8,0.8,78,,,1250000,0,0
17181,Union County,hail,8,7,0.7,36,1.75,,0,0,0
17181,Union County,thunderstorm_wind,20,20,2.0,37,70,,223000,0,0
17181,Union County,tornado,5,4,0.4,62,,EF1,265000,0,0
17183,Vermilion County,flash_flood,9,9,0.9,72,,,0,0,0
17183,Vermilion County,flood,4,4,0.4,59,,,3000000,0,0
17183,Vermilion County,hail,65,32,3.2,91,2.75,,4390000,0,0
17183,Vermilion County,lightning,1,1,0.1,66,,,2000,0,0
17183,Vermilion County,thunderstorm_wind,152,52,5.2,87,78,,4876000,0,2
17183,Vermilion County,tornado,14,11,1.1,95,,EF1,95000,0,0
17185,Wabash County,flash_flood,6,6,0.6,57,,,14000,0,0
17185,Wabash County,flood,34,34,3.4,97,,,156000,0,0
17185,Wabash County,hail,7,7,0.7,36,1.75,,0,0,0
17185,Wabash County,thunderstorm_wind,14,14,1.4,23,74,,340000,0,0
17185,Wabash County,tornado,2,2,0.2,37,,EF2,501000,0,0
17187,Warren County,flash_flood,4,4,0.4,41,,,0,0,0
17187,Warren County,hail,17,14,1.4,63,1.75,,0,0,0
17187,Warren County,thunderstorm_wind,46,29,2.9,58,87,,3500,0,0
17187,Warren County,tornado,8,7,0.7,85,,EF1,200000,0,0
17189,Washington County,flash_flood,3,3,0.3,31,,,50000,0,0
17189,Washington County,flood,1,1,0.1,20,,,0,0,0
17189,Washington County,hail,18,11,1.1,53,2.5,,3500,0,0
17189,Washington County,thunderstorm_wind,32,27,2.7,53,65,,38500,0,0
17189,Washington County,tornado,2,2,0.2,37,,EF0,0,0,0
17191,Wayne County,flash_flood,15,13,1.3,84,,,75000,0,0
17191,Wayne County,flood,25,24,2.4,94,,,97000,0,0
17191,Wayne County,hail,11,8,0.8,41,1.75,,110000,0,0
17191,Wayne County,thunderstorm_wind,27,20,2.0,37,87,,718000,0,0
17191,Wayne County,tornado,3,3,0.3,51,,EF1,150000,0,0
17193,White County,flash_flood,4,4,0.4,41,,,5000,0,0
17193,White County,flood,78,61,6.1,99,,,188000,0,10
17193,White County,hail,10,9,0.9,45,1.5,,0,0,0
17193,White County,thunderstorm_wind,36,29,2.9,58,78,,573000,0,0
17193,White County,tornado,6,6,0.6,79,,EF3,2305000,1,1
17195,Whiteside County,flash_flood,7,5,0.5,49,,,500000,0,0
17195,Whiteside County,flood,13,11,1.1,85,,,13000,0,0
17195,Whiteside County,hail,36,20,2.0,77,2,,0,0,0
17195,Whiteside County,thunderstorm_wind,56,33,3.3,65,80,,15000,0,0
17195,Whiteside County,tornado,16,14,1.4,98,,EF1,40000,0,0
17197,Will County,flash_flood,24,16,1.6,90,,,2501000,0,0
17197,Will County,flood,38,28,2.8,96,,,0,0,0
17197,Will County,hail,78,33,3.3,91,1.75,,1000,0,0
17197,Will County,lightning,7,6,0.6,97,,,26000,2,2
17197,Will County,thunderstorm_wind,247,73,7.3,96,83,,30500,0,0
17197,Will County,tornado,33,16,1.6,99,,EF2,30000,0,4
17199,Williamson County,flash_flood,16,16,1.6,90,,,220000,0,0
17199,Williamson County,flood,11,11,1.1,85,,,40000,0,0
17199,Williamson County,hail,46,32,3.2,91,3,,10000000,0,0
17199,Williamson County,thunderstorm_wind,40,30,3.0,60,78,,739000,0,0
17199,Williamson County,tornado,11,7,0.7,85,,EF4,25823000,0,7
17201,Winnebago County,flash_flood,17,14,1.4,86,,,3530000,1,1
17201,Winnebago County,flood,23,18,1.8,92,,,0,0,0
17201,Winnebago County,hail,60,24,2.4,83,3,,0,0,0
17201,Winnebago County,lightning,2,2,0.2,85,,,0,0,1
17201,Winnebago County,thunderstorm_wind,127,51,5.1,87,83,,41000,1,2
17201,Winnebago County,tornado,8,4,0.4,62,,EF1,0,0,0
17203,Woodford County,flash_flood,10,10,1.0,75,,,0,0,0
17203,Woodford County,flood,3,3,0.3,50,,,10000000,0,0
17203,Woodford County,hail,41,23,2.3,82,2.5,,0,0,0
17203,Woodford County,lightning,2,2,0.2,85,,,52500,0,0
17203,Woodford County,thunderstorm_wind,59,27,2.7,53,83,,641000,0,0
17203,Woodford County,tornado,11,6,0.6,79,,EF3,1520000,0,0
18001,Adams County,flash_flood,1,1,0.1,11,,,0,0,0
18001,Adams County,flood,2,2,0.2,38,,,0,1,0
18001,Adams County,hail,10,7,0.7,36,1.25,,9000,0,0
18001,Adams County,thunderstorm_wind,22,15,1.5,25,65,,16500,2,0
18001,Adams County,tornado,4,3,0.3,51,,EF1,175000,0,0
18003,Allen County,flash_flood,5,5,0.5,49,,,305000,0,0
18003,Allen County,flood,4,4,0.4,59,,,16000,0,0
18003,Allen County,hail,56,23,2.3,82,2,,6500,0,0
18003,Allen County,lightning,5,3,0.3,91,,,100000,0,0
18003,Allen County,thunderstorm_wind,151,37,3.7,72,87,,410500,2,2
18003,Allen County,tornado,5,4,0.4,62,,EF3,30000,0,0
18005,Bartholomew County,flash_flood,7,7,0.7,62,,,707000,0,0
18005,Bartholomew County,flood,5,3,0.3,50,,,39000,2,0
18005,Bartholomew County,hail,8,8,0.8,41,1.25,,0,0,0
18005,Bartholomew County,lightning,1,1,0.1,66,,,150000,0,0
18005,Bartholomew County,thunderstorm_wind,41,22,2.2,42,70,,811200,0,1
18005,Bartholomew County,tornado,1,1,0.1,22,,EF2,1600000,0,0
18007,Benton County,flash_flood,1,1,0.1,11,,,0,0,0
18007,Benton County,flood,1,1,0.1,20,,,0,0,0
18007,Benton County,hail,2,1,0.1,6,1.75,,0,0,0
18007,Benton County,thunderstorm_wind,33,16,1.6,27,65,,0,0,0
18007,Benton County,tornado,4,2,0.2,37,,EF2,0,0,0
18009,Blackford County,hail,6,4,0.4,21,1.25,,1000,0,0
18009,Blackford County,thunderstorm_wind,7,5,0.5,10,61,,21000,0,0
18009,Blackford County,tornado,1,1,0.1,22,,EF2,0,0,1
18011,Boone County,flash_flood,3,2,0.2,21,,,30000,0,0
18011,Boone County,flood,5,5,0.5,66,,,8000,0,0
18011,Boone County,hail,37,16,1.6,68,2.5,,0,0,0
18011,Boone County,thunderstorm_wind,37,22,2.2,42,65,,428600,1,0
18011,Boone County,tornado,5,4,0.4,62,,EF2,350000,0,0
18013,Brown County,flash_flood,7,5,0.5,49,,,796000,0,0
18013,Brown County,flood,1,1,0.1,20,,,25000,0,0
18013,Brown County,hail,9,8,0.8,41,1.5,,0,0,0
18013,Brown County,thunderstorm_wind,32,24,2.4,47,78,,251200,0,0
18013,Brown County,tornado,2,2,0.2,37,,EF0,31000,0,0
18015,Carroll County,flash_flood,3,3,0.3,31,,,17000,0,0
18015,Carroll County,flood,1,1,0.1,20,,,250,0,0
18015,Carroll County,hail,2,2,0.2,11,1,,0,0,0
18015,Carroll County,thunderstorm_wind,26,17,1.7,29,65,,291700,0,0
18015,Carroll County,tornado,5,4,0.4,62,,EF1,129500,0,0
18017,Cass County,flash_flood,1,1,0.1,11,,,500000,0,0
18017,Cass County,flood,1,1,0.1,20,,,0,0,0
18017,Cass County,hail,7,5,0.5,26,1.75,,1000,0,0
18017,Cass County,lightning,1,1,0.1,66,,,50000,0,0
18017,Cass County,thunderstorm_wind,67,26,2.6,51,70,,280000,0,7
18017,Cass County,tornado,5,5,0.5,72,,EF1,26000,0,0
18019,Clark County,flash_flood,16,13,1.3,84,,,50000,0,0
18019,Clark County,flood,10,8,0.8,78,,,0,0,0
18019,Clark County,hail,36,20,2.0,77,2,,25000,0,0
18019,Clark County,lightning,1,1,0.1,66,,,30000,0,0
18019,Clark County,thunderstorm_wind,77,41,4.1,77,78,,403000,0,6
18019,Clark County,tornado,5,5,0.5,72,,EF1,200000,0,10
18021,Clay County,flash_flood,3,3,0.3,31,,,125000,0,0
18021,Clay County,flood,2,2,0.2,38,,,1000,0,0
18021,Clay County,hail,4,4,0.4,21,2,,0,0,0
18021,Clay County,thunderstorm_wind,27,19,1.9,34,60,,1020000,0,0
18023,Clinton County,flash_flood,3,3,0.3,31,,,15000,0,0
18023,Clinton County,flood,5,3,0.3,50,,,2750,0,0
18023,Clinton County,hail,11,6,0.6,31,4,,0,0,0
18023,Clinton County,thunderstorm_wind,34,20,2.0,37,74,,590500,0,1
18023,Clinton County,tornado,2,2,0.2,37,,EF2,740000,0,0
18025,Crawford County,flash_flood,7,6,0.6,57,,,2000,0,0
18025,Crawford County,flood,3,1,0.1,20,,,4000000,0,0
18025,Crawford County,hail,26,12,1.2,57,2,,0,0,0
18025,Crawford County,thunderstorm_wind,53,35,3.5,69,78,,176000,0,0
18025,Crawford County,tornado,2,2,0.2,37,,EF1,250000,0,0
18027,Daviess County,flash_flood,11,10,1.0,75,,,362000,0,0
18027,Daviess County,flood,1,1,0.1,20,,,500,0,0
18027,Daviess County,hail,11,7,0.7,36,1.75,,0,0,0
18027,Daviess County,thunderstorm_wind,29,21,2.1,39,60,,210000,0,0
18027,Daviess County,tornado,6,4,0.4,62,,EF2,1305000,0,0
18029,Dearborn County,flash_flood,21,13,1.3,84,,,202000,0,0
18029,Dearborn County,flood,13,9,0.9,81,,,0,0,0
18029,Dearborn County,hail,13,9,0.9,45,2.5,,0,0,0
18029,Dearborn County,thunderstorm_wind,54,35,3.5,69,70,,315500,0,0
18029,Dearborn County,tornado,4,4,0.4,62,,EF1,120000,0,0
18031,Decatur County,flash_flood,7,6,0.6,57,,,82000,0,0
18031,Decatur County,flood,5,3,0.3,50,,,27500,0,0
18031,Decatur County,hail,15,9,0.9,45,2.75,,150000,0,0
18031,Decatur County,lightning,1,1,0.1,66,,,0,0,1
18031,Decatur County,thunderstorm_wind,38,27,2.7,53,87,,399550,0,0
18031,Decatur County,tornado,3,3,0.3,51,,EF1,100000,0,0
18033,DeKalb County,flood,1,1,0.1,20,,,1000,0,0
18033,DeKalb County,hail,18,8,0.8,41,3.5,,285000,0,0
18033,DeKalb County,lightning,1,1,0.1,66,,,15000,0,0
18033,DeKalb County,thunderstorm_wind,31,19,1.9,34,61,,450500,0,4
18035,Delaware County,flash_flood,14,10,1.0,75,,,260000,0,0
18035,Delaware County,flood,7,6,0.6,71,,,21000,0,0
18035,Delaware County,hail,15,12,1.2,57,2,,0,0,0
18035,Delaware County,lightning,2,2,0.2,85,,,32000,0,0
18035,Delaware County,thunderstorm_wind,58,32,3.2,63,87,,5130000,0,0
18035,Delaware County,tornado,6,5,0.5,72,,EF2,4361000,0,0
18037,Dubois County,flash_flood,31,17,1.7,91,,,65000,0,0
18037,Dubois County,flood,9,6,0.6,71,,,0,0,0
18037,Dubois County,hail,12,7,0.7,36,4,,0,0,0
18037,Dubois County,thunderstorm_wind,123,51,5.1,87,78,,305000,0,1
18037,Dubois County,tornado,5,4,0.4,62,,EF2,350000,0,0
18039,Elkhart County,flash_flood,1,1,0.1,11,,,0,0,0
18039,Elkhart County,flood,11,4,0.4,59,,,1201000,0,0
18039,Elkhart County,hail,42,18,1.8,73,2,,21000,0,0
18039,Elkhart County,lightning,3,3,0.3,91,,,35000,0,1
18039,Elkhart County,thunderstorm_wind,121,53,5.3,88,70,,811000,0,0
18039,Elkhart County,tornado,2,2,0.2,37,,EF1,500000,0,0
18041,Fayette County,flash_flood,11,7,0.7,62,,,165000,0,0
18041,Fayette County,flood,9,7,0.7,75,,,3000,0,0
18041,Fayette County,hail,4,3,0.3,16,1.25,,0,0,0
18041,Fayette County,lightning,1,1,0.1,66,,,0,0,1
18041,Fayette County,thunderstorm_wind,30,20,2.0,37,60,,116500,0,0
18041,Fayette County,tornado,2,2,0.2,37,,EF0,75000,0,0
18043,Floyd County,flash_flood,5,5,0.5,49,,,0,0,0
18043,Floyd County,flood,4,4,0.4,59,,,0,0,0
18043,Floyd County,hail,17,7,0.7,36,1.75,,0,0,0
18043,Floyd County,lightning,1,1,0.1,66,,,100000,0,0
18043,Floyd County,thunderstorm_wind,31,21,2.1,39,81,,77000,0,0
18043,Floyd County,tornado,7,3,0.3,51,,EF1,0,0,2
18045,Fountain County,flash_flood,2,2,0.2,21,,,520000,0,0
18045,Fountain County,hail,10,8,0.8,41,3,,0,0,0
18045,Fountain County,thunderstorm_wind,31,21,2.1,39,65,,1248500,0,1
18045,Fountain County,tornado,1,1,0.1,22,,EF0,1000,0,0
18047,Franklin County,flash_flood,19,12,1.2,81,,,1847000,8,0
18047,Franklin County,flood,18,12,1.2,86,,,3000,1,0
18047,Franklin County,hail,6,5,0.5,26,2.75,,0,0,0
18047,Franklin County,thunderstorm_wind,29,25,2.5,49,60,,118750,0,0
18047,Franklin County,tornado,5,5,0.5,72,,EF1,145000,0,0
18049,Fulton County,flood,1,1,0.1,20,,,250000,0,0
18049,Fulton County,hail,3,2,0.2,11,1,,4000,0,0
18049,Fulton County,thunderstorm_wind,39,21,2.1,39,62,,120000,1,1
18049,Fulton County,tornado,2,2,0.2,37,,EF3,20000,0,0
18051,Gibson County,flash_flood,16,13,1.3,84,,,310000,0,0
18051,Gibson County,flood,107,85,8.5,100,,,292000,0,0
18051,Gibson County,hail,23,20,2.0,77,1.75,,0,0,0
18051,Gibson County,thunderstorm_wind,48,34,3.4,67,91,,911000,0,0
18051,Gibson County,tornado,11,8,0.8,89,,EF3,6105000,0,2
18053,Grant County,hail,20,11,1.1,53,1.75,,4500,0,0
18053,Grant County,lightning,1,1,0.1,66,,,35000,0,0
18053,Grant County,thunderstorm_wind,41,20,2.0,37,66,,86000,0,0
18053,Grant County,tornado,4,3,0.3,51,,EF3,0,0,0
18055,Greene County,flash_flood,5,4,0.4,41,,,76000,0,0
18055,Greene County,hail,9,8,0.8,41,1.75,,0,0,0
18055,Greene County,thunderstorm_wind,25,20,2.0,37,60,,202000,0,0
18055,Greene County,tornado,5,4,0.4,62,,EF2,2865000,1,4
18057,Hamilton County,flash_flood,8,5,0.5,49,,,457000,0,0
18057,Hamilton County,flood,9,8,0.8,78,,,58500,0,0
18057,Hamilton County,hail,52,22,2.2,81,2.5,,8000,0,0
18057,Hamilton County,lightning,1,1,0.1,66,,,3500,0,0
18057,Hamilton County,thunderstorm_wind,59,34,3.4,67,74,,1370750,1,0
18057,Hamilton County,tornado,3,3,0.3,51,,EF1,625000,0,0
18059,Hancock County,flash_flood,3,3,0.3,31,,,60000,0,0
18059,Hancock County,flood,2,2,0.2,38,,,1500,0,0
18059,Hancock County,hail,21,12,1.2,57,3.4,,0,0,0
18059,Hancock County,thunderstorm_wind,52,32,3.2,63,61,,358850,0,0
18059,Hancock County,tornado,2,1,0.1,22,,EF1,250000,0,0
18061,Harrison County,flash_flood,4,3,0.3,31,,,150000,0,0
18061,Harrison County,flood,3,3,0.3,50,,,0,0,0
18061,Harrison County,hail,35,12,1.2,57,2.75,,50000,0,0
18061,Harrison County,thunderstorm_wind,63,36,3.6,70,66,,151500,0,0
18061,Harrison County,tornado,5,5,0.5,72,,EF1,620000,0,0
18063,Hendricks County,flash_flood,4,4,0.4,41,,,502000,0,0
18063,Hendricks County,flood,4,4,0.4,59,,,2000,0,0
18063,Hendricks County,hail,17,13,1.3,60,2,,0,0,0
18063,Hendricks County,lightning,4,4,0.4,94,,,375000,0,0
18063,Hendricks County,thunderstorm_wind,65,36,3.6,70,70,,805250,1,3
18063,Hendricks County,tornado,6,2,0.2,37,,EF2,1435500,0,1
18065,Henry County,flash_flood,4,4,0.4,41,,,58500,0,0
18065,Henry County,flood,1,1,0.1,20,,,1000,0,0
18065,Henry County,hail,9,7,0.7,36,2.75,,1000,0,0
18065,Henry County,thunderstorm_wind,21,17,1.7,29,58,,157350,0,0
18065,Henry County,tornado,2,1,0.1,22,,EF1,60000,0,0
18067,Howard County,flash_flood,6,4,0.4,41,,,487000,0,0
18067,Howard County,flood,1,1,0.1,20,,,1000,0,0
18067,Howard County,hail,7,6,0.6,31,2.85,,50500,0,0
18067,Howard County,thunderstorm_wind,54,32,3.2,63,72,,370250,0,0
18067,Howard County,tornado,9,3,0.3,51,,EF3,11303500,0,21
18069,Huntington County,hail,34,13,1.3,60,2.5,,6500,0,0
18069,Huntington County,lightning,1,1,0.1,66,,,5000,0,0
18069,Huntington County,thunderstorm_wind,86,39,3.9,74,61,,126000,0,3
18069,Huntington County,tornado,2,1,0.1,22,,EF2,0,0,0
18071,Jackson County,flash_flood,6,4,0.4,41,,,125000,0,0
18071,Jackson County,flood,4,4,0.4,59,,,47000,0,0
18071,Jackson County,hail,20,15,1.5,66,2,,0,0,0
18071,Jackson County,thunderstorm_wind,23,19,1.9,34,75,,399000,0,0
18071,Jackson County,tornado,5,5,0.5,72,,EF2,150000,0,0
18073,Jasper County,flash_flood,2,2,0.2,21,,,0,0,0
18073,Jasper County,flood,5,3,0.3,50,,,288000,0,0
18073,Jasper County,hail,3,3,0.3,16,1,,0,0,0
18073,Jasper County,lightning,1,1,0.1,66,,,0,0,1
18073,Jasper County,thunderstorm_wind,65,28,2.8,56,75,,0,0,0
18073,Jasper County,tornado,2,2,0.2,37,,EF1,0,0,0
18075,Jay County,flash_flood,2,1,0.1,11,,,2000,0,0
18075,Jay County,hail,6,4,0.4,21,1.75,,3000,0,0
18075,Jay County,thunderstorm_wind,28,15,1.5,25,70,,152500,0,0
18075,Jay County,tornado,6,4,0.4,62,,EF2,500000,0,0
18077,Jefferson County,flash_flood,2,2,0.2,21,,,200000,1,0
18077,Jefferson County,flood,4,4,0.4,59,,,0,0,0
18077,Jefferson County,hail,13,7,0.7,36,2.25,,0,0,0
18077,Jefferson County,thunderstorm_wind,44,26,2.6,51,88,,336000,0,0
18077,Jefferson County,tornado,4,3,0.3,51,,EF2,75000,0,0
18079,Jennings County,flash_flood,3,3,0.3,31,,,10000,0,0
18079,Jennings County,flood,3,3,0.3,50,,,27250,0,0
18079,Jennings County,hail,11,10,1.0,50,1.75,,0,0,0
18079,Jennings County,lightning,1,1,0.1,66,,,1000,0,2
18079,Jennings County,thunderstorm_wind,12,12,1.2,20,61,,214000,0,0
18079,Jennings County,tornado,2,1,0.1,22,,EF1,53000,0,0
18081,Johnson County,flash_flood,3,2,0.2,21,,,85000,0,0
18081,Johnson County,flood,2,1,0.1,20,,,1500,0,0
18081,Johnson County,hail,13,8,0.8,41,2,,0,0,0
18081,Johnson County,lightning,2,2,0.2,85,,,50000,0,2
18081,Johnson County,thunderstorm_wind,33,26,2.6,51,78,,539250,0,0
18081,Johnson County,tornado,4,3,0.3,51,,EF3,8710000,0,0
18083,Knox County,flash_flood,16,10,1.0,75,,,244500,0,0
18083,Knox County,flood,6,6,0.6,71,,,33000,0,0
18083,Knox County,hail,24,14,1.4,63,2,,0,0,0
18083,Knox County,thunderstorm_wind,103,47,4.7,83,74,,1437750,0,0
18083,Knox County,tornado,3,3,0.3,51,,EF2,915000,0,0
18085,Kosciusko County,flash_flood,2,2,0.2,21,,,0,0,0
18085,Kosciusko County,flood,2,2,0.2,38,,,57000,0,0
18085,Kosciusko County,hail,11,8,0.8,41,1.25,,2500,0,0
18085,Kosciusko County,lightning,4,3,0.3,91,,,115000,0,0
18085,Kosciusko County,thunderstorm_wind,123,39,3.9,74,70,,1098000,0,3
18085,Kosciusko County,tornado,5,4,0.4,62,,EF1,10000,0,0
18087,LaGrange County,flood,1,1,0.1,20,,,54000,0,0
18087,LaGrange County,hail,8,5,0.5,26,1.5,,5000,0,0
18087,LaGrange County,thunderstorm_wind,39,16,1.6,27,70,,145500,0,0
18087,LaGrange County,tornado,1,1,0.1,22,,EF1,300000,0,2
18089,Lake County,flash_flood,9,9,0.9,72,,,14000000,0,0
18089,Lake County,flood,23,19,1.9,92,,,0,0,0
18089,Lake County,hail,25,15,1.5,66,1.75,,0,0,0
18089,Lake County,lightning,1,1,0.1,66,,,10000,0,0
18089,Lake County,thunderstorm_wind,150,51,5.1,87,83,,10000,1,2
18089,Lake County,tornado,16,10,1.0,94,,EF1,0,0,1
18091,LaPorte County,flood,2,2,0.2,38,,,505000,0,0
18091,LaPorte County,hail,29,14,1.4,63,3.5,,133000,0,0
18091,LaPorte County,thunderstorm_wind,70,34,3.4,67,78,,445500,0,1
18091,LaPorte County,tornado,4,2,0.2,37,,EF1,175000,0,0
18093,Lawrence County,flash_flood,6,6,0.6,57,,,546500,0,0
18093,Lawrence County,flood,4,4,0.4,59,,,56000,0,0
18093,Lawrence County,hail,13,10,1.0,50,2,,0,0,0
18093,Lawrence County,thunderstorm_wind,28,20,2.0,37,70,,460000,0,0
18093,Lawrence County,tornado,6,4,0.4,62,,EF2,467000,0,0
18095,Madison County,flash_flood,2,2,0.2,21,,,6000,0,0
18095,Madison County,flood,3,3,0.3,50,,,9500,0,0
18095,Madison County,hail,39,16,1.6,68,2,,30000,0,0
18095,Madison County,thunderstorm_wind,63,37,3.7,72,76,,1061000,0,2
18095,Madison County,tornado,8,5,0.5,72,,EF2,5105000,0,1
18097,Marion County,flash_flood,21,10,1.0,75,,,590000,0,0
18097,Marion County,flood,12,11,1.1,85,,,112250,0,0
18097,Marion County,hail,63,32,3.2,91,2,,0,0,0
18097,Marion County,lightning,4,4,0.4,94,,,1501000,0,3
18097,Marion County,thunderstorm_wind,138,61,6.1,92,73,,3527400,0,1
18097,Marion County,tornado,3,2,0.2,37,,EF1,1125000,0,0
18099,Marshall County,flash_flood,2,2,0.2,21,,,1000,0,0
18099,Marshall County,flood,1,1,0.1,20,,,1200000,0,0
18099,Marshall County,hail,15,8,0.8,41,2.75,,12500,0,0
18099,Marshall County,lightning,2,2,0.2,85,,,1000,1,0
18099,Marshall County,thunderstorm_wind,75,36,3.6,70,65,,415000,0,0
18099,Marshall County,tornado,4,4,0.4,62,,EF1,720000,0,1
18101,Martin County,flash_flood,5,5,0.5,49,,,67500,0,0
18101,Martin County,flood,1,1,0.1,20,,,5000,0,0
18101,Martin County,hail,9,5,0.5,26,3,,0,0,0
18101,Martin County,thunderstorm_wind,27,21,2.1,39,70,,588000,0,2
18101,Martin County,tornado,3,2,0.2,37,,EF2,1260000,1,1
18103,Miami County,hail,11,7,0.7,36,1.75,,3000,0,0
18103,Miami County,thunderstorm_wind,29,17,1.7,29,70,,73000,0,0
18103,Miami County,tornado,5,4,0.4,62,,EF3,150000,0,0
18105,Monroe County,flash_flood,8,8,0.8,68,,,27307000,1,1
18105,Monroe County,flood,1,1,0.1,20,,,35000,0,0
18105,Monroe County,hail,31,19,1.9,75,2.5,,1500,0,0
18105,Monroe County,thunderstorm_wind,47,30,3.0,60,70,,6281750,1,2
18105,Monroe County,tornado,5,5,0.5,72,,EF3,2841000,0,0
18107,Montgomery County,flash_flood,2,1,0.1,11,,,2000,0,0
18107,Montgomery County,flood,4,4,0.4,59,,,6500,0,0
18107,Montgomery County,hail,21,11,1.1,53,1.75,,0,0,0
18107,Montgomery County,thunderstorm_wind,32,23,2.3,44,64,,298000,0,0
18107,Montgomery County,tornado,6,5,0.5,72,,EF2,160000,0,0
18109,Morgan County,flash_flood,6,5,0.5,49,,,157250,0,0
18109,Morgan County,flood,4,4,0.4,59,,,1500,1,0
18109,Morgan County,hail,26,16,1.6,68,1.75,,15000,0,0
18109,Morgan County,thunderstorm_wind,38,27,2.7,53,65,,1300000,0,0
18109,Morgan County,tornado,2,2,0.2,37,,EF2,8020000,0,0
18111,Newton County,flash_flood,2,2,0.2,21,,,1000,0,0
18111,Newton County,flood,3,2,0.2,38,,,0,0,0
18111,Newton County,hail,7,5,0.5,26,1.75,,0,0,0
18111,Newton County,thunderstorm_wind,37,20,2.0,37,65,,11000,0,0
18111,Newton County,tornado,6,5,0.5,72,,EF0,0,0,0
18113,Noble County,flash_flood,1,1,0.1,11,,,0,0,0
18113,Noble County,hail,16,8,0.8,41,3,,307000,0,0
18113,Noble County,thunderstorm_wind,50,26,2.6,51,70,,108000,0,1
18113,Noble County,tornado,3,3,0.3,51,,EF1,600000,0,0
18115,Ohio County,flash_flood,2,2,0.2,21,,,55000,0,0
18115,Ohio County,flood,3,2,0.2,38,,,0,0,0
18115,Ohio County,hail,5,2,0.2,11,3,,0,0,0
18115,Ohio County,thunderstorm_wind,28,16,1.6,27,70,,244100,0,0
18115,Ohio County,tornado,4,2,0.2,37,,EF1,140000,0,0
18117,Orange County,flash_flood,2,2,0.2,21,,,0,0,0
18117,Orange County,flood,1,1,0.1,20,,,0,0,0
18117,Orange County,hail,16,7,0.7,36,3,,0,0,0
18117,Orange County,thunderstorm_wind,30,18,1.8,32,65,,220000,0,0
18117,Orange County,tornado,7,3,0.3,51,,EF1,75000,0,1
18119,Owen County,flash_flood,6,6,0.6,57,,,20061500,0,0
18119,Owen County,hail,11,7,0.7,36,4,,50000,0,0
18119,Owen County,thunderstorm_wind,25,21,2.1,39,72,,523000,0,0
18119,Owen County,tornado,2,2,0.2,37,,EF3,1666000,2,2
18121,Parke County,flash_flood,2,2,0.2,21,,,70000,0,0
18121,Parke County,flood,2,2,0.2,38,,,10500,0,0
18121,Parke County,hail,6,5,0.5,26,1.75,,0,0,0
18121,Parke County,thunderstorm_wind,19,17,1.7,29,57,,222000,0,0
18121,Parke County,tornado,2,2,0.2,37,,EF1,550000,0,0
18123,Perry County,flash_flood,3,3,0.3,31,,,0,0,0
18123,Perry County,flood,8,5,0.5,66,,,20000,0,0
18123,Perry County,hail,2,2,0.2,11,1,,0,0,0
18123,Perry County,thunderstorm_wind,29,21,2.1,39,55,,10000,0,0
18123,Perry County,tornado,2,2,0.2,37,,EF1,80000,0,0
18125,Pike County,flash_flood,15,12,1.2,81,,,125000,0,0
18125,Pike County,flood,55,53,5.3,99,,,152000,0,0
18125,Pike County,hail,11,10,1.0,50,1.5,,0,0,0
18125,Pike County,thunderstorm_wind,17,16,1.6,27,74,,116000,0,0
18125,Pike County,tornado,4,4,0.4,62,,EF2,1553000,0,0
18127,Porter County,flash_flood,2,2,0.2,21,,,1000,0,0
18127,Porter County,flood,18,11,1.1,85,,,3705000,0,0
18127,Porter County,hail,24,15,1.5,66,1.75,,0,0,0
18127,Porter County,thunderstorm_wind,108,43,4.3,79,70,,17000,1,0
18127,Porter County,tornado,5,4,0.4,62,,EF1,0,0,0
18129,Posey County,flash_flood,8,8,0.8,68,,,95000,0,0
18129,Posey County,flood,82,70,7.0,100,,,137000,0,0
18129,Posey County,hail,11,9,0.9,45,2.75,,0,0,0
18129,Posey County,thunderstorm_wind,19,16,1.6,27,80,,618000,0,0
18129,Posey County,tornado,10,5,0.5,72,,EF3,2219000,0,0
18131,Pulaski County,flood,1,1,0.1,20,,,38000,0,0
18131,Pulaski County,hail,3,3,0.3,16,1.25,,500,0,0
18131,Pulaski County,thunderstorm_wind,11,9,0.9,15,61,,66000,0,0
18133,Putnam County,flash_flood,3,3,0.3,31,,,110500,0,0
18133,Putnam County,flood,1,1,0.1,20,,,10000,0,0
18133,Putnam County,hail,18,11,1.1,53,3,,6000,0,0
18133,Putnam County,thunderstorm_wind,46,33,3.3,65,66,,679500,0,0
18133,Putnam County,tornado,1,1,0.1,22,,EF0,20000,0,0
18135,Randolph County,flash_flood,3,3,0.3,31,,,16000,0,0
18135,Randolph County,flood,2,1,0.1,20,,,6000,0,0
18135,Randolph County,hail,14,8,0.8,41,1.5,,0,0,0
18135,Randolph County,thunderstorm_wind,25,17,1.7,29,61,,159500,0,0
18135,Randolph County,tornado,3,3,0.3,51,,EF3,25015000,1,37
18137,Ripley County,flash_flood,35,19,1.9,93,,,69000,0,0
18137,Ripley County,flood,56,37,3.7,98,,,21000,0,0
18137,Ripley County,hail,12,8,0.8,41,3,,2000,0,0
18137,Ripley County,lightning,1,1,0.1,66,,,50000,0,0
18137,Ripley County,thunderstorm_wind,113,56,5.6,90,60,,529600,0,0
18137,Ripley County,tornado,9,6,0.6,79,,EF1,775000,0,0
18139,Rush County,flash_flood,4,4,0.4,41,,,330000,0,0
18139,Rush County,flood,1,1,0.1,20,,,500,0,0
18139,Rush County,hail,17,12,1.2,57,1.75,,0,0,0
18139,Rush County,thunderstorm_wind,59,41,4.1,77,87,,1899000,0,4
18139,Rush County,tornado,5,3,0.3,51,,EF2,537000,0,0
18141,St. Joseph County,flash_flood,4,3,0.3,31,,,5115000,0,0
18141,St. Joseph County,flood,7,5,0.5,66,,,1106000,1,0
18141,St. Joseph County,hail,44,12,1.2,57,2.5,,45000,0,0
18141,St. Joseph County,lightning,3,3,0.3,91,,,230500,0,0
18141,St. Joseph County,thunderstorm_wind,170,49,4.9,85,70,,615300,0,0
18141,St. Joseph County,tornado,8,6,0.6,79,,EF1,45000,0,0
18143,Scott County,flash_flood,3,3,0.3,31,,,0,0,0
18143,Scott County,hail,4,3,0.3,16,1.75,,0,0,0
18143,Scott County,thunderstorm_wind,29,17,1.7,29,78,,485000,0,11
18143,Scott County,tornado,3,3,0.3,51,,EF1,250000,0,10
18145,Shelby County,flash_flood,6,5,0.5,49,,,95500,0,0
18145,Shelby County,flood,2,1,0.1,20,,,0,0,0
18145,Shelby County,hail,8,7,0.7,36,1.75,,0,0,0
18145,Shelby County,thunderstorm_wind,56,37,3.7,72,78,,630450,0,1
18145,Shelby County,tornado,5,3,0.3,51,,EF1,258000,0,0
18147,Spencer County,flash_flood,8,7,0.7,62,,,105000,0,0
18147,Spencer County,flood,14,13,1.3,87,,,285000,0,0
18147,Spencer County,hail,12,9,0.9,45,1.75,,0,0,0
18147,Spencer County,thunderstorm_wind,37,26,2.6,51,83,,521000,0,0
18147,Spencer County,tornado,7,7,0.7,85,,EF1,240000,0,0
18149,Starke County,flood,1,1,0.1,20,,,1200000,0,0
18149,Starke County,hail,15,7,0.7,36,3,,12000,0,0
18149,Starke County,lightning,1,1,0.1,66,,,75000,0,0
18149,Starke County,thunderstorm_wind,27,17,1.7,29,65,,132000,1,1
18149,Starke County,tornado,1,1,0.1,22,,EF1,10000,0,0
18151,Steuben County,hail,26,10,1.0,50,3,,112000,0,0
18151,Steuben County,lightning,1,1,0.1,66,,,7500,0,0
18151,Steuben County,thunderstorm_wind,56,28,2.8,56,85,,202500,0,1
18151,Steuben County,tornado,6,5,0.5,72,,EF1,200000,0,0
18153,Sullivan County,flash_flood,5,5,0.5,49,,,124000,0,0
18153,Sullivan County,flood,1,1,0.1,20,,,500,0,0
18153,Sullivan County,hail,12,9,0.9,45,4,,0,0,0
18153,Sullivan County,thunderstorm_wind,21,16,1.6,27,87,,182500,0,0
18153,Sullivan County,tornado,3,3,0.3,51,,EF3,18180000,3,8
18155,Switzerland County,flash_flood,12,9,0.9,72,,,18044000,0,0
18155,Switzerland County,flood,10,10,1.0,83,,,30000,1,0
18155,Switzerland County,hail,8,5,0.5,26,1.25,,0,0,0
18155,Switzerland County,thunderstorm_wind,38,28,2.8,56,74,,187550,1,0
18155,Switzerland County,tornado,2,2,0.2,37,,EF1,250000,0,0
18157,Tippecanoe County,flash_flood,1,1,0.1,11,,,100000,0,0
18157,Tippecanoe County,flood,3,3,0.3,50,,,8000,0,0
18157,Tippecanoe County,hail,20,11,1.1,53,4,,0,0,0
18157,Tippecanoe County,thunderstorm_wind,76,39,3.9,74,87,,1105950,0,0
18157,Tippecanoe County,tornado,7,6,0.6,79,,EF1,149500,0,0
18159,Tipton County,flood,1,1,0.1,20,,,10000,0,0
18159,Tipton County,hail,10,5,0.5,26,2,,0,0,0
18159,Tipton County,thunderstorm_wind,22,13,1.3,21,70,,127250,0,0
18161,Union County,flash_flood,7,4,0.4,41,,,20000,0,0
18161,Union County,flood,4,4,0.4,59,,,0,0,0
18161,Union County,hail,2,2,0.2,11,1.25,,0,0,0
18161,Union County,thunderstorm_wind,18,15,1.5,25,60,,104750,0,3
18161,Union County,tornado,1,1,0.1,22,,EF1,35000,0,0
18163,Vanderburgh County,flash_flood,21,21,2.1,94,,,322000,0,0
18163,Vanderburgh County,flood,44,39,3.9,98,,,337000,0,0
18163,Vanderburgh County,hail,17,15,1.5,66,2,,100000,0,0
18163,Vanderburgh County,lightning,4,4,0.4,94,,,40000,1,1
18163,Vanderburgh County,thunderstorm_wind,61,42,4.2,78,83,,1763000,0,0
18163,Vanderburgh County,tornado,10,6,0.6,79,,EF2,1545000,0,0
18165,Vermillion County,flash_flood,1,1,0.1,11,,,2000,0,0
18165,Vermillion County,flood,2,2,0.2,38,,,2000,0,0
18165,Vermillion County,hail,9,5,0.5,26,2.5,,0,0,0
18165,Vermillion County,thunderstorm_wind,15,13,1.3,21,56,,54000,0,0
18167,Vigo County,flash_flood,8,7,0.7,62,,,211000,0,0
18167,Vigo County,flood,6,5,0.5,66,,,6250,0,0
18167,Vigo County,hail,24,13,1.3,60,1.75,,0,0,0
18167,Vigo County,thunderstorm_wind,54,34,3.4,67,70,,4570350,0,0
18167,Vigo County,tornado,1,1,0.1,22,,EF1,200000,0,0
18169,Wabash County,flood,1,1,0.1,20,,,0,1,0
18169,Wabash County,hail,13,8,0.8,41,1.5,,4500,0,0
18169,Wabash County,thunderstorm_wind,23,15,1.5,25,74,,262000,0,0
18169,Wabash County,tornado,3,3,0.3,51,,EF1,0,0,0
18171,Warren County,hail,8,6,0.6,31,2.5,,0,0,0
18171,Warren County,thunderstorm_wind,17,12,1.2,20,56,,212500,0,0
18171,Warren County,tornado,1,1,0.1,22,,,0,0,0
18173,Warrick County,flash_flood,8,8,0.8,68,,,125000,0,0
18173,Warrick County,flood,44,44,4.4,98,,,120000,0,0
18173,Warrick County,hail,7,7,0.7,36,1.5,,0,0,0
18173,Warrick County,thunderstorm_wind,34,22,2.2,42,83,,522000,0,0
18173,Warrick County,tornado,10,5,0.5,72,,EF2,2653000,0,2
18175,Washington County,flash_flood,11,4,0.4,41,,,40000,0,0
18175,Washington County,flood,5,4,0.4,59,,,0,0,0
18175,Washington County,hail,8,7,0.7,36,1.75,,20000,0,0
18175,Washington County,thunderstorm_wind,46,29,2.9,58,74,,363500,0,0
18175,Washington County,tornado,10,8,0.8,89,,EF2,780000,0,0
18177,Wayne County,flash_flood,14,5,0.5,49,,,19000,0,0
18177,Wayne County,flood,17,14,1.4,88,,,5000,0,0
18177,Wayne County,hail,8,6,0.6,31,1.75,,0,0,0
18177,Wayne County,lightning,1,1,0.1,66,,,1000,0,0
18177,Wayne County,thunderstorm_wind,60,38,3.8,73,60,,260500,0,0
18177,Wayne County,tornado,4,4,0.4,62,,EF1,490000,0,2
18179,Wells County,flash_flood,1,1,0.1,11,,,0,0,0
18179,Wells County,hail,23,7,0.7,36,2.5,,137500,0,0
18179,Wells County,thunderstorm_wind,30,19,1.9,34,70,,249700,0,0
18179,Wells County,tornado,2,2,0.2,37,,EF3,0,0,2
18181,White County,flood,1,1,0.1,20,,,230000,0,0
18181,White County,hail,3,3,0.3,16,1.25,,0,0,0
18181,White County,thunderstorm_wind,29,15,1.5,25,87,,126000,0,0
18181,White County,tornado,6,5,0.5,72,,EF2,40000,0,0
18183,Whitley County,flash_flood,3,3,0.3,31,,,320500,0,0
18183,Whitley County,flood,1,1,0.1,20,,,5000,0,0
18183,Whitley County,hail,4,4,0.4,21,1.75,,2000,0,0
18183,Whitley County,thunderstorm_wind,66,29,2.9,58,74,,653200,0,0
18183,Whitley County,tornado,1,1,0.1,22,,EF0,30000,0,0
19001,Adair County,flash_flood,2,2,0.2,21,,,65000,0,0
19001,Adair County,flood,1,1,0.1,20,,,50000,0,0
19001,Adair County,hail,49,21,2.1,79,4,,42000,0,0
19001,Adair County,lightning,1,1,0.1,66,,,1000,0,0
19001,Adair County,thunderstorm_wind,41,25,2.5,49,70,,547000,0,0
19001,Adair County,tornado,9,5,0.5,72,,EF4,31375000,5,36
19003,Adams County,flash_flood,3,3,0.3,31,,,10000,0,0
19003,Adams County,hail,19,8,0.8,41,1.75,,2000,0,0
19003,Adams County,thunderstorm_wind,10,8,0.8,13,61,,155000,0,0
19003,Adams County,tornado,10,6,0.6,79,,EF3,2966000,1,0
19005,Allamakee County,flash_flood,11,9,0.9,72,,,1044000,0,0
19005,Allamakee County,flood,20,18,1.8,92,,,133000,0,0
19005,Allamakee County,hail,3,3,0.3,16,0.88,,0,0,0
19005,Allamakee County,thunderstorm_wind,29,21,2.1,39,60,,525000,0,1
19005,Allamakee County,tornado,3,3,0.3,51,,EF1,110000,0,0
19007,Appanoose County,flash_flood,6,3,0.3,31,,,25000,0,0
19007,Appanoose County,flood,2,2,0.2,38,,,400000,0,0
19007,Appanoose County,hail,35,12,1.2,57,3,,45000,0,0
19007,Appanoose County,thunderstorm_wind,16,9,0.9,15,61,,122000,0,0
19007,Appanoose County,tornado,5,2,0.2,37,,EF2,820000,0,0
19009,Audubon County,flash_flood,1,1,0.1,11,,,0,0,0
19009,Audubon County,flood,1,1,0.1,20,,,100000,0,0
19009,Audubon County,hail,12,8,0.8,41,1.25,,5000,0,0
19009,Audubon County,thunderstorm_wind,21,16,1.6,27,76,,11000,0,0
19009,Audubon County,tornado,3,2,0.2,37,,EF1,135000,0,0
19011,Benton County,flash_flood,5,5,0.5,49,,,0,0,0
19011,Benton County,flood,7,5,0.5,66,,,100000,0,0
19011,Benton County,hail,60,24,2.4,83,2,,0,0,0
19011,Benton County,thunderstorm_wind,67,32,3.2,63,126,,25000,1,0
19011,Benton County,tornado,20,11,1.1,95,,EF2,25000,0,5
19013,Black Hawk County,flash_flood,7,6,0.6,57,,,30000,0,0
19013,Black Hawk County,flood,65,48,4.8,99,,,3275000,0,0
19013,Black Hawk County,hail,59,20,2.0,77,3,,10000,0,0
19013,Black Hawk County,lightning,2,2,0.2,85,,,75000,0,0
19013,Black Hawk County,thunderstorm_wind,72,30,3.0,60,70,,286000,0,0
19013,Black Hawk County,tornado,4,2,0.2,37,,EF0,77000,0,0
19015,Boone County,flash_flood,5,5,0.5,49,,,10000,0,0
19015,Boone County,flood,8,6,0.6,71,,,130000,0,0
19015,Boone County,hail,41,17,1.7,70,2.75,,20000,0,0
19015,Boone County,thunderstorm_wind,32,21,2.1,39,87,,118000,0,0
19015,Boone County,tornado,11,8,0.8,89,,EF1,81500,0,0
19017,Bremer County,flash_flood,12,4,0.4,41,,,210000,0,0
19017,Bremer County,flood,9,7,0.7,75,,,620000,0,0
19017,Bremer County,hail,22,13,1.3,60,2.75,,0,0,0
19017,Bremer County,thunderstorm_wind,36,14,1.4,23,70,,231000,0,11
19017,Bremer County,tornado,3,2,0.2,37,,EF2,1001000,0,0
19019,Buchanan County,flash_flood,13,10,1.0,75,,,2500000,0,0
19019,Buchanan County,flood,5,5,0.5,66,,,155000,0,0
19019,Buchanan County,hail,32,14,1.4,63,2.75,,0,0,0
19019,Buchanan County,lightning,1,1,0.1,66,,,500000,0,0
19019,Buchanan County,thunderstorm_wind,103,40,4.0,76,78,,0,0,0
19019,Buchanan County,tornado,11,8,0.8,89,,EF1,0,0,0
19021,Buena Vista County,flash_flood,3,1,0.1,11,,,10000,0,0
19021,Buena Vista County,flood,23,21,2.1,93,,,4165000,0,0
19021,Buena Vista County,hail,22,9,0.9,45,1.75,,0,0,0
19021,Buena Vista County,thunderstorm_wind,34,20,2.0,37,74,,37000,0,2
19021,Buena Vista County,tornado,9,5,0.5,72,,EF2,550000,0,0
19023,Butler County,flash_flood,10,8,0.8,68,,,470000,0,0
19023,Butler County,flood,29,14,1.4,88,,,1500000,0,0
19023,Butler County,hail,40,19,1.9,75,2.5,,0,0,0
19023,Butler County,lightning,2,2,0.2,85,,,160000,0,0
19023,Butler County,thunderstorm_wind,41,18,1.8,32,65,,484000,1,1
19023,Butler County,tornado,4,3,0.3,51,,EF1,308000,0,0
19025,Calhoun County,flash_flood,3,3,0.3,31,,,65000,0,0
19025,Calhoun County,hail,22,14,1.4,63,1.5,,5000,0,0
19025,Calhoun County,lightning,1,1,0.1,66,,,20000,0,0
19025,Calhoun County,thunderstorm_wind,27,14,1.4,23,70,,63000,0,0
19025,Calhoun County,tornado,9,5,0.5,72,,EF3,2582000,0,0
19027,Carroll County,flash_flood,1,1,0.1,11,,,10000,0,0
19027,Carroll County,flood,2,2,0.2,38,,,0,0,0
19027,Carroll County,hail,15,11,1.1,53,2.5,,5000,0,0
19027,Carroll County,thunderstorm_wind,51,23,2.3,44,69,,206000,0,0
19027,Carroll County,tornado,4,3,0.3,51,,EF1,80000,0,0
19029,Cass County,flash_flood,5,3,0.3,31,,,125000,0,0
19029,Cass County,flood,2,2,0.2,38,,,10000,0,0
19029,Cass County,hail,12,11,1.1,53,2,,0,0,0
19029,Cass County,lightning,2,2,0.2,85,,,60000,0,0
19029,Cass County,thunderstorm_wind,46,28,2.8,56,61,,647500,0,0
19029,Cass County,tornado,11,6,0.6,79,,EF2,371000,0,0
19031,Cedar County,flash_flood,4,3,0.3,31,,,0,0,0
19031,Cedar County,flood,1,1,0.1,20,,,250000,0,0
19031,Cedar County,hail,39,16,1.6,68,2.5,,0,0,0
19031,Cedar County,thunderstorm_wind,66,33,3.3,65,104,,0,0,0
19031,Cedar County,tornado,13,7,0.7,85,,EF2,103000,0,2
19033,Cerro Gordo County,flash_flood,12,7,0.7,62,,,405000,0,0
19033,Cerro Gordo County,flood,13,11,1.1,85,,,525000,0,0
19033,Cerro Gordo County,hail,58,23,2.3,82,1.75,,69000,0,0
19033,Cerro Gordo County,lightning,4,4,0.4,94,,,136000,0,0
19033,Cerro Gordo County,thunderstorm_wind,65,31,3.1,62,72,,630000,0,1
19033,Cerro Gordo County,tornado,9,6,0.6,79,,EF2,238000,0,0
19035,Cherokee County,flash_flood,2,2,0.2,21,,,0,0,0
19035,Cherokee County,flood,19,16,1.6,90,,,4410000,0,0
19035,Cherokee County,hail,32,22,2.2,81,2,,0,0,0
19035,Cherokee County,thunderstorm_wind,32,14,1.4,23,87,,175000,0,0
19035,Cherokee County,tornado,4,2,0.2,37,,EF1,1250000,0,0
19037,Chickasaw County,flash_flood,12,11,1.1,79,,,508000,1,0
19037,Chickasaw County,flood,9,7,0.7,75,,,567000,0,0
19037,Chickasaw County,hail,19,12,1.2,57,2,,0,0,0
19037,Chickasaw County,lightning,1,1,0.1,66,,,10000,0,0
19037,Chickasaw County,thunderstorm_wind,34,22,2.2,42,61,,163750,0,0
19037,Chickasaw County,tornado,3,2,0.2,37,,EF1,585000,0,0
19039,Clarke County,flash_flood,2,2,0.2,21,,,20000,0,0
19039,Clarke County,flood,1,1,0.1,20,,,200000,0,0
19039,Clarke County,hail,55,25,2.5,84,3.5,,145000,0,0
19039,Clarke County,thunderstorm_wind,26,20,2.0,37,62,,124000,0,0
19039,Clarke County,tornado,4,3,0.3,51,,EF2,765000,0,0
19041,Clay County,flash_flood,4,2,0.2,21,,,0,0,0
19041,Clay County,flood,123,62,6.2,99,,,26450000,1,0
19041,Clay County,hail,45,25,2.5,84,3,,0,0,0
19041,Clay County,thunderstorm_wind,50,27,2.7,53,80,,25000,0,0
19043,Clayton County,flash_flood,13,12,1.2,81,,,1354000,0,0
19043,Clayton County,flood,80,60,6.0,99,,,2245000,0,0
19043,Clayton County,hail,32,15,1.5,66,1.75,,29000,0,0
19043,Clayton County,thunderstorm_wind,53,28,2.8,56,65,,611000,0,0
19043,Clayton County,tornado,3,3,0.3,51,,EF1,870000,0,2
19045,Clinton County,flash_flood,11,9,0.9,72,,,25000,0,0
19045,Clinton County,flood,18,16,1.6,90,,,110000,0,0
19045,Clinton County,hail,40,17,1.7,70,1.75,,0,0,0
19045,Clinton County,thunderstorm_wind,81,37,3.7,72,113,,71500,0,0
19045,Clinton County,tornado,18,12,1.2,97,,EF2,60000,0,4
19047,Crawford County,flood,3,1,0.1,20,,,200000,0,0
19047,Crawford County,hail,19,11,1.1,53,2.75,,205000,0,0
19047,Crawford County,thunderstorm_wind,34,21,2.1,39,76,,197000,0,0
19047,Crawford County,tornado,5,3,0.3,51,,EF2,80000,0,0
19049,Dallas County,flash_flood,6,5,0.5,49,,,45000,0,0
19049,Dallas County,flood,16,14,1.4,88,,,615000,0,0
19049,Dallas County,hail,48,27,2.7,87,3,,25000,0,0
19049,Dallas County,lightning,5,5,0.5,96,,,70000,0,3
19049,Dallas County,thunderstorm_wind,89,33,3.3,65,70,,433000,0,0
19049,Dallas County,tornado,9,7,0.7,85,,EF0,67000,0,0
19051,Davis County,flash_flood,2,2,0.2,21,,,100000,0,0
19051,Davis County,flood,1,1,0.1,20,,,300000,0,0
19051,Davis County,hail,11,6,0.6,31,1.75,,0,0,0
19051,Davis County,thunderstorm_wind,7,4,0.4,9,61,,10000,0,0
19051,Davis County,tornado,2,2,0.2,37,,EF0,120000,0,0
19053,Decatur County,flash_flood,1,1,0.1,11,,,0,0,0
19053,Decatur County,flood,4,3,0.3,50,,,300000,0,0
19053,Decatur County,hail,10,8,0.8,41,2,,0,0,0
19053,Decatur County,thunderstorm_wind,21,18,1.8,32,70,,120000,0,0
19053,Decatur County,tornado,2,1,0.1,22,,EF2,500000,0,0
19055,Delaware County,flash_flood,5,5,0.5,49,,,1000,0,0
19055,Delaware County,flood,1,1,0.1,20,,,150000,0,0
19055,Delaware County,hail,9,8,0.8,41,1.75,,0,0,0
19055,Delaware County,lightning,1,1,0.1,66,,,5000,0,0
19055,Delaware County,thunderstorm_wind,67,33,3.3,65,78,,10000,0,0
19055,Delaware County,tornado,10,6,0.6,79,,EF2,5000,0,0
19057,Des Moines County,flash_flood,14,8,0.8,68,,,3000,0,0
19057,Des Moines County,flood,22,20,2.0,93,,,105000,0,0
19057,Des Moines County,hail,28,15,1.5,66,2.5,,0,0,0
19057,Des Moines County,thunderstorm_wind,83,38,3.8,73,78,,1000,0,0
19057,Des Moines County,tornado,6,4,0.4,62,,EF2,0,0,0
19059,Dickinson County,flash_flood,11,4,0.4,41,,,0,0,0
19059,Dickinson County,flood,60,46,4.6,98,,,2395000,0,0
19059,Dickinson County,hail,57,27,2.7,87,2,,0,0,0
19059,Dickinson County,thunderstorm_wind,64,24,2.4,47,81,,329000,0,0
19059,Dickinson County,tornado,5,5,0.5,72,,EF1,201000,0,0
19061,Dubuque County,flash_flood,30,16,1.6,90,,,504000,0,0
19061,Dubuque County,flood,6,6,0.6,71,,,0,0,0
19061,Dubuque County,hail,39,19,1.9,75,1.75,,0,0,0
19061,Dubuque County,thunderstorm_wind,114,43,4.3,79,87,,91000,0,4
19061,Dubuque County,tornado,9,8,0.8,89,,EF1,5000,0,0
19063,Emmet County,flash_flood,2,1,0.1,11,,,0,0,0
19063,Emmet County,flood,26,26,2.6,95,,,11395000,0,0
19063,Emmet County,hail,15,9,0.9,45,2.75,,0,0,0
19063,Emmet County,thunderstorm_wind,34,22,2.2,42,67,,83000,0,0
19063,Emmet County,tornado,2,2,0.2,37,,EF0,1000,0,0
19065,Fayette County,flash_flood,9,8,0.8,68,,,1376000,0,0
19065,Fayette County,flood,20,16,1.6,90,,,1775000,0,0
19065,Fayette County,hail,24,18,1.8,73,2,,12000,0,0
19065,Fayette County,lightning,1,1,0.1,66,,,5000,0,0
19065,Fayette County,thunderstorm_wind,39,19,1.9,34,65,,494000,0,1
19065,Fayette County,tornado,3,2,0.2,37,,EF1,515000,0,0
19067,Floyd County,flash_flood,8,8,0.8,68,,,126000,0,0
19067,Floyd County,flood,19,14,1.4,88,,,199000,0,0
19067,Floyd County,hail,37,17,1.7,70,2,,147000,0,0
19067,Floyd County,lightning,2,2,0.2,85,,,50000,0,0
19067,Floyd County,thunderstorm_wind,75,26,2.6,51,71,,698000,0,0
19067,Floyd County,tornado,11,7,0.7,85,,EF1,2638000,0,0
19069,Franklin County,flash_flood,8,5,0.5,49,,,370000,0,0
19069,Franklin County,flood,5,3,0.3,50,,,180000,0,0
19069,Franklin County,hail,35,14,1.4,63,2,,16000,0,0
19069,Franklin County,thunderstorm_wind,36,23,2.3,44,76,,329000,0,0
19069,Franklin County,tornado,7,2,0.2,37,,EF2,495000,0,0
19071,Fremont County,flash_flood,3,2,0.2,21,,,14000000,0,0
19071,Fremont County,flood,12,10,1.0,83,,,22000000,1,2
19071,Fremont County,hail,35,17,1.7,70,3,,0,0,0
19071,Fremont County,thunderstorm_wind,27,17,1.7,29,83,,0,0,2
19071,Fremont County,tornado,7,5,0.5,72,,EF2,0,0,0
19073,Greene County,flood,3,3,0.3,50,,,200000,0,0
19073,Greene County,hail,20,14,1.4,63,2.5,,1000,0,0
19073,Greene County,thunderstorm_wind,26,11,1.1,18,72,,445000,0,0
19073,Greene County,tornado,10,3,0.3,51,,EF2,2995000,0,0
19075,Grundy County,flash_flood,2,1,0.1,11,,,0,0,0
19075,Grundy County,flood,5,4,0.4,59,,,200000,0,0
19075,Grundy County,hail,15,13,1.3,60,1.5,,0,0,0
19075,Grundy County,thunderstorm_wind,25,18,1.8,32,65,,121000,0,0
19075,Grundy County,tornado,7,3,0.3,51,,EF1,100000,0,0
19077,Guthrie County,flash_flood,3,2,0.2,21,,,0,0,0
19077,Guthrie County,flood,1,1,0.1,20,,,0,0,0
19077,Guthrie County,hail,24,20,2.0,77,1.75,,5000,0,0
19077,Guthrie County,thunderstorm_wind,38,20,2.0,37,68,,203000,0,0
19077,Guthrie County,tornado,12,6,0.6,79,,EF2,576000,0,0
19079,Hamilton County,flash_flood,3,1,0.1,11,,,20000,0,0
19079,Hamilton County,flood,3,3,0.3,50,,,300000,0,0
19079,Hamilton County,hail,17,8,0.8,41,1.75,,6000,0,0
19079,Hamilton County,lightning,1,1,0.1,66,,,1000,0,0
19079,Hamilton County,thunderstorm_wind,26,18,1.8,32,61,,101600,0,0
19079,Hamilton County,tornado,9,5,0.5,72,,EF2,452000,0,0
19081,Hancock County,flash_flood,1,1,0.1,11,,,10000,0,0
19081,Hancock County,flood,5,4,0.4,59,,,150000,0,0
19081,Hancock County,hail,38,19,1.9,75,3,,40000,0,0
19081,Hancock County,thunderstorm_wind,41,24,2.4,47,65,,448500,0,0
19081,Hancock County,tornado,3,3,0.3,51,,EF0,20500,0,0
19083,Hardin County,flash_flood,4,3,0.3,31,,,250000,0,0
19083,Hardin County,hail,21,18,1.8,73,1.75,,0,0,0
19083,Hardin County,lightning,1,1,0.1,66,,,5000,0,0
19083,Hardin County,thunderstorm_wind,53,31,3.1,62,83,,297000,0,0
19083,Hardin County,tornado,12,7,0.7,85,,EF1,96000,0,0
19085,Harrison County,flash_flood,3,3,0.3,31,,,525000,0,0
19085,Harrison County,flood,5,5,0.5,66,,,2400000,0,0
19085,Harrison County,hail,28,15,1.5,66,3,,0,0,0
19085,Harrison County,thunderstorm_wind,52,32,3.2,63,93,,0,0,0
19085,Harrison County,tornado,12,6,0.6,79,,EF2,0,0,0
19087,Henry County,flash_flood,2,1,0.1,11,,,0,0,0
19087,Henry County,flood,1,1,0.1,20,,,0,0,0
19087,Henry County,hail,28,14,1.4,63,2,,0,0,0
19087,Henry County,thunderstorm_wind,46,23,2.3,44,74,,500,0,0
19087,Henry County,tornado,4,3,0.3,51,,EF2,2000,0,0
19089,Howard County,flash_flood,4,3,0.3,31,,,10000,0,0
19089,Howard County,flood,6,6,0.6,71,,,525000,0,0
19089,Howard County,hail,10,5,0.5,26,1,,0,0,0
19089,Howard County,lightning,1,1,0.1,66,,,50000,0,0
19089,Howard County,thunderstorm_wind,32,17,1.7,29,70,,546500,0,0
19089,Howard County,tornado,12,6,0.6,79,,EF1,2744200,0,0
19091,Humboldt County,flash_flood,3,2,0.2,21,,,135000,0,0
19091,Humboldt County,flood,19,18,1.8,92,,,1188000,0,0
19091,Humboldt County,hail,27,13,1.3,60,2.5,,95000,0,0
19091,Humboldt County,thunderstorm_wind,24,13,1.3,21,65,,302000,0,0
19091,Humboldt County,tornado,8,6,0.6,79,,EF2,210000,0,0
19093,Ida County,flood,8,6,0.6,71,,,810000,0,0
19093,Ida County,hail,35,16,1.6,68,2.5,,0,0,0
19093,Ida County,thunderstorm_wind,26,16,1.6,27,70,,2000,0,0
19093,Ida County,tornado,4,2,0.2,37,,EF1,275000,0,0
19095,Iowa County,flash_flood,8,7,0.7,62,,,0,0,0
19095,Iowa County,flood,4,3,0.3,50,,,0,0,0
19095,Iowa County,hail,28,18,1.8,73,2.75,,0,0,0
19095,Iowa County,thunderstorm_wind,41,22,2.2,42,74,,10000,0,0
19095,Iowa County,tornado,5,4,0.4,62,,EF1,1000,0,0
19097,Jackson County,flash_flood,5,4,0.4,41,,,1000,0,0
19097,Jackson County,flood,7,7,0.7,75,,,0,0,0
19097,Jackson County,hail,13,9,0.9,45,3,,0,0,0
19097,Jackson County,thunderstorm_wind,39,22,2.2,42,78,,5000000,0,0
19097,Jackson County,tornado,12,9,0.9,92,,EF2,5250000,0,3
19099,Jasper County,flash_flood,6,1,0.1,11,,,0,0,0
19099,Jasper County,flood,6,5,0.5,66,,,155000,0,0
19099,Jasper County,hail,55,23,2.3,82,2.75,,20000,0,0
19099,Jasper County,thunderstorm_wind,39,16,1.6,27,74,,193000,0,0
19099,Jasper County,tornado,15,9,0.9,92,,EF2,50834000,0,1
19101,Jefferson County,flash_flood,5,3,0.3,31,,,0,0,0
19101,Jefferson County,flood,1,1,0.1,20,,,0,0,0
19101,Jefferson County,hail,9,6,0.6,31,1.75,,0,0,0
19101,Jefferson County,thunderstorm_wind,20,13,1.3,21,65,,0,0,0
19101,Jefferson County,tornado,1,1,0.1,22,,EF1,0,0,0
19103,Johnson County,flash_flood,19,14,1.4,86,,,1500000,0,0
19103,Johnson County,flood,1,1,0.1,20,,,0,0,0
19103,Johnson County,hail,71,27,2.7,87,1.75,,0,0,0
19103,Johnson County,thunderstorm_wind,88,25,2.5,49,72,,10000,0,0
19103,Johnson County,tornado,13,6,0.6,79,,EF2,0,0,2
19105,Jones County,flash_flood,2,2,0.2,21,,,1000000,0,0
19105,Jones County,flood,2,2,0.2,38,,,100000,0,0
19105,Jones County,hail,21,16,1.6,68,1.75,,0,0,0
19105,Jones County,thunderstorm_wind,70,33,3.3,65,87,,20000,0,0
19105,Jones County,tornado,19,13,1.3,97,,EF2,10000,0,0
19107,Keokuk County,flash_flood,3,3,0.3,31,,,0,0,0
19107,Keokuk County,flood,2,2,0.2,38,,,0,0,0
19107,Keokuk County,hail,19,14,1.4,63,1.75,,0,0,0
19107,Keokuk County,lightning,1,1,0.1,66,,,2000,0,0
19107,Keokuk County,thunderstorm_wind,37,20,2.0,37,70,,2200,0,0
19107,Keokuk County,tornado,4,3,0.3,51,,EF4,0,0,3
19109,Kossuth County,flash_flood,8,6,0.6,57,,,130000,0,0
19109,Kossuth County,flood,15,10,1.0,83,,,738000,0,0
19109,Kossuth County,hail,36,22,2.2,81,2.5,,20000,0,0
19109,Kossuth County,thunderstorm_wind,53,31,3.1,62,72,,347000,0,0
19109,Kossuth County,tornado,4,4,0.4,62,,EF1,8000,0,0
19111,Lee County,flash_flood,11,6,0.6,57,,,0,0,0
19111,Lee County,flood,12,11,1.1,85,,,0,0,0
19111,Lee County,hail,43,23,2.3,82,4,,0,0,0
19111,Lee County,thunderstorm_wind,72,34,3.4,67,87,,10000,0,0
19111,Lee County,tornado,7,6,0.6,79,,EF1,0,0,0
19113,Linn County,flash_flood,19,14,1.4,86,,,2000,0,0
19113,Linn County,flood,3,3,0.3,50,,,2200000,0,0
19113,Linn County,hail,107,25,2.5,84,2.75,,0,0,0
19113,Linn County,lightning,1,1,0.1,66,,,20000,0,0
19113,Linn County,thunderstorm_wind,170,48,4.8,85,122,,0,1,100
19113,Linn County,tornado,19,14,1.4,98,,EF2,286000,0,6
19115,Louisa County,flash_flood,7,6,0.6,57,,,2000000,0,0
19115,Louisa County,flood,18,14,1.4,88,,,200000,0,0
19115,Louisa County,hail,15,7,0.7,36,2.5,,0,0,0
19115,Louisa County,thunderstorm_wind,24,21,2.1,39,103,,2000000,0,0
19115,Louisa County,tornado,3,3,0.3,51,,EF2,0,0,0
19117,Lucas County,flash_flood,2,2,0.2,21,,,20000,0,0
19117,Lucas County,flood,3,2,0.2,38,,,130000,0,0
19117,Lucas County,hail,16,11,1.1,53,2,,0,0,0
19117,Lucas County,thunderstorm_wind,16,11,1.1,18,65,,230000,0,0
19117,Lucas County,tornado,4,1,0.1,22,,EF3,1500000,1,1
19119,Lyon County,flash_flood,2,2,0.2,21,,,0,0,0
19119,Lyon County,flood,60,36,3.6,97,,,15195000,0,0
19119,Lyon County,hail,32,16,1.6,68,4,,300000,0,0
19119,Lyon County,thunderstorm_wind,36,19,1.9,34,78,,1000,0,0
19119,Lyon County,tornado,6,4,0.4,62,,EF1,200000,0,0
19121,Madison County,flash_flood,2,2,0.2,21,,,210000,0,0
19121,Madison County,flood,3,2,0.2,38,,,100000,0,0
19121,Madison County,hail,25,15,1.5,66,2.75,,7000,0,0
19121,Madison County,lightning,1,1,0.1,66,,,250000,0,0
19121,Madison County,thunderstorm_wind,25,13,1.3,21,65,,117000,0,0
19121,Madison County,tornado,11,7,0.7,85,,EF4,75039000,6,5
19123,Mahaska County,flash_flood,5,3,0.3,31,,,40000,0,0
19123,Mahaska County,flood,13,11,1.1,85,,,580000,0,0
19123,Mahaska County,hail,10,7,0.7,36,2.75,,10000,0,0
19123,Mahaska County,thunderstorm_wind,29,17,1.7,29,65,,131000,0,0
19123,Mahaska County,tornado,4,2,0.2,37,,EF2,80000,0,0
19125,Marion County,flash_flood,4,3,0.3,31,,,20000,0,0
19125,Marion County,flood,5,4,0.4,59,,,150000,0,0
19125,Marion County,hail,64,25,2.5,84,2.75,,95000,0,0
19125,Marion County,lightning,1,1,0.1,66,,,10000,0,0
19125,Marion County,thunderstorm_wind,66,28,2.8,56,65,,516500,0,1
19125,Marion County,tornado,18,9,0.9,92,,EF3,120257000,0,13
19127,Marshall County,flash_flood,3,3,0.3,31,,,70000,0,0
19127,Marshall County,flood,9,5,0.5,66,,,2250000,0,0
19127,Marshall County,hail,33,18,1.8,73,1.75,,117000,0,0
19127,Marshall County,lightning,1,1,0.1,66,,,4000,0,0
19127,Marshall County,thunderstorm_wind,57,27,2.7,53,92,,227000,0,0
19127,Marshall County,tornado,6,3,0.3,51,,EF3,200020000,0,22
19129,Mills County,flash_flood,2,2,0.2,21,,,97000,0,0
19129,Mills County,flood,7,6,0.6,71,,,0,0,0
19129,Mills County,hail,37,17,1.7,70,2.5,,0,0,0
19129,Mills County,thunderstorm_wind,39,24,2.4,47,78,,0,0,0
19129,Mills County,tornado,7,5,0.5,72,,EF1,0,0,0
19131,Mitchell County,flash_flood,9,4,0.4,41,,,809000,0,0
19131,Mitchell County,flood,9,8,0.8,78,,,224000,0,0
19131,Mitchell County,hail,17,11,1.1,53,2.5,,1000,0,0
19131,Mitchell County,lightning,1,1,0.1,66,,,60000,0,0
19131,Mitchell County,thunderstorm_wind,30,18,1.8,32,67,,530000,0,0
19131,Mitchell County,tornado,3,1,0.1,22,,EF1,695000,0,0
19133,Monona County,flash_flood,3,3,0.3,31,,,100000,0,0
19133,Monona County,flood,3,2,0.2,38,,,5200000,0,0
19133,Monona County,hail,21,15,1.5,66,3.5,,0,0,0
19133,Monona County,thunderstorm_wind,15,14,1.4,23,78,,0,0,0
19133,Monona County,tornado,3,1,0.1,22,,EF1,0,0,0
19135,Monroe County,flash_flood,6,4,0.4,41,,,130000,0,0
19135,Monroe County,flood,2,2,0.2,38,,,100000,0,0
19135,Monroe County,hail,16,10,1.0,50,2,,0,0,0
19135,Monroe County,thunderstorm_wind,11,11,1.1,18,64,,26000,0,0
19135,Monroe County,tornado,1,1,0.1,22,,EF0,4000,0,0
19137,Montgomery County,flash_flood,1,1,0.1,11,,,0,0,0
19137,Montgomery County,flood,2,2,0.2,38,,,237000,0,0
19137,Montgomery County,hail,29,13,1.3,60,3,,0,0,0
19137,Montgomery County,thunderstorm_wind,30,21,2.1,39,65,,0,0,0
19137,Montgomery County,tornado,8,5,0.5,72,,EF2,0,0,0
19139,Muscatine County,flash_flood,13,11,1.1,79,,,0,0,0
19139,Muscatine County,flood,12,12,1.2,86,,,150000,0,0
19139,Muscatine County,hail,44,17,1.7,70,2,,0,0,0
19139,Muscatine County,thunderstorm_wind,58,31,3.1,62,78,,3000,0,0
19139,Muscatine County,tornado,6,5,0.5,72,,EF2,102000,0,3
19141,O'Brien County,flash_flood,10,6,0.6,57,,,0,0,0
19141,O'Brien County,flood,45,27,2.7,96,,,2840000,0,0
19141,O'Brien County,hail,46,25,2.5,84,2.5,,0,0,0
19141,O'Brien County,thunderstorm_wind,32,21,2.1,39,78,,400000,0,0
19141,O'Brien County,tornado,3,3,0.3,51,,EF1,50000,0,0
19143,Osceola County,flash_flood,1,1,0.1,11,,,0,0,0
19143,Osceola County,flood,3,3,0.3,50,,,4710000,0,0
19143,Osceola County,hail,24,15,1.5,66,1.75,,0,0,0
19143,Osceola County,lightning,1,1,0.1,66,,,75000,0,0
19143,Osceola County,thunderstorm_wind,36,22,2.2,42,78,,355500,0,0
19143,Osceola County,tornado,5,3,0.3,51,,EF2,340000,0,0
19145,Page County,flood,1,1,0.1,20,,,0,0,0
19145,Page County,hail,27,16,1.6,68,3,,0,0,0
19145,Page County,thunderstorm_wind,36,25,2.5,49,83,,1000,1,0
19145,Page County,tornado,7,5,0.5,72,,EF1,0,0,0
19147,Palo Alto County,flash_flood,2,2,0.2,21,,,25000,0,0
19147,Palo Alto County,flood,16,15,1.5,89,,,1171000,0,0
19147,Palo Alto County,hail,26,14,1.4,63,3,,102000,0,0
19147,Palo Alto County,thunderstorm_wind,23,15,1.5,25,63,,675000,0,0
19147,Palo Alto County,tornado,1,1,0.1,22,,EF1,60000,0,0
19149,Plymouth County,flash_flood,1,1,0.1,11,,,0,0,0
19149,Plymouth County,flood,78,48,4.8,99,,,3875000,0,0
19149,Plymouth County,hail,62,28,2.8,88,2.75,,206000,0,0
19149,Plymouth County,thunderstorm_wind,46,20,2.0,37,83,,261000,0,0
19149,Plymouth County,tornado,5,3,0.3,51,,EF1,50000,0,0
19151,Pocahontas County,flash_flood,3,2,0.2,21,,,60000,0,0
19151,Pocahontas County,hail,34,15,1.5,66,2.75,,72000,0,0
19151,Pocahontas County,thunderstorm_wind,10,9,0.9,15,65,,82000,0,0
19151,Pocahontas County,tornado,16,9,0.9,92,,EF2,190200,0,1
19153,Polk County,flash_flood,39,11,1.1,79,,,4230000,1,0
19153,Polk County,flood,40,22,2.2,94,,,5210000,0,0
19153,Polk County,hail,162,38,3.8,95,3.25,,612000,0,0
19153,Polk County,lightning,12,11,1.1,99,,,594000,0,0
19153,Polk County,thunderstorm_wind,202,55,5.5,89,74,,760700,0,0
19153,Polk County,tornado,16,10,1.0,94,,EF2,82703000,0,3
19155,Pottawattamie County,flash_flood,10,4,0.4,41,,,75000,0,0
19155,Pottawattamie County,flood,7,7,0.7,75,,,550000,0,0
19155,Pottawattamie County,hail,68,29,2.9,89,4,,0,0,0
19155,Pottawattamie County,thunderstorm_wind,57,28,2.8,56,80,,0,0,0
19155,Pottawattamie County,tornado,17,9,0.9,92,,EF3,0,1,3
19157,Poweshiek County,flash_flood,4,2,0.2,21,,,160000,0,0
19157,Poweshiek County,flood,5,4,0.4,59,,,300000,0,0
19157,Poweshiek County,hail,17,10,1.0,50,2.75,,50000,0,0
19157,Poweshiek County,thunderstorm_wind,22,15,1.5,25,74,,309000,1,0
19157,Poweshiek County,tornado,9,5,0.5,72,,EF1,15000,0,1
19159,Ringgold County,flash_flood,3,3,0.3,31,,,35000,0,0
19159,Ringgold County,hail,11,10,1.0,50,3,,25000,0,0
19159,Ringgold County,thunderstorm_wind,7,5,0.5,10,61,,35000,0,0
19159,Ringgold County,tornado,6,3,0.3,51,,EF2,730000,0,0
19161,Sac County,flash_flood,2,2,0.2,21,,,0,0,0
19161,Sac County,flood,2,2,0.2,38,,,200000,0,0
19161,Sac County,hail,17,10,1.0,50,2.75,,0,0,0
19161,Sac County,thunderstorm_wind,25,17,1.7,29,74,,87000,0,0
19161,Sac County,tornado,8,5,0.5,72,,EF2,200000,0,0
19163,Scott County,flash_flood,17,11,1.1,79,,,0,0,0
19163,Scott County,flood,17,15,1.5,89,,,0,0,0
19163,Scott County,hail,103,27,2.7,87,4,,0,0,0
19163,Scott County,thunderstorm_wind,175,62,6.2,93,93,,2002000,0,0
19163,Scott County,tornado,21,13,1.3,97,,EF2,52000,0,0
19165,Shelby County,hail,18,12,1.2,57,2,,0,0,0
19165,Shelby County,thunderstorm_wind,46,28,2.8,56,83,,0,0,0
19165,Shelby County,tornado,7,5,0.5,72,,EF3,0,0,0
19167,Sioux County,flash_flood,21,9,0.9,72,,,1620000,0,0
19167,Sioux County,flood,80,40,4.0,98,,,7150000,1,0
19167,Sioux County,hail,49,26,2.6,85,2.5,,10000,0,0
19167,Sioux County,thunderstorm_wind,71,31,3.1,62,86,,566000,0,0
19167,Sioux County,tornado,9,5,0.5,72,,EF0,0,0,0
19169,Story County,flash_flood,23,10,1.0,75,,,275000,0,0
19169,Story County,flood,17,11,1.1,85,,,625000,0,0
19169,Story County,hail,126,37,3.7,94,2.5,,162000,0,0
19169,Story County,lightning,4,4,0.4,94,,,1035000,0,2
19169,Story County,thunderstorm_wind,78,34,3.4,67,87,,771000,0,0
19169,Story County,tornado,10,7,0.7,85,,EF2,3276000,0,2
19171,Tama County,flash_flood,8,2,0.2,21,,,10000,0,0
19171,Tama County,flood,16,13,1.3,87,,,700000,0,0
19171,Tama County,hail,24,12,1.2,57,2,,8000,0,0
19171,Tama County,thunderstorm_wind,28,15,1.5,25,87,,125000,0,0
19171,Tama County,tornado,5,4,0.4,62,,EF2,225500,0,0
19173,Taylor County,flash_flood,2,2,0.2,21,,,10000,0,0
19173,Taylor County,hail,28,17,1.7,70,2.75,,0,0,0
19173,Taylor County,thunderstorm_wind,21,15,1.5,25,66,,262000,0,1
19173,Taylor County,tornado,7,5,0.5,72,,EF2,135000,0,0
19175,Union County,flash_flood,2,2,0.2,21,,,20000,0,0
19175,Union County,hail,30,17,1.7,70,3,,25000,0,0
19175,Union County,thunderstorm_wind,35,20,2.0,37,63,,150000,0,0
19175,Union County,tornado,11,6,0.6,79,,EF2,1065000,0,0
19177,Van Buren County,flash_flood,4,4,0.4,41,,,0,0,0
19177,Van Buren County,flood,3,3,0.3,50,,,0,0,0
19177,Van Buren County,hail,53,26,2.6,85,3,,0,0,0
19177,Van Buren County,lightning,1,1,0.1,66,,,10000000,0,0
19177,Van Buren County,thunderstorm_wind,29,20,2.0,37,65,,500,0,0
19177,Van Buren County,tornado,5,4,0.4,62,,EF3,0,0,0
19179,Wapello County,flash_flood,4,3,0.3,31,,,310000,0,0
19179,Wapello County,flood,14,14,1.4,88,,,240000,0,0
19179,Wapello County,hail,18,9,0.9,45,2.5,,6000,0,0
19179,Wapello County,thunderstorm_wind,50,30,3.0,60,71,,391000,0,1
19179,Wapello County,tornado,2,2,0.2,37,,EF2,2000000,0,0
19181,Warren County,flash_flood,4,2,0.2,21,,,10000,0,0
19181,Warren County,flood,9,6,0.6,71,,,150000,0,0
19181,Warren County,hail,91,33,3.3,91,3,,5000,0,0
19181,Warren County,lightning,2,2,0.2,85,,,250000,0,0
19181,Warren County,thunderstorm_wind,61,24,2.4,47,76,,829000,0,0
19181,Warren County,tornado,11,9,0.9,92,,EF3,20592500,0,0
19183,Washington County,flash_flood,5,3,0.3,31,,,50000,0,0
19183,Washington County,flood,4,4,0.4,59,,,0,0,0
19183,Washington County,hail,28,17,1.7,70,1.5,,0,0,0
19183,Washington County,thunderstorm_wind,56,29,2.9,58,75,,19000,0,0
19183,Washington County,tornado,5,3,0.3,51,,EF3,0,0,0
19185,Wayne County,flash_flood,2,2,0.2,21,,,10000,0,0
19185,Wayne County,hail,12,6,0.6,31,2.75,,0,0,0
19185,Wayne County,thunderstorm_wind,12,10,1.0,16,78,,130000,0,0
19185,Wayne County,tornado,5,3,0.3,51,,EF2,2650000,0,0
19187,Webster County,flash_flood,11,8,0.8,68,,,295000,0,0
19187,Webster County,flood,27,23,2.3,94,,,2300000,0,0
19187,Webster County,hail,51,25,2.5,84,2,,11500,0,0
19187,Webster County,lightning,1,1,0.1,66,,,5000,0,0
19187,Webster County,thunderstorm_wind,39,25,2.5,49,63,,287000,0,0
19187,Webster County,tornado,18,7,0.7,85,,EF2,415000,0,0
19189,Winnebago County,flash_flood,1,1,0.1,11,,,10000,0,0
19189,Winnebago County,hail,18,11,1.1,53,2.5,,48000,0,0
19189,Winnebago County,thunderstorm_wind,19,11,1.1,18,64,,166000,0,0
19189,Winnebago County,tornado,4,4,0.4,62,,EF1,65000,0,0
19191,Winneshiek County,flash_flood,9,6,0.6,57,,,4897000,0,0
19191,Winneshiek County,flood,25,21,2.1,93,,,108000,0,0
19191,Winneshiek County,hail,11,7,0.7,36,2,,500000,0,0
19191,Winneshiek County,lightning,1,1,0.1,66,,,30000,0,0
19191,Winneshiek County,thunderstorm_wind,56,23,2.3,44,71,,1282500,0,0
19191,Winneshiek County,tornado,6,5,0.5,72,,EF0,196000,0,0
19193,Woodbury County,flash_flood,9,7,0.7,62,,,10000,0,0
19193,Woodbury County,flood,22,14,1.4,88,,,10920000,0,0
19193,Woodbury County,hail,51,23,2.3,82,2,,0,0,0
19193,Woodbury County,lightning,1,1,0.1,66,,,25000,0,0
19193,Woodbury County,thunderstorm_wind,82,34,3.4,67,74,,228000,0,0
19193,Woodbury County,tornado,5,2,0.2,37,,EF2,950000,0,0
19195,Worth County,flash_flood,7,4,0.4,41,,,110000,0,0
19195,Worth County,hail,14,10,1.0,50,1.75,,0,0,0
19195,Worth County,lightning,1,1,0.1,66,,,2000,0,0
19195,Worth County,thunderstorm_wind,26,12,1.2,20,62,,300000,0,0
19195,Worth County,tornado,6,3,0.3,51,,EF1,55000,0,0
19197,Wright County,flash_flood,7,3,0.3,31,,,60000,0,0
19197,Wright County,flood,6,5,0.5,66,,,275000,0,0
19197,Wright County,hail,13,8,0.8,41,2.5,,20000,0,0
19197,Wright County,thunderstorm_wind,29,17,1.7,29,65,,397000,0,0
19197,Wright County,tornado,9,5,0.5,72,,EF2,245000,0,0
20001,Allen County,flash_flood,8,5,0.5,49,,,700300,0,0
20001,Allen County,flood,20,16,1.6,90,,,1200,0,0
20001,Allen County,hail,47,20,2.0,77,1.75,,0,0,0
20001,Allen County,thunderstorm_wind,48,27,2.7,53,78,,941000,0,1
20001,Allen County,tornado,1,1,0.1,22,,,0,0,0
20003,Anderson County,flash_flood,32,17,1.7,91,,,50000,0,0
20003,Anderson County,flood,1,1,0.1,20,,,20000,0,0
20003,Anderson County,hail,37,17,1.7,70,3,,0,0,0
20003,Anderson County,thunderstorm_wind,49,27,2.7,53,78,,0,0,1
20005,Atchison County,flash_flood,5,3,0.3,31,,,0,0,0
20005,Atchison County,flood,7,6,0.6,71,,,200000,0,0
20005,Atchison County,hail,21,16,1.6,68,2.25,,0,0,0
20005,Atchison County,thunderstorm_wind,21,10,1.0,16,72,,0,0,0
20005,Atchison County,tornado,1,1,0.1,22,,EF1,0,0,0
20007,Barber County,flash_flood,4,4,0.4,41,,,0,0,0
20007,Barber County,flood,2,1,0.1,20,,,0,0,0
20007,Barber County,hail,53,26,2.6,85,4.25,,0,0,0
20007,Barber County,lightning,1,1,0.1,66,,,100000,0,0
20007,Barber County,thunderstorm_wind,63,42,4.2,78,81,,0,0,1
20007,Barber County,tornado,5,3,0.3,51,,EF0,0,0,0
20009,Barton County,flash_flood,3,2,0.2,21,,,120000,0,0
20009,Barton County,flood,20,16,1.6,90,,,1000,0,0
20009,Barton County,hail,132,50,5.0,98,4,,5200,0,0
20009,Barton County,thunderstorm_wind,105,46,4.6,82,74,,200100,0,0
20009,Barton County,tornado,13,9,0.9,92,,EF3,698000,0,2
20011,Bourbon County,flash_flood,12,11,1.1,79,,,0,0,0
20011,Bourbon County,flood,3,2,0.2,38,,,0,0,0
20011,Bourbon County,hail,23,13,1.3,60,2,,55000,0,0
20011,Bourbon County,thunderstorm_wind,43,26,2.6,51,78,,922000,0,0
20011,Bourbon County,tornado,1,1,0.1,22,,EF0,50000,0,0
20013,Brown County,flash_flood,7,5,0.5,49,,,0,0,0
20013,Brown County,hail,23,10,1.0,50,2.75,,0,0,0
20013,Brown County,thunderstorm_wind,33,17,1.7,29,70,,0,0,0
20013,Brown County,tornado,3,2,0.2,37,,EF2,0,0,0
20015,Butler County,flash_flood,26,15,1.5,88,,,2041000,1,0
20015,Butler County,flood,20,17,1.7,91,,,1000,0,0
20015,Butler County,hail,172,64,6.4,99,3,,5000,0,0
20015,Butler County,lightning,1,1,0.1,66,,,50000,0,0
20015,Butler County,thunderstorm_wind,182,76,7.6,97,78,,354600,0,3
20015,Butler County,tornado,15,10,1.0,94,,EF3,37000000,0,1
20017,Chase County,flash_flood,2,2,0.2,21,,,0,0,0
20017,Chase County,flood,3,3,0.3,50,,,200,0,0
20017,Chase County,hail,32,20,2.0,77,4,,0,0,0
20017,Chase County,lightning,2,2,0.2,85,,,15000,0,3
20017,Chase County,thunderstorm_wind,33,25,2.5,49,70,,30000,0,0
20017,Chase County,tornado,12,3,0.3,51,,EF2,25000,0,2
20019,Chautauqua County,flash_flood,4,3,0.3,31,,,200,0,0
20019,Chautauqua County,flood,5,4,0.4,59,,,300,0,0
20019,Chautauqua County,hail,17,12,1.2,57,2.75,,0,0,0
20019,Chautauqua County,thunderstorm_wind,34,21,2.1,39,70,,35000,0,0
20019,Chautauqua County,tornado,6,5,0.5,72,,EF0,0,0,0
20021,Cherokee County,flash_flood,16,13,1.3,84,,,0,0,0
20021,Cherokee County,flood,3,3,0.3,50,,,0,0,0
20021,Cherokee County,hail,66,33,3.3,91,2.75,,430000,0,0
20021,Cherokee County,thunderstorm_wind,78,45,4.5,81,74,,710000,0,0
20021,Cherokee County,tornado,6,4,0.4,62,,EF1,889000,0,0
20023,Cheyenne County,flash_flood,20,8,0.8,68,,,41100,0,0
20023,Cheyenne County,flood,3,3,0.3,50,,,100,0,0
20023,Cheyenne County,hail,163,60,6.0,99,4.25,,23350,0,0
20023,Cheyenne County,thunderstorm_wind,116,56,5.6,90,87,,451800,0,0
20023,Cheyenne County,tornado,9,8,0.8,89,,EF2,350000,0,0
20025,Clark County,flash_flood,3,3,0.3,31,,,0,0,0
20025,Clark County,hail,77,33,3.3,91,4,,0,0,0
20025,Clark County,thunderstorm_wind,24,16,1.6,27,78,,15000,0,0
20025,Clark County,tornado,3,2,0.2,37,,EF1,0,0,0
20027,Clay County,flash_flood,10,6,0.6,57,,,30000,0,0
20027,Clay County,hail,25,18,1.8,73,2,,0,0,0
20027,Clay County,thunderstorm_wind,36,24,2.4,47,76,,0,0,0
20027,Clay County,tornado,8,6,0.6,79,,EF1,0,0,0
20029,Cloud County,flash_flood,3,3,0.3,31,,,0,0,0
20029,Cloud County,hail,49,27,2.7,87,2,,0,0,0
20029,Cloud County,thunderstorm_wind,79,44,4.4,80,70,,0,0,0
20029,Cloud County,tornado,4,3,0.3,51,,EF1,0,0,0
20031,Coffey County,flash_flood,15,7,0.7,62,,,102000,0,0
20031,Coffey County,flood,1,1,0.1,20,,,0,0,0
20031,Coffey County,hail,51,23,2.3,82,4,,0,0,0
20031,Coffey County,thunderstorm_wind,46,32,3.2,63,78,,0,0,0
20031,Coffey County,tornado,3,2,0.2,37,,EF0,0,0,0
20033,Comanche County,flash_flood,7,4,0.4,41,,,0,0,0
20033,Comanche County,flood,1,1,0.1,20,,,0,0,0
20033,Comanche County,hail,42,26,2.6,85,2.75,,0,0,0
20033,Comanche County,thunderstorm_wind,21,13,1.3,21,87,,0,0,0
20033,Comanche County,tornado,4,3,0.3,51,,EF3,85000,0,0
20035,Cowley County,flash_flood,9,8,0.8,68,,,30400,0,0
20035,Cowley County,flood,8,7,0.7,75,,,400,0,0
20035,Cowley County,hail,128,43,4.3,96,3.81,,0,0,0
20035,Cowley County,lightning,1,1,0.1,66,,,0,0,0
20035,Cowley County,thunderstorm_wind,128,52,5.2,87,78,,326200,0,0
20035,Cowley County,tornado,18,6,0.6,79,,EF2,45000,0,0
20037,Crawford County,flash_flood,23,18,1.8,92,,,102000,0,0
20037,Crawford County,flood,7,6,0.6,71,,,0,0,0
20037,Crawford County,hail,41,23,2.3,82,1.75,,50000,0,0
20037,Crawford County,thunderstorm_wind,87,42,4.2,78,88,,1084500,0,1
20037,Crawford County,tornado,4,2,0.2,37,,EF1,1185000,0,0
20039,Decatur County,flash_flood,5,4,0.4,41,,,0,0,0
20039,Decatur County,flood,3,3,0.3,50,,,0,0,0
20039,Decatur County,hail,90,42,4.2,96,2.75,,2000,0,0
20039,Decatur County,lightning,1,1,0.1,66,,,50000,0,0
20039,Decatur County,thunderstorm_wind,69,42,4.2,78,91,,187000,0,0
20039,Decatur County,tornado,4,4,0.4,62,,EF1,0,0,0
20041,Dickinson County,flash_flood,11,9,0.9,72,,,0,0,0
20041,Dickinson County,flood,1,1,0.1,20,,,0,0,0
20041,Dickinson County,hail,104,31,3.1,90,4,,0,0,0
20041,Dickinson County,thunderstorm_wind,87,46,4.6,82,75,,0,0,0
20041,Dickinson County,tornado,7,4,0.4,62,,EF4,0,0,5
20043,Doniphan County,flash_flood,1,1,0.1,11,,,0,0,0
20043,Doniphan County,flood,4,4,0.4,59,,,100000,0,0
20043,Doniphan County,hail,13,9,0.9,45,2.5,,0,0,0
20043,Doniphan County,thunderstorm_wind,15,12,1.2,20,61,,0,0,0
20043,Doniphan County,tornado,2,2,0.2,37,,EF0,0,0,0
20045,Douglas County,flash_flood,25,13,1.3,84,,,550000,0,0
20045,Douglas County,flood,2,1,0.1,20,,,0,0,0
20045,Douglas County,hail,42,20,2.0,77,2.5,,0,0,0
20045,Douglas County,thunderstorm_wind,133,48,4.8,85,77,,0,0,1
20045,Douglas County,tornado,4,2,0.2,37,,EF3,0,0,16
20047,Edwards County,flash_flood,1,1,0.1,11,,,0,0,0
20047,Edwards County,flood,1,1,0.1,20,,,0,0,0
20047,Edwards County,hail,88,31,3.1,90,3.5,,0,0,0
20047,Edwards County,thunderstorm_wind,13,9,0.9,15,70,,106000,0,0
20047,Edwards County,tornado,12,7,0.7,85,,EF3,0,0,0
20049,Elk County,flash_flood,5,5,0.5,49,,,0,0,0
20049,Elk County,flood,2,2,0.2,38,,,0,0,0
20049,Elk County,hail,24,12,1.2,57,2.5,,0,0,0
20049,Elk County,thunderstorm_wind,16,12,1.2,20,65,,13000,0,0
20049,Elk County,tornado,7,3,0.3,51,,EF1,5000,0,0
20051,Ellis County,flash_flood,14,12,1.2,81,,,100000,0,0
20051,Ellis County,flood,7,6,0.6,71,,,0,0,0
20051,Ellis County,hail,134,46,4.6,97,4,,0,0,0
20051,Ellis County,thunderstorm_wind,117,56,5.6,90,85,,0,0,0
20051,Ellis County,tornado,6,3,0.3,51,,EF2,0,0,0
20053,Ellsworth County,flash_flood,6,4,0.4,41,,,200,0,0
20053,Ellsworth County,flood,10,8,0.8,78,,,400,0,0
20053,Ellsworth County,hail,80,38,3.8,95,3.25,,5000,0,0
20053,Ellsworth County,thunderstorm_wind,54,32,3.2,63,78,,92500,0,0
20053,Ellsworth County,tornado,4,4,0.4,62,,EF0,0,0,0
20055,Finney County,flash_flood,6,4,0.4,41,,,0,0,0
20055,Finney County,flood,1,1,0.1,20,,,0,0,0
20055,Finney County,hail,69,32,3.2,91,3,,0,0,0
20055,Finney County,thunderstorm_wind,130,71,7.1,96,81,,2000,0,0
20055,Finney County,tornado,6,5,0.5,72,,EF1,0,0,0
20057,Ford County,flash_flood,22,10,1.0,75,,,0,0,0
20057,Ford County,flood,6,3,0.3,50,,,5000,0,1
20057,Ford County,hail,167,54,5.4,98,5,,2500200,0,0
20057,Ford County,thunderstorm_wind,157,64,6.4,94,83,,5569450,0,0
20057,Ford County,tornado,30,11,1.1,95,,EF3,610000,0,2
20059,Franklin County,flash_flood,15,8,0.8,68,,,200000,0,0
20059,Franklin County,flood,2,2,0.2,38,,,80000,0,0
20059,Franklin County,hail,43,22,2.2,81,2,,0,0,0
20059,Franklin County,thunderstorm_wind,68,38,3.8,73,87,,0,0,0
20059,Franklin County,tornado,1,1,0.1,22,,EF1,0,0,0
20061,Geary County,flash_flood,6,4,0.4,41,,,0,0,0
20061,Geary County,hail,67,24,2.4,83,3,,0,0,0
20061,Geary County,thunderstorm_wind,83,42,4.2,78,82,,0,0,1
20061,Geary County,tornado,4,4,0.4,62,,EF0,0,0,0
20063,Gove County,flash_flood,10,9,0.9,72,,,25000,0,0
20063,Gove County,flood,4,3,0.3,50,,,10000,0,0
20063,Gove County,hail,134,56,5.6,98,4.5,,5000,0,0
20063,Gove County,thunderstorm_wind,87,52,5.2,87,87,,527600,0,0
20063,Gove County,tornado,10,6,0.6,79,,EF3,119000,0,0
20065,Graham County,flash_flood,13,9,0.9,72,,,718000,0,0
20065,Graham County,flood,5,3,0.3,50,,,10000,0,0
20065,Graham County,hail,65,43,4.3,96,2.5,,0,0,0
20065,Graham County,lightning,1,1,0.1,66,,,500,0,0
20065,Graham County,thunderstorm_wind,100,49,4.9,85,91,,456200,0,0
20065,Graham County,tornado,4,3,0.3,51,,EF0,0,0,0
20067,Grant County,flash_flood,6,4,0.4,41,,,0,0,0
20067,Grant County,flood,1,1,0.1,20,,,0,0,0
20067,Grant County,hail,78,33,3.3,91,4.25,,0,0,0
20067,Grant County,thunderstorm_wind,39,26,2.6,51,70,,0,0,0
20067,Grant County,tornado,3,3,0.3,51,,EF0,0,0,0
20069,Gray County,flash_flood,2,1,0.1,11,,,0,0,0
20069,Gray County,flood,1,1,0.1,20,,,0,0,0
20069,Gray County,hail,72,38,3.8,95,2.5,,0,0,0
20069,Gray County,thunderstorm_wind,65,34,3.4,67,81,,701000,0,0
20069,Gray County,tornado,6,6,0.6,79,,EF2,70000,0,0
20071,Greeley County,flash_flood,5,4,0.4,41,,,0,0,0
20071,Greeley County,flood,4,4,0.4,59,,,2000,0,0
20071,Greeley County,hail,44,31,3.1,90,3.5,,1000,0,0
20071,Greeley County,thunderstorm_wind,37,23,2.3,44,104,,36000,0,0
20071,Greeley County,tornado,10,7,0.7,85,,EF0,0,0,0
20073,Greenwood County,flash_flood,10,6,0.6,57,,,300,0,0
20073,Greenwood County,flood,7,6,0.6,71,,,300,0,0
20073,Greenwood County,hail,37,21,2.1,79,1.75,,0,0,0
20073,Greenwood County,lightning,1,1,0.1,66,,,30000,0,0
20073,Greenwood County,thunderstorm_wind,63,33,3.3,65,96,,104000,0,0
20073,Greenwood County,tornado,8,6,0.6,79,,EF3,17590000,0,8
20075,Hamilton County,flash_flood,1,1,0.1,11,,,0,0,0
20075,Hamilton County,hail,74,33,3.3,91,3,,0,0,0
20075,Hamilton County,thunderstorm_wind,43,32,3.2,63,74,,0,0,0
20075,Hamilton County,tornado,10,6,0.6,79,,EF1,0,0,0
20077,Harper County,flash_flood,6,4,0.4,41,,,300,0,0
20077,Harper County,flood,3,3,0.3,50,,,100,0,0
20077,Harper County,hail,31,20,2.0,77,2.75,,0,0,0
20077,Harper County,thunderstorm_wind,46,27,2.7,53,70,,37500,0,0
20077,Harper County,tornado,4,3,0.3,51,,EF2,0,0,0
20079,Harvey County,flash_flood,6,4,0.4,41,,,0,0,0
20079,Harvey County,flood,10,8,0.8,78,,,800,0,0
20079,Harvey County,hail,72,35,3.5,93,2.75,,30000,0,0
20079,Harvey County,thunderstorm_wind,84,38,3.8,73,78,,125000,0,0
20079,Harvey County,tornado,2,2,0.2,37,,,0,0,0
20081,Haskell County,flash_flood,4,4,0.4,41,,,0,0,0
20081,Haskell County,hail,50,31,3.1,90,3,,0,0,0
20081,Haskell County,thunderstorm_wind,29,18,1.8,32,83,,1910000,0,0
20081,Haskell County,tornado,1,1,0.1,22,,EF1,0,0,0
20083,Hodgeman County,flash_flood,1,1,0.1,11,,,0,0,0
20083,Hodgeman County,flood,2,2,0.2,38,,,0,0,0
20083,Hodgeman County,hail,72,35,3.5,93,4,,0,0,0
20083,Hodgeman County,thunderstorm_wind,53,28,2.8,56,95,,170000,0,0
20083,Hodgeman County,tornado,11,4,0.4,62,,EF3,60000,0,0
20085,Jackson County,flash_flood,5,4,0.4,41,,,0,0,0
20085,Jackson County,hail,41,25,2.5,84,2.5,,0,0,0
20085,Jackson County,thunderstorm_wind,38,24,2.4,47,80,,0,0,0
20085,Jackson County,tornado,6,3,0.3,51,,EF2,0,0,0
20087,Jefferson County,flash_flood,23,11,1.1,79,,,0,0,0
20087,Jefferson County,flood,3,2,0.2,38,,,0,0,0
20087,Jefferson County,hail,44,24,2.4,83,2.75,,0,0,2
20087,Jefferson County,thunderstorm_wind,141,51,5.1,87,86,,0,0,0
20087,Jefferson County,tornado,2,2,0.2,37,,EF1,0,0,0
20089,Jewell County,flash_flood,2,2,0.2,21,,,150000,0,0
20089,Jewell County,hail,44,25,2.5,84,4,,2295000,0,0
20089,Jewell County,thunderstorm_wind,45,28,2.8,56,78,,119000,0,0
20091,Johnson County,flash_flood,17,12,1.2,81,,,10000,0,0
20091,Johnson County,flood,3,2,0.2,38,,,0,0,0
20091,Johnson County,hail,176,41,4.1,96,3.5,,0,0,0
20091,Johnson County,lightning,1,1,0.1,66,,,100000,0,0
20091,Johnson County,thunderstorm_wind,219,63,6.3,93,77,,550000,0,0
20091,Johnson County,tornado,7,5,0.5,72,,EF1,100000,0,0
20093,Kearny County,flash_flood,3,3,0.3,31,,,0,0,0
20093,Kearny County,hail,68,30,3.0,89,3.5,,0,0,0
20093,Kearny County,thunderstorm_wind,43,28,2.8,56,72,,0,0,0
20093,Kearny County,tornado,5,3,0.3,51,,EF1,0,0,0
20095,Kingman County,flash_flood,4,3,0.3,31,,,100000,0,0
20095,Kingman County,flood,11,7,0.7,75,,,101000,0,0
20095,Kingman County,hail,36,24,2.4,83,4,,0,0,0
20095,Kingman County,thunderstorm_wind,61,36,3.6,70,70,,98500,0,1
20095,Kingman County,tornado,4,2,0.2,37,,EF0,0,0,0
20097,Kiowa County,flash_flood,2,2,0.2,21,,,5000,0,0
20097,Kiowa County,flood,4,2,0.2,38,,,0,0,0
20097,Kiowa County,hail,45,23,2.3,82,3.5,,0,0,0
20097,Kiowa County,thunderstorm_wind,24,18,1.8,32,99,,120000,0,0
20097,Kiowa County,tornado,7,3,0.3,51,,EF3,0,0,0
20099,Labette County,flash_flood,10,8,0.8,68,,,400,0,0
20099,Labette County,flood,9,8,0.8,78,,,200,0,0
20099,Labette County,hail,39,23,2.3,82,2,,0,0,0
20099,Labette County,thunderstorm_wind,43,25,2.5,49,78,,93000,0,0
20099,Labette County,tornado,3,2,0.2,37,,EF0,0,0,0
20101,Lane County,hail,34,18,1.8,73,2.75,,0,0,0
20101,Lane County,thunderstorm_wind,25,19,1.9,34,81,,0,0,1
20101,Lane County,tornado,11,5,0.5,72,,EF0,0,0,0
20103,Leavenworth County,flash_flood,19,14,1.4,86,,,0,0,0
20103,Leavenworth County,flood,7,6,0.6,71,,,0,0,0
20103,Leavenworth County,hail,39,20,2.0,77,2.5,,0,0,0
20103,Leavenworth County,thunderstorm_wind,105,44,4.4,80,70,,1015000,0,0
20103,Leavenworth County,tornado,2,2,0.2,37,,EF4,26000000,0,0
20105,Lincoln County,flash_flood,6,5,0.5,49,,,600,0,0
20105,Lincoln County,flood,6,6,0.6,71,,,100,0,0
20105,Lincoln County,hail,61,30,3.0,89,2.75,,0,0,0
20105,Lincoln County,lightning,1,1,0.1,66,,,10000,0,0
20105,Lincoln County,thunderstorm_wind,65,39,3.9,74,70,,555000,0,0
20105,Lincoln County,tornado,2,1,0.1,22,,,0,0,0
20107,Linn County,flash_flood,1,1,0.1,11,,,0,0,0
20107,Linn County,flood,3,1,0.1,20,,,0,0,0
20107,Linn County,hail,19,12,1.2,57,2,,0,0,0
20107,Linn County,thunderstorm_wind,37,23,2.3,44,71,,30000,0,0
20109,Logan County,flash_flood,19,13,1.3,84,,,20000,0,0
20109,Logan County,flood,12,6,0.6,71,,,0,0,0
20109,Logan County,hail,143,69,6.9,99,4.25,,10300,0,0
20109,Logan County,lightning,2,2,0.2,85,,,6250,0,0
20109,Logan County,thunderstorm_wind,112,59,5.9,91,87,,748050,0,0
20109,Logan County,tornado,9,6,0.6,79,,EF2,50000,0,0
20111,Lyon County,flash_flood,22,14,1.4,86,,,20000,0,0
20111,Lyon County,flood,4,3,0.3,50,,,0,0,0
20111,Lyon County,hail,90,39,3.9,95,4,,0,0,0
20111,Lyon County,thunderstorm_wind,81,39,3.9,74,81,,0,0,0
20111,Lyon County,tornado,5,4,0.4,62,,EF0,0,0,0
20113,McPherson County,flash_flood,7,3,0.3,31,,,10500,0,0
20113,McPherson County,flood,25,18,1.8,92,,,1100,0,0
20113,McPherson County,hail,89,41,4.1,96,2.75,,45000,0,0
20113,McPherson County,thunderstorm_wind,112,52,5.2,87,70,,10000,0,0
20113,McPherson County,tornado,1,1,0.1,22,,EF0,0,0,0
20115,Marion County,flash_flood,19,6,0.6,57,,,240300,0,0
20115,Marion County,flood,15,11,1.1,85,,,200,0,0
20115,Marion County,hail,69,31,3.1,90,3.25,,25000,0,0
20115,Marion County,lightning,1,1,0.1,66,,,3000,0,0
20115,Marion County,thunderstorm_wind,68,35,3.5,69,65,,10000,0,0
20115,Marion County,tornado,5,2,0.2,37,,EF1,0,0,0
20117,Marshall County,flash_flood,14,7,0.7,62,,,0,0,0
20117,Marshall County,hail,58,22,2.2,81,5,,0,0,0
20117,Marshall County,thunderstorm_wind,81,36,3.6,70,86,,0,0,0
20117,Marshall County,tornado,10,6,0.6,79,,EF1,0,0,0
20119,Meade County,flash_flood,2,2,0.2,21,,,1000000,0,0
20119,Meade County,hail,41,25,2.5,84,3,,0,0,0
20119,Meade County,thunderstorm_wind,35,24,2.4,47,102,,0,0,0
20119,Meade County,tornado,6,2,0.2,37,,EF1,0,0,0
20121,Miami County,flash_flood,9,6,0.6,57,,,0,1,0
20121,Miami County,flood,3,3,0.3,50,,,0,1,0
20121,Miami County,hail,28,14,1.4,63,2.5,,0,0,0
20121,Miami County,thunderstorm_wind,45,27,2.7,53,70,,2000,0,0
20121,Miami County,tornado,3,2,0.2,37,,EF0,50000,0,0
20123,Mitchell County,flash_flood,2,2,0.2,21,,,155000,0,0
20123,Mitchell County,hail,60,30,3.0,89,2.75,,2875000,0,0
20123,Mitchell County,thunderstorm_wind,40,29,2.9,58,68,,111000,0,0
20123,Mitchell County,tornado,4,4,0.4,62,,EF2,100000,0,0
20125,Montgomery County,flash_flood,20,10,1.0,75,,,140600,2,0
20125,Montgomery County,flood,17,11,1.1,85,,,15300,0,0
20125,Montgomery County,hail,53,28,2.8,88,2.75,,5000,0,0
20125,Montgomery County,lightning,1,1,0.1,66,,,0,1,0
20125,Montgomery County,thunderstorm_wind,103,49,4.9,85,74,,550000,0,0
20125,Montgomery County,tornado,2,2,0.2,37,,EF0,0,0,0
20127,Morris County,flash_flood,6,5,0.5,49,,,0,0,0
20127,Morris County,hail,40,21,2.1,79,2.5,,0,0,0
20127,Morris County,thunderstorm_wind,17,15,1.5,25,87,,0,0,0
20127,Morris County,tornado,5,5,0.5,72,,EF1,0,0,0
20129,Morton County,flash_flood,2,1,0.1,11,,,0,0,0
20129,Morton County,flood,1,1,0.1,20,,,0,0,0
20129,Morton County,hail,80,34,3.4,92,4,,0,0,0
20129,Morton County,thunderstorm_wind,62,41,4.1,77,87,,0,0,0
20129,Morton County,tornado,2,1,0.1,22,,EF1,80000,0,0
20131,Nemaha County,flash_flood,8,5,0.5,49,,,0,0,0
20131,Nemaha County,flood,1,1,0.1,20,,,0,0,0
20131,Nemaha County,hail,29,18,1.8,73,2,,0,0,0
20131,Nemaha County,thunderstorm_wind,56,30,3.0,60,70,,0,0,0
20131,Nemaha County,tornado,3,2,0.2,37,,EF3,0,0,0
20133,Neosho County,flash_flood,7,5,0.5,49,,,100200,0,0
20133,Neosho County,flood,15,13,1.3,87,,,10200,0,0
20133,Neosho County,hail,26,13,1.3,60,2.5,,0,0,0
20133,Neosho County,thunderstorm_wind,53,36,3.6,70,70,,281000,0,0
20135,Ness County,flash_flood,1,1,0.1,11,,,0,0,0
20135,Ness County,flood,2,1,0.1,20,,,0,0,0
20135,Ness County,hail,64,35,3.5,93,3,,0,0,0
20135,Ness County,thunderstorm_wind,29,23,2.3,44,70,,0,0,0
20135,Ness County,tornado,6,2,0.2,37,,EF3,0,0,0
20137,Norton County,flash_flood,3,3,0.3,31,,,5000,1,0
20137,Norton County,flood,3,3,0.3,50,,,0,0,0
20137,Norton County,hail,87,43,4.3,96,3,,16000,0,1
20137,Norton County,thunderstorm_wind,86,45,4.5,81,96,,126500,0,0
20137,Norton County,tornado,2,2,0.2,37,,EF1,50000,0,0
20139,Osage County,flash_flood,7,6,0.6,57,,,0,0,0
20139,Osage County,flood,3,2,0.2,38,,,0,0,0
20139,Osage County,hail,61,28,2.8,88,2.5,,0,0,0
20139,Osage County,thunderstorm_wind,61,22,2.2,42,71,,0,0,0
20139,Osage County,tornado,7,5,0.5,72,,EF0,0,0,0
20141,Osborne County,flash_flood,5,5,0.5,49,,,2060000,0,0
20141,Osborne County,flood,2,2,0.2,38,,,0,0,0
20141,Osborne County,hail,62,35,3.5,93,3,,2360000,0,0
20141,Osborne County,thunderstorm_wind,26,23,2.3,44,70,,208000,0,0
20141,Osborne County,tornado,4,3,0.3,51,,EF2,97000,0,0
20143,Ottawa County,flash_flood,7,7,0.7,62,,,0,0,0
20143,Ottawa County,flood,6,1,0.1,20,,,4790000,0,0
20143,Ottawa County,hail,67,29,2.9,89,4,,0,0,0
20143,Ottawa County,thunderstorm_wind,59,34,3.4,67,83,,0,0,0
20143,Ottawa County,tornado,6,5,0.5,72,,EF3,0,0,3
20145,Pawnee County,flash_flood,3,3,0.3,31,,,0,0,0
20145,Pawnee County,flood,4,4,0.4,59,,,0,0,0
20145,Pawnee County,hail,92,39,3.9,95,4,,0,0,0
20145,Pawnee County,thunderstorm_wind,37,18,1.8,32,75,,0,0,0
20145,Pawnee County,tornado,4,3,0.3,51,,EF2,0,0,0
20147,Phillips County,flash_flood,4,4,0.4,41,,,175000,0,0
20147,Phillips County,flood,2,2,0.2,38,,,75000,0,0
20147,Phillips County,hail,67,35,3.5,93,4,,2565000,0,0
20147,Phillips County,thunderstorm_wind,72,37,3.7,72,75,,894000,0,0
20149,Pottawatomie County,flash_flood,3,3,0.3,31,,,250,0,0
20149,Pottawatomie County,hail,74,31,3.1,90,3,,0,0,0
20149,Pottawatomie County,thunderstorm_wind,63,32,3.2,63,80,,0,0,0
20149,Pottawatomie County,tornado,9,7,0.7,85,,EF1,0,0,0
20151,Pratt County,flash_flood,5,3,0.3,31,,,5000,0,0
20151,Pratt County,flood,3,2,0.2,38,,,2500000,0,0
20151,Pratt County,hail,67,23,2.3,82,2,,0,0,0
20151,Pratt County,thunderstorm_wind,74,33,3.3,65,80,,15000,0,0
20151,Pratt County,tornado,7,4,0.4,62,,EF3,0,0,0
20153,Rawlins County,flash_flood,8,8,0.8,68,,,22500,0,0
20153,Rawlins County,flood,3,3,0.3,50,,,5000,0,0
20153,Rawlins County,hail,137,67,6.7,99,4,,2900,0,0
20153,Rawlins County,lightning,2,2,0.2,85,,,2000,0,0
20153,Rawlins County,thunderstorm_wind,118,62,6.2,93,87,,254700,0,0
20153,Rawlins County,tornado,7,4,0.4,62,,EF1,0,0,0
20155,Reno County,flash_flood,3,2,0.2,21,,,140000,0,0
20155,Reno County,flood,11,11,1.1,85,,,900,0,0
20155,Reno County,hail,83,37,3.7,94,2.75,,0,0,0
20155,Reno County,thunderstorm_wind,116,51,5.1,87,79,,225000,0,5
20155,Reno County,tornado,9,4,0.4,62,,EF3,100000,0,0
20157,Republic County,flash_flood,4,3,0.3,31,,,0,0,0
20157,Republic County,hail,29,16,1.6,68,2,,0,0,0
20157,Republic County,thunderstorm_wind,47,29,2.9,58,73,,0,0,0
20157,Republic County,tornado,4,4,0.4,62,,EF1,0,0,2
20159,Rice County,flash_flood,3,2,0.2,21,,,100100,0,0
20159,Rice County,flood,11,10,1.0,83,,,1100,0,0
20159,Rice County,hail,72,31,3.1,90,2.75,,0,0,0
20159,Rice County,thunderstorm_wind,59,39,3.9,74,96,,6200,0,0
20159,Rice County,tornado,4,3,0.3,51,,EF0,45000,0,0
20161,Riley County,flash_flood,11,7,0.7,62,,,17290000,0,3
20161,Riley County,hail,72,27,2.7,87,3.5,,0,0,0
20161,Riley County,thunderstorm_wind,79,37,3.7,72,100,,0,0,0
20161,Riley County,tornado,7,6,0.6,79,,EF2,10000000,0,0
20163,Rooks County,flash_flood,5,5,0.5,49,,,1125000,0,0
20163,Rooks County,flood,1,1,0.1,20,,,0,0,0
20163,Rooks County,hail,57,32,3.2,91,3,,4230000,0,0
20163,Rooks County,thunderstorm_wind,52,27,2.7,53,72,,862000,0,0
20163,Rooks County,tornado,4,3,0.3,51,,EF2,17000,0,0
20165,Rush County,flash_flood,5,5,0.5,49,,,0,0,0
20165,Rush County,flood,2,2,0.2,38,,,0,0,0
20165,Rush County,hail,73,34,3.4,92,2.5,,0,0,0
20165,Rush County,thunderstorm_wind,28,22,2.2,42,75,,2000,0,0
20165,Rush County,tornado,5,5,0.5,72,,EF0,0,0,0
20167,Russell County,flash_flood,2,2,0.2,21,,,0,0,0
20167,Russell County,flood,8,7,0.7,75,,,100600,0,0
20167,Russell County,hail,73,31,3.1,90,2.5,,0,0,0
20167,Russell County,thunderstorm_wind,123,56,5.6,90,81,,94300,1,3
20167,Russell County,tornado,5,4,0.4,62,,EF2,0,0,0
20169,Saline County,flash_flood,13,8,0.8,68,,,241100,0,0
20169,Saline County,flood,15,14,1.4,88,,,2200,0,0
20169,Saline County,hail,103,31,3.1,90,3,,5000,0,0
20169,Saline County,thunderstorm_wind,84,47,4.7,83,87,,218500,0,0
20169,Saline County,tornado,11,9,0.9,92,,EF3,100000,0,0
20171,Scott County,hail,81,38,3.8,95,4,,0,0,0
20171,Scott County,thunderstorm_wind,40,28,2.8,56,65,,0,0,0
20171,Scott County,tornado,12,4,0.4,62,,EF2,150000,0,0
20173,Sedgwick County,flash_flood,63,19,1.9,93,,,1086300,0,0
20173,Sedgwick County,flood,61,32,3.2,97,,,43800,0,0
20173,Sedgwick County,hail,290,85,8.5,100,2.75,,2000,0,0
20173,Sedgwick County,lightning,3,3,0.3,91,,,50000,0,2
20173,Sedgwick County,thunderstorm_wind,368,85,8.5,98,89,,1476100,0,0
20173,Sedgwick County,tornado,1,1,0.1,22,,EF2,4500000,0,2
20175,Seward County,flash_flood,3,3,0.3,31,,,0,0,0
20175,Seward County,flood,1,1,0.1,20,,,0,0,0
20175,Seward County,hail,61,26,2.6,85,2.75,,0,0,0
20175,Seward County,thunderstorm_wind,70,40,4.0,76,78,,0,0,0
20175,Seward County,tornado,3,3,0.3,51,,EF1,200000,0,0
20177,Shawnee County,flash_flood,27,10,1.0,75,,,0,0,0
20177,Shawnee County,flood,4,4,0.4,59,,,0,0,0
20177,Shawnee County,hail,104,37,3.7,94,2,,0,0,0
20177,Shawnee County,thunderstorm_wind,206,51,5.1,87,78,,0,0,0
20177,Shawnee County,tornado,7,6,0.6,79,,EF2,0,0,0
20179,Sheridan County,flash_flood,5,5,0.5,49,,,8000,0,0
20179,Sheridan County,hail,102,50,5.0,98,4.25,,100,0,0
20179,Sheridan County,thunderstorm_wind,84,43,4.3,79,89,,384900,0,0
20179,Sheridan County,tornado,11,7,0.7,85,,EF3,180000,0,0
20181,Sherman County,flash_flood,23,12,1.2,81,,,0,0,0
20181,Sherman County,flood,6,4,0.4,59,,,10,0,0
20181,Sherman County,hail,203,85,8.5,100,3,,4500,0,5
20181,Sherman County,thunderstorm_wind,198,99,9.9,99,96,,533250,0,1
20181,Sherman County,tornado,9,8,0.8,89,,EF0,0,0,0
20183,Smith County,flash_flood,1,1,0.1,11,,,100000,0,0
20183,Smith County,hail,37,23,2.3,82,2,,1440000,0,0
20183,Smith County,thunderstorm_wind,37,27,2.7,53,69,,384000,0,0
20183,Smith County,tornado,2,2,0.2,37,,EF0,2000,0,0
20185,Stafford County,flash_flood,2,2,0.2,21,,,0,0,0
20185,Stafford County,hail,54,24,2.4,83,2.5,,0,0,0
20185,Stafford County,thunderstorm_wind,20,19,1.9,34,70,,0,0,0
20185,Stafford County,tornado,3,2,0.2,37,,EF0,0,0,0
20187,Stanton County,flash_flood,6,4,0.4,41,,,0,0,0
20187,Stanton County,flood,1,1,0.1,20,,,0,0,0
20187,Stanton County,hail,63,34,3.4,92,4,,0,0,0
20187,Stanton County,thunderstorm_wind,38,23,2.3,44,87,,0,0,0
20187,Stanton County,tornado,5,4,0.4,62,,EF0,0,0,0
20189,Stevens County,flash_flood,2,2,0.2,21,,,0,0,0
20189,Stevens County,hail,39,30,3.0,89,2.75,,0,0,0
20189,Stevens County,thunderstorm_wind,30,21,2.1,39,78,,0,0,0
20191,Sumner County,flash_flood,14,7,0.7,62,,,2345400,0,0
20191,Sumner County,flood,8,8,0.8,78,,,500,0,0
20191,Sumner County,hail,65,33,3.3,91,2.75,,0,0,0
20191,Sumner County,thunderstorm_wind,62,39,3.9,74,70,,43500,0,0
20191,Sumner County,tornado,5,5,0.5,72,,EF0,0,0,0
20193,Thomas County,flash_flood,16,9,0.9,72,,,6500,0,0
20193,Thomas County,flood,8,5,0.5,66,,,7000,0,0
20193,Thomas County,hail,143,64,6.4,99,3,,6000,0,0
20193,Thomas County,thunderstorm_wind,150,65,6.5,94,87,,569950,0,0
20193,Thomas County,tornado,13,5,0.5,72,,EF0,42000,0,0
20195,Trego County,flash_flood,2,2,0.2,21,,,0,0,0
20195,Trego County,flood,1,1,0.1,20,,,0,0,0
20195,Trego County,hail,86,45,4.5,97,4.25,,0,0,0
20195,Trego County,thunderstorm_wind,43,27,2.7,53,87,,0,0,0
20195,Trego County,tornado,1,1,0.1,22,,EF0,0,0,0
20197,Wabaunsee County,flash_flood,4,2,0.2,21,,,0,0,0
20197,Wabaunsee County,flood,2,1,0.1,20,,,0,0,0
20197,Wabaunsee County,hail,46,24,2.4,83,4.5,,0,0,0
20197,Wabaunsee County,thunderstorm_wind,50,29,2.9,58,80,,0,0,2
20197,Wabaunsee County,tornado,13,8,0.8,89,,EF2,0,0,0
20199,Wallace County,flash_flood,4,4,0.4,41,,,0,0,0
20199,Wallace County,flood,3,3,0.3,50,,,10000,0,0
20199,Wallace County,hail,100,51,5.1,98,3,,50000,0,0
20199,Wallace County,thunderstorm_wind,96,43,4.3,79,100,,483500,0,0
20199,Wallace County,tornado,12,8,0.8,89,,EF1,0,0,0
20201,Washington County,flash_flood,1,1,0.1,11,,,0,0,0
20201,Washington County,flood,2,2,0.2,38,,,0,0,0
20201,Washington County,hail,58,26,2.6,85,3,,0,0,0
20201,Washington County,thunderstorm_wind,54,26,2.6,51,85,,0,0,0
20201,Washington County,tornado,2,2,0.2,37,,EF1,0,0,0
20203,Wichita County,flash_flood,5,5,0.5,49,,,10,0,0
20203,Wichita County,hail,91,46,4.6,97,2.75,,210,0,1
20203,Wichita County,thunderstorm_wind,45,28,2.8,56,91,,533500,0,0
20203,Wichita County,tornado,7,4,0.4,62,,EF0,0,0,0
20205,Wilson County,flash_flood,8,7,0.7,62,,,500,0,0
20205,Wilson County,flood,11,9,0.9,81,,,300,0,0
20205,Wilson County,hail,27,18,1.8,73,4,,0,0,0
20205,Wilson County,thunderstorm_wind,23,17,1.7,29,71,,100000,0,0
20205,Wilson County,tornado,8,3,0.3,51,,EF2,0,0,0
20207,Woodson County,flash_flood,6,4,0.4,41,,,200,0,0
20207,Woodson County,flood,1,1,0.1,20,,,0,0,0
20207,Woodson County,hail,19,11,1.1,53,1.75,,0,0,0
20207,Woodson County,thunderstorm_wind,19,13,1.3,21,74,,60000,0,0
20207,Woodson County,tornado,2,2,0.2,37,,EF2,0,0,0
20209,Wyandotte County,flash_flood,6,5,0.5,49,,,0,0,0
20209,Wyandotte County,flood,4,4,0.4,59,,,0,0,0
20209,Wyandotte County,hail,43,18,1.8,73,2.5,,0,0,0
20209,Wyandotte County,thunderstorm_wind,83,32,3.2,63,70,,0,0,0
21001,Adair County,flash_flood,11,6,0.6,57,,,10000,0,0
21001,Adair County,hail,9,5,0.5,26,1.75,,0,0,0
21001,Adair County,thunderstorm_wind,50,33,3.3,65,55,,164000,0,0
21001,Adair County,tornado,1,1,0.1,22,,EF1,750000,0,0
21003,Allen County,flash_flood,10,6,0.6,57,,,0,1,0
21003,Allen County,flood,2,1,0.1,20,,,0,0,0
21003,Allen County,hail,3,2,0.2,11,1,,0,0,0
21003,Allen County,thunderstorm_wind,48,30,3.0,60,78,,110000,1,0
21003,Allen County,tornado,3,2,0.2,37,,EF1,350000,0,0
21005,Anderson County,flash_flood,7,5,0.5,49,,,0,0,0
21005,Anderson County,flood,3,2,0.2,38,,,0,0,0
21005,Anderson County,hail,12,8,0.8,41,1.75,,0,0,0
21005,Anderson County,lightning,1,1,0.1,66,,,2000,0,0
21005,Anderson County,thunderstorm_wind,30,20,2.0,37,55,,40000,0,0
21005,Anderson County,tornado,2,2,0.2,37,,EF1,0,0,0
21007,Ballard County,flash_flood,11,11,1.1,79,,,795000,0,0
21007,Ballard County,flood,29,26,2.6,95,,,544000,0,0
21007,Ballard County,hail,18,10,1.0,50,4.5,,330000,0,0
21007,Ballard County,thunderstorm_wind,39,33,3.3,65,74,,726000,0,0
21007,Ballard County,tornado,7,7,0.7,85,,EF2,355000,0,0
21009,Barren County,flash_flood,16,11,1.1,79,,,20000,0,0
21009,Barren County,hail,7,5,0.5,26,1.75,,0,0,0
21009,Barren County,lightning,4,3,0.3,91,,,50000,0,0
21009,Barren County,thunderstorm_wind,58,37,3.7,72,87,,480000,0,0
21009,Barren County,tornado,6,6,0.6,79,,EF2,80000,0,1
21011,Bath County,flash_flood,16,10,1.0,75,,,51000,0,0
21011,Bath County,flood,10,5,0.5,66,,,15100,5,0
21011,Bath County,hail,6,6,0.6,31,1.75,,0,0,0
21011,Bath County,lightning,1,1,0.1,66,,,0,1,0
21011,Bath County,thunderstorm_wind,85,31,3.1,62,83,,783800,0,0
21011,Bath County,tornado,2,1,0.1,22,,EF0,240000,0,0
21013,Bell County,flash_flood,29,18,1.8,92,,,55100,0,0
21013,Bell County,flood,20,12,1.2,86,,,4143000,0,0
21013,Bell County,hail,10,4,0.4,21,1.25,,10000,0,0
21013,Bell County,thunderstorm_wind,67,26,2.6,51,53,,183350,0,0
21015,Boone County,flash_flood,9,8,0.8,68,,,78000,0,0
21015,Boone County,flood,15,10,1.0,83,,,10000,0,0
21015,Boone County,hail,17,13,1.3,60,1.75,,0,0,0
21015,Boone County,lightning,2,2,0.2,85,,,10000,0,4
21015,Boone County,thunderstorm_wind,84,41,4.1,77,74,,484000,0,0
21015,Boone County,tornado,2,2,0.2,37,,EF1,300000,0,0
21017,Bourbon County,flash_flood,7,3,0.3,31,,,0,0,0
21017,Bourbon County,flood,8,7,0.7,75,,,15000,1,0
21017,Bourbon County,hail,1,1,0.1,6,1,,0,0,0
21017,Bourbon County,thunderstorm_wind,27,20,2.0,37,65,,380000,0,0
21017,Bourbon County,tornado,1,1,0.1,22,,EF1,0,0,0
21019,Boyd County,flash_flood,16,13,1.3,84,,,214200,0,0
21019,Boyd County,flood,31,22,2.2,94,,,61150,0,0
21019,Boyd County,hail,2,1,0.1,6,2,,0,0,0
21019,Boyd County,thunderstorm_wind,35,22,2.2,42,89,,161100,0,0
21019,Boyd County,tornado,2,1,0.1,22,,EF2,300000,0,0
21021,Boyle County,flash_flood,9,6,0.6,57,,,20000,0,0
21021,Boyle County,flood,1,1,0.1,20,,,0,0,0
21021,Boyle County,hail,7,6,0.6,31,1.5,,0,0,0
21021,Boyle County,thunderstorm_wind,23,18,1.8,32,55,,70000,0,0
21021,Boyle County,tornado,7,4,0.4,62,,EF2,250000,0,0
21023,Bracken County,flash_flood,6,5,0.5,49,,,270000,1,0
21023,Bracken County,flood,6,5,0.5,66,,,0,0,0
21023,Bracken County,hail,7,5,0.5,26,1,,0,0,0
21023,Bracken County,thunderstorm_wind,56,22,2.2,42,70,,730500,0,0
21023,Bracken County,tornado,2,2,0.2,37,,EF0,850000,0,0
21025,Breathitt County,flash_flood,20,12,1.2,81,,,160000,10,0
21025,Breathitt County,flood,23,16,1.6,90,,,19000,0,0
21025,Breathitt County,hail,23,9,0.9,45,2.75,,4000,0,0
21025,Breathitt County,thunderstorm_wind,83,47,4.7,83,60,,110600,0,0
21027,Breckinridge County,flash_flood,7,5,0.5,49,,,10000,0,0
21027,Breckinridge County,flood,5,3,0.3,50,,,0,0,0
21027,Breckinridge County,hail,20,11,1.1,53,1.75,,0,0,0
21027,Breckinridge County,lightning,1,1,0.1,66,,,200000,0,0
21027,Breckinridge County,thunderstorm_wind,78,37,3.7,72,77,,435000,0,2
21027,Breckinridge County,tornado,6,5,0.5,72,,EF1,100000,0,0
21029,Bullitt County,flash_flood,18,8,0.8,68,,,222000,1,0
21029,Bullitt County,flood,8,4,0.4,59,,,275000,0,0
21029,Bullitt County,hail,11,8,0.8,41,1.75,,0,0,0
21029,Bullitt County,thunderstorm_wind,70,30,3.0,60,83,,345000,0,0
21029,Bullitt County,tornado,3,2,0.2,37,,EF1,0,0,1
21031,Butler County,flash_flood,11,8,0.8,68,,,20000,0,0
21031,Butler County,flood,8,8,0.8,78,,,0,0,0
21031,Butler County,hail,16,12,1.2,57,1.75,,0,0,0
21031,Butler County,lightning,1,1,0.1,66,,,200000,0,0
21031,Butler County,thunderstorm_wind,64,39,3.9,74,60,,78000,0,0
21031,Butler County,tornado,3,3,0.3,51,,EF1,70000,0,0
21033,Caldwell County,flash_flood,7,7,0.7,62,,,60000,0,0
21033,Caldwell County,flood,4,4,0.4,59,,,200000,1,0
21033,Caldwell County,hail,13,11,1.1,53,2.5,,0,0,0
21033,Caldwell County,thunderstorm_wind,11,9,0.9,15,81,,2214000,0,0
21033,Caldwell County,tornado,5,4,0.4,62,,EF4,725000,4,15
21035,Calloway County,flash_flood,25,20,2.0,94,,,3940000,0,0
21035,Calloway County,flood,15,15,1.5,89,,,43000,0,0
21035,Calloway County,hail,32,25,2.5,84,1.75,,1000,0,0
21035,Calloway County,lightning,4,4,0.4,94,,,15000,1,0
21035,Calloway County,thunderstorm_wind,70,55,5.5,89,83,,1087000,0,2
21035,Calloway County,tornado,11,9,0.9,92,,EF1,1485000,0,0
21037,Campbell County,flash_flood,18,14,1.4,86,,,131000,0,0
21037,Campbell County,flood,11,10,1.0,83,,,20000,0,0
21037,Campbell County,hail,20,12,1.2,57,2.5,,250,0,0
21037,Campbell County,thunderstorm_wind,40,28,2.8,56,60,,241250,0,0
21039,Carlisle County,flash_flood,8,6,0.6,57,,,510000,0,0
21039,Carlisle County,flood,18,18,1.8,92,,,950000,0,0
21039,Carlisle County,hail,6,6,0.6,31,1.25,,0,0,0
21039,Carlisle County,thunderstorm_wind,22,18,1.8,32,70,,342000,0,0
21039,Carlisle County,tornado,3,2,0.2,37,,EF1,45000,0,0
21041,Carroll County,flash_flood,7,5,0.5,49,,,20000,0,0
21041,Carroll County,flood,11,7,0.7,75,,,6000,0,0
21041,Carroll County,hail,5,5,0.5,26,1.75,,0,0,0
21041,Carroll County,thunderstorm_wind,34,23,2.3,44,70,,349250,0,0
21041,Carroll County,tornado,2,1,0.1,22,,EF2,70000,0,0
21043,Carter County,flash_flood,17,15,1.5,88,,,2506750,0,0
21043,Carter County,flood,29,18,1.8,92,,,183000,0,0
21043,Carter County,hail,11,3,0.3,16,1.75,,25000,0,0
21043,Carter County,thunderstorm_wind,21,16,1.6,27,74,,111000,0,0
21045,Casey County,flash_flood,18,12,1.2,81,,,115000,0,0
21045,Casey County,flood,7,4,0.4,59,,,260000,0,0
21045,Casey County,hail,12,5,0.5,26,2.5,,50000,0,0
21045,Casey County,lightning,1,1,0.1,66,,,0,1,0
21045,Casey County,thunderstorm_wind,55,37,3.7,72,70,,150000,0,0
21045,Casey County,tornado,1,1,0.1,22,,EF1,0,0,0
21047,Christian County,flash_flood,16,15,1.5,88,,,385000,1,0
21047,Christian County,flood,40,33,3.3,97,,,176000,0,0
21047,Christian County,hail,30,21,2.1,79,1.75,,0,0,0
21047,Christian County,lightning,1,1,0.1,66,,,10000,0,0
21047,Christian County,thunderstorm_wind,76,52,5.2,87,87,,2351000,0,4
21047,Christian County,tornado,26,14,1.4,98,,EF2,10103000,0,13
21049,Clark County,flash_flood,14,7,0.7,62,,,5000,0,0
21049,Clark County,hail,6,4,0.4,21,1.5,,0,0,0
21049,Clark County,thunderstorm_wind,35,26,2.6,51,85,,80000,0,0
21049,Clark County,tornado,2,1,0.1,22,,EF1,0,0,0
21051,Clay County,flash_flood,12,9,0.9,72,,,110900,3,0
21051,Clay County,flood,13,8,0.8,78,,,155110,0,0
21051,Clay County,hail,8,5,0.5,26,2,,3000,0,0
21051,Clay County,thunderstorm_wind,56,29,2.9,58,53,,351000,0,1
21053,Clinton County,flash_flood,6,5,0.5,49,,,0,0,0
21053,Clinton County,flood,3,3,0.3,50,,,0,0,0
21053,Clinton County,hail,4,2,0.2,11,1.75,,0,0,0
21053,Clinton County,thunderstorm_wind,38,27,2.7,53,55,,63000,0,0
21053,Clinton County,tornado,4,2,0.2,37,,EF1,0,0,0
21055,Crittenden County,flash_flood,8,7,0.7,62,,,150000,0,0
21055,Crittenden County,flood,11,10,1.0,83,,,70000,0,0
21055,Crittenden County,hail,3,3,0.3,16,1.75,,0,0,0
21055,Crittenden County,thunderstorm_wind,9,9,0.9,15,78,,90000,0,0
21057,Cumberland County,flash_flood,11,9,0.9,72,,,0,0,0
21057,Cumberland County,flood,1,1,0.1,20,,,0,0,0
21057,Cumberland County,hail,5,5,0.5,26,1.75,,50000,0,0
21057,Cumberland County,thunderstorm_wind,22,20,2.0,37,74,,55000,0,0
21057,Cumberland County,tornado,4,2,0.2,37,,EF1,0,0,0
21059,Daviess County,flash_flood,20,20,2.0,94,,,355000,0,0
21059,Daviess County,flood,29,27,2.7,96,,,170000,0,0
21059,Daviess County,hail,37,26,2.6,85,2.75,,3260000,0,0
21059,Daviess County,lightning,1,1,0.1,66,,,5000,0,0
21059,Daviess County,thunderstorm_wind,54,42,4.2,78,87,,1574000,0,0
21059,Daviess County,tornado,9,4,0.4,62,,EF1,508000,0,0
21061,Edmonson County,flash_flood,9,6,0.6,57,,,0,0,0
21061,Edmonson County,flood,2,2,0.2,38,,,5000,1,0
21061,Edmonson County,hail,7,6,0.6,31,1,,0,0,0
21061,Edmonson County,thunderstorm_wind,43,29,2.9,58,83,,435000,0,0
21061,Edmonson County,tornado,4,3,0.3,51,,EF1,0,0,0
21063,Elliott County,flash_flood,2,2,0.2,21,,,10100,0,0
21063,Elliott County,hail,2,2,0.2,11,0.75,,0,0,0
21063,Elliott County,thunderstorm_wind,21,12,1.2,20,60,,4100,0,0
21065,Estill County,flash_flood,15,8,0.8,68,,,7000,0,0
21065,Estill County,flood,16,10,1.0,83,,,7600,0,0
21065,Estill County,hail,8,7,0.7,36,1.75,,0,0,0
21065,Estill County,thunderstorm_wind,81,36,3.6,70,90,,21700,0,1
21065,Estill County,tornado,1,1,0.1,22,,EF1,40000,0,0
21067,Fayette County,flash_flood,17,10,1.0,75,,,10000,0,0
21067,Fayette County,flood,6,6,0.6,71,,,60000,0,0
21067,Fayette County,hail,15,6,0.6,31,3,,0,0,0
21067,Fayette County,lightning,6,5,0.5,96,,,2565000,0,3
21067,Fayette County,thunderstorm_wind,96,43,4.3,79,83,,5776000,0,1
21069,Fleming County,flash_flood,7,6,0.6,57,,,120200,0,0
21069,Fleming County,flood,5,5,0.5,66,,,2002000,0,0
21069,Fleming County,hail,2,2,0.2,11,1.25,,0,0,0
21069,Fleming County,thunderstorm_wind,42,27,2.7,53,76,,342500,0,0
21069,Fleming County,tornado,1,1,0.1,22,,EF0,150000,0,0
21071,Floyd County,flash_flood,29,18,1.8,92,,,220300,0,0
21071,Floyd County,flood,41,19,1.9,92,,,265200,0,0
21071,Floyd County,hail,25,13,1.3,60,2.5,,0,0,0
21071,Floyd County,lightning,1,1,0.1,66,,,60000,0,1
21071,Floyd County,thunderstorm_wind,84,33,3.3,65,83,,323400,1,0
21073,Franklin County,flash_flood,15,11,1.1,79,,,0,2,0
21073,Franklin County,flood,6,5,0.5,66,,,0,0,0
21073,Franklin County,hail,10,9,0.9,45,2,,0,0,0
21073,Franklin County,lightning,1,1,0.1,66,,,20000,0,0
21073,Franklin County,thunderstorm_wind,43,24,2.4,47,63,,265000,0,0
21073,Franklin County,tornado,2,2,0.2,37,,EF1,0,0,0
21075,Fulton County,flash_flood,8,7,0.7,62,,,2195000,0,0
21075,Fulton County,flood,19,16,1.6,90,,,135000,1,0
21075,Fulton County,hail,9,9,0.9,45,1.75,,0,0,0
21075,Fulton County,thunderstorm_wind,20,15,1.5,25,65,,235000,0,0
21075,Fulton County,tornado,7,6,0.6,79,,EF4,1710000,1,5
21077,Gallatin County,flash_flood,5,3,0.3,31,,,108000,0,0
21077,Gallatin County,flood,8,5,0.5,66,,,5000,0,0
21077,Gallatin County,hail,2,2,0.2,11,2,,0,0,0
21077,Gallatin County,thunderstorm_wind,23,17,1.7,29,74,,196500,0,4
21077,Gallatin County,tornado,1,1,0.1,22,,EF0,30000,0,0
21079,Garrard County,flash_flood,6,6,0.6,57,,,30000,0,0
21079,Garrard County,flood,2,2,0.2,38,,,0,0,0
21079,Garrard County,hail,3,3,0.3,16,1.5,,0,0,0
21079,Garrard County,lightning,1,1,0.1,66,,,3000,0,0
21079,Garrard County,thunderstorm_wind,36,27,2.7,53,74,,92000,0,0
21079,Garrard County,tornado,5,3,0.3,51,,EF1,50000,0,0
21081,Grant County,flash_flood,8,3,0.3,31,,,40000,0,0
21081,Grant County,flood,4,3,0.3,50,,,0,0,0
21081,Grant County,hail,4,3,0.3,16,2,,0,0,0
21081,Grant County,thunderstorm_wind,40,19,1.9,34,60,,168500,0,1
21081,Grant County,tornado,3,2,0.2,37,,EF1,195000,0,0
21083,Graves County,flash_flood,18,15,1.5,88,,,2120000,0,0
21083,Graves County,flood,14,13,1.3,87,,,1295000,1,0
21083,Graves County,hail,23,15,1.5,66,2,,10000,0,0
21083,Graves County,lightning,1,1,0.1,66,,,10000,0,0
21083,Graves County,thunderstorm_wind,71,44,4.4,80,87,,1697000,2,1
21083,Graves County,tornado,18,15,1.5,99,,EF4,6251000,24,220
21085,Grayson County,flash_flood,17,8,0.8,68,,,55000,0,0
21085,Grayson County,flood,2,2,0.2,38,,,250000,0,0
21085,Grayson County,hail,17,7,0.7,36,1.75,,0,0,0
21085,Grayson County,lightning,1,1,0.1,66,,,0,0,2
21085,Grayson County,thunderstorm_wind,42,28,2.8,56,78,,175000,0,0
21085,Grayson County,tornado,4,3,0.3,51,,EF1,300000,0,0
21087,Green County,flash_flood,8,7,0.7,62,,,0,0,0
21087,Green County,flood,3,3,0.3,50,,,0,0,0
21087,Green County,hail,15,10,1.0,50,1.75,,0,0,0
21087,Green County,thunderstorm_wind,49,32,3.2,63,78,,471000,0,0
21087,Green County,tornado,3,3,0.3,51,,EF2,230000,0,0
21089,Greenup County,flash_flood,22,13,1.3,84,,,47000,0,0
21089,Greenup County,flood,25,20,2.0,93,,,74500,1,0
21089,Greenup County,hail,3,3,0.3,16,1,,0,0,0
21089,Greenup County,lightning,2,2,0.2,85,,,21000,0,0
21089,Greenup County,thunderstorm_wind,99,48,4.8,85,78,,215500,0,0
21089,Greenup County,tornado,2,2,0.2,37,,EF1,2020000,0,0
21091,Hancock County,flash_flood,10,6,0.6,57,,,0,0,0
21091,Hancock County,flood,2,2,0.2,38,,,0,0,0
21091,Hancock County,hail,9,6,0.6,31,1.75,,0,0,0
21091,Hancock County,thunderstorm_wind,44,25,2.5,49,60,,97000,0,0
21091,Hancock County,tornado,1,1,0.1,22,,EF0,6000,0,0
21093,Hardin County,flash_flood,24,13,1.3,84,,,38000,1,0
21093,Hardin County,flood,8,6,0.6,71,,,1350000,0,0
21093,Hardin County,hail,31,10,1.0,50,2.75,,0,0,0
21093,Hardin County,lightning,1,1,0.1,66,,,1000,0,0
21093,Hardin County,thunderstorm_wind,63,32,3.2,63,65,,628000,0,1
21093,Hardin County,tornado,8,5,0.5,72,,EF2,500000,0,0
21095,Harlan County,flash_flood,11,8,0.8,68,,,536000,0,0
21095,Harlan County,flood,11,8,0.8,78,,,5506000,0,0
21095,Harlan County,hail,8,6,0.6,31,2.5,,0,0,0
21095,Harlan County,thunderstorm_wind,51,33,3.3,65,61,,47900,0,0
21097,Harrison County,flash_flood,13,8,0.8,68,,,30000,0,0
21097,Harrison County,flood,4,4,0.4,59,,,100000,0,0
21097,Harrison County,hail,8,4,0.4,21,3,,0,0,0
21097,Harrison County,thunderstorm_wind,32,21,2.1,39,70,,715000,0,3
21097,Harrison County,tornado,1,1,0.1,22,,EF1,0,0,0
21099,Hart County,flash_flood,13,11,1.1,79,,,20000,2,0
21099,Hart County,flood,3,2,0.2,38,,,0,0,0
21099,Hart County,hail,13,9,0.9,45,1.75,,0,0,0
21099,Hart County,lightning,1,1,0.1,66,,,45000,0,0
21099,Hart County,thunderstorm_wind,45,38,3.8,73,64,,70000,0,0
21099,Hart County,tornado,5,4,0.4,62,,EF2,200000,0,1
21101,Henderson County,flash_flood,13,13,1.3,84,,,260000,0,0
21101,Henderson County,flood,30,28,2.8,96,,,32000,0,0
21101,Henderson County,hail,10,9,0.9,45,1.75,,0,0,0
21101,Henderson County,thunderstorm_wind,43,31,3.1,62,78,,270000,0,2
21101,Henderson County,tornado,6,4,0.4,62,,EF2,532000,0,0
21103,Henry County,flash_flood,3,3,0.3,31,,,85000,0,0
21103,Henry County,flood,1,1,0.1,20,,,0,0,0
21103,Henry County,hail,12,8,0.8,41,2,,0,0,0
21103,Henry County,lightning,1,1,0.1,66,,,30000,0,0
21103,Henry County,thunderstorm_wind,32,20,2.0,37,61,,370000,0,2
21103,Henry County,tornado,5,5,0.5,72,,EF1,200000,0,0
21105,Hickman County,flash_flood,14,11,1.1,79,,,260000,0,0
21105,Hickman County,flood,13,12,1.2,86,,,167000,0,0
21105,Hickman County,hail,4,4,0.4,21,1.25,,0,0,0
21105,Hickman County,thunderstorm_wind,18,17,1.7,29,65,,385000,0,0
21105,Hickman County,tornado,7,6,0.6,79,,EF3,970000,0,5
21107,Hopkins County,flash_flood,14,13,1.3,84,,,73000,0,0
21107,Hopkins County,flood,21,19,1.9,92,,,280000,0,0
21107,Hopkins County,hail,19,14,1.4,63,1.75,,50000,0,0
21107,Hopkins County,lightning,2,2,0.2,85,,,10000,1,0
21107,Hopkins County,thunderstorm_wind,27,21,2.1,39,87,,274000,0,0
21107,Hopkins County,tornado,4,4,0.4,62,,EF4,2702000,16,217
21109,Jackson County,flash_flood,12,11,1.1,79,,,32000,0,0
21109,Jackson County,flood,18,5,0.5,66,,,62000,0,0
21109,Jackson County,hail,15,10,1.0,50,2,,0,0,0
21109,Jackson County,thunderstorm_wind,43,27,2.7,53,59,,41800,0,0
21111,Jefferson County,flash_flood,71,26,2.6,96,,,621000,1,0
21111,Jefferson County,flood,35,15,1.5,89,,,500000,0,0
21111,Jefferson County,hail,55,17,1.7,70,2,,0,0,0
21111,Jefferson County,lightning,3,3,0.3,91,,,25000,0,0
21111,Jefferson County,thunderstorm_wind,238,72,7.2,96,74,,802500,1,0
21111,Jefferson County,tornado,11,9,0.9,92,,EF3,500000,0,23
21113,Jessamine County,flash_flood,3,2,0.2,21,,,100000,0,0
21113,Jessamine County,flood,2,2,0.2,38,,,0,0,0
21113,Jessamine County,hail,6,4,0.4,21,2.75,,0,0,0
21113,Jessamine County,lightning,1,1,0.1,66,,,30000,0,0
21113,Jessamine County,thunderstorm_wind,27,18,1.8,32,56,,219000,0,0
21113,Jessamine County,tornado,3,2,0.2,37,,EF1,0,0,0
21115,Johnson County,flash_flood,4,3,0.3,31,,,2000,0,0
21115,Johnson County,flood,7,4,0.4,59,,,25000,0,0
21115,Johnson County,hail,5,4,0.4,21,1,,0,0,0
21115,Johnson County,thunderstorm_wind,41,22,2.2,42,74,,139800,0,1
21117,Kenton County,flash_flood,12,10,1.0,75,,,102000,0,0
21117,Kenton County,flood,12,11,1.1,85,,,1000,0,0
21117,Kenton County,hail,10,8,0.8,41,1.75,,25000,0,0
21117,Kenton County,thunderstorm_wind,66,36,3.6,70,74,,510600,0,0
21117,Kenton County,tornado,1,1,0.1,22,,EF0,20000,0,0
21119,Knott County,flash_flood,9,6,0.6,57,,,23000,16,0
21119,Knott County,flood,8,7,0.7,75,,,200,0,0
21119,Knott County,hail,7,6,0.6,31,1.75,,0,0,0
21119,Knott County,thunderstorm_wind,21,14,1.4,23,59,,2100,0,0
21121,Knox County,flash_flood,9,8,0.8,68,,,10200,0,0
21121,Knox County,flood,12,9,0.9,81,,,2551000,0,0
21121,Knox County,hail,10,6,0.6,31,2,,10000,0,0
21121,Knox County,thunderstorm_wind,49,33,3.3,65,61,,48750,0,0
21121,Knox County,tornado,1,1,0.1,22,,EF1,200000,0,0
21123,Larue County,flash_flood,12,7,0.7,62,,,0,0,0
21123,Larue County,flood,2,2,0.2,38,,,0,0,0
21123,Larue County,hail,6,3,0.3,16,1,,0,0,0
21123,Larue County,thunderstorm_wind,33,19,1.9,34,74,,255000,0,1
21123,Larue County,tornado,5,4,0.4,62,,EF1,100000,0,0
21125,Laurel County,flash_flood,15,9,0.9,72,,,23700,0,0
21125,Laurel County,flood,13,8,0.8,78,,,37000,0,0
21125,Laurel County,hail,27,12,1.2,57,2,,0,0,0
21125,Laurel County,lightning,1,1,0.1,66,,,200000,0,0
21125,Laurel County,thunderstorm_wind,116,54,5.4,89,78,,383610,0,3
21125,Laurel County,tornado,1,1,0.1,22,,EF4,0,17,0
21127,Lawrence County,flash_flood,14,11,1.1,79,,,68750,0,0
21127,Lawrence County,flood,25,16,1.6,90,,,72150,0,0
21127,Lawrence County,hail,7,6,0.6,31,2.75,,45000,0,0
21127,Lawrence County,thunderstorm_wind,34,22,2.2,42,91,,207450,0,0
21127,Lawrence County,tornado,2,2,0.2,37,,EF2,520000,0,5
21129,Lee County,flash_flood,7,4,0.4,41,,,1000,0,0
21129,Lee County,flood,6,6,0.6,71,,,2000,0,0
21129,Lee County,hail,3,3,0.3,16,1,,0,0,0
21129,Lee County,thunderstorm_wind,30,20,2.0,37,70,,25000,0,0
21131,Leslie County,flash_flood,6,5,0.5,49,,,110600,0,0
21131,Leslie County,flood,11,10,1.0,83,,,412000,2,0
21131,Leslie County,hail,7,5,0.5,26,1.5,,0,0,0
21131,Leslie County,thunderstorm_wind,29,22,2.2,42,60,,145100,0,0
21133,Letcher County,flash_flood,5,5,0.5,49,,,96000,3,0
21133,Letcher County,flood,11,8,0.8,78,,,351000,0,0
21133,Letcher County,hail,4,4,0.4,21,1.75,,0,0,0
21133,Letcher County,thunderstorm_wind,32,19,1.9,34,60,,9500,0,0
21135,Lewis County,flash_flood,17,11,1.1,79,,,390000,0,0
21135,Lewis County,flood,19,10,1.0,83,,,4000,0,0
21135,Lewis County,hail,4,3,0.3,16,1.75,,0,0,0
21135,Lewis County,thunderstorm_wind,28,21,2.1,39,78,,207350,0,0
21135,Lewis County,tornado,1,1,0.1,22,,EF0,20000,0,0
21137,Lincoln County,flash_flood,11,8,0.8,68,,,350000,0,0
21137,Lincoln County,hail,3,2,0.2,11,1,,0,0,0
21137,Lincoln County,thunderstorm_wind,62,35,3.5,69,83,,296000,0,0
21137,Lincoln County,tornado,1,1,0.1,22,,EF1,0,0,0
21139,Livingston County,flash_flood,2,2,0.2,21,,,90000,0,0
21139,Livingston County,flood,16,15,1.5,89,,,666000,0,0
21139,Livingston County,hail,12,11,1.1,53,2.5,,50000,0,0
21139,Livingston County,thunderstorm_wind,18,16,1.6,27,65,,263000,0,0
21139,Livingston County,tornado,5,4,0.4,62,,EF2,296000,0,0
21141,Logan County,flash_flood,24,13,1.3,84,,,40000,0,0
21141,Logan County,flood,3,3,0.3,50,,,0,0,0
21141,Logan County,hail,8,6,0.6,31,1.75,,0,0,0
21141,Logan County,lightning,2,2,0.2,85,,,108000,0,0
21141,Logan County,thunderstorm_wind,68,47,4.7,83,61,,135000,0,0
21141,Logan County,tornado,7,6,0.6,79,,EF3,930000,1,2
21143,Lyon County,flash_flood,2,2,0.2,21,,,0,0,0
21143,Lyon County,flood,10,10,1.0,83,,,95000,0,0
21143,Lyon County,hail,2,2,0.2,11,1,,0,0,0
21143,Lyon County,thunderstorm_wind,20,20,2.0,37,78,,3746000,0,3
21143,Lyon County,tornado,8,8,0.8,89,,EF3,532000,1,5
21145,McCracken County,flash_flood,26,25,2.5,96,,,365000,0,0
21145,McCracken County,flood,41,39,3.9,98,,,1211000,1,1
21145,McCracken County,hail,19,15,1.5,66,2.1,,195000,0,0
21145,McCracken County,lightning,1,1,0.1,66,,,50000,0,0
21145,McCracken County,thunderstorm_wind,56,46,4.6,82,87,,1364000,0,0
21145,McCracken County,tornado,8,8,0.8,89,,EF2,3300000,0,1
21147,McCreary County,flash_flood,3,3,0.3,31,,,5400,0,0
21147,McCreary County,flood,10,7,0.7,75,,,73000,0,0
21147,McCreary County,hail,11,8,0.8,41,2.5,,0,0,0
21147,McCreary County,thunderstorm_wind,52,32,3.2,63,56,,2098600,0,0
21147,McCreary County,tornado,1,1,0.1,22,,EF1,150000,0,0
21149,McLean County,flash_flood,5,5,0.5,49,,,258000,0,0
21149,McLean County,flood,23,23,2.3,94,,,600000,0,0
21149,McLean County,hail,8,7,0.7,36,1.75,,0,0,0
21149,McLean County,thunderstorm_wind,12,11,1.1,18,74,,242000,0,0
21149,McLean County,tornado,1,1,0.1,22,,EF1,45000,0,0
21151,Madison County,flash_flood,14,9,0.9,72,,,0,0,0
21151,Madison County,flood,6,5,0.5,66,,,0,0,0
21151,Madison County,hail,18,7,0.7,36,2.75,,0,0,0
21151,Madison County,lightning,2,2,0.2,85,,,100000,0,4
21151,Madison County,thunderstorm_wind,83,42,4.2,78,96,,420000,0,4
21151,Madison County,tornado,4,3,0.3,51,,EF1,0,0,0
21153,Magoffin County,flash_flood,16,12,1.2,81,,,381000,0,0
21153,Magoffin County,flood,9,6,0.6,71,,,142000,0,0
21153,Magoffin County,hail,13,12,1.2,57,1,,0,0,0
21153,Magoffin County,thunderstorm_wind,56,33,3.3,65,78,,25250,0,0
21153,Magoffin County,tornado,1,1,0.1,22,,EF1,1000,0,0
21155,Marion County,flash_flood,14,6,0.6,57,,,60000,0,0
21155,Marion County,flood,4,2,0.2,38,,,0,1,0
21155,Marion County,hail,8,5,0.5,26,1.5,,0,0,0
21155,Marion County,lightning,1,1,0.1,66,,,250000,0,0
21155,Marion County,thunderstorm_wind,47,29,2.9,58,74,,110000,0,0
21155,Marion County,tornado,6,5,0.5,72,,EF2,185000,0,1
21157,Marshall County,flash_flood,17,15,1.5,88,,,2575000,0,0
21157,Marshall County,flood,15,14,1.4,88,,,1550000,1,1
21157,Marshall County,hail,18,16,1.6,68,2.25,,0,0,0
21157,Marshall County,thunderstorm_wind,46,34,3.4,67,96,,1121000,0,0
21157,Marshall County,tornado,10,9,0.9,92,,EF4,1628000,1,54
21159,Martin County,flash_flood,5,5,0.5,49,,,500,0,0
21159,Martin County,flood,5,5,0.5,66,,,6000,0,0
21159,Martin County,thunderstorm_wind,30,16,1.6,27,51,,142000,0,0
21161,Mason County,flash_flood,9,6,0.6,57,,,810000,0,0
21161,Mason County,flood,26,12,1.2,86,,,0,0,0
21161,Mason County,hail,4,4,0.4,21,1,,0,0,0
21161,Mason County,thunderstorm_wind,37,19,1.9,34,70,,208000,0,0
21161,Mason County,tornado,5,5,0.5,72,,EF1,440000,0,0
21163,Meade County,flash_flood,6,5,0.5,49,,,0,0,0
21163,Meade County,flood,4,3,0.3,50,,,0,0,0
21163,Meade County,hail,9,6,0.6,31,1.75,,0,0,0
21163,Meade County,thunderstorm_wind,51,31,3.1,62,87,,65000,0,0
21163,Meade County,tornado,5,4,0.4,62,,EF1,200000,0,1
21165,Menifee County,flash_flood,15,5,0.5,49,,,2632500,0,0
21165,Menifee County,flood,5,4,0.4,59,,,52000,0,0
21165,Menifee County,hail,3,3,0.3,16,1,,0,0,0
21165,Menifee County,thunderstorm_wind,36,19,1.9,34,96,,49000,0,0
21167,Mercer County,flash_flood,5,4,0.4,41,,,0,0,0
21167,Mercer County,flood,3,2,0.2,38,,,0,0,0
21167,Mercer County,hail,9,5,0.5,26,2.75,,0,0,0
21167,Mercer County,thunderstorm_wind,28,20,2.0,37,75,,40000,1,0
21167,Mercer County,tornado,2,2,0.2,37,,EF1,0,0,0
21169,Metcalfe County,flash_flood,10,5,0.5,49,,,0,0,0
21169,Metcalfe County,flood,3,3,0.3,50,,,200000,0,0
21169,Metcalfe County,hail,3,2,0.2,11,1.75,,0,0,0
21169,Metcalfe County,thunderstorm_wind,28,24,2.4,47,78,,575000,0,0
21169,Metcalfe County,tornado,6,5,0.5,72,,EF1,650000,0,0
21171,Monroe County,flash_flood,8,6,0.6,57,,,0,0,0
21171,Monroe County,flood,1,1,0.1,20,,,10000,1,0
21171,Monroe County,hail,9,6,0.6,31,4,,0,0,0
21171,Monroe County,thunderstorm_wind,26,22,2.2,42,70,,125000,0,0
21171,Monroe County,tornado,4,4,0.4,62,,EF1,0,0,0
21173,Montgomery County,flash_flood,11,10,1.0,75,,,30300,0,0
21173,Montgomery County,flood,12,6,0.6,71,,,775000,0,0
21173,Montgomery County,hail,3,2,0.2,11,1,,0,0,0
21173,Montgomery County,lightning,1,1,0.1,66,,,2000,0,0
21173,Montgomery County,thunderstorm_wind,74,32,3.2,63,65,,84750,0,0
21175,Morgan County,flash_flood,14,8,0.8,68,,,416000,0,0
21175,Morgan County,flood,10,8,0.8,78,,,67000,0,0
21175,Morgan County,hail,6,6,0.6,31,1,,0,0,0
21175,Morgan County,thunderstorm_wind,61,38,3.8,73,60,,76600,0,0
21177,Muhlenberg County,flash_flood,12,10,1.0,75,,,370000,0,0
21177,Muhlenberg County,flood,62,62,6.2,99,,,1640000,0,0
21177,Muhlenberg County,hail,19,14,1.4,63,2.75,,110000,0,0
21177,Muhlenberg County,thunderstorm_wind,39,30,3.0,60,74,,954000,0,2
21177,Muhlenberg County,tornado,7,5,0.5,72,,EF4,1088000,11,25
21179,Nelson County,flash_flood,18,10,1.0,75,,,10000,1,0
21179,Nelson County,flood,3,3,0.3,50,,,0,0,0
21179,Nelson County,hail,26,11,1.1,53,2.5,,0,0,0
21179,Nelson County,lightning,1,1,0.1,66,,,25000,0,0
21179,Nelson County,thunderstorm_wind,47,33,3.3,65,65,,60000,0,0
21179,Nelson County,tornado,3,3,0.3,51,,EF1,200000,0,0
21181,Nicholas County,flash_flood,16,10,1.0,75,,,2000000,2,0
21181,Nicholas County,flood,7,7,0.7,75,,,0,0,0
21181,Nicholas County,thunderstorm_wind,20,13,1.3,21,80,,15000,0,0
21183,Ohio County,flash_flood,16,8,0.8,68,,,140000,0,0
21183,Ohio County,flood,8,8,0.8,78,,,10000,1,0
21183,Ohio County,hail,14,10,1.0,50,1.75,,0,0,0
21183,Ohio County,thunderstorm_wind,51,34,3.4,67,60,,170000,0,0
21183,Ohio County,tornado,5,5,0.5,72,,EF3,700000,0,1
21185,Oldham County,flash_flood,9,8,0.8,68,,,0,0,0
21185,Oldham County,flood,3,2,0.2,38,,,0,0,0
21185,Oldham County,hail,23,12,1.2,57,2,,0,0,0
21185,Oldham County,thunderstorm_wind,57,35,3.5,69,78,,221000,0,0
21185,Oldham County,tornado,5,4,0.4,62,,EF2,350000,0,0
21187,Owen County,flash_flood,11,7,0.7,62,,,125000,1,0
21187,Owen County,flood,11,10,1.0,83,,,500,1,0
21187,Owen County,hail,3,3,0.3,16,1.5,,0,0,0
21187,Owen County,thunderstorm_wind,51,30,3.0,60,60,,206700,0,0
21189,Owsley County,flash_flood,5,3,0.3,31,,,1000,0,0
21189,Owsley County,flood,6,3,0.3,50,,,2000,0,0
21189,Owsley County,hail,10,8,0.8,41,1.25,,0,0,0
21189,Owsley County,thunderstorm_wind,13,10,1.0,16,65,,70000,0,0
21191,Pendleton County,flash_flood,5,3,0.3,31,,,40000,0,0
21191,Pendleton County,flood,18,11,1.1,85,,,0,0,0
21191,Pendleton County,hail,1,1,0.1,6,1,,0,0,0
21191,Pendleton County,thunderstorm_wind,42,30,3.0,60,50,,170000,0,0
21191,Pendleton County,tornado,1,1,0.1,22,,EF1,35000,0,0
21193,Perry County,flash_flood,10,7,0.7,62,,,26100,7,0
21193,Perry County,flood,9,8,0.8,78,,,84000,0,0
21193,Perry County,hail,15,8,0.8,41,1.75,,10,0,0
21193,Perry County,thunderstorm_wind,46,24,2.4,47,55,,82000,0,0
21195,Pike County,flash_flood,39,18,1.8,92,,,729100,0,0
21195,Pike County,flood,14,13,1.3,87,,,14010,0,0
21195,Pike County,hail,27,16,1.6,68,2.5,,10,0,0
21195,Pike County,thunderstorm_wind,109,40,4.0,76,78,,176600,0,0
21197,Powell County,flash_flood,14,10,1.0,75,,,190060,0,0
21197,Powell County,flood,13,12,1.2,86,,,14700,0,0
21197,Powell County,hail,8,5,0.5,26,2,,0,0,0
21197,Powell County,lightning,2,2,0.2,85,,,26000,0,0
21197,Powell County,thunderstorm_wind,79,40,4.0,76,61,,150100,0,0
21199,Pulaski County,flash_flood,16,11,1.1,79,,,36900,0,0
21199,Pulaski County,flood,19,11,1.1,85,,,33500,0,0
21199,Pulaski County,hail,27,15,1.5,66,2.5,,20100,0,0
21199,Pulaski County,lightning,2,2,0.2,85,,,55000,0,0
21199,Pulaski County,thunderstorm_wind,153,60,6.0,92,60,,321500,0,2
21199,Pulaski County,tornado,2,2,0.2,37,,EF4,0,1,2
21201,Robertson County,flash_flood,2,2,0.2,21,,,0,0,0
21201,Robertson County,flood,2,2,0.2,38,,,0,0,0
21201,Robertson County,thunderstorm_wind,4,4,0.4,9,50,,72000,0,0
21201,Robertson County,tornado,1,1,0.1,22,,EF0,25000,0,0
21203,Rockcastle County,flash_flood,17,9,0.9,72,,,644500,0,0
21203,Rockcastle County,flood,12,7,0.7,75,,,0,0,0
21203,Rockcastle County,hail,11,9,0.9,45,1.25,,10,0,0
21203,Rockcastle County,lightning,1,1,0.1,66,,,50000,0,0
21203,Rockcastle County,thunderstorm_wind,73,37,3.7,72,70,,337600,0,0
21203,Rockcastle County,tornado,1,1,0.1,22,,EF1,0,0,0
21205,Rowan County,flash_flood,11,8,0.8,68,,,104500,1,0
21205,Rowan County,flood,4,3,0.3,50,,,282500,1,0
21205,Rowan County,hail,6,4,0.4,21,2,,0,0,0
21205,Rowan County,thunderstorm_wind,66,33,3.3,65,76,,203400,0,0
21207,Russell County,flash_flood,5,5,0.5,49,,,0,0,0
21207,Russell County,flood,2,2,0.2,38,,,0,0,0
21207,Russell County,hail,6,3,0.3,16,1.75,,0,0,0
21207,Russell County,lightning,1,1,0.1,66,,,3000,0,0
21207,Russell County,thunderstorm_wind,30,23,2.3,44,87,,67000,0,0
21207,Russell County,tornado,2,2,0.2,37,,EF3,0,0,0
21209,Scott County,flash_flood,24,9,0.9,72,,,70000,1,0
21209,Scott County,flood,10,4,0.4,59,,,0,0,0
21209,Scott County,hail,7,7,0.7,36,1,,0,0,0
21209,Scott County,lightning,1,1,0.1,66,,,5000,0,0
21209,Scott County,thunderstorm_wind,61,34,3.4,67,70,,575000,0,0
21209,Scott County,tornado,1,1,0.1,22,,EF1,0,0,2
21211,Shelby County,flash_flood,6,5,0.5,49,,,0,0,0
21211,Shelby County,flood,6,2,0.2,38,,,0,0,0
21211,Shelby County,hail,13,9,0.9,45,1.75,,0,0,0
21211,Shelby County,lightning,1,1,0.1,66,,,10000,0,0
21211,Shelby County,thunderstorm_wind,43,28,2.8,56,72,,15000,0,0
21211,Shelby County,tornado,5,3,0.3,51,,EF1,0,0,0
21213,Simpson County,flash_flood,35,18,1.8,92,,,10000,0,0
21213,Simpson County,flood,6,6,0.6,71,,,35000,3,0
21213,Simpson County,hail,1,1,0.1,6,1,,0,0,0
21213,Simpson County,lightning,1,1,0.1,66,,,30000,0,0
21213,Simpson County,thunderstorm_wind,56,30,3.0,60,74,,405000,0,0
21213,Simpson County,tornado,4,4,0.4,62,,EF1,60000,0,0
21215,Spencer County,flash_flood,5,4,0.4,41,,,0,0,0
21215,Spencer County,flood,10,5,0.5,66,,,100000,1,0
21215,Spencer County,hail,6,6,0.6,31,1.5,,0,0,0
21215,Spencer County,thunderstorm_wind,22,17,1.7,29,70,,152000,0,0
21215,Spencer County,tornado,4,3,0.3,51,,EF1,0,0,0
21217,Taylor County,flash_flood,19,12,1.2,81,,,40000,0,0
21217,Taylor County,flood,2,2,0.2,38,,,0,0,0
21217,Taylor County,hail,16,7,0.7,36,1.75,,0,0,0
21217,Taylor County,lightning,2,2,0.2,85,,,15000,0,0
21217,Taylor County,thunderstorm_wind,56,39,3.9,74,61,,665000,0,0
21217,Taylor County,tornado,5,4,0.4,62,,EF3,75000,1,32
21219,Todd County,flash_flood,16,16,1.6,90,,,1520000,0,0
21219,Todd County,flood,10,10,1.0,83,,,0,0,0
21219,Todd County,hail,7,7,0.7,36,1.75,,0,0,0
21219,Todd County,lightning,2,2,0.2,85,,,35000,0,1
21219,Todd County,thunderstorm_wind,28,23,2.3,44,100,,340000,0,0
21219,Todd County,tornado,9,8,0.8,89,,EF2,2343000,0,0
21221,Trigg County,flash_flood,8,7,0.7,62,,,225000,0,0
21221,Trigg County,flood,9,9,0.9,81,,,95000,0,0
21221,Trigg County,hail,9,6,0.6,31,2.5,,120000,0,0
21221,Trigg County,lightning,1,1,0.1,66,,,20000,0,0
21221,Trigg County,thunderstorm_wind,37,26,2.6,51,78,,648200,0,0
21221,Trigg County,tornado,12,9,0.9,92,,EF1,775000,0,0
21223,Trimble County,flash_flood,4,4,0.4,41,,,0,0,0
21223,Trimble County,flood,3,2,0.2,38,,,0,0,0
21223,Trimble County,hail,4,4,0.4,21,2.75,,0,0,0
21223,Trimble County,thunderstorm_wind,27,17,1.7,29,70,,555000,0,0
21223,Trimble County,tornado,1,1,0.1,22,,EF2,0,0,2
21225,Union County,flash_flood,4,4,0.4,41,,,0,1,0
21225,Union County,flood,44,43,4.3,98,,,50000,0,0
21225,Union County,hail,9,8,0.8,41,1.25,,0,0,0
21225,Union County,thunderstorm_wind,17,14,1.4,23,74,,211000,0,0
21225,Union County,tornado,12,7,0.7,85,,EF3,16000000,0,6
21227,Warren County,flash_flood,22,12,1.2,81,,,30000,0,0
21227,Warren County,flood,10,9,0.9,81,,,20000,0,0
21227,Warren County,hail,37,12,1.2,57,2.75,,0,0,0
21227,Warren County,lightning,2,2,0.2,85,,,200000,0,0
21227,Warren County,thunderstorm_wind,105,51,5.1,87,87,,670000,0,0
21227,Warren County,tornado,9,7,0.7,85,,EF3,700000,16,63
21229,Washington County,flash_flood,14,6,0.6,57,,,140000,1,1
21229,Washington County,flood,3,3,0.3,50,,,10000,1,0
21229,Washington County,hail,5,5,0.5,26,2,,100000,0,0
21229,Washington County,thunderstorm_wind,37,21,2.1,39,70,,110000,0,0
21229,Washington County,tornado,2,2,0.2,37,,EF2,0,1,14
21231,Wayne County,flash_flood,2,2,0.2,21,,,100,0,0
21231,Wayne County,flood,1,1,0.1,20,,,0,0,0
21231,Wayne County,hail,11,5,0.5,26,2.75,,70000,0,0
21231,Wayne County,lightning,1,1,0.1,66,,,75000,0,0
21231,Wayne County,thunderstorm_wind,73,40,4.0,76,58,,205750,0,0
21231,Wayne County,tornado,1,1,0.1,22,,EF1,40000,0,0
21233,Webster County,flash_flood,15,12,1.2,81,,,40000,0,0
21233,Webster County,flood,10,10,1.0,83,,,0,0,0
21233,Webster County,hail,14,13,1.3,60,2.5,,10000,0,0
21233,Webster County,thunderstorm_wind,19,15,1.5,25,70,,690000,0,0
21233,Webster County,tornado,3,2,0.2,37,,EF0,9000,0,0
21235,Whitley County,flash_flood,20,10,1.0,75,,,92700,0,0
21235,Whitley County,flood,14,9,0.9,81,,,4008000,1,0
21235,Whitley County,hail,18,9,0.9,45,3,,0,0,0
21235,Whitley County,lightning,1,1,0.1,66,,,7000,0,0
21235,Whitley County,thunderstorm_wind,78,43,4.3,79,74,,691000,0,0
21237,Wolfe County,flash_flood,13,8,0.8,68,,,526000,0,0
21237,Wolfe County,flood,7,5,0.5,66,,,0,0,0
21237,Wolfe County,hail,8,4,0.4,21,2.5,,0,0,0
21237,Wolfe County,lightning,1,1,0.1,66,,,2000,0,0
21237,Wolfe County,thunderstorm_wind,55,28,2.8,56,65,,125600,0,0
21239,Woodford County,flash_flood,3,3,0.3,31,,,0,0,0
21239,Woodford County,hail,2,2,0.2,11,1,,0,0,0
21239,Woodford County,thunderstorm_wind,42,24,2.4,47,70,,115000,0,0
21239,Woodford County,tornado,1,1,0.1,22,,EF1,0,0,0
22001,Acadia Parish,flash_flood,14,13,1.3,84,,,45380000,0,10
22001,Acadia Parish,flood,1,1,0.1,20,,,200000000,0,0
22001,Acadia Parish,hail,22,11,1.1,53,2,,0,0,0
22001,Acadia Parish,lightning,1,1,0.1,66,,,10000,0,0
22001,Acadia Parish,thunderstorm_wind,50,30,3.0,60,100,,610000,0,1
22001,Acadia Parish,tornado,12,9,0.9,92,,EF3,918000,1,13
22003,Allen Parish,flash_flood,11,11,1.1,79,,,850000,0,0
22003,Allen Parish,flood,1,1,0.1,20,,,850000,0,0
22003,Allen Parish,hail,14,9,0.9,45,1.75,,0,0,0
22003,Allen Parish,thunderstorm_wind,38,22,2.2,42,83,,151000,0,0
22003,Allen Parish,tornado,9,7,0.7,85,,EF2,684000,0,0
22005,Ascension Parish,flash_flood,17,11,1.1,79,,,460149000,0,0
22005,Ascension Parish,flood,1,1,0.1,20,,,1070000000,0,0
22005,Ascension Parish,hail,15,8,0.8,41,2,,0,0,0
22005,Ascension Parish,lightning,1,1,0.1,66,,,2000,0,0
22005,Ascension Parish,thunderstorm_wind,33,23,2.3,44,70,,47000,0,0
22005,Ascension Parish,tornado,8,7,0.7,85,,EF2,152000,0,6
22007,Assumption Parish,flash_flood,2,2,0.2,21,,,0,0,0
22007,Assumption Parish,hail,7,6,0.6,31,2,,0,0,0
22007,Assumption Parish,thunderstorm_wind,3,3,0.3,7,61,,101000,0,0
22007,Assumption Parish,tornado,4,4,0.4,62,,EF3,150000,0,0
22009,Avoyelles Parish,flash_flood,8,8,0.8,68,,,6515000,0,0
22009,Avoyelles Parish,flood,1,1,0.1,20,,,950000,0,0
22009,Avoyelles Parish,hail,10,6,0.6,31,1.5,,0,0,0
22009,Avoyelles Parish,lightning,1,1,0.1,66,,,5000,0,0
22009,Avoyelles Parish,thunderstorm_wind,24,18,1.8,32,78,,170000,0,0
22009,Avoyelles Parish,tornado,20,11,1.1,95,,EF2,7065000,0,4
22011,Beauregard Parish,flash_flood,14,12,1.2,81,,,18125000,0,0
22011,Beauregard Parish,flood,1,1,0.1,20,,,40000000,0,0
22011,Beauregard Parish,hail,23,14,1.4,63,2,,1000,0,0
22011,Beauregard Parish,thunderstorm_wind,42,29,2.9,58,76,,183000,0,0
22011,Beauregard Parish,tornado,22,11,1.1,95,,EF3,3707000,0,3
22013,Bienville Parish,flash_flood,18,11,1.1,79,,,0,1,1
22013,Bienville Parish,hail,20,12,1.2,57,2.75,,0,0,0
22013,Bienville Parish,thunderstorm_wind,60,35,3.5,69,87,,200000,0,0
22013,Bienville Parish,tornado,13,11,1.1,95,,EF2,470000,0,0
22015,Bossier Parish,flash_flood,59,25,2.5,96,,,0,0,0
22015,Bossier Parish,flood,1,1,0.1,20,,,0,0,0
22015,Bossier Parish,hail,75,26,2.6,85,4,,0,0,0
22015,Bossier Parish,lightning,4,3,0.3,91,,,93000,0,0
22015,Bossier Parish,thunderstorm_wind,107,63,6.3,93,91,,1320500,0,1
22015,Bossier Parish,tornado,21,14,1.4,98,,EF2,5996000,6,2
22017,Caddo Parish,flash_flood,128,39,3.9,98,,,0,1,0
22017,Caddo Parish,flood,11,8,0.8,78,,,0,0,0
22017,Caddo Parish,hail,102,38,3.8,95,3,,0,0,0
22017,Caddo Parish,lightning,3,3,0.3,91,,,560000,0,0
22017,Caddo Parish,thunderstorm_wind,271,92,9.2,99,74,,185000,1,4
22017,Caddo Parish,tornado,30,22,2.2,100,,EF2,56973000,2,5
22019,Calcasieu Parish,flash_flood,55,50,5.0,99,,,586891000,1,0
22019,Calcasieu Parish,flood,1,1,0.1,20,,,50000000,0,0
22019,Calcasieu Parish,hail,45,19,1.9,75,3,,46000000,0,0
22019,Calcasieu Parish,lightning,4,4,0.4,94,,,1530000,0,1
22019,Calcasieu Parish,thunderstorm_wind,85,46,4.6,82,70,,617000,0,0
22019,Calcasieu Parish,tornado,29,17,1.7,99,,EF2,5827000,0,3
22021,Caldwell Parish,flash_flood,9,4,0.4,41,,,4000000,0,0
22021,Caldwell Parish,flood,2,2,0.2,38,,,0,0,0
22021,Caldwell Parish,hail,11,9,0.9,45,2.75,,0,0,0
22021,Caldwell Parish,thunderstorm_wind,33,26,2.6,51,78,,10000,1,0
22021,Caldwell Parish,tornado,7,6,0.6,79,,EF3,790000,0,1
22023,Cameron Parish,flash_flood,4,4,0.4,41,,,10000,0,0
22023,Cameron Parish,flood,3,3,0.3,50,,,25050000,0,0
22023,Cameron Parish,hail,7,6,0.6,31,1.75,,0,0,0
22023,Cameron Parish,lightning,1,1,0.1,66,,,5000,0,0
22023,Cameron Parish,thunderstorm_wind,28,21,2.1,39,72,,297000,0,0
22023,Cameron Parish,tornado,14,12,1.2,97,,EF1,312000,0,0
22025,Catahoula Parish,flash_flood,8,5,0.5,49,,,711000,0,0
22025,Catahoula Parish,flood,1,1,0.1,20,,,2000,0,0
22025,Catahoula Parish,hail,12,10,1.0,50,3.5,,112000,0,0
22025,Catahoula Parish,thunderstorm_wind,50,38,3.8,73,75,,1734000,0,0
22025,Catahoula Parish,tornado,9,3,0.3,51,,EF2,567000,0,2
22027,Claiborne Parish,flash_flood,5,3,0.3,31,,,0,0,0
22027,Claiborne Parish,hail,13,8,0.8,41,1.75,,0,0,0
22027,Claiborne Parish,lightning,1,1,0.1,66,,,0,0,10
22027,Claiborne Parish,thunderstorm_wind,33,27,2.7,53,74,,0,0,0
22027,Claiborne Parish,tornado,6,6,0.6,79,,EF2,240000,0,0
22029,Concordia Parish,flash_flood,7,6,0.6,57,,,100000,0,0
22029,Concordia Parish,hail,11,9,0.9,45,1.75,,325000,0,0
22029,Concordia Parish,thunderstorm_wind,43,25,2.5,49,65,,815000,0,0
22029,Concordia Parish,tornado,6,5,0.5,72,,EF1,200000,0,0
22031,De Soto Parish,flash_flood,28,13,1.3,84,,,0,1,0
22031,De Soto Parish,flood,4,4,0.4,59,,,0,0,0
22031,De Soto Parish,hail,23,15,1.5,66,2.5,,0,0,0
22031,De Soto Parish,thunderstorm_wind,69,41,4.1,77,87,,0,1,3
22031,De Soto Parish,tornado,28,10,1.0,94,,EF2,3730000,0,2
22033,East Baton Rouge Parish,flash_flood,78,36,3.6,98,,,723092000,3,0
22033,East Baton Rouge Parish,flood,3,3,0.3,50,,,1680000000,4,0
22033,East Baton Rouge Parish,hail,34,22,2.2,81,3.75,,0,0,0
22033,East Baton Rouge Parish,lightning,10,9,0.9,98,,,4582500,1,1
22033,East Baton Rouge Parish,thunderstorm_wind,98,47,4.7,83,75,,637000,0,3
22033,East Baton Rouge Parish,tornado,8,7,0.7,85,,EF1,353000,0,1
22035,East Carroll Parish,flash_flood,12,8,0.8,68,,,519000,0,0
22035,East Carroll Parish,flood,3,3,0.3,50,,,120000,0,0
22035,East Carroll Parish,hail,8,7,0.7,36,1.75,,93000,0,0
22035,East Carroll Parish,thunderstorm_wind,40,32,3.2,63,65,,637000,0,0
22035,East Carroll Parish,tornado,3,2,0.2,37,,EF1,315000,0,0
22037,East Feliciana Parish,flash_flood,13,8,0.8,68,,,24404000,0,0
22037,East Feliciana Parish,hail,5,5,0.5,26,1.75,,0,0,0
22037,East Feliciana Parish,thunderstorm_wind,22,15,1.5,25,61,,128000,0,0
22039,Evangeline Parish,flash_flood,15,15,1.5,88,,,18628000,0,0
22039,Evangeline Parish,hail,2,2,0.2,11,1,,0,0,0
22039,Evangeline Parish,lightning,1,1,0.1,66,,,50000,0,0
22039,Evangeline Parish,thunderstorm_wind,12,9,0.9,15,52,,56000,0,0
22039,Evangeline Parish,tornado,11,9,0.9,92,,EF2,501000,0,0
22041,Franklin Parish,flash_flood,15,13,1.3,84,,,1914000,0,0
22041,Franklin Parish,flood,1,1,0.1,20,,,10000,0,0
22041,Franklin Parish,hail,24,15,1.5,66,2.25,,642000,0,0
22041,Franklin Parish,thunderstorm_wind,57,41,4.1,77,85,,1984000,0,0
22041,Franklin Parish,tornado,9,5,0.5,72,,EF2,865000,1,3
22043,Grant Parish,flash_flood,25,10,1.0,75,,,0,0,0
22043,Grant Parish,flood,2,2,0.2,38,,,0,0,0
22043,Grant Parish,hail,24,15,1.5,66,2,,0,0,0
22043,Grant Parish,lightning,1,1,0.1,66,,,0,0,1
22043,Grant Parish,thunderstorm_wind,47,31,3.1,62,87,,0,0,0
22043,Grant Parish,tornado,9,7,0.7,85,,EF2,825000,0,3
22045,Iberia Parish,flash_flood,16,16,1.6,90,,,41140000,0,0
22045,Iberia Parish,flood,1,1,0.1,20,,,100000000,0,0
22045,Iberia Parish,hail,12,6,0.6,31,1.75,,0,0,0
22045,Iberia Parish,lightning,2,2,0.2,85,,,25000,0,0
22045,Iberia Parish,thunderstorm_wind,24,22,2.2,42,93,,82000,0,0
22045,Iberia Parish,tornado,3,2,0.2,37,,EF2,500000,0,16
22047,Iberville Parish,flash_flood,4,3,0.3,31,,,4000,0,0
22047,Iberville Parish,flood,1,1,0.1,20,,,6470000,0,0
22047,Iberville Parish,hail,12,10,1.0,50,1.5,,0,0,0
22047,Iberville Parish,lightning,1,1,0.1,66,,,10000,0,0
22047,Iberville Parish,thunderstorm_wind,10,8,0.8,13,70,,22500,0,0
22047,Iberville Parish,tornado,6,3,0.3,51,,EF0,25000,0,0
22049,Jackson Parish,flash_flood,7,5,0.5,49,,,560000,0,0
22049,Jackson Parish,hail,13,10,1.0,50,2.5,,0,0,0
22049,Jackson Parish,thunderstorm_wind,31,21,2.1,39,78,,0,0,0
22049,Jackson Parish,tornado,12,6,0.6,79,,EF2,2186000,0,3
22051,Jefferson Parish,flash_flood,55,29,2.9,97,,,39760500,0,0
22051,Jefferson Parish,flood,3,3,0.3,50,,,0,0,0
22051,Jefferson Parish,hail,10,9,0.9,45,1.5,,0,0,0
22051,Jefferson Parish,lightning,1,1,0.1,66,,,0,1,0
22051,Jefferson Parish,thunderstorm_wind,56,25,2.5,49,73,,88500,0,2
22051,Jefferson Parish,tornado,12,11,1.1,95,,EF2,51136500,0,2
22053,Jefferson Davis Parish,flash_flood,14,14,1.4,86,,,15021000,0,0
22053,Jefferson Davis Parish,flood,1,1,0.1,20,,,50000000,0,0
22053,Jefferson Davis Parish,hail,12,5,0.5,26,2.5,,0,0,0
22053,Jefferson Davis Parish,thunderstorm_wind,22,20,2.0,37,93,,193000,0,0
22053,Jefferson Davis Parish,tornado,9,7,0.7,85,,EF1,265000,0,0
22055,Lafayette Parish,flash_flood,26,26,2.6,96,,,401046000,0,0
22055,Lafayette Parish,flood,1,1,0.1,20,,,700000000,0,0
22055,Lafayette Parish,hail,19,12,1.2,57,1.75,,0,0,0
22055,Lafayette Parish,lightning,4,3,0.3,91,,,365000,0,0
22055,Lafayette Parish,thunderstorm_wind,40,21,2.1,39,87,,611000,0,0
22055,Lafayette Parish,tornado,3,3,0.3,51,,EF2,755000,0,0
22057,Lafourche Parish,flash_flood,6,3,0.3,31,,,4520000,0,0
22057,Lafourche Parish,hail,17,9,0.9,45,3.5,,0,0,0
22057,Lafourche Parish,lightning,1,1,0.1,66,,,0,1,2
22057,Lafourche Parish,thunderstorm_wind,13,9,0.9,15,65,,1000,0,0
22057,Lafourche Parish,tornado,4,3,0.3,51,,EF1,0,0,0
22059,LaSalle Parish,flash_flood,20,13,1.3,84,,,0,0,0
22059,LaSalle Parish,flood,1,1,0.1,20,,,0,0,0
22059,LaSalle Parish,hail,12,9,0.9,45,1.75,,0,0,0
22059,LaSalle Parish,thunderstorm_wind,30,22,2.2,42,65,,0,0,0
22059,LaSalle Parish,tornado,8,5,0.5,72,,EF2,2865000,0,0
22061,Lincoln Parish,flash_flood,8,8,0.8,68,,,10000000,0,0
22061,Lincoln Parish,flood,1,1,0.1,20,,,0,0,0
22061,Lincoln Parish,hail,19,14,1.4,63,1.75,,0,0,0
22061,Lincoln Parish,thunderstorm_wind,49,30,3.0,60,74,,30500,0,0
22061,Lincoln Parish,tornado,6,4,0.4,62,,EF3,51500000,2,2
22063,Livingston Parish,flash_flood,15,8,0.8,68,,,577800000,0,0
22063,Livingston Parish,flood,1,1,0.1,20,,,1340000000,1,0
22063,Livingston Parish,hail,25,14,1.4,63,1.75,,0,0,0
22063,Livingston Parish,lightning,1,1,0.1,66,,,500000,0,0
22063,Livingston Parish,thunderstorm_wind,60,39,3.9,74,87,,117500,0,0
22063,Livingston Parish,tornado,11,8,0.8,89,,EF3,27000,0,6
22065,Madison Parish,flash_flood,4,4,0.4,41,,,173000,0,0
22065,Madison Parish,flood,1,1,0.1,20,,,75000,0,0
22065,Madison Parish,hail,6,6,0.6,31,1.75,,26000,0,0
22065,Madison Parish,thunderstorm_wind,34,26,2.6,51,80,,1337000,0,1
22065,Madison Parish,tornado,19,14,1.4,98,,EF2,826000,0,0
22067,Morehouse Parish,flash_flood,15,11,1.1,79,,,997000,0,0
22067,Morehouse Parish,flood,2,2,0.2,38,,,200000,1,0
22067,Morehouse Parish,hail,19,17,1.7,70,1.75,,342000,0,0
22067,Morehouse Parish,thunderstorm_wind,67,44,4.4,80,75,,1225000,0,0
22067,Morehouse Parish,tornado,13,10,1.0,94,,EF2,1563000,0,1
22069,Natchitoches Parish,flash_flood,45,20,2.0,94,,,0,1,2
22069,Natchitoches Parish,flood,1,1,0.1,20,,,0,0,0
22069,Natchitoches Parish,hail,44,23,2.3,82,2.25,,0,0,0
22069,Natchitoches Parish,thunderstorm_wind,106,61,6.1,92,87,,0,0,0
22069,Natchitoches Parish,tornado,18,11,1.1,95,,EF2,1218500,0,1
22071,Orleans Parish,flash_flood,168,62,6.2,100,,,6161000,1,1
22071,Orleans Parish,flood,2,2,0.2,38,,,0,0,0
22071,Orleans Parish,hail,4,4,0.4,21,1.5,,0,0,0
22071,Orleans Parish,thunderstorm_wind,42,25,2.5,49,71,,167750,0,1
22071,Orleans Parish,tornado,7,6,0.6,79,,EF3,51825000,0,39
22073,Ouachita Parish,flash_flood,43,20,2.0,94,,,35000000,2,0
22073,Ouachita Parish,flood,8,7,0.7,75,,,0,1,0
22073,Ouachita Parish,hail,48,20,2.0,77,2.5,,0,0,0
22073,Ouachita Parish,lightning,1,1,0.1,66,,,35000,0,0
22073,Ouachita Parish,thunderstorm_wind,115,47,4.7,83,83,,0,0,1
22073,Ouachita Parish,tornado,8,6,0.6,79,,EF3,250990000,0,1
22075,Plaquemines Parish,hail,11,3,0.3,16,2,,0,0,0
22075,Plaquemines Parish,lightning,1,1,0.1,66,,,20000,0,0
22075,Plaquemines Parish,thunderstorm_wind,7,5,0.5,10,60,,5000,0,0
22075,Plaquemines Parish,tornado,5,4,0.4,62,,EF1,310000,0,0
22077,Pointe Coupee Parish,flash_flood,6,4,0.4,41,,,11800000,0,0
22077,Pointe Coupee Parish,flood,1,1,0.1,20,,,4850000,0,0
22077,Pointe Coupee Parish,hail,5,5,0.5,26,1.5,,0,0,0
22077,Pointe Coupee Parish,thunderstorm_wind,24,19,1.9,34,80,,142000,0,0
22077,Pointe Coupee Parish,tornado,5,5,0.5,72,,EF1,149000,0,3
22079,Rapides Parish,flash_flood,21,20,2.0,94,,,5656000,1,1
22079,Rapides Parish,flood,2,2,0.2,38,,,3875000,0,0
22079,Rapides Parish,hail,25,16,1.6,68,3.5,,501000,0,0
22079,Rapides Parish,lightning,4,4,0.4,94,,,42000,1,1
22079,Rapides Parish,thunderstorm_wind,70,37,3.7,72,96,,701000,1,1
22079,Rapides Parish,tornado,27,12,1.2,97,,EF3,26047000,1,0
22081,Red River Parish,flash_flood,20,10,1.0,75,,,0,0,0
22081,Red River Parish,flood,2,2,0.2,38,,,0,0,0
22081,Red River Parish,hail,14,11,1.1,53,3,,0,0,0
22081,Red River Parish,thunderstorm_wind,38,29,2.9,58,70,,0,1,1
22081,Red River Parish,tornado,5,5,0.5,72,,EF2,285000,0,0
22083,Richland Parish,flash_flood,16,12,1.2,81,,,783000,0,0
22083,Richland Parish,flood,2,2,0.2,38,,,62000,0,0
22083,Richland Parish,hail,21,16,1.6,68,1.75,,469000,0,0
22083,Richland Parish,lightning,2,2,0.2,85,,,150000,0,0
22083,Richland Parish,thunderstorm_wind,49,34,3.4,67,83,,1987100,0,0
22083,Richland Parish,tornado,17,10,1.0,94,,EF1,1193000,0,4
22085,Sabine Parish,flash_flood,32,13,1.3,84,,,0,0,0
22085,Sabine Parish,hail,32,19,1.9,75,2.75,,0,0,0
22085,Sabine Parish,thunderstorm_wind,39,33,3.3,65,87,,0,2,0
22085,Sabine Parish,tornado,15,10,1.0,94,,EF2,2011000,0,7
22087,St. Bernard Parish,flash_flood,9,9,0.9,72,,,100000,0,0
22087,St. Bernard Parish,flood,1,1,0.1,20,,,0,0,0
22087,St. Bernard Parish,lightning,1,1,0.1,66,,,20000,0,0
22087,St. Bernard Parish,thunderstorm_wind,10,9,0.9,15,63,,0,0,0
22087,St. Bernard Parish,tornado,4,3,0.3,51,,EF3,80000000,1,6
22089,St. Charles Parish,flash_flood,39,26,2.6,96,,,54552000,0,0
22089,St. Charles Parish,hail,8,5,0.5,26,1.75,,0,0,0
22089,St. Charles Parish,thunderstorm_wind,19,11,1.1,18,60,,48000,0,0
22089,St. Charles Parish,tornado,6,6,0.6,79,,EF2,320000,1,8
22091,St. Helena Parish,flash_flood,2,2,0.2,21,,,23200000,2,0
22091,St. Helena Parish,hail,1,1,0.1,6,1.25,,0,0,0
22091,St. Helena Parish,thunderstorm_wind,14,11,1.1,18,74,,136000,0,0
22091,St. Helena Parish,tornado,7,5,0.5,72,,EF1,0,0,0
22093,St. James Parish,flash_flood,5,4,0.4,41,,,18080000,0,0
22093,St. James Parish,flood,1,1,0.1,20,,,291000,0,0
22093,St. James Parish,hail,1,1,0.1,6,1,,0,0,0
22093,St. James Parish,thunderstorm_wind,7,7,0.7,12,60,,13000,0,0
22093,St. James Parish,tornado,6,6,0.6,79,,EF2,70000,3,75
22095,St. John the Baptist Parish,flash_flood,4,4,0.4,41,,,10020000,0,0
22095,St. John the Baptist Parish,thunderstorm_wind,10,9,0.9,15,60,,6000,0,0
22095,St. John the Baptist Parish,tornado,4,3,0.3,51,,EF2,0,0,17
22097,St. Landry Parish,flash_flood,15,14,1.4,86,,,30069000,0,0
22097,St. Landry Parish,flood,1,1,0.1,20,,,0,0,0
22097,St. Landry Parish,hail,6,6,0.6,31,1.25,,0,0,0
22097,St. Landry Parish,thunderstorm_wind,51,27,2.7,53,61,,300000,0,4
22097,St. Landry Parish,tornado,18,12,1.2,97,,EF3,1861000,1,11
22099,St. Martin Parish,flash_flood,12,12,1.2,81,,,30105000,0,0
22099,St. Martin Parish,flood,2,1,0.1,20,,,200000000,0,0
22099,St. Martin Parish,hail,12,7,0.7,36,1.75,,0,0,0
22099,St. Martin Parish,thunderstorm_wind,21,13,1.3,21,50,,308000,0,0
22099,St. Martin Parish,tornado,6,4,0.4,62,,EF2,335000,2,0
22101,St. Mary Parish,flash_flood,7,6,0.6,57,,,2505000,0,0
22101,St. Mary Parish,flood,1,1,0.1,20,,,25000000,0,0
22101,St. Mary Parish,hail,6,3,0.3,16,1.75,,1000,0,0
22101,St. Mary Parish,lightning,2,2,0.2,85,,,215000,0,0
22101,St. Mary Parish,thunderstorm_wind,13,10,1.0,16,51,,47000,0,0
22101,St. Mary Parish,tornado,4,4,0.4,62,,EF1,540000,0,0
22103,St. Tammany Parish,flash_flood,83,28,2.8,97,,,7651000,0,0
22103,St. Tammany Parish,flood,13,5,0.5,66,,,4030000,0,0
22103,St. Tammany Parish,hail,22,16,1.6,68,2,,0,0,0
22103,St. Tammany Parish,lightning,5,5,0.5,96,,,380000,1,0
22103,St. Tammany Parish,thunderstorm_wind,99,54,5.4,89,61,,1607500,0,0
22103,St. Tammany Parish,tornado,26,20,2.0,100,,EF2,1223000,0,0
22105,Tangipahoa Parish,flash_flood,15,8,0.8,68,,,630508000,2,0
22105,Tangipahoa Parish,flood,3,2,0.2,38,,,420500000,1,0
22105,Tangipahoa Parish,hail,16,9,0.9,45,2.75,,0,0,0
22105,Tangipahoa Parish,lightning,1,1,0.1,66,,,50000,0,0
22105,Tangipahoa Parish,thunderstorm_wind,60,39,3.9,74,78,,86500,0,1
22105,Tangipahoa Parish,tornado,21,15,1.5,99,,EF2,1005000,0,0
22107,Tensas Parish,flash_flood,2,2,0.2,21,,,13000,0,0
22107,Tensas Parish,hail,5,5,0.5,26,1.75,,472000,0,0
22107,Tensas Parish,thunderstorm_wind,34,26,2.6,51,85,,985000,0,0
22107,Tensas Parish,tornado,4,3,0.3,51,,EF1,125000,0,0
22109,Terrebonne Parish,flash_flood,9,6,0.6,57,,,100000,0,0
22109,Terrebonne Parish,hail,12,7,0.7,36,2,,0,0,0
22109,Terrebonne Parish,lightning,1,1,0.1,66,,,300000,0,0
22109,Terrebonne Parish,thunderstorm_wind,21,10,1.0,16,60,,47500,0,0
22109,Terrebonne Parish,tornado,3,3,0.3,51,,EF1,160000,0,0
22111,Union Parish,flash_flood,17,11,1.1,79,,,0,0,0
22111,Union Parish,hail,49,24,2.4,83,1.75,,0,0,0
22111,Union Parish,lightning,1,1,0.1,66,,,0,0,0
22111,Union Parish,thunderstorm_wind,125,61,6.1,92,83,,35000,2,0
22111,Union Parish,tornado,16,14,1.4,98,,EF3,7191000,0,14
22113,Vermilion Parish,flash_flood,12,11,1.1,79,,,20535000,1,0
22113,Vermilion Parish,flood,2,1,0.1,20,,,100000000,0,0
22113,Vermilion Parish,hail,8,5,0.5,26,2.75,,250000,0,0
22113,Vermilion Parish,lightning,2,2,0.2,85,,,26000,0,0
22113,Vermilion Parish,thunderstorm_wind,20,15,1.5,25,70,,51000,0,0
22113,Vermilion Parish,tornado,4,4,0.4,62,,EF1,157000,0,0
22115,Vernon Parish,flash_flood,10,9,0.9,72,,,827000,0,0
22115,Vernon Parish,flood,1,1,0.1,20,,,50000000,0,0
22115,Vernon Parish,hail,23,16,1.6,68,1.75,,0,0,0
22115,Vernon Parish,lightning,1,1,0.1,66,,,50000,0,0
22115,Vernon Parish,thunderstorm_wind,39,23,2.3,44,70,,112000,0,0
22115,Vernon Parish,tornado,16,12,1.2,97,,EF3,1506000,1,0
22117,Washington Parish,flash_flood,11,10,1.0,75,,,6530000,0,0
22117,Washington Parish,flood,2,2,0.2,38,,,1790000,0,0
22117,Washington Parish,hail,3,3,0.3,16,1.75,,0,0,0
22117,Washington Parish,thunderstorm_wind,29,18,1.8,32,60,,63250,0,0
22117,Washington Parish,tornado,4,3,0.3,51,,EF2,25000,0,2
22119,Webster Parish,flash_flood,20,8,0.8,68,,,30000,0,0
22119,Webster Parish,hail,39,21,2.1,79,2.75,,0,0,0
22119,Webster Parish,lightning,1,1,0.1,66,,,0,0,0
22119,Webster Parish,thunderstorm_wind,83,48,4.8,85,78,,0,0,0
22119,Webster Parish,tornado,15,9,0.9,92,,EF2,2715000,0,0
22121,West Baton Rouge Parish,flash_flood,7,3,0.3,31,,,1300000,1,0
22121,West Baton Rouge Parish,hail,6,3,0.3,16,2.25,,0,0,0
22121,West Baton Rouge Parish,thunderstorm_wind,10,6,0.6,11,70,,83000,1,2
22121,West Baton Rouge Parish,tornado,1,1,0.1,22,,EF0,15000,0,0
22123,West Carroll Parish,flash_flood,14,11,1.1,79,,,1389000,0,0
22123,West Carroll Parish,flood,2,2,0.2,38,,,50000,0,0
22123,West Carroll Parish,hail,13,11,1.1,53,2,,68000,0,0
22123,West Carroll Parish,lightning,1,1,0.1,66,,,150000,0,0
22123,West Carroll Parish,thunderstorm_wind,47,34,3.4,67,75,,631500,0,0
22123,West Carroll Parish,tornado,10,7,0.7,85,,EF2,633000,0,0
22125,West Feliciana Parish,flash_flood,3,3,0.3,31,,,5170000,0,0
22125,West Feliciana Parish,hail,10,4,0.4,21,1.75,,0,0,0
22125,West Feliciana Parish,thunderstorm_wind,28,18,1.8,32,70,,14000,0,0
22125,West Feliciana Parish,tornado,2,1,0.1,22,,EF2,70000,0,0
22127,Winn Parish,flash_flood,18,10,1.0,75,,,0,0,0
22127,Winn Parish,hail,20,13,1.3,60,2,,0,0,0
22127,Winn Parish,thunderstorm_wind,47,31,3.1,62,70,,0,0,0
22127,Winn Parish,tornado,15,8,0.8,89,,EF2,323000,0,0
23001,Androscoggin County,flash_flood,13,6,0.6,57,,,239000,0,0
23001,Androscoggin County,flood,22,8,0.8,78,,,2245000,0,0
23001,Androscoggin County,hail,14,7,0.7,36,1.75,,0,0,0
23001,Androscoggin County,thunderstorm_wind,38,22,2.2,42,52,,2000,0,0
23003,Aroostook County,flash_flood,6,4,0.4,41,,,0,0,0
23003,Aroostook County,flood,28,25,2.5,95,,,2800000,0,0
23003,Aroostook County,hail,51,21,2.1,79,2.5,,1000000,0,0
23003,Aroostook County,thunderstorm_wind,125,45,4.5,81,96,,0,1,0
23003,Aroostook County,tornado,2,2,0.2,37,,EF1,0,0,0
23005,Cumberland County,flash_flood,16,12,1.2,81,,,775000,0,0
23005,Cumberland County,flood,15,9,0.9,81,,,289000,0,0
23005,Cumberland County,hail,11,7,0.7,36,1.5,,0,0,0
23005,Cumberland County,thunderstorm_wind,128,42,4.2,78,70,,464000,1,0
23005,Cumberland County,tornado,4,2,0.2,37,,EF1,2000,0,1
23007,Franklin County,flash_flood,28,9,0.9,72,,,7230000,0,0
23007,Franklin County,flood,25,5,0.5,66,,,2467000,0,0
23007,Franklin County,hail,7,6,0.6,31,1.75,,0,0,0
23007,Franklin County,thunderstorm_wind,20,13,1.3,21,55,,5000,0,0
23009,Hancock County,flash_flood,4,3,0.3,31,,,615000,0,0
23009,Hancock County,flood,2,2,0.2,38,,,0,0,0
23009,Hancock County,hail,8,6,0.6,31,1.75,,0,0,0
23009,Hancock County,lightning,2,2,0.2,85,,,0,0,5
23009,Hancock County,thunderstorm_wind,26,8,0.8,13,70,,0,0,0
23011,Kennebec County,flash_flood,4,2,0.2,21,,,20000,0,0
23011,Kennebec County,flood,31,17,1.7,91,,,1221000,0,0
23011,Kennebec County,hail,9,7,0.7,36,1.5,,0,0,0
23011,Kennebec County,thunderstorm_wind,40,21,2.1,39,74,,230000,1,0
23013,Knox County,flash_flood,2,2,0.2,21,,,30000,0,0
23013,Knox County,flood,7,5,0.5,66,,,2250000,0,0
23013,Knox County,hail,6,2,0.2,11,1.25,,0,0,0
23013,Knox County,thunderstorm_wind,12,9,0.9,15,52,,0,0,0
23015,Lincoln County,flash_flood,3,3,0.3,31,,,110000,0,0
23015,Lincoln County,flood,2,1,0.1,20,,,576000,0,0
23015,Lincoln County,hail,3,3,0.3,16,1,,0,0,0
23015,Lincoln County,thunderstorm_wind,11,6,0.6,11,78,,0,0,0
23017,Oxford County,flash_flood,55,11,1.1,79,,,5080000,0,0
23017,Oxford County,flood,39,23,2.3,94,,,8302000,2,0
23017,Oxford County,hail,17,13,1.3,60,1,,0,0,0
23017,Oxford County,lightning,1,1,0.1,66,,,50000,0,0
23017,Oxford County,thunderstorm_wind,63,30,3.0,60,56,,42000,0,0
23017,Oxford County,tornado,3,2,0.2,37,,EF1,2000,0,0
23019,Penobscot County,flash_flood,6,5,0.5,49,,,0,0,0
23019,Penobscot County,flood,12,12,1.2,86,,,0,0,0
23019,Penobscot County,hail,31,16,1.6,68,1.75,,0,0,0
23019,Penobscot County,lightning,1,1,0.1,66,,,0,0,2
23019,Penobscot County,thunderstorm_wind,140,35,3.5,69,61,,0,0,0
23019,Penobscot County,tornado,1,1,0.1,22,,EF1,0,0,0
23021,Piscataquis County,flash_flood,7,7,0.7,62,,,0,0,0
23021,Piscataquis County,flood,11,11,1.1,85,,,0,0,0
23021,Piscataquis County,hail,11,8,0.8,41,2,,0,0,0
23021,Piscataquis County,lightning,1,1,0.1,66,,,0,0,1
23021,Piscataquis County,thunderstorm_wind,39,20,2.0,37,61,,0,0,0
23023,Sagadahoc County,flash_flood,2,2,0.2,21,,,0,0,0
23023,Sagadahoc County,thunderstorm_wind,16,7,0.7,12,61,,25000,0,0
23025,Somerset County,flash_flood,19,10,1.0,75,,,1135000,0,0
23025,Somerset County,flood,33,21,2.1,93,,,15805000,0,0
23025,Somerset County,hail,7,5,0.5,26,1.75,,0,0,0
23025,Somerset County,thunderstorm_wind,53,29,2.9,58,78,,0,0,0
23027,Waldo County,flood,8,5,0.5,66,,,210000,0,0
23027,Waldo County,hail,4,4,0.4,21,1,,0,0,0
23027,Waldo County,thunderstorm_wind,19,10,1.0,16,52,,0,0,0
23029,Washington County,flash_flood,4,2,0.2,21,,,323000,0,0
23029,Washington County,flood,3,3,0.3,50,,,0,0,0
23029,Washington County,hail,7,4,0.4,21,1,,0,0,0
23029,Washington County,thunderstorm_wind,26,10,1.0,16,70,,0,0,0
23029,Washington County,tornado,1,1,0.1,22,,EF1,0,0,0
23031,York County,flash_flood,9,8,0.8,68,,,2506000,0,0
23031,York County,flood,3,3,0.3,50,,,0,0,0
23031,York County,hail,8,4,0.4,21,1.5,,200000,0,0
23031,York County,thunderstorm_wind,75,40,4.0,76,65,,28000,0,0
24001,Allegany County,flash_flood,21,5,0.5,49,,,0,0,0
24001,Allegany County,flood,41,23,2.3,94,,,200000,0,0
24001,Allegany County,hail,14,6,0.6,31,1.75,,0,0,0
24001,Allegany County,thunderstorm_wind,109,55,5.5,89,70,,1207000,0,4
24003,Anne Arundel County,flash_flood,12,6,0.6,57,,,0,0,0
24003,Anne Arundel County,flood,64,40,4.0,98,,,15000,0,0
24003,Anne Arundel County,hail,26,11,1.1,53,1.75,,0,0,0
24003,Anne Arundel County,lightning,2,1,0.1,66,,,0,0,7
24003,Anne Arundel County,thunderstorm_wind,238,100,10.0,99,74,,2729000,0,19
24003,Anne Arundel County,tornado,5,5,0.5,72,,EF2,1600000,0,0
24005,Baltimore County,flash_flood,147,45,4.5,99,,,9770000,0,0
24005,Baltimore County,flood,119,53,5.3,99,,,35000,0,0
24005,Baltimore County,hail,42,29,2.9,89,2.5,,0,0,0
24005,Baltimore County,lightning,3,3,0.3,91,,,1500,1,1
24005,Baltimore County,thunderstorm_wind,311,115,11.5,100,78,,7939000,1,6
24005,Baltimore County,tornado,8,7,0.7,85,,EF1,16330000,0,1
24009,Calvert County,flash_flood,3,3,0.3,31,,,0,0,0
24009,Calvert County,flood,24,12,1.2,86,,,5000,0,0
24009,Calvert County,hail,14,7,0.7,36,3,,100000,0,0
24009,Calvert County,lightning,1,1,0.1,66,,,10000,0,0
24009,Calvert County,thunderstorm_wind,112,58,5.8,91,61,,537500,0,0
24009,Calvert County,tornado,2,1,0.1,22,,EF1,250000,0,0
24011,Caroline County,flash_flood,2,2,0.2,21,,,0,0,0
24011,Caroline County,flood,4,3,0.3,50,,,0,0,0
24011,Caroline County,hail,3,3,0.3,16,1.5,,0,0,0
24011,Caroline County,lightning,1,1,0.1,66,,,0,0,0
24011,Caroline County,thunderstorm_wind,77,37,3.7,72,65,,0,1,1
24011,Caroline County,tornado,2,2,0.2,37,,EF0,0,0,0
24013,Carroll County,flash_flood,24,8,0.8,68,,,30000,1,0
24013,Carroll County,flood,58,26,2.6,95,,,5000,0,0
24013,Carroll County,hail,16,13,1.3,60,1.5,,0,0,0
24013,Carroll County,lightning,1,1,0.1,66,,,50000,0,0
24013,Carroll County,thunderstorm_wind,177,71,7.1,96,78,,37674500,1,3
24013,Carroll County,tornado,7,5,0.5,72,,EF2,12074000,0,0
24015,Cecil County,flash_flood,19,9,0.9,72,,,0,0,0
24015,Cecil County,flood,17,13,1.3,87,,,0,0,0
24015,Cecil County,hail,12,6,0.6,31,1.75,,0,0,0
24015,Cecil County,thunderstorm_wind,173,77,7.7,97,65,,1019500,0,0
24015,Cecil County,tornado,4,4,0.4,62,,EF1,1000000,0,0
24017,Charles County,flash_flood,16,10,1.0,75,,,65000,0,0
24017,Charles County,flood,37,22,2.2,94,,,0,0,0
24017,Charles County,hail,25,12,1.2,57,2.75,,100000,0,0
24017,Charles County,thunderstorm_wind,177,84,8.4,98,70,,8012500,0,1
24017,Charles County,tornado,2,2,0.2,37,,EF1,10000,0,0
24019,Dorchester County,flash_flood,15,6,0.6,57,,,1000,0,0
24019,Dorchester County,flood,3,3,0.3,50,,,0,0,0
24019,Dorchester County,hail,14,4,0.4,21,2,,3000,0,0
24019,Dorchester County,lightning,1,1,0.1,66,,,5000,0,0
24019,Dorchester County,thunderstorm_wind,55,38,3.8,73,70,,242000,0,0
24019,Dorchester County,tornado,3,3,0.3,51,,EF1,95000,0,0
24021,Frederick County,flash_flood,24,10,1.0,75,,,44305000,0,0
24021,Frederick County,flood,159,52,5.2,99,,,30000,0,0
24021,Frederick County,hail,22,11,1.1,53,2.5,,0,0,0
24021,Frederick County,lightning,1,1,0.1,66,,,300000,0,0
24021,Frederick County,thunderstorm_wind,273,100,10.0,99,70,,2130000,0,0
24021,Frederick County,tornado,4,3,0.3,51,,EF1,612000,0,0
24023,Garrett County,flash_flood,13,7,0.7,62,,,6500,0,0
24023,Garrett County,flood,25,4,0.4,59,,,7500,0,0
24023,Garrett County,hail,8,5,0.5,26,2,,0,0,0
24023,Garrett County,lightning,1,1,0.1,66,,,10000,0,0
24023,Garrett County,thunderstorm_wind,75,39,3.9,74,78,,1914000,0,0
24023,Garrett County,tornado,2,1,0.1,22,,EF1,1500000,0,0
24025,Harford County,flash_flood,85,20,2.0,94,,,30000,2,0
24025,Harford County,flood,72,29,2.9,96,,,0,0,0
24025,Harford County,hail,15,10,1.0,50,1.75,,0,0,0
24025,Harford County,lightning,3,3,0.3,91,,,10000,0,11
24025,Harford County,thunderstorm_wind,330,102,10.2,99,78,,3463500,0,1
24025,Harford County,tornado,1,1,0.1,22,,EF0,1000000,0,0
24027,Howard County,flash_flood,39,13,1.3,84,,,32905000,3,0
24027,Howard County,flood,42,24,2.4,94,,,0,0,0
24027,Howard County,hail,13,10,1.0,50,1.75,,0,0,0
24027,Howard County,lightning,1,1,0.1,66,,,5000,0,0
24027,Howard County,thunderstorm_wind,166,68,6.8,95,70,,1679000,0,0
24027,Howard County,tornado,6,6,0.6,79,,EF1,3050000,0,1
24029,Kent County,flash_flood,4,3,0.3,31,,,0,0,0
24029,Kent County,flood,1,1,0.1,20,,,0,0,0
24029,Kent County,hail,3,2,0.2,11,1.75,,0,0,0
24029,Kent County,lightning,1,1,0.1,66,,,10000,0,0
24029,Kent County,thunderstorm_wind,99,52,5.2,87,69,,0,0,0
24031,Montgomery County,flash_flood,136,33,3.3,98,,,1310500,1,3
24031,Montgomery County,flood,160,72,7.2,100,,,100,0,0
24031,Montgomery County,hail,55,21,2.1,79,2.75,,0,0,0
24031,Montgomery County,lightning,9,7,0.7,98,,,3360000,0,0
24031,Montgomery County,thunderstorm_wind,443,123,12.3,100,80,,19787500,1,5
24031,Montgomery County,tornado,7,5,0.5,72,,EF1,6392000,0,5
24033,Prince George's County,flash_flood,42,20,2.0,94,,,0,0,0
24033,Prince George's County,flood,72,50,5.0,99,,,5000,0,0
24033,Prince George's County,hail,16,10,1.0,50,1.75,,0,0,0
24033,Prince George's County,thunderstorm_wind,230,102,10.2,99,80,,2712250,0,1
24033,Prince George's County,tornado,1,1,0.1,22,,EF1,250000,0,0
24035,Queen Anne's County,flash_flood,12,8,0.8,68,,,0,0,0
24035,Queen Anne's County,flood,7,4,0.4,59,,,0,0,0
24035,Queen Anne's County,hail,10,5,0.5,26,1,,0,0,0
24035,Queen Anne's County,lightning,3,3,0.3,91,,,20010,0,0
24035,Queen Anne's County,thunderstorm_wind,106,54,5.4,89,65,,609000,0,0
24035,Queen Anne's County,tornado,2,2,0.2,37,,EF2,0,0,1
24037,St. Mary's County,flash_flood,41,12,1.2,81,,,70000,0,0
24037,St. Mary's County,flood,72,35,3.5,97,,,10000,0,0
24037,St. Mary's County,hail,27,10,1.0,50,1.75,,0,0,0
24037,St. Mary's County,thunderstorm_wind,142,61,6.1,92,78,,6168500,0,0
24037,St. Mary's County,tornado,6,5,0.5,72,,EF1,450000,0,0
24039,Somerset County,flash_flood,9,6,0.6,57,,,0,0,0
24039,Somerset County,flood,5,5,0.5,66,,,500000,0,0
24039,Somerset County,hail,4,3,0.3,16,1.5,,0,0,0
24039,Somerset County,lightning,3,3,0.3,91,,,8000,0,0
24039,Somerset County,thunderstorm_wind,31,17,1.7,29,60,,81250,0,1
24039,Somerset County,tornado,1,1,0.1,22,,EF1,250000,0,1
24041,Talbot County,flash_flood,8,5,0.5,49,,,0,0,0
24041,Talbot County,flood,1,1,0.1,20,,,0,0,0
24041,Talbot County,hail,5,3,0.3,16,1,,0,0,0
24041,Talbot County,lightning,6,6,0.6,97,,,21010,0,0
24041,Talbot County,thunderstorm_wind,92,49,4.9,85,90,,50000,0,0
24043,Washington County,flash_flood,11,4,0.4,41,,,4700000,0,0
24043,Washington County,flood,55,24,2.4,94,,,0,0,0
24043,Washington County,hail,30,11,1.1,53,4,,0,0,0
24043,Washington County,thunderstorm_wind,160,72,7.2,96,83,,1737500,0,1
24043,Washington County,tornado,1,1,0.1,22,,EF0,0,0,0
24045,Wicomico County,flash_flood,15,10,1.0,75,,,50000,0,0
24045,Wicomico County,flood,6,5,0.5,66,,,20000,0,0
24045,Wicomico County,hail,4,4,0.4,21,1.75,,0,0,0
24045,Wicomico County,lightning,1,1,0.1,66,,,5000,0,0
24045,Wicomico County,thunderstorm_wind,57,32,3.2,63,52,,175000,0,0
24045,Wicomico County,tornado,3,2,0.2,37,,EF2,1030000,0,0
24047,Worcester County,flash_flood,15,9,0.9,72,,,0,0,0
24047,Worcester County,flood,9,9,0.9,81,,,500000,0,0
24047,Worcester County,hail,4,3,0.3,16,1.5,,0,0,0
24047,Worcester County,lightning,4,2,0.2,85,,,30000,0,0
24047,Worcester County,thunderstorm_wind,41,27,2.7,53,57,,396250,0,0
24047,Worcester County,tornado,4,2,0.2,37,,EF2,260000,0,0
24510,Baltimore city,flash_flood,13,10,1.0,75,,,3000000,0,0
24510,Baltimore city,flood,6,5,0.5,66,,,5000,0,0
24510,Baltimore city,hail,6,4,0.4,21,1.5,,0,0,0
24510,Baltimore city,thunderstorm_wind,34,20,2.0,37,61,,927000,0,0
24510,Baltimore city,tornado,5,3,0.3,51,,EF1,2760000,2,0
25001,Barnstable County,flash_flood,15,5,0.5,49,,,84200,0,0
25001,Barnstable County,flood,26,15,1.5,89,,,77000,0,0
25001,Barnstable County,hail,4,3,0.3,16,1.25,,0,0,0
25001,Barnstable County,lightning,12,7,0.7,98,,,61000,0,1
25001,Barnstable County,thunderstorm_wind,51,24,2.4,47,78,,3747900,0,0
25001,Barnstable County,tornado,6,4,0.4,62,,EF1,4917300,0,0
25003,Berkshire County,flash_flood,30,10,1.0,75,,,104000,0,0
25003,Berkshire County,flood,14,4,0.4,59,,,1635000,0,0
25003,Berkshire County,hail,9,8,0.8,41,1.5,,0,0,0
25003,Berkshire County,lightning,3,3,0.3,91,,,9500,0,0
25003,Berkshire County,thunderstorm_wind,273,66,6.6,94,78,,308000,2,0
25003,Berkshire County,tornado,1,1,0.1,22,,EF0,9000,0,0
25005,Bristol County,flash_flood,26,16,1.6,90,,,152500,0,0
25005,Bristol County,flood,56,29,2.9,96,,,102000,0,0
25005,Bristol County,hail,19,10,1.0,50,1.5,,0,0,0
25005,Bristol County,lightning,14,14,1.4,99,,,258700,0,0
25005,Bristol County,thunderstorm_wind,98,38,3.8,73,87,,413400,0,0
25005,Bristol County,tornado,5,4,0.4,62,,EF1,90000,0,0
25007,Dukes County,flood,6,2,0.2,38,,,0,0,0
25007,Dukes County,hail,1,1,0.1,6,0.75,,0,0,0
25007,Dukes County,lightning,2,1,0.1,66,,,16000,0,0
25007,Dukes County,thunderstorm_wind,4,3,0.3,7,60,,2300,0,0
25009,Essex County,flash_flood,32,12,1.2,81,,,278000,0,0
25009,Essex County,flood,46,28,2.8,96,,,72900,0,0
25009,Essex County,hail,16,12,1.2,57,1.25,,0,0,0
25009,Essex County,lightning,10,9,0.9,98,,,79000,0,0
25009,Essex County,thunderstorm_wind,111,38,3.8,73,70,,648350,0,0
25011,Franklin County,flash_flood,22,6,0.6,57,,,17000,0,0
25011,Franklin County,flood,13,9,0.9,81,,,150000,0,0
25011,Franklin County,hail,21,11,1.1,53,1.25,,0,0,0
25011,Franklin County,lightning,8,6,0.6,97,,,40500,0,1
25011,Franklin County,thunderstorm_wind,185,57,5.7,90,78,,841400,0,0
25011,Franklin County,tornado,1,1,0.1,22,,EF1,400000,0,1
25013,Hampden County,flash_flood,18,11,1.1,79,,,56000,0,0
25013,Hampden County,flood,45,24,2.4,94,,,164000,0,0
25013,Hampden County,hail,50,18,1.8,73,2,,0,0,0
25013,Hampden County,lightning,6,6,0.6,97,,,42000,0,0
25013,Hampden County,thunderstorm_wind,174,61,6.1,92,65,,1200000,0,0
25013,Hampden County,tornado,1,1,0.1,22,,EF0,45000,0,0
25015,Hampshire County,flash_flood,11,6,0.6,57,,,21000,0,0
25015,Hampshire County,flood,15,12,1.2,86,,,19000,0,0
25015,Hampshire County,hail,37,20,2.0,77,1.75,,0,0,0
25015,Hampshire County,lightning,12,10,1.0,99,,,47800,0,1
25015,Hampshire County,thunderstorm_wind,160,62,6.2,93,76,,519100,0,0
25015,Hampshire County,tornado,1,1,0.1,22,,EF1,250000,0,0
25017,Middlesex County,flash_flood,32,12,1.2,81,,,410200,0,0
25017,Middlesex County,flood,97,39,3.9,98,,,1104800,0,0
25017,Middlesex County,hail,23,11,1.1,53,1,,0,0,0
25017,Middlesex County,lightning,12,10,1.0,99,,,43000,0,1
25017,Middlesex County,thunderstorm_wind,301,69,6.9,95,87,,1710150,0,5
25017,Middlesex County,tornado,4,3,0.3,51,,EF1,1020000,0,0
25019,Nantucket County,flood,3,2,0.2,38,,,0,0,0
25019,Nantucket County,hail,1,1,0.1,6,0.75,,0,0,0
25019,Nantucket County,lightning,3,3,0.3,91,,,12000,0,0
25019,Nantucket County,thunderstorm_wind,3,3,0.3,7,54,,2500,0,0
25021,Norfolk County,flash_flood,30,8,0.8,68,,,30000000,0,0
25021,Norfolk County,flood,55,29,2.9,96,,,53200,0,0
25021,Norfolk County,hail,9,5,0.5,26,2,,0,0,0
25021,Norfolk County,lightning,13,9,0.9,98,,,114100,0,1
25021,Norfolk County,thunderstorm_wind,124,47,4.7,83,65,,495600,0,0
25021,Norfolk County,tornado,4,3,0.3,51,,EF1,24000,0,0
25023,Plymouth County,flash_flood,10,7,0.7,62,,,106000,0,0
25023,Plymouth County,flood,21,19,1.9,92,,,25000,0,0
25023,Plymouth County,hail,22,9,0.9,45,1.75,,0,0,0
25023,Plymouth County,lightning,10,9,0.9,98,,,34000,0,0
25023,Plymouth County,thunderstorm_wind,90,40,4.0,76,65,,339800,0,0
25023,Plymouth County,tornado,1,1,0.1,22,,EF1,10000,0,0
25025,Suffolk County,flash_flood,21,10,1.0,75,,,60000,0,0
25025,Suffolk County,flood,30,20,2.0,93,,,182000,0,0
25025,Suffolk County,hail,4,4,0.4,21,0.75,,0,0,0
25025,Suffolk County,lightning,1,1,0.1,66,,,0,0,1
25025,Suffolk County,thunderstorm_wind,63,27,2.7,53,65,,379000,0,1
25027,Worcester County,flash_flood,52,21,2.1,94,,,218000,0,0
25027,Worcester County,flood,87,41,4.1,98,,,138500,0,0
25027,Worcester County,hail,40,21,2.1,79,1.75,,0,0,0
25027,Worcester County,lightning,19,19,1.9,100,,,982100,0,0
25027,Worcester County,thunderstorm_wind,299,76,7.6,97,70,,1136950,0,1
25027,Worcester County,tornado,13,7,0.7,85,,EF1,5121000,0,1
26001,Alcona County,flash_flood,1,1,0.1,11,,,40000,0,0
26001,Alcona County,hail,7,6,0.6,31,2,,0,0,0
26001,Alcona County,thunderstorm_wind,4,4,0.4,9,56,,52500,0,0
26003,Alger County,flash_flood,4,2,0.2,21,,,93500,0,0
26003,Alger County,flood,2,2,0.2,38,,,1001000,0,0
26003,Alger County,hail,30,12,1.2,57,2,,0,0,0
26003,Alger County,lightning,1,1,0.1,66,,,20000,0,0
26003,Alger County,thunderstorm_wind,12,8,0.8,13,78,,147500,0,0
26005,Allegan County,hail,9,4,0.4,21,2,,2050000,0,0
26005,Allegan County,thunderstorm_wind,30,22,2.2,42,63,,1784000,0,0
26005,Allegan County,tornado,7,5,0.5,72,,EF1,3875000,0,0
26007,Alpena County,hail,5,4,0.4,21,2,,0,0,0
26007,Alpena County,thunderstorm_wind,11,7,0.7,12,55,,55000,0,0
26009,Antrim County,flash_flood,2,1,0.1,11,,,325000,0,1
26009,Antrim County,flood,1,1,0.1,20,,,1000,0,0
26009,Antrim County,hail,7,4,0.4,21,3,,95000,0,0
26009,Antrim County,lightning,1,1,0.1,66,,,65000,0,0
26009,Antrim County,thunderstorm_wind,10,8,0.8,13,61,,116500,0,0
26009,Antrim County,tornado,5,4,0.4,62,,EF1,310000,0,0
26011,Arenac County,flood,1,1,0.1,20,,,4400000,0,0
26011,Arenac County,hail,5,5,0.5,26,2,,0,0,0
26011,Arenac County,thunderstorm_wind,14,13,1.3,21,60,,198000,0,0
26011,Arenac County,tornado,2,1,0.1,22,,EF1,115000,0,0
26013,Baraga County,flash_flood,2,2,0.2,21,,,9305000,0,0
26013,Baraga County,flood,3,3,0.3,50,,,500000,0,0
26013,Baraga County,hail,17,11,1.1,53,2.75,,10020000,0,0
26013,Baraga County,lightning,1,1,0.1,66,,,2000,0,0
26013,Baraga County,thunderstorm_wind,27,14,1.4,23,83,,144000,0,0
26015,Barry County,hail,4,2,0.2,11,2.5,,1500000,0,0
26015,Barry County,thunderstorm_wind,24,16,1.6,27,65,,593000,0,0
26015,Barry County,tornado,3,3,0.3,51,,EF1,170000,0,0
26017,Bay County,flash_flood,1,1,0.1,11,,,3000000,0,0
26017,Bay County,flood,3,3,0.3,50,,,3000000,0,0
26017,Bay County,hail,11,4,0.4,21,1.75,,0,0,0
26017,Bay County,thunderstorm_wind,34,23,2.3,44,57,,100000,0,0
26017,Bay County,tornado,1,1,0.1,22,,EF0,10000,0,0
26019,Benzie County,hail,5,4,0.4,21,1,,0,0,0
26019,Benzie County,thunderstorm_wind,10,7,0.7,12,54,,51000,0,0
26021,Berrien County,flash_flood,3,3,0.3,31,,,1345000,0,0
26021,Berrien County,flood,7,4,0.4,59,,,8422000,0,0
26021,Berrien County,hail,27,13,1.3,60,2,,4500,0,0
26021,Berrien County,thunderstorm_wind,91,33,3.3,65,68,,288000,0,1
26021,Berrien County,tornado,1,1,0.1,22,,EF1,0,0,0
26023,Branch County,hail,4,3,0.3,16,4,,15500,0,0
26023,Branch County,thunderstorm_wind,37,19,1.9,34,63,,401000,0,0
26023,Branch County,tornado,5,3,0.3,51,,EF2,175000,0,0
26025,Calhoun County,hail,6,6,0.6,31,2.75,,700000,0,0
26025,Calhoun County,thunderstorm_wind,33,24,2.4,47,78,,6574000,0,0
26025,Calhoun County,tornado,2,2,0.2,37,,EF1,1000000,0,0
26027,Cass County,flash_flood,2,2,0.2,21,,,0,0,0
26027,Cass County,flood,4,3,0.3,50,,,566000,0,0
26027,Cass County,hail,12,8,0.8,41,1.75,,2000,0,0
26027,Cass County,lightning,1,1,0.1,66,,,500000,0,0
26027,Cass County,thunderstorm_wind,46,28,2.8,56,70,,220000,1,0
26027,Cass County,tornado,6,4,0.4,62,,EF1,250000,0,0
26029,Charlevoix County,hail,4,3,0.3,16,3,,45000,0,0
26029,Charlevoix County,thunderstorm_wind,8,8,0.8,13,52,,68000,0,0
26031,Cheboygan County,flood,1,1,0.1,20,,,1000,0,0
26031,Cheboygan County,hail,3,3,0.3,16,1.75,,0,0,0
26031,Cheboygan County,thunderstorm_wind,12,9,0.9,15,60,,193500,0,0
26033,Chippewa County,flash_flood,1,1,0.1,11,,,5000,0,0
26033,Chippewa County,flood,1,1,0.1,20,,,20000,0,0
26033,Chippewa County,hail,13,11,1.1,53,1.5,,0,0,0
26033,Chippewa County,thunderstorm_wind,12,8,0.8,13,57,,112000,0,1
26033,Chippewa County,tornado,1,1,0.1,22,,EF0,0,0,0
26035,Clare County,hail,2,2,0.2,11,1.75,,250000,0,0
26035,Clare County,thunderstorm_wind,13,12,1.2,20,56,,489000,0,0
26035,Clare County,tornado,2,2,0.2,37,,EF1,2100000,0,0
26037,Clinton County,flood,1,1,0.1,20,,,25000,0,0
26037,Clinton County,hail,3,3,0.3,16,2.75,,60000,0,0
26037,Clinton County,thunderstorm_wind,20,17,1.7,29,61,,5084000,0,1
26037,Clinton County,tornado,1,1,0.1,22,,EF0,200000,0,0
26039,Crawford County,hail,4,4,0.4,21,1.5,,0,0,0
26039,Crawford County,thunderstorm_wind,6,5,0.5,10,56,,51000,0,0
26039,Crawford County,tornado,1,1,0.1,22,,EF0,21000,0,0
26041,Delta County,flood,3,3,0.3,50,,,30000,0,0
26041,Delta County,hail,10,8,0.8,41,1.75,,0,0,0
26041,Delta County,lightning,3,3,0.3,91,,,230000,0,0
26041,Delta County,thunderstorm_wind,39,16,1.6,27,61,,109000,0,0
26041,Delta County,tornado,1,1,0.1,22,,EF1,150000,0,0
26043,Dickinson County,flash_flood,3,3,0.3,31,,,207000,0,0
26043,Dickinson County,flood,2,2,0.2,38,,,100000,0,0
26043,Dickinson County,hail,18,12,1.2,57,2,,0,0,0
26043,Dickinson County,thunderstorm_wind,42,21,2.1,39,61,,120000,0,0
26045,Eaton County,flood,1,1,0.1,20,,,100000,0,0
26045,Eaton County,hail,7,6,0.6,31,1.25,,70000,0,0
26045,Eaton County,thunderstorm_wind,16,11,1.1,18,75,,5375000,0,0
26045,Eaton County,tornado,1,1,0.1,22,,EF1,0,0,0
26047,Emmet County,flash_flood,1,1,0.1,11,,,80000,0,0
26047,Emmet County,flood,1,1,0.1,20,,,5000,0,0
26047,Emmet County,hail,1,1,0.1,6,1,,0,0,0
26047,Emmet County,thunderstorm_wind,11,8,0.8,13,60,,214000,0,0
26049,Genesee County,flash_flood,4,3,0.3,31,,,0,0,0
26049,Genesee County,flood,3,3,0.3,50,,,0,0,0
26049,Genesee County,hail,18,8,0.8,41,2.75,,20000000,0,0
26049,Genesee County,thunderstorm_wind,68,35,3.5,69,61,,26500,0,0
26049,Genesee County,tornado,6,5,0.5,72,,EF2,2210000,0,0
26051,Gladwin County,flash_flood,3,3,0.3,31,,,6529000,0,0
26051,Gladwin County,flood,3,3,0.3,50,,,11124000,0,0
26051,Gladwin County,hail,6,6,0.6,31,1.75,,0,0,0
26051,Gladwin County,thunderstorm_wind,25,19,1.9,34,58,,224500,0,0
26051,Gladwin County,tornado,1,1,0.1,22,,EF1,100000,0,0
26053,Gogebic County,flash_flood,4,3,0.3,31,,,5024000,0,0
26053,Gogebic County,flood,4,4,0.4,59,,,20344000,0,0
26053,Gogebic County,hail,13,9,0.9,45,2.75,,0,0,0
26053,Gogebic County,thunderstorm_wind,43,21,2.1,39,78,,1271500,0,1
26053,Gogebic County,tornado,2,1,0.1,22,,EF1,150000,0,0
26055,Grand Traverse County,flash_flood,7,6,0.6,57,,,415000,0,0
26055,Grand Traverse County,flood,4,4,0.4,59,,,35000,0,0
26055,Grand Traverse County,hail,17,12,1.2,57,1.25,,6000,0,0
26055,Grand Traverse County,lightning,1,1,0.1,66,,,12000,0,0
26055,Grand Traverse County,thunderstorm_wind,27,16,1.6,27,58,,126000,0,0
26055,Grand Traverse County,tornado,1,1,0.1,22,,,0,0,0
26057,Gratiot County,flood,1,1,0.1,20,,,100000,0,0
26057,Gratiot County,hail,4,4,0.4,21,2.5,,250000,0,0
26057,Gratiot County,thunderstorm_wind,11,10,1.0,16,61,,443000,0,0
26057,Gratiot County,tornado,1,1,0.1,22,,EF0,20000,0,0
26059,Hillsdale County,hail,6,4,0.4,21,4,,12000,0,0
26059,Hillsdale County,thunderstorm_wind,47,24,2.4,47,65,,121000,0,0
26059,Hillsdale County,tornado,2,2,0.2,37,,EF1,100000,0,0
26061,Houghton County,flash_flood,8,6,0.6,57,,,106790000,1,0
26061,Houghton County,flood,11,10,1.0,83,,,18503000,0,0
26061,Houghton County,hail,18,11,1.1,53,1,,0,0,0
26061,Houghton County,thunderstorm_wind,42,18,1.8,32,83,,289000,0,0
26063,Huron County,flash_flood,1,1,0.1,11,,,0,0,0
26063,Huron County,flood,2,2,0.2,38,,,5000,0,0
26063,Huron County,hail,8,5,0.5,26,1.5,,500,0,0
26063,Huron County,thunderstorm_wind,45,24,2.4,47,70,,37000,0,0
26063,Huron County,tornado,3,3,0.3,51,,EF2,2000000,0,6
26065,Ingham County,hail,10,8,0.8,41,2,,212000,0,0
26065,Ingham County,thunderstorm_wind,29,20,2.0,37,65,,35542000,1,0
26065,Ingham County,tornado,3,2,0.2,37,,EF2,75000000,2,4
26067,Ionia County,flood,2,2,0.2,38,,,500000,0,0
26067,Ionia County,hail,5,5,0.5,26,2.5,,505000,0,0
26067,Ionia County,thunderstorm_wind,26,21,2.1,39,70,,10655000,0,0
26067,Ionia County,tornado,6,4,0.4,62,,EF1,1085000,0,0
26069,Iosco County,flood,1,1,0.1,20,,,1200000,0,0
26069,Iosco County,hail,3,2,0.2,11,1,,0,0,0
26069,Iosco County,thunderstorm_wind,14,8,0.8,13,57,,80000,0,1
26071,Iron County,flash_flood,2,2,0.2,21,,,1100000,0,0
26071,Iron County,flood,5,4,0.4,59,,,3120000,0,0
26071,Iron County,hail,7,5,0.5,26,1.5,,2000,0,0
26071,Iron County,lightning,1,1,0.1,66,,,500,0,0
26071,Iron County,thunderstorm_wind,24,14,1.4,23,74,,280500,0,0
26071,Iron County,tornado,2,1,0.1,22,,EF1,170000,0,0
26073,Isabella County,flood,4,4,0.4,59,,,70250000,0,0
26073,Isabella County,hail,3,3,0.3,16,1.5,,35000,0,0
26073,Isabella County,thunderstorm_wind,14,14,1.4,23,61,,576000,0,0
26075,Jackson County,hail,2,2,0.2,11,1.75,,5000,0,0
26075,Jackson County,thunderstorm_wind,31,26,2.6,51,83,,540000,0,0
26075,Jackson County,tornado,3,2,0.2,37,,EF0,300000,0,0
26077,Kalamazoo County,flood,1,1,0.1,20,,,100000,0,0
26077,Kalamazoo County,hail,10,8,0.8,41,2,,1000000,0,0
26077,Kalamazoo County,thunderstorm_wind,41,27,2.7,53,66,,3610000,0,0
26077,Kalamazoo County,tornado,2,2,0.2,37,,EF2,50000000,0,12
26079,Kalkaska County,hail,6,2,0.2,11,1.75,,0,0,0
26079,Kalkaska County,thunderstorm_wind,11,9,0.9,15,53,,49000,0,0
26081,Kent County,flood,2,2,0.2,38,,,210000,0,0
26081,Kent County,hail,11,9,0.9,45,1.75,,310000,0,0
26081,Kent County,thunderstorm_wind,59,42,4.2,78,87,,24455000,4,0
26081,Kent County,tornado,12,8,0.8,89,,EF1,10850000,0,0
26083,Keweenaw County,flood,1,1,0.1,20,,,1000000,0,0
26083,Keweenaw County,hail,1,1,0.1,6,1,,0,0,0
26083,Keweenaw County,thunderstorm_wind,4,4,0.4,9,60,,11000,0,0
26085,Lake County,flood,1,1,0.1,20,,,800000,0,0
26085,Lake County,hail,2,2,0.2,11,2.5,,25000,0,0
26085,Lake County,thunderstorm_wind,12,11,1.1,18,61,,594000,0,0
26085,Lake County,tornado,2,1,0.1,22,,EF1,200000,0,0
26087,Lapeer County,flash_flood,1,1,0.1,11,,,0,0,0
26087,Lapeer County,flood,1,1,0.1,20,,,0,0,0
26087,Lapeer County,hail,12,6,0.6,31,2.25,,0,0,0
26087,Lapeer County,lightning,1,1,0.1,66,,,40000,0,0
26087,Lapeer County,thunderstorm_wind,63,31,3.1,62,70,,185000,1,0
26089,Leelanau County,flash_flood,2,1,0.1,11,,,0,0,0
26089,Leelanau County,flood,1,1,0.1,20,,,10000,0,0
26089,Leelanau County,hail,7,5,0.5,26,3,,85000,0,0
26089,Leelanau County,thunderstorm_wind,18,10,1.0,16,56,,94000,0,0
26091,Lenawee County,flood,1,1,0.1,20,,,0,0,0
26091,Lenawee County,hail,11,8,0.8,41,3,,0,0,0
26091,Lenawee County,thunderstorm_wind,50,37,3.7,72,61,,71000,0,0
26091,Lenawee County,tornado,1,1,0.1,22,,EF1,250000,0,0
26093,Livingston County,flash_flood,1,1,0.1,11,,,0,0,0
26093,Livingston County,flood,3,3,0.3,50,,,0,0,0
26093,Livingston County,hail,14,9,0.9,45,1.5,,1500000,0,0
26093,Livingston County,lightning,1,1,0.1,66,,,0,0,4
26093,Livingston County,thunderstorm_wind,86,39,3.9,74,78,,861000,0,0
26093,Livingston County,tornado,3,3,0.3,51,,EF1,120000,0,0
26095,Luce County,flood,1,1,0.1,20,,,0,0,0
26095,Luce County,hail,11,3,0.3,16,4,,1010000,0,0
26095,Luce County,thunderstorm_wind,8,3,0.3,7,61,,15500,0,0
26095,Luce County,tornado,1,1,0.1,22,,EF0,5000,0,0
26097,Mackinac County,hail,4,4,0.4,21,1.75,,0,0,0
26097,Mackinac County,thunderstorm_wind,1,1,0.1,3,52,,9000,0,0
26099,Macomb County,flash_flood,12,12,1.2,81,,,2495000,0,0
26099,Macomb County,flood,13,11,1.1,85,,,3000000,0,0
26099,Macomb County,hail,26,14,1.4,63,1.75,,0,0,0
26099,Macomb County,thunderstorm_wind,95,50,5.0,86,65,,3156000,0,0
26099,Macomb County,tornado,2,2,0.2,37,,EF1,4500000,0,0
26101,Manistee County,flash_flood,2,2,0.2,21,,,3501000,0,0
26101,Manistee County,flood,2,2,0.2,38,,,1000,0,0
26101,Manistee County,hail,22,9,0.9,45,2,,2050000,0,0
26101,Manistee County,lightning,1,1,0.1,66,,,0,1,0
26101,Manistee County,thunderstorm_wind,7,7,0.7,12,59,,89000,0,0
26103,Marquette County,flash_flood,6,6,0.6,57,,,3015000,0,0
26103,Marquette County,flood,10,10,1.0,83,,,7578500,0,0
26103,Marquette County,hail,75,24,2.4,83,1.75,,6000,0,0
26103,Marquette County,lightning,5,5,0.5,96,,,87500,0,0
26103,Marquette County,thunderstorm_wind,110,27,2.7,53,83,,1873500,0,0
26103,Marquette County,tornado,2,1,0.1,22,,EF1,60000,0,0
26105,Mason County,flood,1,1,0.1,20,,,500000,0,0
26105,Mason County,hail,1,1,0.1,6,2.5,,100000,0,0
26105,Mason County,thunderstorm_wind,14,12,1.2,20,70,,686000,0,0
26107,Mecosta County,flood,2,2,0.2,38,,,2575000,0,0
26107,Mecosta County,hail,6,3,0.3,16,1.75,,250000,0,0
26107,Mecosta County,thunderstorm_wind,13,12,1.2,20,78,,573000,0,0
26107,Mecosta County,tornado,2,2,0.2,37,,EF1,250000,0,0
26109,Menominee County,flash_flood,3,3,0.3,31,,,185000,0,0
26109,Menominee County,flood,1,1,0.1,20,,,0,0,0
26109,Menominee County,hail,13,9,0.9,45,1.75,,0,0,0
26109,Menominee County,lightning,1,1,0.1,66,,,500000,0,0
26109,Menominee County,thunderstorm_wind,50,21,2.1,39,96,,681500,0,0
26109,Menominee County,tornado,1,1,0.1,22,,EF1,10000,0,0
26111,Midland County,flash_flood,3,2,0.2,21,,,316400000,0,0
26111,Midland County,flood,6,6,0.6,71,,,10000000,0,0
26111,Midland County,hail,11,4,0.4,21,2,,0,0,0
26111,Midland County,thunderstorm_wind,36,19,1.9,34,56,,50000,0,0
26113,Missaukee County,hail,8,6,0.6,31,1.5,,0,0,0
26113,Missaukee County,thunderstorm_wind,9,6,0.6,11,60,,272000,0,0
26115,Monroe County,flash_flood,1,1,0.1,11,,,0,0,0
26115,Monroe County,flood,3,3,0.3,50,,,5000000,0,0
26115,Monroe County,hail,13,6,0.6,31,2,,0,0,0
26115,Monroe County,lightning,3,3,0.3,91,,,37000,0,4
26115,Monroe County,thunderstorm_wind,81,39,3.9,74,65,,70500,0,0
26115,Monroe County,tornado,8,6,0.6,79,,EF1,1975000,0,0
26117,Montcalm County,flood,1,1,0.1,20,,,250000,0,0
26117,Montcalm County,hail,6,6,0.6,31,1.5,,10000,0,0
26117,Montcalm County,thunderstorm_wind,16,16,1.6,27,64,,456000,0,0
26119,Montmorency County,flash_flood,1,1,0.1,11,,,0,0,0
26119,Montmorency County,hail,9,5,0.5,26,1.75,,0,0,0
26119,Montmorency County,thunderstorm_wind,5,3,0.3,7,56,,28000,0,0
26121,Muskegon County,flood,1,1,0.1,20,,,6000000,0,0
26121,Muskegon County,hail,6,6,0.6,31,1.75,,525000,0,0
26121,Muskegon County,thunderstorm_wind,21,18,1.8,32,70,,817000,0,0
26123,Newaygo County,flood,3,3,0.3,50,,,1750000,0,0
26123,Newaygo County,hail,9,8,0.8,41,2.5,,30000,0,0
26123,Newaygo County,thunderstorm_wind,20,19,1.9,34,65,,639000,0,0
26123,Newaygo County,tornado,1,1,0.1,22,,EF0,0,0,0
26125,Oakland County,flash_flood,11,11,1.1,79,,,6000000,0,0
26125,Oakland County,flood,4,4,0.4,59,,,0,0,0
26125,Oakland County,hail,29,17,1.7,70,2,,0,0,0
26125,Oakland County,lightning,1,1,0.1,66,,,5000,0,0
26125,Oakland County,thunderstorm_wind,160,60,6.0,92,70,,10372500,0,3
26125,Oakland County,tornado,4,4,0.4,62,,EF1,8535000,0,0
26127,Oceana County,hail,5,5,0.5,26,1.75,,0,0,0
26127,Oceana County,thunderstorm_wind,11,10,1.0,16,59,,518000,0,0
26129,Ogemaw County,flood,1,1,0.1,20,,,450000,0,0
26129,Ogemaw County,hail,4,3,0.3,16,1.75,,0,0,0
26129,Ogemaw County,thunderstorm_wind,21,14,1.4,23,60,,159000,1,1
26129,Ogemaw County,tornado,2,2,0.2,37,,EF1,110000,0,0
26131,Ontonagon County,flash_flood,4,4,0.4,41,,,1680000,0,0
26131,Ontonagon County,flood,1,1,0.1,20,,,8000000,0,0
26131,Ontonagon County,hail,7,6,0.6,31,1.25,,0,0,0
26131,Ontonagon County,thunderstorm_wind,19,13,1.3,21,65,,145000,0,0
26133,Osceola County,hail,1,1,0.1,6,1.75,,50000,0,0
26133,Osceola County,thunderstorm_wind,10,10,1.0,16,70,,312000,0,0
26135,Oscoda County,hail,3,3,0.3,16,1.5,,0,0,0
26135,Oscoda County,thunderstorm_wind,6,6,0.6,11,52,,40000,0,0
26137,Otsego County,flood,2,1,0.1,20,,,15500,0,0
26137,Otsego County,hail,14,5,0.5,26,2,,5000,0,0
26137,Otsego County,thunderstorm_wind,22,9,0.9,15,70,,1469000,0,1
26137,Otsego County,tornado,1,1,0.1,22,,EF3,50000000,2,44
26139,Ottawa County,flood,1,1,0.1,20,,,5000000,0,0
26139,Ottawa County,hail,6,4,0.4,21,1,,0,0,0
26139,Ottawa County,thunderstorm_wind,33,27,2.7,53,87,,1022000,1,0
26139,Ottawa County,tornado,4,4,0.4,62,,EF1,600000,0,0
26141,Presque Isle County,hail,5,1,0.1,6,3,,0,0,0
26141,Presque Isle County,lightning,1,1,0.1,66,,,0,1,0
26141,Presque Isle County,thunderstorm_wind,4,4,0.4,9,58,,106000,0,1
26143,Roscommon County,flood,1,1,0.1,20,,,240000,0,0
26143,Roscommon County,hail,6,6,0.6,31,1.25,,0,0,0
26143,Roscommon County,thunderstorm_wind,16,15,1.5,25,60,,231500,0,0
26143,Roscommon County,tornado,1,1,0.1,22,,EF0,5000,0,0
26145,Saginaw County,flood,5,4,0.4,59,,,10300000,0,0
26145,Saginaw County,hail,8,5,0.5,26,2,,0,0,0
26145,Saginaw County,thunderstorm_wind,62,34,3.4,67,61,,104000,0,0
26145,Saginaw County,tornado,2,1,0.1,22,,EF0,150000,0,0
26147,St. Clair County,flood,9,9,0.9,81,,,12450000,0,0
26147,St. Clair County,hail,11,8,0.8,41,1.75,,0,0,0
26147,St. Clair County,lightning,1,1,0.1,66,,,0,0,1
26147,St. Clair County,thunderstorm_wind,71,43,4.3,79,63,,198000,0,0
26147,St. Clair County,tornado,1,1,0.1,22,,EF0,40000,0,0
26149,St. Joseph County,flood,1,1,0.1,20,,,680000,0,0
26149,St. Joseph County,hail,14,6,0.6,31,4,,104000,0,0
26149,St. Joseph County,thunderstorm_wind,82,34,3.4,67,70,,322300,0,2
26149,St. Joseph County,tornado,5,5,0.5,72,,EF2,85000,0,1
26151,Sanilac County,flood,1,1,0.1,20,,,1000000,0,0
26151,Sanilac County,hail,5,3,0.3,16,1.75,,0,0,0
26151,Sanilac County,thunderstorm_wind,22,18,1.8,32,65,,14000,0,0
26151,Sanilac County,tornado,4,4,0.4,62,,EF1,0,0,0
26153,Schoolcraft County,hail,5,3,0.3,16,2.5,,0,0,0
26153,Schoolcraft County,thunderstorm_wind,8,6,0.6,11,87,,552000,0,0
26155,Shiawassee County,flood,2,2,0.2,38,,,0,0,0
26155,Shiawassee County,hail,5,3,0.3,16,1.75,,0,0,0
26155,Shiawassee County,lightning,1,1,0.1,66,,,35000,0,0
26155,Shiawassee County,thunderstorm_wind,42,25,2.5,49,70,,70000,0,0
26155,Shiawassee County,tornado,5,4,0.4,62,,EF2,10850000,0,0
26157,Tuscola County,flood,2,2,0.2,38,,,4202000,0,0
26157,Tuscola County,hail,4,3,0.3,16,1,,0,0,0
26157,Tuscola County,thunderstorm_wind,50,33,3.3,65,65,,25000,0,0
26157,Tuscola County,tornado,4,3,0.3,51,,EF0,0,0,0
26159,Van Buren County,hail,9,8,0.8,41,1.75,,15000,0,0
26159,Van Buren County,thunderstorm_wind,35,29,2.9,58,87,,4786000,0,0
26161,Washtenaw County,flash_flood,4,4,0.4,41,,,7540000,0,0
26161,Washtenaw County,flood,3,3,0.3,50,,,0,0,0
26161,Washtenaw County,hail,47,19,1.9,75,2,,1000000,0,0
26161,Washtenaw County,thunderstorm_wind,80,41,4.1,77,62,,74500,0,2
26163,Wayne County,flash_flood,16,16,1.6,90,,,204350000,0,0
26163,Wayne County,flood,19,19,1.9,92,,,5500000,0,0
26163,Wayne County,hail,20,13,1.3,60,1.75,,0,0,0
26163,Wayne County,thunderstorm_wind,138,51,5.1,87,66,,375500,0,3
26163,Wayne County,tornado,8,4,0.4,62,,EF1,960000,1,2
26165,Wexford County,hail,9,5,0.5,26,2,,0,0,0
26165,Wexford County,thunderstorm_wind,16,11,1.1,18,58,,88500,0,0
27001,Aitkin County,flash_flood,14,7,0.7,62,,,0,0,0
27001,Aitkin County,hail,71,33,3.3,91,3.25,,8000,0,0
27001,Aitkin County,lightning,1,1,0.1,66,,,10000,0,0
27001,Aitkin County,thunderstorm_wind,92,44,4.4,80,78,,40000,0,1
27001,Aitkin County,tornado,6,4,0.4,62,,EF1,550000,0,0
27003,Anoka County,flash_flood,4,3,0.3,31,,,1000000,0,0
27003,Anoka County,hail,70,20,2.0,77,3,,675000,0,0
27003,Anoka County,lightning,2,2,0.2,85,,,35000,0,0
27003,Anoka County,thunderstorm_wind,41,21,2.1,39,70,,87500,0,0
27003,Anoka County,tornado,5,3,0.3,51,,EF1,0,0,0
27005,Becker County,flash_flood,3,2,0.2,21,,,4000,0,0
27005,Becker County,hail,61,36,3.6,93,2.75,,0,0,0
27005,Becker County,thunderstorm_wind,68,34,3.4,67,78,,1220000,0,1
27005,Becker County,tornado,4,3,0.3,51,,EF2,20000,0,0
27007,Beltrami County,flash_flood,4,3,0.3,31,,,0,0,0
27007,Beltrami County,hail,86,42,4.2,96,2.75,,0,0,0
27007,Beltrami County,lightning,1,1,0.1,66,,,20000,0,0
27007,Beltrami County,thunderstorm_wind,96,44,4.4,80,104,,15000000,0,0
27007,Beltrami County,tornado,17,12,1.2,97,,EF1,2305000,0,0
27009,Benton County,flash_flood,2,2,0.2,21,,,0,0,0
27009,Benton County,hail,18,10,1.0,50,2.5,,350000,0,0
27009,Benton County,thunderstorm_wind,6,5,0.5,10,56,,0,0,0
27011,Big Stone County,flash_flood,2,2,0.2,21,,,0,0,0
27011,Big Stone County,flood,10,8,0.8,78,,,332000,0,0
27011,Big Stone County,hail,29,12,1.2,57,4,,0,0,0
27011,Big Stone County,thunderstorm_wind,47,15,1.5,25,78,,0,0,0
27011,Big Stone County,tornado,7,4,0.4,62,,EF1,0,0,0
27013,Blue Earth County,flash_flood,7,6,0.6,57,,,835000,0,0
27013,Blue Earth County,flood,2,2,0.2,38,,,0,0,0
27013,Blue Earth County,hail,42,15,1.5,66,2.5,,0,0,0
27013,Blue Earth County,thunderstorm_wind,46,27,2.7,53,65,,242000,1,1
27013,Blue Earth County,tornado,6,4,0.4,62,,EF1,50000,0,0
27015,Brown County,flash_flood,1,1,0.1,11,,,0,0,0
27015,Brown County,flood,3,3,0.3,50,,,385000,0,0
27015,Brown County,hail,14,10,1.0,50,2.5,,30000,0,0
27015,Brown County,thunderstorm_wind,50,19,1.9,34,61,,169000,0,0
27015,Brown County,tornado,8,5,0.5,72,,EF0,50000,0,0
27017,Carlton County,flash_flood,10,6,0.6,57,,,20000,0,0
27017,Carlton County,flood,1,1,0.1,20,,,0,0,0
27017,Carlton County,hail,51,21,2.1,79,2,,30000,0,0
27017,Carlton County,lightning,2,2,0.2,85,,,95000,0,0
27017,Carlton County,thunderstorm_wind,45,24,2.4,47,70,,0,0,0
27017,Carlton County,tornado,3,2,0.2,37,,EF1,50000,0,0
27019,Carver County,flash_flood,1,1,0.1,11,,,0,0,0
27019,Carver County,flood,1,1,0.1,20,,,0,0,0
27019,Carver County,hail,31,13,1.3,60,3.25,,500000,0,0
27019,Carver County,lightning,1,1,0.1,66,,,200000,0,0
27019,Carver County,thunderstorm_wind,48,22,2.2,42,67,,103500,0,0
27019,Carver County,tornado,9,5,0.5,72,,EF1,75000,0,0
27021,Cass County,flash_flood,3,3,0.3,31,,,0,0,0
27021,Cass County,hail,107,43,4.3,96,3,,0,0,0
27021,Cass County,lightning,3,3,0.3,91,,,100000,0,4
27021,Cass County,thunderstorm_wind,103,39,3.9,74,70,,50000,0,0
27021,Cass County,tornado,7,4,0.4,62,,EF1,150000,0,0
27023,Chippewa County,flood,2,2,0.2,38,,,75000,0,0
27023,Chippewa County,hail,19,9,0.9,45,2.5,,0,0,0
27023,Chippewa County,thunderstorm_wind,24,15,1.5,25,70,,950000,0,0
27023,Chippewa County,tornado,6,5,0.5,72,,EF1,0,0,0
27025,Chisago County,hail,24,9,0.9,45,2.25,,0,0,0
27025,Chisago County,thunderstorm_wind,25,14,1.4,23,70,,350000,0,0
27025,Chisago County,tornado,4,3,0.3,51,,EF1,500000,0,0
27027,Clay County,flash_flood,3,3,0.3,31,,,12000,0,0
27027,Clay County,flood,8,7,0.7,75,,,100500,0,0
27027,Clay County,hail,43,31,3.1,90,2.75,,0,0,0
27027,Clay County,lightning,1,1,0.1,66,,,250000,0,0
27027,Clay County,thunderstorm_wind,75,35,3.5,69,80,,400000,0,0
27027,Clay County,tornado,8,6,0.6,79,,EF2,25000,0,0
27029,Clearwater County,flash_flood,4,3,0.3,31,,,23500,0,0
27029,Clearwater County,hail,29,18,1.8,73,2,,500000,0,0
27029,Clearwater County,thunderstorm_wind,33,23,2.3,44,87,,700000,0,0
27029,Clearwater County,tornado,1,1,0.1,22,,EF1,0,0,0
27031,Cook County,flash_flood,8,6,0.6,57,,,30000,0,0
27031,Cook County,flood,2,2,0.2,38,,,0,0,0
27031,Cook County,hail,9,8,0.8,41,1.75,,0,0,0
27031,Cook County,lightning,1,1,0.1,66,,,20000,0,0
27031,Cook County,thunderstorm_wind,22,13,1.3,21,70,,0,1,2
27031,Cook County,tornado,2,2,0.2,37,,EF2,0,0,0
27033,Cottonwood County,flash_flood,2,2,0.2,21,,,0,0,0
27033,Cottonwood County,flood,32,22,2.2,94,,,22882000,0,0
27033,Cottonwood County,hail,30,20,2.0,77,1.5,,0,0,0
27033,Cottonwood County,thunderstorm_wind,54,20,2.0,37,78,,22000,0,0
27033,Cottonwood County,tornado,9,6,0.6,79,,EF1,0,0,0
27035,Crow Wing County,flash_flood,8,3,0.3,31,,,0,0,0
27035,Crow Wing County,flood,2,2,0.2,38,,,0,0,0
27035,Crow Wing County,hail,122,34,3.4,92,4,,0,0,0
27035,Crow Wing County,lightning,1,1,0.1,66,,,200000,0,0
27035,Crow Wing County,thunderstorm_wind,133,39,3.9,74,70,,85000,0,1
27035,Crow Wing County,tornado,6,4,0.4,62,,EF2,1510000,0,0
27037,Dakota County,flash_flood,4,2,0.2,21,,,0,0,0
27037,Dakota County,flood,1,1,0.1,20,,,0,0,0
27037,Dakota County,hail,106,38,3.8,95,2.5,,251000,0,0
27037,Dakota County,lightning,1,1,0.1,66,,,10000,0,3
27037,Dakota County,thunderstorm_wind,54,33,3.3,65,65,,311500,0,0
27037,Dakota County,tornado,13,8,0.8,89,,EF0,2100000,0,0
27039,Dodge County,flash_flood,5,5,0.5,49,,,172000,0,0
27039,Dodge County,flood,2,2,0.2,38,,,0,0,0
27039,Dodge County,hail,42,20,2.0,77,2.75,,250000,0,0
27039,Dodge County,lightning,1,1,0.1,66,,,10000,0,0
27039,Dodge County,thunderstorm_wind,47,23,2.3,44,67,,593500,0,0
27039,Dodge County,tornado,3,2,0.2,37,,EF1,10000,0,0
27041,Douglas County,hail,22,14,1.4,63,2,,0,0,0
27041,Douglas County,thunderstorm_wind,37,19,1.9,34,76,,35000,1,1
27041,Douglas County,tornado,5,4,0.4,62,,EF2,0,0,0
27043,Faribault County,flash_flood,1,1,0.1,11,,,0,0,0
27043,Faribault County,hail,10,7,0.7,36,2.75,,0,0,0
27043,Faribault County,thunderstorm_wind,11,10,1.0,16,72,,257000,0,0
27043,Faribault County,tornado,6,6,0.6,79,,EF1,0,0,0
27045,Fillmore County,flash_flood,12,10,1.0,75,,,1972000,0,0
27045,Fillmore County,hail,35,26,2.6,85,1.75,,33000,0,0
27045,Fillmore County,thunderstorm_wind,74,29,2.9,58,73,,868500,0,0
27045,Fillmore County,tornado,14,7,0.7,85,,EF1,1825000,0,0
27047,Freeborn County,flash_flood,3,3,0.3,31,,,300000,0,0
27047,Freeborn County,flood,2,2,0.2,38,,,280000,0,0
27047,Freeborn County,hail,25,12,1.2,57,3,,0,0,0
27047,Freeborn County,lightning,1,1,0.1,66,,,3000,0,0
27047,Freeborn County,thunderstorm_wind,36,17,1.7,29,70,,460500,0,3
27047,Freeborn County,tornado,21,10,1.0,94,,EF2,0,0,0
27049,Goodhue County,flash_flood,1,1,0.1,11,,,0,0,0
27049,Goodhue County,flood,1,1,0.1,20,,,0,0,0
27049,Goodhue County,hail,40,17,1.7,70,3,,3300000,0,0
27049,Goodhue County,lightning,1,1,0.1,66,,,50000,0,0
27049,Goodhue County,thunderstorm_wind,53,28,2.8,56,96,,1041000,1,1
27049,Goodhue County,tornado,16,7,0.7,85,,EF1,420000,0,0
27051,Grant County,flood,1,1,0.1,20,,,50000,0,0
27051,Grant County,hail,24,21,2.1,79,1.75,,0,0,0
27051,Grant County,thunderstorm_wind,33,21,2.1,39,80,,1470000,0,0
27051,Grant County,tornado,12,6,0.6,79,,EF4,3100000,0,0
27053,Hennepin County,flash_flood,16,6,0.6,57,,,0,0,0
27053,Hennepin County,flood,1,1,0.1,20,,,0,0,0
27053,Hennepin County,hail,122,36,3.6,93,3,,15050000,0,0
27053,Hennepin County,lightning,1,1,0.1,66,,,15000,0,0
27053,Hennepin County,thunderstorm_wind,139,45,4.5,81,70,,3121200,0,0
27053,Hennepin County,tornado,3,2,0.2,37,,EF1,501000,0,0
27055,Houston County,flash_flood,8,7,0.7,62,,,1141000,0,0
27055,Houston County,flood,9,8,0.8,78,,,801000,0,0
27055,Houston County,hail,13,9,0.9,45,1.25,,15000,0,0
27055,Houston County,lightning,1,1,0.1,66,,,50000,0,0
27055,Houston County,thunderstorm_wind,22,16,1.6,27,65,,248000,0,0
27055,Houston County,tornado,5,3,0.3,51,,EF1,427000,0,0
27057,Hubbard County,flash_flood,1,1,0.1,11,,,2000,0,0
27057,Hubbard County,hail,61,28,2.8,88,2.5,,0,0,0
27057,Hubbard County,lightning,2,2,0.2,85,,,12000,0,0
27057,Hubbard County,thunderstorm_wind,62,36,3.6,70,87,,700000,0,0
27057,Hubbard County,tornado,4,3,0.3,51,,EF1,150000,0,0
27059,Isanti County,flash_flood,1,1,0.1,11,,,5000,0,0
27059,Isanti County,hail,21,13,1.3,60,1.75,,50000,0,0
27059,Isanti County,thunderstorm_wind,17,10,1.0,16,74,,400500,0,0
27059,Isanti County,tornado,2,2,0.2,37,,EF1,0,0,0
27061,Itasca County,flash_flood,15,5,0.5,49,,,10000,0,0
27061,Itasca County,flood,1,1,0.1,20,,,0,0,0
27061,Itasca County,hail,117,36,3.6,93,3,,5000,0,0
27061,Itasca County,thunderstorm_wind,109,47,4.7,83,61,,30500,0,0
27061,Itasca County,tornado,3,2,0.2,37,,EF1,0,0,0
27063,Jackson County,flash_flood,1,1,0.1,11,,,0,0,0
27063,Jackson County,flood,25,19,1.9,92,,,1845000,0,0
27063,Jackson County,hail,47,26,2.6,85,2.5,,0,0,0
27063,Jackson County,thunderstorm_wind,18,13,1.3,21,74,,135000,0,0
27065,Kanabec County,flash_flood,3,3,0.3,31,,,260000,0,0
27065,Kanabec County,hail,14,10,1.0,50,1.75,,65000,0,0
27065,Kanabec County,thunderstorm_wind,13,8,0.8,13,66,,50500,0,0
27065,Kanabec County,tornado,1,1,0.1,22,,EF0,0,0,0
27067,Kandiyohi County,flash_flood,1,1,0.1,11,,,250000,0,0
27067,Kandiyohi County,flood,1,1,0.1,20,,,0,0,0
27067,Kandiyohi County,hail,38,20,2.0,77,3,,0,0,0
27067,Kandiyohi County,lightning,1,1,0.1,66,,,20000,0,0
27067,Kandiyohi County,thunderstorm_wind,46,23,2.3,44,78,,1370500,1,0
27067,Kandiyohi County,tornado,10,8,0.8,89,,EF1,750000,0,0
27069,Kittson County,flash_flood,3,2,0.2,21,,,77000,0,0
27069,Kittson County,flood,7,5,0.5,66,,,100000,0,0
27069,Kittson County,hail,32,19,1.9,75,3,,0,0,0
27069,Kittson County,thunderstorm_wind,29,14,1.4,23,72,,2000,0,0
27069,Kittson County,tornado,1,1,0.1,22,,EF0,5000,0,0
27071,Koochiching County,flood,3,3,0.3,50,,,2400000,0,0
27071,Koochiching County,hail,14,9,0.9,45,2.5,,0,0,0
27071,Koochiching County,thunderstorm_wind,21,12,1.2,20,68,,0,0,0
27073,Lac qui Parle County,flash_flood,1,1,0.1,11,,,0,0,0
27073,Lac qui Parle County,flood,2,2,0.2,38,,,560000,0,0
27073,Lac qui Parle County,hail,19,12,1.2,57,3,,0,0,0
27073,Lac qui Parle County,thunderstorm_wind,22,10,1.0,16,87,,460000,0,0
27073,Lac qui Parle County,tornado,5,4,0.4,62,,EF1,0,0,0
27075,Lake County,flash_flood,10,4,0.4,41,,,0,0,0
27075,Lake County,flood,1,1,0.1,20,,,30000,0,0
27075,Lake County,hail,19,11,1.1,53,2.5,,0,0,0
27075,Lake County,thunderstorm_wind,31,13,1.3,21,70,,10000,2,2
27075,Lake County,tornado,2,2,0.2,37,,EF1,0,0,0
27077,Lake of the Woods County,hail,22,15,1.5,66,2.75,,0,0,0
27077,Lake of the Woods County,thunderstorm_wind,20,14,1.4,23,70,,0,0,0
27077,Lake of the Woods County,tornado,4,4,0.4,62,,EF1,10000,0,0
27079,Le Sueur County,flash_flood,3,3,0.3,31,,,0,0,0
27079,Le Sueur County,flood,2,2,0.2,38,,,0,0,0
27079,Le Sueur County,hail,28,19,1.9,75,2,,0,0,0
27079,Le Sueur County,thunderstorm_wind,34,17,1.7,29,83,,368000,0,0
27079,Le Sueur County,tornado,5,5,0.5,72,,EF1,0,0,0
27081,Lincoln County,flash_flood,1,1,0.1,11,,,0,0,0
27081,Lincoln County,flood,24,22,2.2,94,,,285000,0,0
27081,Lincoln County,hail,26,14,1.4,63,2.5,,0,0,0
27081,Lincoln County,thunderstorm_wind,26,15,1.5,25,78,,7500,0,0
27081,Lincoln County,tornado,1,1,0.1,22,,EF0,0,0,0
27083,Lyon County,flash_flood,17,6,0.6,57,,,155000,0,0
27083,Lyon County,flood,27,23,2.3,94,,,1090000,0,0
27083,Lyon County,hail,67,31,3.1,90,2,,0,0,0
27083,Lyon County,thunderstorm_wind,60,22,2.2,42,78,,2500,0,2
27083,Lyon County,tornado,2,1,0.1,22,,EF0,55000,0,0
27085,McLeod County,flash_flood,1,1,0.1,11,,,25000,0,0
27085,McLeod County,flood,1,1,0.1,20,,,18500,0,0
27085,McLeod County,hail,42,24,2.4,83,3,,0,0,0
27085,McLeod County,thunderstorm_wind,53,29,2.9,58,75,,205500,0,0
27085,McLeod County,tornado,9,5,0.5,72,,EF1,350000,0,0
27087,Mahnomen County,flood,1,1,0.1,20,,,5000,0,0
27087,Mahnomen County,hail,24,19,1.9,75,1.75,,500,0,0
27087,Mahnomen County,thunderstorm_wind,23,20,2.0,37,78,,0,0,0
27087,Mahnomen County,tornado,6,3,0.3,51,,EF2,56000,0,0
27089,Marshall County,flash_flood,4,4,0.4,41,,,28100,0,0
27089,Marshall County,flood,6,5,0.5,66,,,50500,0,0
27089,Marshall County,hail,51,26,2.6,85,2,,0,0,0
27089,Marshall County,lightning,1,1,0.1,66,,,40000,0,0
27089,Marshall County,thunderstorm_wind,54,28,2.8,56,78,,30000,0,0
27089,Marshall County,tornado,6,5,0.5,72,,EF1,361000,0,0
27091,Martin County,flash_flood,1,1,0.1,11,,,0,0,0
27091,Martin County,hail,25,13,1.3,60,1.75,,0,0,0
27091,Martin County,thunderstorm_wind,23,11,1.1,18,65,,10000,0,0
27091,Martin County,tornado,4,4,0.4,62,,EF1,1500000,0,0
27093,Meeker County,hail,27,15,1.5,66,3.75,,150000,0,0
27093,Meeker County,thunderstorm_wind,26,14,1.4,23,70,,155000,0,3
27093,Meeker County,tornado,6,3,0.3,51,,EF2,100000,0,1
27095,Mille Lacs County,flash_flood,2,2,0.2,21,,,0,0,0
27095,Mille Lacs County,hail,19,15,1.5,66,2,,0,0,0
27095,Mille Lacs County,thunderstorm_wind,16,13,1.3,21,70,,340000,0,0
27095,Mille Lacs County,tornado,2,1,0.1,22,,EF1,215000,0,0
27097,Morrison County,flash_flood,4,4,0.4,41,,,1530000,0,0
27097,Morrison County,flood,1,1,0.1,20,,,149000,0,0
27097,Morrison County,hail,33,20,2.0,77,2.75,,50500,0,0
27097,Morrison County,thunderstorm_wind,41,25,2.5,49,65,,734000,0,0
27097,Morrison County,tornado,8,4,0.4,62,,EF1,1800000,0,0
27099,Mower County,flash_flood,10,7,0.7,62,,,78500,0,0
27099,Mower County,flood,24,16,1.6,90,,,150000,0,0
27099,Mower County,hail,34,20,2.0,77,1.75,,134000,0,0
27099,Mower County,lightning,2,2,0.2,85,,,32000,0,0
27099,Mower County,thunderstorm_wind,61,24,2.4,47,72,,639500,0,0
27099,Mower County,tornado,5,3,0.3,51,,EF2,1830000,0,2
27101,Murray County,flash_flood,11,3,0.3,31,,,0,0,0
27101,Murray County,flood,19,16,1.6,90,,,3283000,0,0
27101,Murray County,hail,37,19,1.9,75,3.75,,0,0,0
27101,Murray County,lightning,1,1,0.1,66,,,2000,0,0
27101,Murray County,thunderstorm_wind,45,18,1.8,32,78,,109500,0,0
27101,Murray County,tornado,10,4,0.4,62,,EF1,275000,0,0
27103,Nicollet County,flash_flood,5,5,0.5,49,,,0,0,0
27103,Nicollet County,flood,1,1,0.1,20,,,0,0,0
27103,Nicollet County,hail,23,12,1.2,57,4,,0,0,0
27103,Nicollet County,thunderstorm_wind,22,14,1.4,23,70,,115000,0,0
27103,Nicollet County,tornado,10,5,0.5,72,,EF1,30000,0,0
27105,Nobles County,flash_flood,4,3,0.3,31,,,5000,0,0
27105,Nobles County,flood,4,4,0.4,59,,,3916000,0,0
27105,Nobles County,hail,42,26,2.6,85,2.75,,0,0,0
27105,Nobles County,thunderstorm_wind,35,20,2.0,37,87,,16000,0,0
27105,Nobles County,tornado,9,7,0.7,85,,EF1,530000,0,0
27107,Norman County,flash_flood,2,2,0.2,21,,,20500,0,0
27107,Norman County,flood,5,5,0.5,66,,,50000,0,0
27107,Norman County,hail,28,19,1.9,75,2,,0,0,0
27107,Norman County,thunderstorm_wind,35,21,2.1,39,70,,50000,0,0
27107,Norman County,tornado,14,11,1.1,95,,EF2,1002000,0,0
27109,Olmsted County,flash_flood,6,6,0.6,57,,,372000,0,0
27109,Olmsted County,flood,12,9,0.9,81,,,1000,0,0
27109,Olmsted County,hail,90,34,3.4,92,2,,927000,0,0
27109,Olmsted County,lightning,4,4,0.4,94,,,225000,0,0
27109,Olmsted County,thunderstorm_wind,88,32,3.2,63,70,,787000,1,0
27109,Olmsted County,tornado,6,4,0.4,62,,EF1,188000,0,0
27111,Otter Tail County,flash_flood,9,5,0.5,49,,,67000,0,0
27111,Otter Tail County,flood,3,1,0.1,20,,,9000,0,0
27111,Otter Tail County,hail,110,49,4.9,98,2.75,,0,0,0
27111,Otter Tail County,thunderstorm_wind,155,47,4.7,83,83,,2320000,0,0
27111,Otter Tail County,tornado,14,7,0.7,85,,EF4,3150000,1,2
27113,Pennington County,flash_flood,2,2,0.2,21,,,252000,0,0
27113,Pennington County,hail,29,17,1.7,70,2.75,,0,0,0
27113,Pennington County,lightning,1,1,0.1,66,,,500,0,0
27113,Pennington County,thunderstorm_wind,21,15,1.5,25,67,,10000,0,0
27113,Pennington County,tornado,4,4,0.4,62,,EF1,0,0,0
27115,Pine County,flash_flood,14,5,0.5,49,,,0,0,0
27115,Pine County,flood,1,1,0.1,20,,,0,0,0
27115,Pine County,hail,74,26,2.6,85,3,,0,0,0
27115,Pine County,lightning,1,1,0.1,66,,,5000,0,0
27115,Pine County,thunderstorm_wind,53,23,2.3,44,61,,45000,0,0
27115,Pine County,tornado,2,2,0.2,37,,EF1,0,0,0
27117,Pipestone County,flash_flood,4,4,0.4,41,,,75000,0,0
27117,Pipestone County,flood,60,34,3.4,97,,,1224000,0,0
27117,Pipestone County,hail,22,11,1.1,53,1.75,,0,0,0
27117,Pipestone County,thunderstorm_wind,28,20,2.0,37,74,,0,0,0
27117,Pipestone County,tornado,4,4,0.4,62,,EF0,0,0,0
27119,Polk County,flash_flood,6,6,0.6,57,,,7000,0,0
27119,Polk County,flood,6,6,0.6,71,,,51000,0,0
27119,Polk County,hail,87,42,4.2,96,2.5,,20000,0,0
27119,Polk County,lightning,2,2,0.2,85,,,15500,0,0
27119,Polk County,thunderstorm_wind,134,54,5.4,89,91,,102500,0,0
27119,Polk County,tornado,20,13,1.3,97,,EF2,6725000,0,0
27121,Pope County,flood,1,1,0.1,20,,,0,0,0
27121,Pope County,hail,25,17,1.7,70,2,,0,0,0
27121,Pope County,thunderstorm_wind,30,11,1.1,18,72,,300000,0,0
27121,Pope County,tornado,8,5,0.5,72,,EF1,512000,0,0
27123,Ramsey County,flash_flood,4,3,0.3,31,,,0,0,0
27123,Ramsey County,hail,62,17,1.7,70,3,,0,0,0
27123,Ramsey County,thunderstorm_wind,41,19,1.9,34,61,,407500,0,2
27123,Ramsey County,tornado,1,1,0.1,22,,EF0,750000,0,0
27125,Red Lake County,flash_flood,1,1,0.1,11,,,250000,0,0
27125,Red Lake County,hail,18,12,1.2,57,2.75,,0,0,0
27125,Red Lake County,thunderstorm_wind,15,11,1.1,18,78,,0,0,0
27125,Red Lake County,tornado,2,2,0.2,37,,EF1,0,0,0
27127,Redwood County,flash_flood,3,3,0.3,31,,,850000,0,0
27127,Redwood County,flood,4,4,0.4,59,,,1300000,1,0
27127,Redwood County,hail,32,18,1.8,73,2,,25000,0,0
27127,Redwood County,thunderstorm_wind,23,17,1.7,29,59,,15000,0,0
27127,Redwood County,tornado,1,1,0.1,22,,EF1,0,0,0
27129,Renville County,flash_flood,6,6,0.6,57,,,775000,0,0
27129,Renville County,flood,3,3,0.3,50,,,659000,1,0
27129,Renville County,hail,40,19,1.9,75,2.75,,100000,0,0
27129,Renville County,lightning,1,1,0.1,66,,,500000,0,0
27129,Renville County,thunderstorm_wind,42,21,2.1,39,73,,413500,0,0
27129,Renville County,tornado,5,3,0.3,51,,EF0,15000,0,0
27131,Rice County,flash_flood,3,3,0.3,31,,,0,0,0
27131,Rice County,flood,3,2,0.2,38,,,700000,0,0
27131,Rice County,hail,42,19,1.9,75,3.5,,2700000,0,0
27131,Rice County,lightning,1,1,0.1,66,,,25000,0,0
27131,Rice County,thunderstorm_wind,36,20,2.0,37,96,,10125000,0,0
27131,Rice County,tornado,22,7,0.7,85,,EF2,25000,0,0
27133,Rock County,flash_flood,4,4,0.4,41,,,0,0,0
27133,Rock County,flood,34,23,2.3,94,,,2550000,0,0
27133,Rock County,hail,19,10,1.0,50,2.75,,0,0,0
27133,Rock County,thunderstorm_wind,44,17,1.7,29,74,,728000,0,0
27133,Rock County,tornado,1,1,0.1,22,,,0,0,0
27135,Roseau County,flash_flood,1,1,0.1,11,,,250000,0,0
27135,Roseau County,flood,1,1,0.1,20,,,0,0,0
27135,Roseau County,hail,45,23,2.3,82,2.75,,0,0,0
27135,Roseau County,thunderstorm_wind,20,12,1.2,20,78,,101500,0,0
27135,Roseau County,tornado,4,3,0.3,51,,EF1,155000,0,0
27137,St. Louis County,flash_flood,62,14,1.4,86,,,800000,0,0
27137,St. Louis County,flood,8,6,0.6,71,,,2411000,0,0
27137,St. Louis County,hail,207,66,6.6,99,3,,10000,0,0
27137,St. Louis County,lightning,8,8,0.8,98,,,378500,0,0
27137,St. Louis County,thunderstorm_wind,298,68,6.8,95,93,,204000,0,3
27137,St. Louis County,tornado,7,5,0.5,72,,EF1,100000,0,0
27139,Scott County,flash_flood,2,2,0.2,21,,,0,0,0
27139,Scott County,flood,1,1,0.1,20,,,0,0,0
27139,Scott County,hail,40,24,2.4,83,2.75,,0,0,0
27139,Scott County,thunderstorm_wind,55,23,2.3,44,70,,41000,0,0
27139,Scott County,tornado,5,4,0.4,62,,EF0,400000,0,0
27141,Sherburne County,hail,51,21,2.1,79,4,,2000,0,0
27141,Sherburne County,thunderstorm_wind,26,16,1.6,27,60,,25500,0,0
27141,Sherburne County,tornado,1,1,0.1,22,,EF1,0,0,0
27143,Sibley County,flash_flood,3,3,0.3,31,,,0,0,0
27143,Sibley County,flood,2,2,0.2,38,,,0,0,0
27143,Sibley County,hail,31,15,1.5,66,4,,250000,0,0
27143,Sibley County,thunderstorm_wind,22,13,1.3,21,61,,136000,1,0
27143,Sibley County,tornado,9,5,0.5,72,,EF1,2000,0,0
27145,Stearns County,flash_flood,2,2,0.2,21,,,0,0,0
27145,Stearns County,flood,1,1,0.1,20,,,0,0,0
27145,Stearns County,hail,80,29,2.9,89,3.25,,0,0,0
27145,Stearns County,thunderstorm_wind,88,39,3.9,74,70,,1560000,0,0
27145,Stearns County,tornado,11,9,0.9,92,,EF1,2565000,0,0
27147,Steele County,flash_flood,5,4,0.4,41,,,0,0,0
27147,Steele County,flood,1,1,0.1,20,,,0,0,0
27147,Steele County,hail,21,16,1.6,68,1.75,,0,0,0
27147,Steele County,thunderstorm_wind,18,15,1.5,25,65,,0,0,0
27147,Steele County,tornado,7,6,0.6,79,,EF1,106000,0,0
27149,Stevens County,flash_flood,2,1,0.1,11,,,0,0,0
27149,Stevens County,flood,1,1,0.1,20,,,146000,0,0
27149,Stevens County,hail,27,15,1.5,66,6,,150000,0,0
27149,Stevens County,thunderstorm_wind,32,13,1.3,21,70,,6055000,0,0
27149,Stevens County,tornado,3,2,0.2,37,,EF1,0,0,0
27151,Swift County,hail,17,10,1.0,50,3,,0,0,0
27151,Swift County,thunderstorm_wind,31,15,1.5,25,83,,457000,0,0
27151,Swift County,tornado,11,6,0.6,79,,EF1,2320000,0,0
27153,Todd County,flash_flood,1,1,0.1,11,,,400000,0,0
27153,Todd County,hail,36,16,1.6,68,3,,0,0,0
27153,Todd County,thunderstorm_wind,21,17,1.7,29,74,,400000,0,0
27153,Todd County,tornado,8,5,0.5,72,,EF1,35000,0,0
27155,Traverse County,flood,17,13,1.3,87,,,0,0,0
27155,Traverse County,hail,18,12,1.2,57,1.5,,0,0,0
27155,Traverse County,thunderstorm_wind,25,16,1.6,27,70,,0,0,0
27155,Traverse County,tornado,8,5,0.5,72,,EF1,0,0,0
27157,Wabasha County,flash_flood,8,5,0.5,49,,,267000,0,0
27157,Wabasha County,flood,28,25,2.5,95,,,39000,0,0
27157,Wabasha County,hail,50,21,2.1,79,2.5,,551000,0,0
27157,Wabasha County,thunderstorm_wind,43,20,2.0,37,74,,270000,0,0
27157,Wabasha County,tornado,8,6,0.6,79,,EF1,435000,0,0
27159,Wadena County,flash_flood,3,2,0.2,21,,,17000,0,0
27159,Wadena County,hail,51,21,2.1,79,4,,0,0,0
27159,Wadena County,thunderstorm_wind,25,15,1.5,25,87,,0,0,0
27159,Wadena County,tornado,4,3,0.3,51,,EF2,1050000,0,0
27161,Waseca County,flash_flood,12,7,0.7,62,,,0,0,0
27161,Waseca County,flood,1,1,0.1,20,,,0,0,0
27161,Waseca County,hail,13,8,0.8,41,2,,0,0,0
27161,Waseca County,thunderstorm_wind,38,26,2.6,51,74,,455000,0,0
27161,Waseca County,tornado,9,3,0.3,51,,EF1,0,0,1
27163,Washington County,flash_flood,1,1,0.1,11,,,0,0,0
27163,Washington County,hail,79,23,2.3,82,2,,250000,0,0
27163,Washington County,lightning,2,2,0.2,85,,,450000,0,1
27163,Washington County,thunderstorm_wind,27,19,1.9,34,65,,5000,0,0
27163,Washington County,tornado,5,3,0.3,51,,EF1,1600000,0,0
27165,Watonwan County,flash_flood,1,1,0.1,11,,,0,0,0
27165,Watonwan County,flood,1,1,0.1,20,,,0,0,0
27165,Watonwan County,hail,14,10,1.0,50,1.75,,20000,0,0
27165,Watonwan County,thunderstorm_wind,19,13,1.3,21,68,,610000,0,0
27165,Watonwan County,tornado,2,2,0.2,37,,EF1,0,0,0
27167,Wilkin County,flash_flood,2,2,0.2,21,,,5000,0,0
27167,Wilkin County,flood,3,3,0.3,50,,,100000,0,0
27167,Wilkin County,hail,22,13,1.3,60,1.75,,0,0,0
27167,Wilkin County,thunderstorm_wind,55,32,3.2,63,78,,500000,0,0
27167,Wilkin County,tornado,6,4,0.4,62,,EF2,50000,0,0
27169,Winona County,flash_flood,14,12,1.2,81,,,387000,0,0
27169,Winona County,flood,38,31,3.1,97,,,123000,0,0
27169,Winona County,hail,86,28,2.8,88,3,,7825500,0,0
27169,Winona County,lightning,3,3,0.3,91,,,31000,0,0
27169,Winona County,thunderstorm_wind,60,26,2.6,51,61,,491000,0,0
27169,Winona County,tornado,12,9,0.9,92,,EF1,539000,0,0
27171,Wright County,flash_flood,1,1,0.1,11,,,0,0,0
27171,Wright County,flood,3,2,0.2,38,,,0,0,0
27171,Wright County,hail,83,36,3.6,93,4,,185000,0,0
27171,Wright County,lightning,2,2,0.2,85,,,1000000,0,0
27171,Wright County,thunderstorm_wind,67,30,3.0,60,74,,590500,0,0
27171,Wright County,tornado,3,3,0.3,51,,EF1,250000,0,0
27173,Yellow Medicine County,flash_flood,1,1,0.1,11,,,0,0,0
27173,Yellow Medicine County,flood,1,1,0.1,20,,,0,0,0
27173,Yellow Medicine County,hail,19,9,0.9,45,3,,0,0,0
27173,Yellow Medicine County,thunderstorm_wind,32,13,1.3,21,69,,5166500,0,0
27173,Yellow Medicine County,tornado,2,2,0.2,37,,EF0,0,0,0
28001,Adams County,flash_flood,12,11,1.1,79,,,332000,1,1
28001,Adams County,hail,12,8,0.8,41,1.75,,380000,0,0
28001,Adams County,thunderstorm_wind,62,45,4.5,81,61,,756100,1,1
28001,Adams County,tornado,4,3,0.3,51,,EF2,1475000,0,0
28003,Alcorn County,flash_flood,7,7,0.7,62,,,21000,0,0
28003,Alcorn County,hail,11,9,0.9,45,2,,1000,0,0
28003,Alcorn County,lightning,1,1,0.1,66,,,10000,0,0
28003,Alcorn County,thunderstorm_wind,36,27,2.7,53,81,,391500,0,2
28003,Alcorn County,tornado,5,5,0.5,72,,EF1,1190000,0,0
28005,Amite County,flash_flood,3,3,0.3,31,,,890000,0,0
28005,Amite County,hail,8,7,0.7,36,1.75,,0,0,0
28005,Amite County,lightning,1,1,0.1,66,,,10000,0,0
28005,Amite County,thunderstorm_wind,24,15,1.5,25,60,,27000,0,0
28005,Amite County,tornado,13,7,0.7,85,,EF3,273000,0,3
28007,Attala County,flash_flood,8,7,0.7,62,,,117000,0,0
28007,Attala County,flood,1,1,0.1,20,,,5000,0,0
28007,Attala County,hail,16,11,1.1,53,2,,227000,0,0
28007,Attala County,thunderstorm_wind,88,62,6.2,93,75,,1383000,0,0
28007,Attala County,tornado,18,10,1.0,94,,EF2,917000,0,0
28009,Benton County,hail,6,5,0.5,26,2.75,,0,0,0
28009,Benton County,thunderstorm_wind,13,10,1.0,16,70,,120000,0,0
28009,Benton County,tornado,3,3,0.3,51,,EF2,475000,0,0
28011,Bolivar County,flash_flood,17,15,1.5,88,,,2462000,0,0
28011,Bolivar County,flood,2,2,0.2,38,,,80000,0,0
28011,Bolivar County,hail,17,17,1.7,70,3,,1447000,0,0
28011,Bolivar County,lightning,2,2,0.2,85,,,33000,0,0
28011,Bolivar County,thunderstorm_wind,69,40,4.0,76,83,,2237000,0,0
28011,Bolivar County,tornado,9,5,0.5,72,,EF2,3910000,0,5
28013,Calhoun County,flash_flood,6,6,0.6,57,,,15000,0,0
28013,Calhoun County,flood,4,4,0.4,59,,,52000,0,0
28013,Calhoun County,hail,6,6,0.6,31,1.25,,0,0,0
28013,Calhoun County,thunderstorm_wind,31,22,2.2,42,65,,464000,0,0
28013,Calhoun County,tornado,9,8,0.8,89,,EF1,1410000,0,0
28015,Carroll County,flash_flood,16,10,1.0,75,,,482000,0,0
28015,Carroll County,hail,12,12,1.2,57,2,,293000,0,0
28015,Carroll County,thunderstorm_wind,56,39,3.9,74,65,,550000,1,0
28015,Carroll County,tornado,11,7,0.7,85,,EF3,6692000,3,5
28017,Chickasaw County,flash_flood,7,5,0.5,49,,,265000,0,0
28017,Chickasaw County,flood,3,3,0.3,50,,,25000,0,0
28017,Chickasaw County,hail,4,3,0.3,16,1.5,,0,0,0
28017,Chickasaw County,thunderstorm_wind,42,27,2.7,53,83,,328000,2,2
28017,Chickasaw County,tornado,8,6,0.6,79,,EF1,360000,0,0
28019,Choctaw County,flash_flood,11,10,1.0,75,,,1439000,0,0
28019,Choctaw County,flood,2,1,0.1,20,,,8000,0,0
28019,Choctaw County,hail,6,6,0.6,31,1.75,,3000,0,0
28019,Choctaw County,thunderstorm_wind,42,34,3.4,67,65,,327500,0,0
28019,Choctaw County,tornado,8,7,0.7,85,,EF1,250000,0,0
28021,Claiborne County,flash_flood,6,6,0.6,57,,,37000,0,0
28021,Claiborne County,flood,1,1,0.1,20,,,5000,0,0
28021,Claiborne County,hail,5,5,0.5,26,1.75,,553000,0,0
28021,Claiborne County,lightning,1,1,0.1,66,,,75000,0,0
28021,Claiborne County,thunderstorm_wind,61,44,4.4,80,75,,995000,0,0
28021,Claiborne County,tornado,12,8,0.8,89,,EF2,1051000,0,0
28023,Clarke County,flash_flood,25,19,1.9,93,,,771000,0,0
28023,Clarke County,hail,17,11,1.1,53,1.25,,180000,0,0
28023,Clarke County,lightning,6,6,0.6,97,,,237000,0,1
28023,Clarke County,thunderstorm_wind,110,60,6.0,92,78,,1505700,0,0
28023,Clarke County,tornado,25,17,1.7,99,,EF2,2472000,0,5
28025,Clay County,flash_flood,14,11,1.1,79,,,199000,0,0
28025,Clay County,hail,9,9,0.9,45,1.75,,98000,0,0
28025,Clay County,lightning,2,2,0.2,85,,,18000,0,0
28025,Clay County,thunderstorm_wind,44,34,3.4,67,55,,361500,0,0
28025,Clay County,tornado,3,3,0.3,51,,EF1,160000,0,0
28027,Coahoma County,flash_flood,1,1,0.1,11,,,150000,0,0
28027,Coahoma County,flood,1,1,0.1,20,,,1000000,0,0
28027,Coahoma County,hail,7,6,0.6,31,1.75,,0,0,0
28027,Coahoma County,thunderstorm_wind,16,12,1.2,20,78,,773000,0,0
28029,Copiah County,flash_flood,15,9,0.9,72,,,514000,0,0
28029,Copiah County,flood,1,1,0.1,20,,,1000,0,0
28029,Copiah County,hail,35,23,2.3,82,2.5,,3637000,0,0
28029,Copiah County,lightning,1,1,0.1,66,,,10000,0,0
28029,Copiah County,thunderstorm_wind,135,79,7.9,97,87,,2732700,0,0
28029,Copiah County,tornado,15,11,1.1,95,,EF2,1915000,0,0
28031,Covington County,flash_flood,25,15,1.5,88,,,1855000,0,0
28031,Covington County,hail,8,8,0.8,41,2.75,,1125000,0,0
28031,Covington County,lightning,1,1,0.1,66,,,15000,0,0
28031,Covington County,thunderstorm_wind,73,47,4.7,83,87,,3744000,0,0
28031,Covington County,tornado,18,11,1.1,95,,EF4,34648000,2,25
28033,DeSoto County,flash_flood,23,13,1.3,84,,,948000,0,0
28033,DeSoto County,flood,4,3,0.3,50,,,15000,0,0
28033,DeSoto County,hail,35,22,2.2,81,2,,0,0,0
28033,DeSoto County,lightning,1,1,0.1,66,,,25000,0,0
28033,DeSoto County,thunderstorm_wind,63,35,3.5,69,87,,576500,0,1
28033,DeSoto County,tornado,5,4,0.4,62,,EF2,6025000,0,0
28035,Forrest County,flash_flood,71,40,4.0,99,,,5433000,0,0
28035,Forrest County,flood,1,1,0.1,20,,,20000,0,0
28035,Forrest County,hail,21,18,1.8,73,1.75,,758000,0,0
28035,Forrest County,lightning,8,7,0.7,98,,,375000,0,1
28035,Forrest County,thunderstorm_wind,111,58,5.8,91,78,,1787200,0,2
28035,Forrest County,tornado,13,10,1.0,94,,EF3,10791000,4,57
28037,Franklin County,flash_flood,14,10,1.0,75,,,366000,0,0
28037,Franklin County,flood,2,2,0.2,38,,,10000,0,0
28037,Franklin County,hail,12,11,1.1,53,2.75,,60100,0,0
28037,Franklin County,thunderstorm_wind,47,37,3.7,72,60,,969500,0,0
28037,Franklin County,tornado,10,7,0.7,85,,EF3,1416000,0,2
28039,George County,flash_flood,11,7,0.7,62,,,2305000,3,7
28039,George County,hail,12,7,0.7,36,1.75,,0,0,0
28039,George County,thunderstorm_wind,29,19,1.9,34,70,,51000,0,0
28039,George County,tornado,11,6,0.6,79,,EF1,0,0,1
28041,Greene County,flash_flood,5,4,0.4,41,,,500000,0,0
28041,Greene County,flood,2,1,0.1,20,,,0,0,0
28041,Greene County,hail,15,8,0.8,41,2.75,,0,0,0
28041,Greene County,thunderstorm_wind,18,13,1.3,21,83,,145000,0,0
28041,Greene County,tornado,7,5,0.5,72,,EF2,225000,0,1
28043,Grenada County,flash_flood,21,16,1.6,90,,,1278000,0,0
28043,Grenada County,flood,1,1,0.1,20,,,1000,0,0
28043,Grenada County,hail,8,7,0.7,36,1.5,,110000,0,0
28043,Grenada County,thunderstorm_wind,61,39,3.9,74,78,,1159000,0,1
28043,Grenada County,tornado,2,2,0.2,37,,EF2,0,0,3
28045,Hancock County,flash_flood,4,3,0.3,31,,,0,0,0
28045,Hancock County,flood,2,1,0.1,20,,,100000,0,0
28045,Hancock County,hail,7,6,0.6,31,1.25,,0,0,0
28045,Hancock County,lightning,1,1,0.1,66,,,100000,0,0
28045,Hancock County,thunderstorm_wind,21,17,1.7,29,65,,33000,0,0
28045,Hancock County,tornado,21,10,1.0,94,,EF2,463000,0,0
28047,Harrison County,flash_flood,37,20,2.0,94,,,658000,0,0
28047,Harrison County,flood,6,6,0.6,71,,,45000,0,0
28047,Harrison County,hail,29,13,1.3,60,2,,0,0,0
28047,Harrison County,lightning,5,5,0.5,96,,,218000,0,0
28047,Harrison County,thunderstorm_wind,54,31,3.1,62,66,,148050,0,0
28047,Harrison County,tornado,25,15,1.5,99,,EF1,892000,0,0
28049,Hinds County,flash_flood,100,52,5.2,99,,,5965000,0,0
28049,Hinds County,flood,4,4,0.4,59,,,101000,0,0
28049,Hinds County,hail,41,32,3.2,91,2.5,,17956000,0,0
28049,Hinds County,lightning,6,6,0.6,97,,,370000,0,0
28049,Hinds County,thunderstorm_wind,257,123,12.3,100,80,,4319000,0,1
28049,Hinds County,tornado,44,25,2.5,100,,EF2,4283000,0,0
28051,Holmes County,flash_flood,10,5,0.5,49,,,576000,0,0
28051,Holmes County,hail,17,14,1.4,63,2,,469000,0,0
28051,Holmes County,thunderstorm_wind,70,47,4.7,83,83,,1183500,0,1
28051,Holmes County,tornado,17,11,1.1,95,,EF2,4701000,1,1
28053,Humphreys County,flash_flood,4,3,0.3,31,,,17000,0,0
28053,Humphreys County,hail,9,8,0.8,41,2,,570000,0,0
28053,Humphreys County,thunderstorm_wind,32,26,2.6,51,75,,318000,0,0
28053,Humphreys County,tornado,4,4,0.4,62,,EF3,13450000,3,15
28055,Issaquena County,flash_flood,1,1,0.1,11,,,9000,0,0
28055,Issaquena County,hail,3,3,0.3,16,2,,56000,0,0
28055,Issaquena County,thunderstorm_wind,17,16,1.6,27,55,,90000,0,0
28055,Issaquena County,tornado,6,6,0.6,79,,EF2,105000,0,0
28057,Itawamba County,flash_flood,4,4,0.4,41,,,160000,0,0
28057,Itawamba County,flood,4,1,0.1,20,,,206000,0,0
28057,Itawamba County,hail,24,16,1.6,68,2.75,,0,0,0
28057,Itawamba County,lightning,1,1,0.1,66,,,10000,1,0
28057,Itawamba County,thunderstorm_wind,52,39,3.9,74,74,,712500,0,0
28057,Itawamba County,tornado,9,7,0.7,85,,EF1,830000,0,0
28059,Jackson County,flash_flood,19,14,1.4,86,,,570000,0,0
28059,Jackson County,hail,25,12,1.2,57,2,,5000,0,0
28059,Jackson County,thunderstorm_wind,28,22,2.2,42,63,,72500,0,0
28059,Jackson County,tornado,28,16,1.6,99,,EF2,1413000,1,7
28061,Jasper County,flash_flood,20,13,1.3,84,,,775000,0,0
28061,Jasper County,hail,16,12,1.2,57,2.75,,233000,0,0
28061,Jasper County,lightning,1,1,0.1,66,,,20000,0,0
28061,Jasper County,thunderstorm_wind,95,66,6.6,94,70,,1023500,0,0
28061,Jasper County,tornado,21,14,1.4,98,,EF4,18569000,2,31
28063,Jefferson County,flash_flood,2,2,0.2,21,,,6000,0,0
28063,Jefferson County,hail,11,10,1.0,50,1.75,,70000,0,0
28063,Jefferson County,thunderstorm_wind,43,35,3.5,69,70,,344000,0,0
28063,Jefferson County,tornado,7,6,0.6,79,,EF1,450000,0,0
28065,Jefferson Davis County,flash_flood,15,8,0.8,68,,,352000,0,0
28065,Jefferson Davis County,hail,14,12,1.2,57,2.5,,350000,0,0
28065,Jefferson Davis County,lightning,1,1,0.1,66,,,25000,0,1
28065,Jefferson Davis County,thunderstorm_wind,74,46,4.6,82,96,,1447000,0,0
28065,Jefferson Davis County,tornado,26,17,1.7,99,,EF4,27215000,6,8
28067,Jones County,flash_flood,59,34,3.4,98,,,3141000,0,0
28067,Jones County,flood,13,6,0.6,71,,,32000,0,0
28067,Jones County,hail,33,24,2.4,83,2.5,,1790500,0,0
28067,Jones County,lightning,8,8,0.8,98,,,465000,0,1
28067,Jones County,thunderstorm_wind,157,100,10.0,99,87,,3692000,0,8
28067,Jones County,tornado,17,14,1.4,98,,EF4,13414000,3,83
28069,Kemper County,flash_flood,6,5,0.5,49,,,40000,0,0
28069,Kemper County,hail,8,7,0.7,36,1.75,,65000,0,0
28069,Kemper County,lightning,1,1,0.1,66,,,20000,0,0
28069,Kemper County,thunderstorm_wind,43,30,3.0,60,71,,517000,0,0
28069,Kemper County,tornado,7,6,0.6,79,,EF3,1580000,0,0
28071,Lafayette County,flash_flood,8,7,0.7,62,,,460000,0,0
28071,Lafayette County,flood,1,1,0.1,20,,,20000,0,0
28071,Lafayette County,hail,25,18,1.8,73,1.75,,0,0,0
28071,Lafayette County,lightning,2,2,0.2,85,,,100000,0,0
28071,Lafayette County,thunderstorm_wind,69,39,3.9,74,74,,519000,0,0
28071,Lafayette County,tornado,5,4,0.4,62,,EF2,545000,0,0
28073,Lamar County,flash_flood,32,24,2.4,95,,,2189000,0,0
28073,Lamar County,flood,5,4,0.4,59,,,9000,0,0
28073,Lamar County,hail,18,11,1.1,53,2.75,,644000,0,0
28073,Lamar County,lightning,6,5,0.5,96,,,230000,1,0
28073,Lamar County,thunderstorm_wind,97,55,5.5,89,75,,808700,0,0
28073,Lamar County,tornado,17,14,1.4,98,,EF3,3685000,1,0
28075,Lauderdale County,flash_flood,38,29,2.9,97,,,1513000,0,0
28075,Lauderdale County,flood,6,5,0.5,66,,,35000,0,0
28075,Lauderdale County,hail,22,14,1.4,63,2.75,,1108000,0,0
28075,Lauderdale County,lightning,1,1,0.1,66,,,0,0,2
28075,Lauderdale County,thunderstorm_wind,133,71,7.1,96,75,,2834100,0,0
28075,Lauderdale County,tornado,23,18,1.8,100,,EF2,5426000,0,3
28077,Lawrence County,flash_flood,12,10,1.0,75,,,1258000,0,0
28077,Lawrence County,flood,1,1,0.1,20,,,10000,0,0
28077,Lawrence County,hail,15,11,1.1,53,1.75,,616500,0,0
28077,Lawrence County,thunderstorm_wind,59,41,4.1,77,91,,5533000,0,1
28077,Lawrence County,tornado,10,7,0.7,85,,EF3,2305000,2,3
28079,Leake County,flash_flood,24,8,0.8,68,,,663000,0,0
28079,Leake County,hail,22,20,2.0,77,2,,417500,0,0
28079,Leake County,thunderstorm_wind,103,69,6.9,95,80,,832500,1,0
28079,Leake County,tornado,25,17,1.7,99,,EF2,2128000,0,0
28081,Lee County,flash_flood,29,17,1.7,91,,,1142500,0,0
28081,Lee County,flood,1,1,0.1,20,,,0,0,0
28081,Lee County,hail,39,22,2.2,81,2.5,,0,0,0
28081,Lee County,lightning,2,2,0.2,85,,,80000,0,0
28081,Lee County,thunderstorm_wind,106,58,5.8,91,74,,1089500,0,5
28081,Lee County,tornado,18,12,1.2,97,,EF2,111545000,0,0
28083,Leflore County,flash_flood,10,8,0.8,68,,,2025000,0,0
28083,Leflore County,flood,1,1,0.1,20,,,15000,0,0
28083,Leflore County,hail,6,5,0.5,26,1.25,,0,0,0
28083,Leflore County,thunderstorm_wind,35,25,2.5,49,74,,645500,0,0
28083,Leflore County,tornado,4,2,0.2,37,,EF2,0,0,0
28085,Lincoln County,flash_flood,17,13,1.3,84,,,827000,0,0
28085,Lincoln County,flood,1,1,0.1,20,,,200000,0,0
28085,Lincoln County,hail,27,18,1.8,73,2.5,,1287500,0,0
28085,Lincoln County,thunderstorm_wind,82,52,5.2,87,83,,1558300,0,2
28085,Lincoln County,tornado,22,15,1.5,99,,EF2,1765000,0,2
28087,Lowndes County,flash_flood,28,21,2.1,94,,,862000,0,0
28087,Lowndes County,flood,1,1,0.1,20,,,1000,0,0
28087,Lowndes County,hail,32,18,1.8,73,4.6,,4060000,0,0
28087,Lowndes County,lightning,2,2,0.2,85,,,120000,0,0
28087,Lowndes County,thunderstorm_wind,103,67,6.7,95,78,,986700,0,0
28087,Lowndes County,tornado,15,10,1.0,94,,EF3,4083000,1,11
28089,Madison County,flash_flood,41,26,2.6,96,,,3928000,0,0
28089,Madison County,flood,8,4,0.4,59,,,138000,0,0
28089,Madison County,hail,29,24,2.4,83,1.75,,1610000,0,0
28089,Madison County,lightning,7,6,0.6,97,,,741000,0,0
28089,Madison County,thunderstorm_wind,156,90,9.0,98,78,,3871200,0,1
28089,Madison County,tornado,25,16,1.6,99,,EF1,1731100,0,0
28091,Marion County,flash_flood,29,15,1.5,88,,,957000,0,0
28091,Marion County,flood,1,1,0.1,20,,,5000,0,0
28091,Marion County,hail,17,14,1.4,63,2.5,,27110000,0,0
28091,Marion County,lightning,1,1,0.1,66,,,200000,0,0
28091,Marion County,thunderstorm_wind,49,35,3.5,69,96,,1286000,0,0
28091,Marion County,tornado,16,13,1.3,97,,EF4,2433000,1,2
28093,Marshall County,flash_flood,6,5,0.5,49,,,60000,0,0
28093,Marshall County,flood,1,1,0.1,20,,,0,0,0
28093,Marshall County,hail,17,11,1.1,53,4,,0,0,0
28093,Marshall County,lightning,1,1,0.1,66,,,250000,0,0
28093,Marshall County,thunderstorm_wind,38,29,2.9,58,82,,484100,0,0
28093,Marshall County,tornado,5,5,0.5,72,,EF3,3375000,0,1
28095,Monroe County,flash_flood,9,6,0.6,57,,,290000,0,0
28095,Monroe County,flood,4,3,0.3,50,,,110000,0,0
28095,Monroe County,hail,25,16,1.6,68,3,,100000,0,0
28095,Monroe County,lightning,2,2,0.2,85,,,35000,0,0
28095,Monroe County,thunderstorm_wind,93,52,5.2,87,70,,646500,0,0
28095,Monroe County,tornado,15,13,1.3,97,,EF3,84117000,3,74
28097,Montgomery County,flash_flood,11,10,1.0,75,,,262000,0,0
28097,Montgomery County,hail,12,11,1.1,53,2,,82100,0,0
28097,Montgomery County,thunderstorm_wind,43,28,2.8,56,65,,537000,0,0
28097,Montgomery County,tornado,8,5,0.5,72,,EF3,10107100,0,0
28099,Neshoba County,flash_flood,23,15,1.5,88,,,248000,0,0
28099,Neshoba County,flood,2,2,0.2,38,,,3000,0,0
28099,Neshoba County,hail,18,15,1.5,66,2.75,,1071000,0,0
28099,Neshoba County,lightning,1,1,0.1,66,,,10000,0,0
28099,Neshoba County,thunderstorm_wind,88,58,5.8,91,75,,2988000,1,0
28099,Neshoba County,tornado,17,8,0.8,89,,EF1,17236000,0,0
28101,Newton County,flash_flood,27,12,1.2,81,,,309000,0,0
28101,Newton County,hail,33,25,2.5,84,2.5,,1900000,0,0
28101,Newton County,thunderstorm_wind,76,50,5.0,86,87,,1405000,0,0
28101,Newton County,tornado,15,10,1.0,94,,EF2,885000,0,0
28103,Noxubee County,flash_flood,10,7,0.7,62,,,101000,0,0
28103,Noxubee County,hail,6,6,0.6,31,4.88,,1110000,0,0
28103,Noxubee County,thunderstorm_wind,46,30,3.0,60,83,,335000,0,2
28103,Noxubee County,tornado,17,10,1.0,94,,EF2,1357000,0,2
28105,Oktibbeha County,flash_flood,32,22,2.2,95,,,396000,0,0
28105,Oktibbeha County,flood,3,3,0.3,50,,,41000,0,0
28105,Oktibbeha County,hail,7,6,0.6,31,2.25,,1876000,0,0
28105,Oktibbeha County,lightning,2,2,0.2,85,,,50000,0,0
28105,Oktibbeha County,thunderstorm_wind,86,58,5.8,91,81,,1779700,0,1
28105,Oktibbeha County,tornado,10,7,0.7,85,,EF2,327000,0,0
28107,Panola County,flash_flood,7,7,0.7,62,,,360000,0,0
28107,Panola County,flood,2,2,0.2,38,,,601000,0,0
28107,Panola County,hail,17,11,1.1,53,2.75,,0,0,0
28107,Panola County,thunderstorm_wind,41,26,2.6,51,74,,593000,1,0
28107,Panola County,tornado,6,3,0.3,51,,EF1,765000,0,2
28109,Pearl River County,flash_flood,5,5,0.5,49,,,1250000,0,0
28109,Pearl River County,flood,2,2,0.2,38,,,600000,0,0
28109,Pearl River County,hail,14,11,1.1,53,2,,0,0,0
28109,Pearl River County,thunderstorm_wind,33,21,2.1,39,75,,352500,1,0
28109,Pearl River County,tornado,10,8,0.8,89,,EF1,59000,0,0
28111,Perry County,flash_flood,15,9,0.9,72,,,1910000,0,0
28111,Perry County,hail,7,5,0.5,26,2.5,,0,0,0
28111,Perry County,thunderstorm_wind,29,19,1.9,34,61,,119000,0,0
28111,Perry County,tornado,6,4,0.4,62,,EF2,160000,0,1
28113,Pike County,flash_flood,3,3,0.3,31,,,690000,0,0
28113,Pike County,hail,1,1,0.1,6,1,,0,0,0
28113,Pike County,thunderstorm_wind,28,15,1.5,25,70,,315000,0,0
28113,Pike County,tornado,11,10,1.0,94,,EF2,50000,0,0
28115,Pontotoc County,flash_flood,11,9,0.9,72,,,225000,0,0
28115,Pontotoc County,flood,3,2,0.2,38,,,0,0,0
28115,Pontotoc County,hail,31,14,1.4,63,2.5,,0,0,0
28115,Pontotoc County,thunderstorm_wind,73,40,4.0,76,87,,862500,0,0
28115,Pontotoc County,tornado,6,5,0.5,72,,EF2,3435000,1,6
28117,Prentiss County,flash_flood,7,7,0.7,62,,,124000,0,0
28117,Prentiss County,flood,1,1,0.1,20,,,0,0,0
28117,Prentiss County,hail,20,11,1.1,53,2,,500,0,0
28117,Prentiss County,thunderstorm_wind,43,27,2.7,53,82,,623000,0,0
28117,Prentiss County,tornado,7,5,0.5,72,,EF1,540000,0,0
28119,Quitman County,flash_flood,2,2,0.2,21,,,700000,0,0
28119,Quitman County,flood,1,1,0.1,20,,,2000000,0,2
28119,Quitman County,hail,2,2,0.2,11,1.25,,0,0,0
28119,Quitman County,thunderstorm_wind,11,6,0.6,11,78,,301000,0,0
28119,Quitman County,tornado,2,2,0.2,37,,EF1,50000,0,0
28121,Rankin County,flash_flood,146,47,4.7,99,,,5411000,1,0
28121,Rankin County,flood,8,6,0.6,71,,,13000,0,0
28121,Rankin County,hail,59,41,4.1,96,2.75,,9704100,0,0
28121,Rankin County,lightning,10,10,1.0,99,,,656000,1,0
28121,Rankin County,thunderstorm_wind,215,102,10.2,99,85,,3674900,1,2
28121,Rankin County,tornado,40,22,2.2,100,,EF2,3623000,0,0
28123,Scott County,flash_flood,23,12,1.2,81,,,281000,0,0
28123,Scott County,flood,1,1,0.1,20,,,1000,0,0
28123,Scott County,hail,28,26,2.6,85,2.5,,263000,0,0
28123,Scott County,thunderstorm_wind,80,58,5.8,91,87,,2018000,0,7
28123,Scott County,tornado,25,13,1.3,97,,EF2,1552000,0,0
28125,Sharkey County,flash_flood,5,3,0.3,31,,,33000,0,0
28125,Sharkey County,flood,1,1,0.1,20,,,3000,0,0
28125,Sharkey County,hail,5,5,0.5,26,1.75,,40000,0,0
28125,Sharkey County,thunderstorm_wind,27,24,2.4,47,65,,248000,0,0
28125,Sharkey County,tornado,6,5,0.5,72,,EF4,84440000,14,153
28127,Simpson County,flash_flood,22,14,1.4,86,,,140000,0,0
28127,Simpson County,flood,3,3,0.3,50,,,10000,0,0
28127,Simpson County,hail,20,18,1.8,73,1.75,,197000,0,0
28127,Simpson County,thunderstorm_wind,63,49,4.9,85,80,,1751000,1,0
28127,Simpson County,tornado,30,20,2.0,100,,EF2,3677000,0,1
28129,Smith County,flash_flood,22,14,1.4,86,,,326000,0,0
28129,Smith County,hail,11,9,0.9,45,1.75,,315000,0,0
28129,Smith County,thunderstorm_wind,109,65,6.5,94,75,,2521000,0,0
28129,Smith County,tornado,32,22,2.2,100,,EF3,4014000,0,0
28131,Stone County,flash_flood,22,12,1.2,81,,,100000,0,0
28131,Stone County,hail,8,5,0.5,26,1.75,,0,0,0
28131,Stone County,lightning,1,1,0.1,66,,,0,0,7
28131,Stone County,thunderstorm_wind,14,11,1.1,18,61,,75000,0,0
28131,Stone County,tornado,1,1,0.1,22,,EF0,0,0,0
28133,Sunflower County,flash_flood,21,14,1.4,86,,,1220000,0,0
28133,Sunflower County,flood,1,1,0.1,20,,,200000,0,0
28133,Sunflower County,hail,10,10,1.0,50,2.75,,80000,0,0
28133,Sunflower County,thunderstorm_wind,55,35,3.5,69,74,,1372200,0,1
28133,Sunflower County,tornado,2,1,0.1,22,,EF2,780000,0,0
28135,Tallahatchie County,flash_flood,5,3,0.3,31,,,1375000,0,0
28135,Tallahatchie County,flood,1,1,0.1,20,,,1000000,0,0
28135,Tallahatchie County,hail,6,6,0.6,31,2,,0,0,0
28135,Tallahatchie County,thunderstorm_wind,24,17,1.7,29,74,,323000,1,0
28135,Tallahatchie County,tornado,4,2,0.2,37,,EF1,132000,0,0
28137,Tate County,flash_flood,7,6,0.6,57,,,310000,0,0
28137,Tate County,flood,1,1,0.1,20,,,0,0,0
28137,Tate County,hail,18,12,1.2,57,2.5,,0,0,0
28137,Tate County,lightning,2,2,0.2,85,,,125000,0,0
28137,Tate County,thunderstorm_wind,30,18,1.8,32,87,,255500,0,0
28137,Tate County,tornado,4,3,0.3,51,,EF3,2220000,0,2
28139,Tippah County,flash_flood,2,2,0.2,21,,,10000,0,0
28139,Tippah County,hail,8,7,0.7,36,1.25,,100000,0,0
28139,Tippah County,thunderstorm_wind,26,20,2.0,37,66,,434000,0,0
28139,Tippah County,tornado,5,4,0.4,62,,EF2,1055000,0,4
28141,Tishomingo County,flash_flood,6,5,0.5,49,,,28000,0,0
28141,Tishomingo County,flood,1,1,0.1,20,,,0,0,0
28141,Tishomingo County,hail,17,11,1.1,53,2.75,,0,0,0
28141,Tishomingo County,thunderstorm_wind,52,36,3.6,70,90,,945000,0,0
28141,Tishomingo County,tornado,13,11,1.1,95,,EF2,5625000,0,0
28143,Tunica County,flash_flood,4,4,0.4,41,,,46000,0,0
28143,Tunica County,flood,2,2,0.2,38,,,1700000,0,0
28143,Tunica County,hail,6,6,0.6,31,1.75,,0,0,0
28143,Tunica County,thunderstorm_wind,26,18,1.8,32,91,,882500,0,2
28143,Tunica County,tornado,2,2,0.2,37,,EF1,300000,0,0
28145,Union County,flash_flood,6,4,0.4,41,,,65000,0,0
28145,Union County,flood,3,3,0.3,50,,,25000,0,0
28145,Union County,hail,26,14,1.4,63,2.75,,0,0,0
28145,Union County,lightning,2,2,0.2,85,,,50000,0,0
28145,Union County,thunderstorm_wind,60,35,3.5,69,82,,1205500,0,0
28145,Union County,tornado,7,6,0.6,79,,EF1,2545000,0,2
28147,Walthall County,flash_flood,3,2,0.2,21,,,1000000,0,0
28147,Walthall County,hail,4,3,0.3,16,2.75,,0,0,0
28147,Walthall County,thunderstorm_wind,20,13,1.3,21,66,,71500,0,1
28147,Walthall County,tornado,10,9,0.9,92,,EF4,10015000,6,2
28149,Warren County,flash_flood,29,18,1.8,92,,,2298000,0,0
28149,Warren County,hail,16,12,1.2,57,2.75,,1704000,0,0
28149,Warren County,lightning,1,1,0.1,66,,,15000,0,0
28149,Warren County,thunderstorm_wind,120,76,7.6,97,80,,3937000,0,2
28149,Warren County,tornado,26,13,1.3,97,,EF2,2014000,0,0
28151,Washington County,flash_flood,26,21,2.1,94,,,994000,0,0
28151,Washington County,flood,4,4,0.4,59,,,72000,0,0
28151,Washington County,hail,22,15,1.5,66,2.75,,1747000,0,0
28151,Washington County,thunderstorm_wind,85,51,5.1,87,78,,1728200,1,3
28151,Washington County,tornado,3,2,0.2,37,,EF2,125000,0,0
28153,Wayne County,flash_flood,11,6,0.6,57,,,1170000,0,0
28153,Wayne County,hail,8,7,0.7,36,1.75,,0,0,0
28153,Wayne County,thunderstorm_wind,42,23,2.3,44,70,,132000,0,1
28153,Wayne County,tornado,17,11,1.1,95,,EF3,135000,0,6
28155,Webster County,flash_flood,10,7,0.7,62,,,99000,0,0
28155,Webster County,flood,1,1,0.1,20,,,100000,0,0
28155,Webster County,hail,5,5,0.5,26,1.75,,185000,0,0
28155,Webster County,lightning,1,1,0.1,66,,,1000,0,0
28155,Webster County,thunderstorm_wind,46,35,3.5,69,56,,475300,0,2
28155,Webster County,tornado,4,2,0.2,37,,EF1,85000,0,0
28157,Wilkinson County,flash_flood,6,4,0.4,41,,,6240000,0,0
28157,Wilkinson County,hail,10,8,0.8,41,1.75,,0,0,0
28157,Wilkinson County,thunderstorm_wind,21,18,1.8,32,60,,36000,1,1
28157,Wilkinson County,tornado,7,5,0.5,72,,EF2,8000,0,0
28159,Winston County,flash_flood,20,18,1.8,92,,,2639000,0,0
28159,Winston County,flood,1,1,0.1,20,,,2000,0,0
28159,Winston County,hail,21,17,1.7,70,2,,1229100,0,0
28159,Winston County,thunderstorm_wind,68,46,4.6,82,70,,747000,0,0
28159,Winston County,tornado,16,9,0.9,92,,EF2,638000,0,0
28161,Yalobusha County,flash_flood,5,4,0.4,41,,,225000,0,0
28161,Yalobusha County,flood,1,1,0.1,20,,,0,0,0
28161,Yalobusha County,hail,15,11,1.1,53,2.75,,0,0,0
28161,Yalobusha County,lightning,1,1,0.1,66,,,0,1,1
28161,Yalobusha County,thunderstorm_wind,20,13,1.3,21,64,,166000,0,0
28163,Yazoo County,flash_flood,34,22,2.2,95,,,1651000,0,0
28163,Yazoo County,flood,6,5,0.5,66,,,74000,2,0
28163,Yazoo County,hail,14,13,1.3,60,1.75,,995000,0,0
28163,Yazoo County,lightning,2,2,0.2,85,,,140000,0,0
28163,Yazoo County,thunderstorm_wind,98,61,6.1,92,78,,1611700,0,0
28163,Yazoo County,tornado,29,18,1.8,100,,EF2,4000000,0,4
29001,Adair County,flash_flood,3,3,0.3,31,,,0,0,0
29001,Adair County,flood,1,1,0.1,20,,,0,0,0
29001,Adair County,hail,10,8,0.8,41,1.75,,0,0,0
29001,Adair County,thunderstorm_wind,21,18,1.8,32,62,,1000,0,0
29003,Andrew County,flash_flood,3,2,0.2,21,,,0,0,0
29003,Andrew County,flood,6,6,0.6,71,,,100000,0,0
29003,Andrew County,hail,10,8,0.8,41,2,,0,0,0
29003,Andrew County,thunderstorm_wind,26,18,1.8,32,65,,1500,0,0
29005,Atchison County,flash_flood,1,1,0.1,11,,,0,0,0
29005,Atchison County,flood,6,6,0.6,71,,,100000,0,0
29005,Atchison County,hail,25,18,1.8,73,1.75,,0,0,0
29005,Atchison County,thunderstorm_wind,34,19,1.9,34,78,,0,0,0
29005,Atchison County,tornado,2,2,0.2,37,,EF0,0,0,0
29007,Audrain County,flash_flood,6,6,0.6,57,,,60000,0,0
29007,Audrain County,hail,19,15,1.5,66,2.75,,0,0,0
29007,Audrain County,thunderstorm_wind,34,27,2.7,53,70,,124000,1,0
29007,Audrain County,tornado,4,4,0.4,62,,EF1,110000,0,0
29009,Barry County,flash_flood,73,31,3.1,97,,,1143000,0,0
29009,Barry County,flood,53,30,3.0,96,,,0,0,0
29009,Barry County,hail,94,38,3.8,95,2.5,,435000,0,0
29009,Barry County,lightning,1,1,0.1,66,,,5000,0,0
29009,Barry County,thunderstorm_wind,121,51,5.1,87,72,,1184000,0,0
29009,Barry County,tornado,15,11,1.1,95,,EF1,1073000,0,0
29011,Barton County,flash_flood,15,11,1.1,79,,,250000,0,0
29011,Barton County,flood,36,21,2.1,93,,,10000,0,0
29011,Barton County,hail,35,18,1.8,73,3,,50000,0,0
29011,Barton County,thunderstorm_wind,45,23,2.3,44,70,,718000,0,1
29011,Barton County,tornado,7,5,0.5,72,,EF3,4200000,3,1
29013,Bates County,flash_flood,3,3,0.3,31,,,0,0,0
29013,Bates County,flood,5,4,0.4,59,,,0,0,0
29013,Bates County,hail,35,23,2.3,82,4.25,,0,0,0
29013,Bates County,thunderstorm_wind,46,21,2.1,39,70,,0,1,0
29013,Bates County,tornado,5,3,0.3,51,,EF1,0,0,0
29015,Benton County,flash_flood,21,12,1.2,81,,,10000,1,0
29015,Benton County,flood,20,16,1.6,90,,,25000,0,0
29015,Benton County,hail,39,25,2.5,84,2.5,,120000,0,0
29015,Benton County,thunderstorm_wind,47,32,3.2,63,63,,312000,0,0
29015,Benton County,tornado,4,2,0.2,37,,EF1,435000,0,0
29017,Bollinger County,flash_flood,15,15,1.5,88,,,20585000,3,2
29017,Bollinger County,flood,7,7,0.7,75,,,25000,1,0
29017,Bollinger County,hail,18,15,1.5,66,2.75,,25000,0,0
29017,Bollinger County,thunderstorm_wind,21,19,1.9,34,65,,222000,0,0
29017,Bollinger County,tornado,8,7,0.7,85,,EF3,5660000,5,5
29019,Boone County,flash_flood,15,14,1.4,86,,,0,0,0
29019,Boone County,flood,1,1,0.1,20,,,0,0,0
29019,Boone County,hail,17,14,1.4,63,2.75,,0,0,0
29019,Boone County,lightning,2,2,0.2,85,,,100000,0,0
29019,Boone County,thunderstorm_wind,58,43,4.3,79,70,,125000,0,1
29019,Boone County,tornado,3,2,0.2,37,,EF1,22000,0,0
29021,Buchanan County,flash_flood,8,7,0.7,62,,,5000,0,0
29021,Buchanan County,flood,6,5,0.5,66,,,100000,0,0
29021,Buchanan County,hail,21,9,0.9,45,1.75,,0,0,0
29021,Buchanan County,thunderstorm_wind,90,42,4.2,78,71,,0,0,0
29021,Buchanan County,tornado,3,3,0.3,51,,EF1,0,0,0
29023,Butler County,flash_flood,14,14,1.4,86,,,174000,0,0
29023,Butler County,flood,20,19,1.9,92,,,2845000,3,0
29023,Butler County,hail,25,18,1.8,73,3,,5000,0,0
29023,Butler County,thunderstorm_wind,54,41,4.1,77,78,,1111000,0,0
29023,Butler County,tornado,12,10,1.0,94,,EF3,17303000,1,0
29025,Caldwell County,flash_flood,3,2,0.2,21,,,0,0,0
29025,Caldwell County,flood,9,5,0.5,66,,,0,0,0
29025,Caldwell County,hail,10,9,0.9,45,1.75,,0,0,0
29025,Caldwell County,thunderstorm_wind,16,11,1.1,18,61,,25000,0,0
29025,Caldwell County,tornado,2,2,0.2,37,,EF1,10000,0,0
29027,Callaway County,flash_flood,8,7,0.7,62,,,0,0,0
29027,Callaway County,flood,1,1,0.1,20,,,2000000,0,0
29027,Callaway County,hail,20,15,1.5,66,2.75,,0,0,0
29027,Callaway County,lightning,1,1,0.1,66,,,50000,0,0
29027,Callaway County,thunderstorm_wind,49,34,3.4,67,80,,55000,0,0
29027,Callaway County,tornado,4,4,0.4,62,,EF2,135000,0,1
29029,Camden County,flash_flood,17,14,1.4,86,,,185000,0,0
29029,Camden County,flood,7,6,0.6,71,,,500000,0,0
29029,Camden County,hail,72,27,2.7,87,3.25,,3235000,0,0
29029,Camden County,lightning,1,1,0.1,66,,,40000,0,0
29029,Camden County,thunderstorm_wind,57,34,3.4,67,63,,624500,0,2
29029,Camden County,tornado,4,4,0.4,62,,EF1,180000,0,1
29031,Cape Girardeau County,flash_flood,16,15,1.5,88,,,265000,0,0
29031,Cape Girardeau County,flood,42,42,4.2,98,,,3843000,0,0
29031,Cape Girardeau County,hail,23,17,1.7,70,1.75,,0,0,0
29031,Cape Girardeau County,thunderstorm_wind,56,41,4.1,77,87,,821000,0,0
29031,Cape Girardeau County,tornado,7,7,0.7,85,,EF2,1167000,0,0
29033,Carroll County,flash_flood,6,4,0.4,41,,,0,0,0
29033,Carroll County,flood,7,6,0.6,71,,,0,0,0
29033,Carroll County,hail,4,3,0.3,16,1,,0,0,0
29033,Carroll County,thunderstorm_wind,9,8,0.8,13,56,,10000,0,0
29033,Carroll County,tornado,1,1,0.1,22,,EF0,0,0,0
29035,Carter County,flash_flood,14,14,1.4,86,,,240000,0,0
29035,Carter County,flood,17,17,1.7,91,,,10005000,0,0
29035,Carter County,hail,35,24,2.4,83,2.5,,1000,0,0
29035,Carter County,lightning,2,2,0.2,85,,,20000,0,2
29035,Carter County,thunderstorm_wind,30,23,2.3,44,78,,229000,1,2
29035,Carter County,tornado,6,5,0.5,72,,EF3,2591000,0,0
29037,Cass County,flash_flood,22,14,1.4,86,,,0,0,0
29037,Cass County,flood,6,5,0.5,66,,,0,0,0
29037,Cass County,hail,64,18,1.8,73,5,,10000,0,0
29037,Cass County,thunderstorm_wind,96,42,4.2,78,70,,121000,0,0
29037,Cass County,tornado,4,4,0.4,62,,EF0,0,0,0
29039,Cedar County,flash_flood,9,5,0.5,49,,,1010000,0,0
29039,Cedar County,flood,4,3,0.3,50,,,0,0,0
29039,Cedar County,hail,21,16,1.6,68,2,,155000,0,0
29039,Cedar County,thunderstorm_wind,42,24,2.4,47,70,,579500,0,0
29039,Cedar County,tornado,1,1,0.1,22,,EF1,0,0,0
29041,Chariton County,flash_flood,1,1,0.1,11,,,0,0,0
29041,Chariton County,flood,7,6,0.6,71,,,0,0,0
29041,Chariton County,hail,9,6,0.6,31,1.75,,0,0,0
29041,Chariton County,thunderstorm_wind,17,10,1.0,16,70,,0,0,0
29041,Chariton County,tornado,1,1,0.1,22,,EF1,0,0,0
29043,Christian County,flash_flood,51,30,3.0,97,,,772000,1,0
29043,Christian County,flood,28,20,2.0,93,,,5000,0,0
29043,Christian County,hail,96,30,3.0,89,2.75,,205000,0,0
29043,Christian County,lightning,4,4,0.4,94,,,380000,0,0
29043,Christian County,thunderstorm_wind,175,55,5.5,89,76,,1430500,0,0
29043,Christian County,tornado,15,11,1.1,95,,EF2,7955000,0,2
29045,Clark County,flash_flood,10,7,0.7,62,,,0,0,0
29045,Clark County,flood,5,4,0.4,59,,,0,0,0
29045,Clark County,hail,34,18,1.8,73,2.75,,0,0,0
29045,Clark County,thunderstorm_wind,38,20,2.0,37,87,,0,0,0
29045,Clark County,tornado,3,3,0.3,51,,EF2,100000,0,1
29047,Clay County,flash_flood,20,12,1.2,81,,,0,0,0
29047,Clay County,flood,9,7,0.7,75,,,0,0,0
29047,Clay County,hail,100,30,3.0,89,2.75,,0,0,0
29047,Clay County,lightning,2,2,0.2,85,,,1000,0,1
29047,Clay County,thunderstorm_wind,138,45,4.5,81,78,,40000,0,0
29047,Clay County,tornado,5,5,0.5,72,,EF2,0,0,0
29049,Clinton County,flood,2,2,0.2,38,,,10000,1,0
29049,Clinton County,hail,28,15,1.5,66,2.75,,0,0,0
29049,Clinton County,thunderstorm_wind,61,25,2.5,49,70,,50000,0,1
29049,Clinton County,tornado,4,4,0.4,62,,EF2,2000,0,0
29051,Cole County,flash_flood,7,7,0.7,62,,,0,1,0
29051,Cole County,flood,2,2,0.2,38,,,0,0,0
29051,Cole County,hail,15,15,1.5,66,3,,3100000,0,0
29051,Cole County,lightning,1,1,0.1,66,,,0,0,1
29051,Cole County,thunderstorm_wind,22,21,2.1,39,70,,45000,0,0
29051,Cole County,tornado,2,2,0.2,37,,EF3,170000000,0,32
29053,Cooper County,flash_flood,3,3,0.3,31,,,0,0,0
29053,Cooper County,flood,5,5,0.5,66,,,0,0,0
29053,Cooper County,hail,7,6,0.6,31,1.75,,0,0,0
29053,Cooper County,thunderstorm_wind,35,19,1.9,34,70,,0,0,0
29053,Cooper County,tornado,2,2,0.2,37,,EF2,100000,0,0
29055,Crawford County,flash_flood,5,5,0.5,49,,,0,0,0
29055,Crawford County,flood,3,3,0.3,50,,,0,0,0
29055,Crawford County,hail,33,19,1.9,75,2.5,,0,0,0
29055,Crawford County,thunderstorm_wind,29,24,2.4,47,65,,6000,0,0
29055,Crawford County,tornado,7,7,0.7,85,,EF2,60000,0,0
29057,Dade County,flash_flood,10,7,0.7,62,,,510000,1,0
29057,Dade County,flood,9,6,0.6,71,,,0,0,0
29057,Dade County,hail,26,11,1.1,53,4,,370000,0,0
29057,Dade County,lightning,1,1,0.1,66,,,20000,0,0
29057,Dade County,thunderstorm_wind,58,26,2.6,51,60,,493000,0,0
29057,Dade County,tornado,9,7,0.7,85,,EF1,320000,0,0
29059,Dallas County,flash_flood,37,18,1.8,92,,,195000,1,0
29059,Dallas County,flood,25,16,1.6,90,,,20000,1,0
29059,Dallas County,hail,15,10,1.0,50,2.75,,225250,0,0
29059,Dallas County,thunderstorm_wind,60,38,3.8,73,78,,471500,0,0
29059,Dallas County,tornado,5,5,0.5,72,,EF0,314000,0,0
29061,Daviess County,flash_flood,7,4,0.4,41,,,0,0,0
29061,Daviess County,flood,7,5,0.5,66,,,10000,0,0
29061,Daviess County,hail,22,12,1.2,57,4,,0,0,0
29061,Daviess County,thunderstorm_wind,28,19,1.9,34,65,,10000,0,0
29061,Daviess County,tornado,2,2,0.2,37,,EF0,20000,0,0
29063,DeKalb County,flash_flood,2,1,0.1,11,,,0,0,0
29063,DeKalb County,flood,5,3,0.3,50,,,0,0,0
29063,DeKalb County,hail,15,11,1.1,53,2.5,,0,0,0
29063,DeKalb County,thunderstorm_wind,14,12,1.2,20,65,,0,0,0
29063,DeKalb County,tornado,1,1,0.1,22,,EF0,5000,0,0
29065,Dent County,flash_flood,18,13,1.3,84,,,16000000,0,0
29065,Dent County,flood,34,22,2.2,94,,,10000,2,0
29065,Dent County,hail,45,24,2.4,83,2.75,,330000,0,0
29065,Dent County,lightning,1,1,0.1,66,,,40000,0,0
29065,Dent County,thunderstorm_wind,31,21,2.1,39,70,,164000,0,0
29065,Dent County,tornado,7,4,0.4,62,,EF1,465000,0,0
29067,Douglas County,flash_flood,94,39,3.9,98,,,14743000,1,0
29067,Douglas County,flood,127,68,6.8,100,,,10000,0,0
29067,Douglas County,hail,91,34,3.4,92,4,,1415000,0,0
29067,Douglas County,lightning,5,5,0.5,96,,,64500,0,0
29067,Douglas County,thunderstorm_wind,120,58,5.8,91,61,,480500,0,0
29067,Douglas County,tornado,13,7,0.7,85,,EF1,480000,0,0
29069,Dunklin County,flash_flood,8,7,0.7,62,,,28000,0,0
29069,Dunklin County,hail,38,26,2.6,85,2.75,,1000,0,0
29069,Dunklin County,thunderstorm_wind,59,34,3.4,67,87,,874500,0,0
29069,Dunklin County,tornado,8,7,0.7,85,,EF3,5885000,0,5
29071,Franklin County,flash_flood,8,7,0.7,62,,,10000,0,0
29071,Franklin County,flood,3,3,0.3,50,,,0,0,0
29071,Franklin County,hail,47,26,2.6,85,3,,0,0,0
29071,Franklin County,thunderstorm_wind,69,50,5.0,86,70,,161000,0,0
29071,Franklin County,tornado,8,5,0.5,72,,EF2,1733000,0,0
29073,Gasconade County,flash_flood,6,5,0.5,49,,,0,0,0
29073,Gasconade County,flood,2,2,0.2,38,,,0,0,0
29073,Gasconade County,hail,12,10,1.0,50,2.25,,0,0,0
29073,Gasconade County,thunderstorm_wind,19,18,1.8,32,65,,31000,0,0
29075,Gentry County,flash_flood,4,4,0.4,41,,,0,0,0
29075,Gentry County,flood,1,1,0.1,20,,,0,0,0
29075,Gentry County,hail,14,7,0.7,36,2,,0,0,0
29075,Gentry County,thunderstorm_wind,13,10,1.0,16,70,,0,0,0
29075,Gentry County,tornado,3,2,0.2,37,,EF1,0,0,0
29077,Greene County,flash_flood,115,39,3.9,98,,,1260000,0,0
29077,Greene County,flood,37,20,2.0,93,,,21000,0,0
29077,Greene County,hail,144,46,4.6,97,3,,7112000,0,0
29077,Greene County,lightning,2,2,0.2,85,,,35000,0,0
29077,Greene County,thunderstorm_wind,335,87,8.7,98,79,,17052500,1,1
29077,Greene County,tornado,17,13,1.3,97,,EF2,5621000,0,2
29079,Grundy County,flash_flood,9,8,0.8,68,,,0,0,0
29079,Grundy County,flood,7,4,0.4,59,,,0,0,0
29079,Grundy County,hail,29,18,1.8,73,4,,0,0,0
29079,Grundy County,thunderstorm_wind,49,30,3.0,60,68,,10000,0,0
29079,Grundy County,tornado,8,5,0.5,72,,EF1,0,0,0
29081,Harrison County,flash_flood,9,5,0.5,49,,,0,0,0
29081,Harrison County,flood,2,2,0.2,38,,,0,0,0
29081,Harrison County,hail,31,14,1.4,63,4,,30000,0,0
29081,Harrison County,thunderstorm_wind,25,16,1.6,27,70,,0,0,4
29081,Harrison County,tornado,1,1,0.1,22,,EF1,0,0,0
29083,Henry County,flash_flood,6,4,0.4,41,,,0,0,0
29083,Henry County,flood,5,4,0.4,59,,,0,0,0
29083,Henry County,hail,47,19,1.9,75,2.75,,0,0,0
29083,Henry County,thunderstorm_wind,33,17,1.7,29,74,,0,0,0
29083,Henry County,tornado,7,5,0.5,72,,EF1,0,0,0
29085,Hickory County,flash_flood,15,8,0.8,68,,,0,0,0
29085,Hickory County,flood,30,23,2.3,94,,,0,0,0
29085,Hickory County,hail,32,14,1.4,63,3,,1201000,0,0
29085,Hickory County,lightning,1,1,0.1,66,,,10000,0,0
29085,Hickory County,thunderstorm_wind,45,23,2.3,44,78,,4287500,0,3
29085,Hickory County,tornado,2,2,0.2,37,,EF1,50000,0,0
29087,Holt County,flash_flood,2,2,0.2,21,,,100000,0,0
29087,Holt County,flood,4,4,0.4,59,,,100000,0,0
29087,Holt County,hail,21,12,1.2,57,1.75,,0,0,0
29087,Holt County,thunderstorm_wind,25,14,1.4,23,67,,0,0,0
29087,Holt County,tornado,4,4,0.4,62,,EF0,0,0,0
29089,Howard County,flash_flood,4,3,0.3,31,,,300000,0,0
29089,Howard County,flood,7,5,0.5,66,,,0,0,0
29089,Howard County,hail,7,5,0.5,26,3,,0,0,0
29089,Howard County,thunderstorm_wind,25,10,1.0,16,61,,0,0,0
29089,Howard County,tornado,1,1,0.1,22,,EF0,0,0,0
29091,Howell County,flash_flood,71,25,2.5,96,,,66310000,3,0
29091,Howell County,flood,65,35,3.5,97,,,10000,0,0
29091,Howell County,hail,77,37,3.7,94,2.75,,790000,0,0
29091,Howell County,lightning,2,2,0.2,85,,,1100,0,0
29091,Howell County,thunderstorm_wind,95,58,5.8,91,70,,737000,0,5
29091,Howell County,tornado,5,5,0.5,72,,EF3,6522000,0,5
29093,Iron County,flash_flood,8,8,0.8,68,,,60000,1,0
29093,Iron County,hail,18,14,1.4,63,2,,0,0,0
29093,Iron County,thunderstorm_wind,22,20,2.0,37,65,,60000,1,1
29093,Iron County,tornado,12,7,0.7,85,,EF3,810500,0,2
29095,Jackson County,flash_flood,49,15,1.5,88,,,10000,0,0
29095,Jackson County,flood,10,8,0.8,78,,,0,0,0
29095,Jackson County,hail,130,35,3.5,93,3,,0,0,0
29095,Jackson County,lightning,2,2,0.2,85,,,50000,1,0
29095,Jackson County,thunderstorm_wind,275,65,6.5,94,71,,97000,0,1
29095,Jackson County,tornado,15,9,0.9,92,,EF3,150000,0,12
29097,Jasper County,flash_flood,50,27,2.7,96,,,621000,0,0
29097,Jasper County,flood,40,23,2.3,94,,,0,0,0
29097,Jasper County,hail,84,33,3.3,91,3,,3000000,0,0
29097,Jasper County,lightning,8,8,0.8,98,,,68000,0,0
29097,Jasper County,thunderstorm_wind,144,64,6.4,94,87,,1668500,0,0
29097,Jasper County,tornado,9,6,0.6,79,,EF3,6345000,0,0
29099,Jefferson County,flash_flood,12,11,1.1,79,,,240000,0,0
29099,Jefferson County,flood,3,3,0.3,50,,,0,1,0
29099,Jefferson County,hail,70,31,3.1,90,3,,5000,0,0
29099,Jefferson County,lightning,1,1,0.1,66,,,0,1,0
29099,Jefferson County,thunderstorm_wind,57,41,4.1,77,80,,55000,1,0
29099,Jefferson County,tornado,10,7,0.7,85,,EF2,935000,0,1
29101,Johnson County,flash_flood,16,8,0.8,68,,,0,0,0
29101,Johnson County,flood,7,7,0.7,75,,,0,0,0
29101,Johnson County,hail,59,24,2.4,83,2.5,,0,0,0
29101,Johnson County,lightning,2,1,0.1,66,,,0,2,1
29101,Johnson County,thunderstorm_wind,76,32,3.2,63,68,,10000,0,0
29101,Johnson County,tornado,2,2,0.2,37,,EF0,0,0,0
29103,Knox County,flash_flood,2,2,0.2,21,,,0,0,0
29103,Knox County,hail,9,8,0.8,41,3.25,,0,0,0
29103,Knox County,thunderstorm_wind,8,7,0.7,12,61,,0,0,0
29103,Knox County,tornado,2,2,0.2,37,,EF2,0,0,2
29105,Laclede County,flash_flood,34,16,1.6,90,,,1073000,1,0
29105,Laclede County,flood,40,20,2.0,93,,,0,0,0
29105,Laclede County,hail,43,28,2.8,88,2.75,,701000,0,0
29105,Laclede County,lightning,1,1,0.1,66,,,5000,0,0
29105,Laclede County,thunderstorm_wind,42,27,2.7,53,77,,663000,0,0
29105,Laclede County,tornado,9,4,0.4,62,,EF1,625000,0,0
29107,Lafayette County,flash_flood,8,2,0.2,21,,,0,0,0
29107,Lafayette County,flood,7,7,0.7,75,,,0,0,0
29107,Lafayette County,hail,33,16,1.6,68,4.25,,0,0,0
29107,Lafayette County,thunderstorm_wind,49,28,2.8,56,65,,25000,0,0
29107,Lafayette County,tornado,5,4,0.4,62,,EF1,0,0,0
29109,Lawrence County,flash_flood,36,21,2.1,94,,,1075000,0,0
29109,Lawrence County,flood,28,20,2.0,93,,,0,0,0
29109,Lawrence County,hail,40,18,1.8,73,2.5,,75000,0,0
29109,Lawrence County,thunderstorm_wind,103,50,5.0,86,83,,1099500,0,0
29109,Lawrence County,tornado,11,7,0.7,85,,EF1,1280000,1,0
29111,Lewis County,flash_flood,4,4,0.4,41,,,0,0,0
29111,Lewis County,hail,32,21,2.1,79,2.75,,5000,0,0
29111,Lewis County,thunderstorm_wind,17,15,1.5,25,83,,22000,0,0
29111,Lewis County,tornado,1,1,0.1,22,,EF1,0,0,0
29113,Lincoln County,flash_flood,11,10,1.0,75,,,10510000,0,0
29113,Lincoln County,flood,4,4,0.4,59,,,2000000,0,0
29113,Lincoln County,hail,15,14,1.4,63,2.5,,1000,0,0
29113,Lincoln County,thunderstorm_wind,38,32,3.2,63,68,,82000,0,0
29113,Lincoln County,tornado,1,1,0.1,22,,EF0,0,0,0
29115,Linn County,flood,3,3,0.3,50,,,0,0,0
29115,Linn County,hail,11,7,0.7,36,1.5,,0,0,0
29115,Linn County,thunderstorm_wind,36,18,1.8,32,87,,0,0,0
29115,Linn County,tornado,5,4,0.4,62,,EF2,250000,0,0
29117,Livingston County,flash_flood,3,3,0.3,31,,,0,0,0
29117,Livingston County,flood,5,3,0.3,50,,,0,0,0
29117,Livingston County,hail,13,7,0.7,36,2,,0,0,0
29117,Livingston County,thunderstorm_wind,18,15,1.5,25,65,,0,0,0
29117,Livingston County,tornado,2,1,0.1,22,,EF1,5000,0,0
29119,McDonald County,flash_flood,61,29,2.9,97,,,1575000,1,0
29119,McDonald County,flood,32,18,1.8,92,,,10000,0,0
29119,McDonald County,hail,60,29,2.9,89,2.5,,156000,0,0
29119,McDonald County,thunderstorm_wind,48,27,2.7,53,70,,215000,0,0
29119,McDonald County,tornado,5,5,0.5,72,,EF2,1200000,0,0
29121,Macon County,flash_flood,5,5,0.5,49,,,0,0,0
29121,Macon County,flood,2,2,0.2,38,,,0,0,0
29121,Macon County,hail,22,11,1.1,53,3,,0,0,0
29121,Macon County,thunderstorm_wind,24,15,1.5,25,70,,0,0,0
29123,Madison County,flash_flood,8,8,0.8,68,,,151000,0,0
29123,Madison County,hail,5,5,0.5,26,2.25,,0,0,0
29123,Madison County,thunderstorm_wind,21,20,2.0,37,70,,51000,0,0
29123,Madison County,tornado,9,5,0.5,72,,EF3,50000,0,1
29125,Maries County,flash_flood,12,8,0.8,68,,,10000,0,0
29125,Maries County,flood,5,5,0.5,66,,,500000,0,0
29125,Maries County,hail,11,9,0.9,45,1.75,,75000,0,0
29125,Maries County,thunderstorm_wind,26,19,1.9,34,70,,287500,0,0
29125,Maries County,tornado,2,2,0.2,37,,EF2,2005000,0,5
29127,Marion County,flash_flood,4,4,0.4,41,,,0,0,0
29127,Marion County,hail,18,15,1.5,66,2.75,,0,0,0
29127,Marion County,thunderstorm_wind,37,31,3.1,62,65,,173000,0,0
29127,Marion County,tornado,2,1,0.1,22,,EF0,0,0,0
29129,Mercer County,flash_flood,5,3,0.3,31,,,0,0,0
29129,Mercer County,hail,13,8,0.8,41,2.75,,0,0,0
29129,Mercer County,thunderstorm_wind,20,13,1.3,21,70,,20000,0,0
29129,Mercer County,tornado,2,2,0.2,37,,EF1,0,0,0
29131,Miller County,flash_flood,21,13,1.3,84,,,2000000,0,0
29131,Miller County,flood,5,4,0.4,59,,,0,0,0
29131,Miller County,hail,17,13,1.3,60,1.75,,260000,0,0
29131,Miller County,thunderstorm_wind,42,32,3.2,63,61,,338500,0,0
29131,Miller County,tornado,3,3,0.3,51,,EF1,4050000,0,1
29133,Mississippi County,flash_flood,1,1,0.1,11,,,0,0,0
29133,Mississippi County,flood,10,10,1.0,83,,,110000,0,0
29133,Mississippi County,hail,9,9,0.9,45,1.75,,0,0,0
29133,Mississippi County,lightning,1,1,0.1,66,,,60000,0,0
29133,Mississippi County,thunderstorm_wind,22,21,2.1,39,78,,362000,0,0
29133,Mississippi County,tornado,4,4,0.4,62,,EF1,285000,0,0
29135,Moniteau County,flash_flood,4,4,0.4,41,,,0,0,0
29135,Moniteau County,hail,9,8,0.8,41,1.5,,0,0,0
29135,Moniteau County,thunderstorm_wind,16,15,1.5,25,70,,80000,0,0
29135,Moniteau County,tornado,1,1,0.1,22,,EF1,200000,0,0
29137,Monroe County,flash_flood,4,4,0.4,41,,,0,0,0
29137,Monroe County,hail,12,10,1.0,50,1.75,,10000,0,0
29137,Monroe County,thunderstorm_wind,18,16,1.6,27,76,,65000,0,0
29137,Monroe County,tornado,1,1,0.1,22,,EF0,10000,0,0
29139,Montgomery County,flash_flood,8,8,0.8,68,,,0,0,0
29139,Montgomery County,hail,15,13,1.3,60,2.75,,0,0,0
29139,Montgomery County,thunderstorm_wind,27,23,2.3,44,65,,22000,0,1
29139,Montgomery County,tornado,5,5,0.5,72,,EF1,25000,0,0
29141,Morgan County,flash_flood,23,15,1.5,88,,,75000,0,0
29141,Morgan County,flood,16,16,1.6,90,,,100000,0,0
29141,Morgan County,hail,27,16,1.6,68,2.5,,360000,0,0
29141,Morgan County,thunderstorm_wind,40,22,2.2,42,61,,363500,0,0
29141,Morgan County,tornado,5,4,0.4,62,,EF1,195000,0,0
29143,New Madrid County,flash_flood,5,5,0.5,49,,,0,0,0
29143,New Madrid County,flood,25,24,2.4,94,,,113000,0,0
29143,New Madrid County,hail,11,11,1.1,53,3.2,,4000,0,0
29143,New Madrid County,thunderstorm_wind,22,21,2.1,39,96,,5485500,1,0
29143,New Madrid County,tornado,13,10,1.0,94,,EF3,2923000,0,2
29145,Newton County,flash_flood,64,31,3.1,97,,,1780000,0,0
29145,Newton County,flood,22,13,1.3,87,,,400000,0,0
29145,Newton County,hail,87,38,3.8,95,2.75,,137000,0,0
29145,Newton County,thunderstorm_wind,105,56,5.6,90,69,,924000,0,1
29145,Newton County,tornado,8,8,0.8,89,,EF1,1025000,0,0
29147,Nodaway County,flash_flood,4,3,0.3,31,,,0,0,0
29147,Nodaway County,flood,1,1,0.1,20,,,0,0,0
29147,Nodaway County,hail,40,17,1.7,70,2.5,,0,0,0
29147,Nodaway County,lightning,1,1,0.1,66,,,0,1,0
29147,Nodaway County,thunderstorm_wind,46,17,1.7,29,70,,18000,0,0
29147,Nodaway County,tornado,5,4,0.4,62,,EF1,0,0,0
29149,Oregon County,flash_flood,24,7,0.7,62,,,4021000,0,0
29149,Oregon County,flood,15,8,0.8,78,,,61000,0,0
29149,Oregon County,hail,22,16,1.6,68,2,,25000,0,0
29149,Oregon County,thunderstorm_wind,27,19,1.9,34,58,,122000,0,0
29149,Oregon County,tornado,4,3,0.3,51,,EF3,1450000,0,1
29151,Osage County,flash_flood,10,9,0.9,72,,,0,0,0
29151,Osage County,flood,2,2,0.2,38,,,0,0,0
29151,Osage County,hail,9,8,0.8,41,2.75,,0,0,0
29151,Osage County,thunderstorm_wind,22,20,2.0,37,70,,27500,0,0
29151,Osage County,tornado,1,1,0.1,22,,EF1,0,0,0
29153,Ozark County,flash_flood,50,25,2.5,96,,,9065000,0,0
29153,Ozark County,flood,108,60,6.0,99,,,0,0,0
29153,Ozark County,hail,31,17,1.7,70,2,,25500,0,0
29153,Ozark County,lightning,2,2,0.2,85,,,201000,0,0
29153,Ozark County,thunderstorm_wind,69,39,3.9,74,70,,450000,1,0
29153,Ozark County,tornado,4,4,0.4,62,,EF3,2130000,3,4
29155,Pemiscot County,flood,1,1,0.1,20,,,0,0,0
29155,Pemiscot County,hail,13,9,0.9,45,1.75,,0,0,0
29155,Pemiscot County,thunderstorm_wind,36,24,2.4,47,87,,732000,0,0
29155,Pemiscot County,tornado,6,5,0.5,72,,EF4,1505000,2,9
29157,Perry County,flash_flood,7,7,0.7,62,,,10000,0,0
29157,Perry County,flood,12,12,1.2,86,,,540000,0,0
29157,Perry County,hail,15,12,1.2,57,1.75,,0,0,0
29157,Perry County,thunderstorm_wind,21,17,1.7,29,74,,158000,0,1
29157,Perry County,tornado,5,4,0.4,62,,EF4,13240000,1,12
29159,Pettis County,flash_flood,9,2,0.2,21,,,0,0,0
29159,Pettis County,hail,30,17,1.7,70,2.5,,0,0,0
29159,Pettis County,thunderstorm_wind,53,30,3.0,60,70,,0,0,0
29159,Pettis County,tornado,4,3,0.3,51,,EF1,0,0,0
29161,Phelps County,flash_flood,12,11,1.1,79,,,1000000,0,0
29161,Phelps County,flood,21,17,1.7,91,,,2000000,0,0
29161,Phelps County,hail,56,26,2.6,85,2,,25000,0,0
29161,Phelps County,lightning,1,1,0.1,66,,,25000,0,0
29161,Phelps County,thunderstorm_wind,58,36,3.6,70,61,,414000,0,0
29161,Phelps County,tornado,10,6,0.6,79,,EF2,2616000,0,1
29163,Pike County,flash_flood,2,2,0.2,21,,,0,0,0
29163,Pike County,hail,8,7,0.7,36,2,,0,0,0
29163,Pike County,thunderstorm_wind,33,26,2.6,51,70,,26000,0,0
29163,Pike County,tornado,2,2,0.2,37,,EF1,15000,0,0
29165,Platte County,flash_flood,14,7,0.7,62,,,0,0,0
29165,Platte County,flood,7,6,0.6,71,,,100000,0,0
29165,Platte County,hail,85,35,3.5,93,2.75,,0,0,0
29165,Platte County,thunderstorm_wind,76,37,3.7,72,65,,20000,0,1
29165,Platte County,tornado,1,1,0.1,22,,EF0,0,0,0
29167,Polk County,flash_flood,52,19,1.9,93,,,2360000,0,0
29167,Polk County,flood,25,13,1.3,87,,,10000,0,0
29167,Polk County,hail,61,26,2.6,85,4,,19407000,0,0
29167,Polk County,thunderstorm_wind,86,41,4.1,77,74,,721000,0,0
29167,Polk County,tornado,9,7,0.7,85,,EF1,1278000,0,0
29169,Pulaski County,flash_flood,19,14,1.4,86,,,5410000,1,0
29169,Pulaski County,flood,17,16,1.6,90,,,2445000,2,0
29169,Pulaski County,hail,45,21,2.1,79,3,,737000,0,0
29169,Pulaski County,lightning,1,1,0.1,66,,,25000,0,0
29169,Pulaski County,thunderstorm_wind,62,28,2.8,56,67,,494000,0,0
29169,Pulaski County,tornado,3,3,0.3,51,,EF1,215000,0,0
29171,Putnam County,flash_flood,6,1,0.1,11,,,0,0,0
29171,Putnam County,flood,1,1,0.1,20,,,0,0,0
29171,Putnam County,hail,15,10,1.0,50,2.75,,0,0,0
29171,Putnam County,thunderstorm_wind,15,14,1.4,23,74,,5000,0,0
29171,Putnam County,tornado,1,1,0.1,22,,EF0,0,0,0
29173,Ralls County,flash_flood,4,4,0.4,41,,,0,0,0
29173,Ralls County,flood,1,1,0.1,20,,,0,0,0
29173,Ralls County,hail,11,9,0.9,45,1.75,,0,0,0
29173,Ralls County,thunderstorm_wind,26,24,2.4,47,78,,1351000,0,0
29173,Ralls County,tornado,1,1,0.1,22,,EF0,0,0,0
29175,Randolph County,flash_flood,3,3,0.3,31,,,0,0,0
29175,Randolph County,hail,19,10,1.0,50,3,,0,0,0
29175,Randolph County,thunderstorm_wind,32,22,2.2,42,70,,50000,0,0
29175,Randolph County,tornado,3,2,0.2,37,,EF1,200000,0,2
29177,Ray County,flash_flood,1,1,0.1,11,,,0,0,0
29177,Ray County,flood,6,5,0.5,66,,,0,0,0
29177,Ray County,hail,16,12,1.2,57,2,,0,0,0
29177,Ray County,thunderstorm_wind,36,19,1.9,34,74,,0,0,0
29177,Ray County,tornado,2,2,0.2,37,,EF0,0,0,0
29179,Reynolds County,flash_flood,5,5,0.5,49,,,500000,0,0
29179,Reynolds County,hail,16,10,1.0,50,3,,0,0,0
29179,Reynolds County,thunderstorm_wind,18,15,1.5,25,65,,0,0,0
29179,Reynolds County,tornado,10,7,0.7,85,,EF2,251500,0,0
29181,Ripley County,flash_flood,10,10,1.0,75,,,50000,0,0
29181,Ripley County,flood,16,16,1.6,90,,,4815000,0,0
29181,Ripley County,hail,23,18,1.8,73,1.75,,0,0,0
29181,Ripley County,thunderstorm_wind,28,22,2.2,42,83,,827000,0,0
29181,Ripley County,tornado,4,4,0.4,62,,EF2,2020000,0,1
29183,St. Charles County,flash_flood,8,8,0.8,68,,,11150000,0,0
29183,St. Charles County,flood,3,3,0.3,50,,,0,2,0
29183,St. Charles County,hail,70,31,3.1,90,4,,24010000,0,0
29183,St. Charles County,thunderstorm_wind,81,55,5.5,89,70,,153000,0,3
29183,St. Charles County,tornado,9,8,0.8,89,,EF3,3627000,1,5
29185,St. Clair County,flash_flood,8,4,0.4,41,,,52000,0,0
29185,St. Clair County,flood,4,4,0.4,59,,,0,0,0
29185,St. Clair County,hail,33,20,2.0,77,2.5,,80000,0,0
29185,St. Clair County,thunderstorm_wind,52,29,2.9,58,65,,322500,0,0
29185,St. Clair County,tornado,4,4,0.4,62,,EF1,175000,0,0
29186,Ste. Genevieve County,flash_flood,4,4,0.4,41,,,30000,0,0
29186,Ste. Genevieve County,hail,16,10,1.0,50,2.5,,0,0,0
29186,Ste. Genevieve County,thunderstorm_wind,19,17,1.7,29,65,,120000,0,0
29186,Ste. Genevieve County,tornado,3,2,0.2,37,,EF3,0,0,1
29187,St. Francois County,flash_flood,10,10,1.0,75,,,60000,0,0
29187,St. Francois County,flood,1,1,0.1,20,,,0,0,0
29187,St. Francois County,hail,28,18,1.8,73,2.75,,0,0,0
29187,St. Francois County,thunderstorm_wind,56,43,4.3,79,63,,233000,0,0
29187,St. Francois County,tornado,5,5,0.5,72,,EF2,75000,0,0
29189,St. Louis County,flash_flood,25,25,2.5,96,,,50687000,3,0
29189,St. Louis County,flood,6,6,0.6,71,,,250000,0,0
29189,St. Louis County,hail,163,44,4.4,97,2.5,,1000000,0,0
29189,St. Louis County,lightning,3,3,0.3,91,,,130000,0,0
29189,St. Louis County,thunderstorm_wind,125,65,6.5,94,87,,1648000,2,1
29189,St. Louis County,tornado,17,10,1.0,94,,EF2,7493500,0,0
29195,Saline County,flash_flood,8,3,0.3,31,,,0,0,0
29195,Saline County,flood,9,6,0.6,71,,,0,0,0
29195,Saline County,hail,15,8,0.8,41,1.75,,0,0,0
29195,Saline County,thunderstorm_wind,23,15,1.5,25,65,,0,0,0
29195,Saline County,tornado,2,2,0.2,37,,EF0,0,0,0
29197,Schuyler County,hail,7,7,0.7,36,1.75,,0,0,0
29197,Schuyler County,thunderstorm_wind,7,6,0.6,11,61,,0,0,0
29199,Scotland County,flash_flood,4,3,0.3,31,,,0,0,0
29199,Scotland County,hail,32,17,1.7,70,2,,0,0,0
29199,Scotland County,thunderstorm_wind,24,19,1.9,34,61,,0,0,1
29199,Scotland County,tornado,5,4,0.4,62,,EF1,200000,0,0
29201,Scott County,flash_flood,6,6,0.6,57,,,60000,0,0
29201,Scott County,flood,17,17,1.7,91,,,866000,0,0
29201,Scott County,hail,14,11,1.1,53,2.25,,0,0,0
29201,Scott County,lightning,1,1,0.1,66,,,50000,0,0
29201,Scott County,thunderstorm_wind,46,38,3.8,73,78,,592000,0,0
29201,Scott County,tornado,8,5,0.5,72,,EF3,18116000,2,12
29203,Shannon County,flash_flood,25,14,1.4,86,,,13937500,0,0
29203,Shannon County,flood,44,23,2.3,94,,,11500,0,0
29203,Shannon County,hail,36,17,1.7,70,2.5,,29700,0,0
29203,Shannon County,thunderstorm_wind,46,27,2.7,53,57,,247500,0,0
29203,Shannon County,tornado,5,3,0.3,51,,EF3,245000,0,0
29205,Shelby County,flash_flood,5,5,0.5,49,,,0,0,0
29205,Shelby County,hail,12,9,0.9,45,1.75,,0,0,0
29205,Shelby County,thunderstorm_wind,17,13,1.3,21,65,,500,0,0
29205,Shelby County,tornado,5,4,0.4,62,,EF1,195000,0,1
29207,Stoddard County,flash_flood,11,10,1.0,75,,,180000,0,0
29207,Stoddard County,flood,11,9,0.9,81,,,20000,0,0
29207,Stoddard County,hail,17,12,1.2,57,1.75,,0,0,0
29207,Stoddard County,thunderstorm_wind,54,40,4.0,76,87,,1433500,0,2
29207,Stoddard County,tornado,12,7,0.7,85,,EF2,3485000,0,0
29209,Stone County,flash_flood,34,18,1.8,92,,,2025000,0,0
29209,Stone County,flood,13,7,0.7,75,,,5000,0,0
29209,Stone County,hail,68,36,3.6,93,3,,277000,0,0
29209,Stone County,lightning,2,2,0.2,85,,,155000,0,0
29209,Stone County,thunderstorm_wind,96,46,4.6,82,86,,1885000,18,3
29209,Stone County,tornado,8,8,0.8,89,,EF1,605000,0,0
29211,Sullivan County,flood,3,3,0.3,50,,,0,0,0
29211,Sullivan County,hail,14,9,0.9,45,2,,0,0,0
29211,Sullivan County,thunderstorm_wind,15,8,0.8,13,70,,32000,0,0
29211,Sullivan County,tornado,1,1,0.1,22,,EF0,0,0,0
29213,Taney County,flash_flood,55,28,2.8,97,,,12335000,5,0
29213,Taney County,flood,27,21,2.1,93,,,10000,1,0
29213,Taney County,hail,89,33,3.3,91,2.75,,1234000,0,0
29213,Taney County,lightning,1,1,0.1,66,,,250000,0,0
29213,Taney County,thunderstorm_wind,137,60,6.0,92,74,,827000,0,5
29213,Taney County,tornado,11,7,0.7,85,,EF1,450000,0,1
29215,Texas County,flash_flood,35,22,2.2,95,,,8030000,0,0
29215,Texas County,flood,34,26,2.6,95,,,0,0,0
29215,Texas County,hail,50,29,2.9,89,4.5,,663000,0,0
29215,Texas County,lightning,2,2,0.2,85,,,80000,0,0
29215,Texas County,thunderstorm_wind,56,35,3.5,69,78,,778000,0,0
29215,Texas County,tornado,8,6,0.6,79,,EF1,675000,0,0
29217,Vernon County,flash_flood,14,8,0.8,68,,,0,0,0
29217,Vernon County,flood,18,12,1.2,86,,,20000,0,0
29217,Vernon County,hail,54,22,2.2,81,2.75,,1085000,0,0
29217,Vernon County,thunderstorm_wind,50,24,2.4,47,64,,367000,0,0
29217,Vernon County,tornado,5,3,0.3,51,,EF2,1770000,0,0
29219,Warren County,flash_flood,7,6,0.6,57,,,25000,0,0
29219,Warren County,flood,1,1,0.1,20,,,0,0,0
29219,Warren County,hail,19,13,1.3,60,3,,0,0,0
29219,Warren County,thunderstorm_wind,28,21,2.1,39,70,,55500,0,1
29219,Warren County,tornado,2,2,0.2,37,,EF1,0,0,0
29221,Washington County,flash_flood,7,7,0.7,62,,,0,0,4
29221,Washington County,hail,22,14,1.4,63,2.5,,15000,0,0
29221,Washington County,thunderstorm_wind,28,25,2.5,49,74,,26000,0,0
29221,Washington County,tornado,5,4,0.4,62,,EF3,735000,0,0
29223,Wayne County,flash_flood,10,9,0.9,72,,,25000,0,0
29223,Wayne County,flood,31,29,2.9,96,,,2400000,0,0
29223,Wayne County,hail,29,18,1.8,73,2.75,,0,0,0
29223,Wayne County,thunderstorm_wind,24,21,2.1,39,78,,300000,0,2
29223,Wayne County,tornado,5,3,0.3,51,,EF3,8720000,6,1
29225,Webster County,flash_flood,73,36,3.6,98,,,3273000,1,0
29225,Webster County,flood,52,26,2.6,95,,,45000,0,0
29225,Webster County,hail,61,27,2.7,87,4,,12513000,0,0
29225,Webster County,lightning,3,3,0.3,91,,,58500,0,0
29225,Webster County,thunderstorm_wind,107,55,5.5,89,65,,935000,0,0
29225,Webster County,tornado,8,8,0.8,89,,EF1,770000,0,0
29227,Worth County,flash_flood,1,1,0.1,11,,,0,0,0
29227,Worth County,hail,5,4,0.4,21,1.75,,0,0,0
29227,Worth County,thunderstorm_wind,6,5,0.5,10,65,,0,0,0
29227,Worth County,tornado,1,1,0.1,22,,EF0,0,0,0
29229,Wright County,flash_flood,51,29,2.9,97,,,3775000,2,2
29229,Wright County,flood,87,58,5.8,99,,,25000,3,0
29229,Wright County,hail,45,29,2.9,89,2.75,,475000,0,0
29229,Wright County,lightning,5,3,0.3,91,,,73000,0,0
29229,Wright County,thunderstorm_wind,54,41,4.1,77,70,,721000,0,0
29229,Wright County,tornado,15,10,1.0,94,,EF2,6013000,0,0
29510,St. Louis city,flash_flood,13,13,1.3,84,,,85681000,1,0
29510,St. Louis city,hail,25,15,1.5,66,2,,0,0,0
29510,St. Louis city,lightning,1,1,0.1,66,,,0,1,3
29510,St. Louis city,thunderstorm_wind,24,23,2.3,44,65,,1065000,1,2
29510,St. Louis city,tornado,1,1,0.1,22,,EF0,1600000000,4,38
30001,Beaverhead County,flood,2,2,0.2,38,,,200000,0,0
30001,Beaverhead County,hail,10,7,0.7,36,1.75,,0,0,0
30001,Beaverhead County,thunderstorm_wind,47,30,3.0,60,64,,0,0,0
30001,Beaverhead County,tornado,3,3,0.3,51,,EF0,0,0,0
30003,Big Horn County,flash_flood,2,2,0.2,21,,,0,0,0
30003,Big Horn County,flood,2,2,0.2,38,,,0,0,0
30003,Big Horn County,hail,54,31,3.1,90,2.75,,0,0,0
30003,Big Horn County,thunderstorm_wind,38,22,2.2,42,73,,0,2,6
30003,Big Horn County,tornado,1,1,0.1,22,,EF1,0,0,0
30005,Blaine County,flash_flood,1,1,0.1,11,,,0,0,0
30005,Blaine County,flood,10,9,0.9,81,,,2070000,0,0
30005,Blaine County,hail,33,15,1.5,66,4,,1000000,0,0
30005,Blaine County,thunderstorm_wind,31,19,1.9,34,78,,200000,0,0
30005,Blaine County,tornado,2,2,0.2,37,,EF0,0,0,0
30007,Broadwater County,flash_flood,1,1,0.1,11,,,100000,0,0
30007,Broadwater County,flood,2,2,0.2,38,,,0,0,0
30007,Broadwater County,hail,14,7,0.7,36,2,,0,0,0
30007,Broadwater County,thunderstorm_wind,25,18,1.8,32,67,,0,0,0
30009,Carbon County,flash_flood,4,3,0.3,31,,,0,0,0
30009,Carbon County,flood,1,1,0.1,20,,,0,0,0
30009,Carbon County,hail,36,19,1.9,75,2,,0,0,0
30009,Carbon County,thunderstorm_wind,14,13,1.3,21,80,,0,0,0
30011,Carter County,flash_flood,2,2,0.2,21,,,0,0,0
30011,Carter County,flood,1,1,0.1,20,,,0,0,0
30011,Carter County,hail,60,35,3.5,93,4,,0,0,0
30011,Carter County,thunderstorm_wind,43,29,2.9,58,70,,0,0,0
30011,Carter County,tornado,5,2,0.2,37,,EF2,0,0,0
30013,Cascade County,flash_flood,11,9,0.9,72,,,50000,0,0
30013,Cascade County,flood,9,7,0.7,75,,,60000,2,0
30013,Cascade County,hail,68,27,2.7,87,3,,0,0,0
30013,Cascade County,lightning,1,1,0.1,66,,,10000,0,0
30013,Cascade County,thunderstorm_wind,96,34,3.4,67,76,,1000,0,0
30015,Chouteau County,flood,4,4,0.4,59,,,194000,0,0
30015,Chouteau County,hail,20,10,1.0,50,2.5,,0,0,0
30015,Chouteau County,thunderstorm_wind,41,24,2.4,47,79,,0,0,0
30015,Chouteau County,tornado,1,1,0.1,22,,EF0,0,0,0
30017,Custer County,flash_flood,4,4,0.4,41,,,0,0,0
30017,Custer County,flood,2,2,0.2,38,,,0,0,0
30017,Custer County,hail,63,26,2.6,85,2.75,,0,0,0
30017,Custer County,thunderstorm_wind,74,39,3.9,74,72,,0,1,4
30019,Daniels County,flash_flood,1,1,0.1,11,,,0,0,0
30019,Daniels County,flood,4,2,0.2,38,,,0,0,0
30019,Daniels County,hail,26,12,1.2,57,2.5,,0,0,0
30019,Daniels County,lightning,1,1,0.1,66,,,5000,0,0
30019,Daniels County,thunderstorm_wind,14,13,1.3,21,61,,0,0,0
30019,Daniels County,tornado,1,1,0.1,22,,,0,0,0
30021,Dawson County,flash_flood,3,2,0.2,21,,,0,0,0
30021,Dawson County,flood,5,5,0.5,66,,,0,0,0
30021,Dawson County,hail,61,24,2.4,83,4,,0,0,0
30021,Dawson County,lightning,1,1,0.1,66,,,0,1,0
30021,Dawson County,thunderstorm_wind,79,47,4.7,83,74,,0,0,0
30021,Dawson County,tornado,1,1,0.1,22,,EF0,0,0,0
30023,Deer Lodge County,flash_flood,1,1,0.1,11,,,685000,0,0
30023,Deer Lodge County,hail,2,2,0.2,11,1.25,,0,0,0
30023,Deer Lodge County,thunderstorm_wind,1,1,0.1,3,56,,0,0,0
30025,Fallon County,flash_flood,1,1,0.1,11,,,0,0,0
30025,Fallon County,hail,41,23,2.3,82,2,,1000000,0,0
30025,Fallon County,thunderstorm_wind,58,40,4.0,76,76,,0,0,0
30025,Fallon County,tornado,3,3,0.3,51,,EF3,1500000,0,7
30027,Fergus County,flash_flood,3,2,0.2,21,,,225000,0,0
30027,Fergus County,flood,5,4,0.4,59,,,10000,0,0
30027,Fergus County,hail,62,31,3.1,90,2.5,,1000,0,0
30027,Fergus County,thunderstorm_wind,89,48,4.8,85,101,,4500,0,0
30029,Flathead County,flash_flood,1,1,0.1,11,,,500000,0,0
30029,Flathead County,flood,3,3,0.3,50,,,35000,0,0
30029,Flathead County,hail,13,8,0.8,41,2.5,,1566000,0,0
30029,Flathead County,thunderstorm_wind,6,6,0.6,11,68,,610000,0,1
30031,Gallatin County,flash_flood,1,1,0.1,11,,,0,0,0
30031,Gallatin County,flood,2,2,0.2,38,,,1000000,0,0
30031,Gallatin County,hail,27,10,1.0,50,1.75,,0,0,0
30031,Gallatin County,thunderstorm_wind,49,25,2.5,49,70,,0,0,0
30033,Garfield County,flash_flood,2,2,0.2,21,,,0,0,0
30033,Garfield County,flood,4,4,0.4,59,,,0,0,0
30033,Garfield County,hail,49,25,2.5,84,2.75,,0,0,0
30033,Garfield County,thunderstorm_wind,86,42,4.2,78,82,,0,0,0
30035,Glacier County,flood,1,1,0.1,20,,,0,0,0
30035,Glacier County,hail,22,12,1.2,57,1.75,,0,0,0
30035,Glacier County,thunderstorm_wind,25,13,1.3,21,70,,0,0,0
30037,Golden Valley County,flash_flood,2,1,0.1,11,,,0,0,0
30037,Golden Valley County,flood,1,1,0.1,20,,,0,0,0
30037,Golden Valley County,hail,24,14,1.4,63,2.5,,0,0,0
30037,Golden Valley County,thunderstorm_wind,3,2,0.2,5,56,,0,0,0
30039,Granite County,flood,2,2,0.2,38,,,50000,0,0
30039,Granite County,hail,9,8,0.8,41,2,,0,0,0
30039,Granite County,thunderstorm_wind,1,1,0.1,3,52,,0,0,0
30041,Hill County,flood,3,3,0.3,50,,,3210000,0,0
30041,Hill County,hail,24,13,1.3,60,3,,0,0,0
30041,Hill County,thunderstorm_wind,75,39,3.9,74,80,,65000,0,0
30041,Hill County,tornado,1,1,0.1,22,,,0,0,0
30043,Jefferson County,flash_flood,1,1,0.1,11,,,100000,0,0
30043,Jefferson County,flood,3,2,0.2,38,,,0,0,0
30043,Jefferson County,hail,20,13,1.3,60,1.5,,0,0,0
30043,Jefferson County,thunderstorm_wind,7,6,0.6,11,54,,0,0,0
30043,Jefferson County,tornado,1,1,0.1,22,,,0,0,0
30045,Judith Basin County,flood,2,2,0.2,38,,,0,0,0
30045,Judith Basin County,hail,33,20,2.0,77,2,,0,0,0
30045,Judith Basin County,thunderstorm_wind,16,15,1.5,25,61,,0,0,0
30045,Judith Basin County,tornado,3,3,0.3,51,,EF0,0,0,0
30047,Lake County,hail,12,7,0.7,36,1.5,,6000,0,0
30047,Lake County,thunderstorm_wind,7,7,0.7,12,65,,73000,0,0
30047,Lake County,tornado,1,1,0.1,22,,EF0,2000,0,0
30049,Lewis and Clark County,flash_flood,6,4,0.4,41,,,700000,0,0
30049,Lewis and Clark County,flood,15,11,1.1,85,,,100000,0,0
30049,Lewis and Clark County,hail,15,11,1.1,53,1.5,,0,0,0
30049,Lewis and Clark County,lightning,2,2,0.2,85,,,0,0,5
30049,Lewis and Clark County,thunderstorm_wind,46,28,2.8,56,61,,1000,0,0
30051,Liberty County,flood,2,2,0.2,38,,,50000,0,0
30051,Liberty County,hail,9,7,0.7,36,2.5,,0,0,0
30051,Liberty County,thunderstorm_wind,46,15,1.5,25,73,,0,0,0
30053,Lincoln County,flood,4,4,0.4,59,,,31000000,0,0
30053,Lincoln County,hail,2,2,0.2,11,1,,0,0,0
30053,Lincoln County,thunderstorm_wind,2,2,0.2,5,56,,22000,0,0
30055,McCone County,flash_flood,3,2,0.2,21,,,0,0,0
30055,McCone County,flood,1,1,0.1,20,,,0,0,0
30055,McCone County,hail,44,21,2.1,79,2.5,,0,0,0
30055,McCone County,thunderstorm_wind,77,40,4.0,76,109,,2501000,0,0
30057,Madison County,flood,5,5,0.5,66,,,0,0,0
30057,Madison County,hail,8,4,0.4,21,1.75,,0,0,0
30057,Madison County,thunderstorm_wind,20,15,1.5,25,87,,20000,0,0
30059,Meagher County,flash_flood,1,1,0.1,11,,,0,0,0
30059,Meagher County,flood,1,1,0.1,20,,,0,0,0
30059,Meagher County,hail,7,5,0.5,26,1.5,,0,0,0
30059,Meagher County,thunderstorm_wind,6,6,0.6,11,57,,0,0,0
30061,Mineral County,flood,2,2,0.2,38,,,4000000,0,0
30061,Mineral County,hail,3,2,0.2,11,1.75,,20000,0,0
30061,Mineral County,thunderstorm_wind,3,3,0.3,7,56,,25000,0,0
30063,Missoula County,flash_flood,1,1,0.1,11,,,0,0,0
30063,Missoula County,flood,18,16,1.6,90,,,480000,0,0
30063,Missoula County,hail,22,12,1.2,57,2.5,,0,0,0
30063,Missoula County,thunderstorm_wind,19,16,1.6,27,70,,4302000,0,0
30065,Musselshell County,flash_flood,5,4,0.4,41,,,0,0,0
30065,Musselshell County,flood,2,2,0.2,38,,,0,0,0
30065,Musselshell County,hail,63,20,2.0,77,2.5,,0,0,0
30065,Musselshell County,thunderstorm_wind,8,7,0.7,12,55,,0,0,0
30067,Park County,flood,1,1,0.1,20,,,0,0,0
30067,Park County,hail,16,14,1.4,63,1.75,,0,0,0
30067,Park County,thunderstorm_wind,56,39,3.9,74,65,,0,0,0
30069,Petroleum County,flash_flood,1,1,0.1,11,,,0,0,0
30069,Petroleum County,flood,6,6,0.6,71,,,0,0,0
30069,Petroleum County,hail,37,21,2.1,79,3.5,,500000,0,0
30069,Petroleum County,thunderstorm_wind,25,14,1.4,23,68,,0,0,0
30069,Petroleum County,tornado,2,1,0.1,22,,EF0,0,0,0
30071,Phillips County,flood,16,12,1.2,86,,,0,0,0
30071,Phillips County,hail,46,19,1.9,75,3,,0,0,0
30071,Phillips County,thunderstorm_wind,104,44,4.4,80,77,,0,0,0
30071,Phillips County,tornado,2,2,0.2,37,,EF0,0,0,0
30073,Pondera County,flood,2,2,0.2,38,,,0,0,0
30073,Pondera County,hail,8,4,0.4,21,1.75,,0,0,0
30073,Pondera County,thunderstorm_wind,17,8,0.8,13,72,,500,0,0
30075,Powder River County,flash_flood,5,4,0.4,41,,,2000,0,0
30075,Powder River County,flood,2,2,0.2,38,,,0,0,0
30075,Powder River County,hail,82,41,4.1,96,2.75,,0,0,0
30075,Powder River County,thunderstorm_wind,43,28,2.8,56,70,,0,0,0
30077,Powell County,flood,2,2,0.2,38,,,70000,0,0
30077,Powell County,hail,11,10,1.0,50,1.5,,500,0,0
30077,Powell County,thunderstorm_wind,7,6,0.6,11,58,,2000,0,0
30079,Prairie County,flash_flood,6,4,0.4,41,,,0,0,0
30079,Prairie County,flood,1,1,0.1,20,,,0,0,0
30079,Prairie County,hail,30,20,2.0,77,3,,0,0,0
30079,Prairie County,thunderstorm_wind,39,23,2.3,44,66,,0,0,0
30081,Ravalli County,flash_flood,1,1,0.1,11,,,15000,0,0
30081,Ravalli County,flood,5,4,0.4,59,,,32000,0,0
30081,Ravalli County,hail,20,13,1.3,60,1.5,,26000,0,0
30081,Ravalli County,lightning,1,1,0.1,66,,,70000,0,0
30081,Ravalli County,thunderstorm_wind,10,10,1.0,16,63,,38500,0,0
30083,Richland County,flash_flood,3,3,0.3,31,,,0,0,0
30083,Richland County,flood,4,4,0.4,59,,,0,0,0
30083,Richland County,hail,37,16,1.6,68,2,,0,0,0
30083,Richland County,thunderstorm_wind,68,32,3.2,63,100,,0,0,0
30085,Roosevelt County,flash_flood,2,1,0.1,11,,,0,0,0
30085,Roosevelt County,flood,13,7,0.7,75,,,0,0,0
30085,Roosevelt County,hail,55,27,2.7,87,3.5,,0,0,0
30085,Roosevelt County,thunderstorm_wind,106,47,4.7,83,90,,860000,0,0
30087,Rosebud County,flood,1,1,0.1,20,,,0,0,0
30087,Rosebud County,hail,63,31,3.1,90,2.75,,0,0,0
30087,Rosebud County,thunderstorm_wind,84,40,4.0,76,68,,0,0,0
30089,Sanders County,flood,5,5,0.5,66,,,100000,0,0
30089,Sanders County,hail,4,3,0.3,16,1.5,,1000,0,0
30089,Sanders County,thunderstorm_wind,2,2,0.2,5,50,,0,0,0
30091,Sheridan County,flood,3,3,0.3,50,,,0,0,0
30091,Sheridan County,hail,37,20,2.0,77,2,,0,0,0
30091,Sheridan County,thunderstorm_wind,38,19,1.9,34,103,,0,0,0
30091,Sheridan County,tornado,3,3,0.3,51,,EF1,0,0,0
30093,Silver Bow County,flash_flood,2,2,0.2,21,,,15000,0,0
30093,Silver Bow County,flood,1,1,0.1,20,,,1000,0,0
30093,Silver Bow County,hail,9,5,0.5,26,1.5,,0,0,0
30093,Silver Bow County,thunderstorm_wind,2,2,0.2,5,54,,0,0,0
30095,Stillwater County,flash_flood,8,5,0.5,49,,,0,0,0
30095,Stillwater County,flood,1,1,0.1,20,,,804000,0,0
30095,Stillwater County,hail,54,30,3.0,89,2.75,,0,0,0
30095,Stillwater County,thunderstorm_wind,26,18,1.8,32,59,,0,0,0
30097,Sweet Grass County,flash_flood,2,2,0.2,21,,,0,0,0
30097,Sweet Grass County,flood,1,1,0.1,20,,,0,0,0
30097,Sweet Grass County,hail,26,12,1.2,57,1.75,,0,0,0
30097,Sweet Grass County,thunderstorm_wind,15,14,1.4,23,55,,0,0,0
30099,Teton County,flash_flood,1,1,0.1,11,,,0,0,0
30099,Teton County,flood,3,3,0.3,50,,,250000,0,0
30099,Teton County,hail,22,12,1.2,57,2.75,,0,0,0
30099,Teton County,thunderstorm_wind,45,17,1.7,29,70,,0,0,0
30101,Toole County,flash_flood,1,1,0.1,11,,,0,0,0
30101,Toole County,flood,1,1,0.1,20,,,0,0,0
30101,Toole County,hail,8,7,0.7,36,1.75,,0,0,0
30101,Toole County,thunderstorm_wind,31,11,1.1,18,100,,0,0,0
30103,Treasure County,flood,1,1,0.1,20,,,0,0,0
30103,Treasure County,hail,16,10,1.0,50,2,,0,0,0
30103,Treasure County,thunderstorm_wind,10,10,1.0,16,70,,0,0,0
30105,Valley County,flash_flood,6,4,0.4,41,,,0,0,0
30105,Valley County,flood,35,23,2.3,94,,,0,0,0
30105,Valley County,hail,78,39,3.9,95,4,,0,0,0
30105,Valley County,lightning,3,3,0.3,91,,,2100,0,0
30105,Valley County,thunderstorm_wind,206,72,7.2,96,78,,25000,0,0
30105,Valley County,tornado,6,4,0.4,62,,EF2,0,0,0
30107,Wheatland County,flash_flood,1,1,0.1,11,,,0,0,0
30107,Wheatland County,hail,23,14,1.4,63,2,,0,0,0
30107,Wheatland County,thunderstorm_wind,17,14,1.4,23,67,,0,0,0
30107,Wheatland County,tornado,1,1,0.1,22,,EF0,0,0,0
30109,Wibaux County,hail,27,17,1.7,70,3,,0,0,0
30109,Wibaux County,thunderstorm_wind,14,11,1.1,18,70,,0,0,0
30111,Yellowstone County,flash_flood,6,4,0.4,41,,,1600000,0,0
30111,Yellowstone County,flood,2,2,0.2,38,,,0,0,0
30111,Yellowstone County,hail,185,43,4.3,96,3,,0,0,0
30111,Yellowstone County,thunderstorm_wind,121,50,5.0,86,78,,2500000,0,2
30111,Yellowstone County,tornado,1,1,0.1,22,,EF1,0,0,0
31001,Adams County,flash_flood,4,4,0.4,41,,,425000,0,0
31001,Adams County,flood,5,5,0.5,66,,,620000,0,0
31001,Adams County,hail,77,39,3.9,95,3,,40790000,0,0
31001,Adams County,lightning,1,1,0.1,66,,,19000000,0,2
31001,Adams County,thunderstorm_wind,99,48,4.8,85,70,,6458000,0,0
31001,Adams County,tornado,11,7,0.7,85,,EF1,1354000,0,0
31003,Antelope County,flash_flood,3,3,0.3,31,,,40000,0,0
31003,Antelope County,flood,5,2,0.2,38,,,0,0,0
31003,Antelope County,hail,18,14,1.4,63,1.75,,0,0,0
31003,Antelope County,thunderstorm_wind,24,13,1.3,21,74,,0,0,0
31005,Arthur County,hail,38,17,1.7,70,3.75,,0,0,0
31005,Arthur County,thunderstorm_wind,12,11,1.1,18,70,,0,0,0
31005,Arthur County,tornado,1,1,0.1,22,,EF0,0,0,0
31007,Banner County,flash_flood,3,3,0.3,31,,,0,0,0
31007,Banner County,hail,33,22,2.2,81,2.75,,120000,0,0
31007,Banner County,thunderstorm_wind,18,17,1.7,29,64,,0,0,0
31007,Banner County,tornado,2,1,0.1,22,,EF1,25000,0,0
31009,Blaine County,flood,1,1,0.1,20,,,0,0,0
31009,Blaine County,hail,34,23,2.3,82,2.75,,26000,0,0
31009,Blaine County,thunderstorm_wind,16,13,1.3,21,65,,42000,0,0
31009,Blaine County,tornado,2,2,0.2,37,,EF0,0,0,0
31011,Boone County,flash_flood,4,3,0.3,31,,,102000,0,0
31011,Boone County,flood,1,1,0.1,20,,,0,0,0
31011,Boone County,hail,31,18,1.8,73,2.5,,0,0,0
31011,Boone County,thunderstorm_wind,26,18,1.8,32,73,,50000,0,0
31011,Boone County,tornado,7,5,0.5,72,,EF2,0,0,0
31013,Box Butte County,flash_flood,2,2,0.2,21,,,0,0,0
31013,Box Butte County,hail,90,38,3.8,95,4.3,,0,0,0
31013,Box Butte County,thunderstorm_wind,46,29,2.9,58,75,,0,0,0
31013,Box Butte County,tornado,3,3,0.3,51,,EF0,1000000,0,0
31015,Boyd County,flash_flood,6,5,0.5,49,,,12046000,1,0
31015,Boyd County,flood,4,1,0.1,20,,,9500000,0,0
31015,Boyd County,hail,27,13,1.3,60,2,,0,0,0
31015,Boyd County,thunderstorm_wind,12,11,1.1,18,61,,0,0,0
31015,Boyd County,tornado,1,1,0.1,22,,EF0,0,0,0
31017,Brown County,flash_flood,6,3,0.3,31,,,170000,0,0
31017,Brown County,flood,1,1,0.1,20,,,15000,0,0
31017,Brown County,hail,52,29,2.9,89,2.5,,0,0,0
31017,Brown County,thunderstorm_wind,23,19,1.9,34,91,,1080000,0,0
31017,Brown County,tornado,7,4,0.4,62,,EF1,16000,0,0
31019,Buffalo County,flash_flood,5,4,0.4,41,,,31005000,0,0
31019,Buffalo County,flood,5,3,0.3,50,,,6050000,0,0
31019,Buffalo County,hail,97,49,4.9,98,4,,20425000,0,0
31019,Buffalo County,lightning,1,1,0.1,66,,,125000,0,0
31019,Buffalo County,thunderstorm_wind,93,43,4.3,79,80,,8916000,0,0
31019,Buffalo County,tornado,5,4,0.4,62,,EF1,845000,0,0
31021,Burt County,flash_flood,5,4,0.4,41,,,2000,0,0
31021,Burt County,flood,3,3,0.3,50,,,10000,0,0
31021,Burt County,hail,29,16,1.6,68,2.5,,0,0,0
31021,Burt County,thunderstorm_wind,48,29,2.9,58,76,,0,0,0
31021,Burt County,tornado,8,4,0.4,62,,EF2,0,0,2
31023,Butler County,flash_flood,6,4,0.4,41,,,125000,0,0
31023,Butler County,flood,5,5,0.5,66,,,101000,0,0
31023,Butler County,hail,38,15,1.5,66,4,,0,0,0
31023,Butler County,thunderstorm_wind,31,18,1.8,32,74,,0,0,0
31023,Butler County,tornado,4,2,0.2,37,,EF1,0,0,0
31025,Cass County,flash_flood,8,5,0.5,49,,,50000,0,0
31025,Cass County,flood,13,9,0.9,81,,,15075000,0,0
31025,Cass County,hail,63,31,3.1,90,2.75,,0,0,0
31025,Cass County,thunderstorm_wind,60,30,3.0,60,87,,0,0,4
31025,Cass County,tornado,11,5,0.5,72,,EF2,0,0,0
31027,Cedar County,flash_flood,3,3,0.3,31,,,0,0,0
31027,Cedar County,flood,2,1,0.1,20,,,0,0,0
31027,Cedar County,hail,29,18,1.8,73,3,,0,0,0
31027,Cedar County,thunderstorm_wind,31,15,1.5,25,70,,0,0,0
31027,Cedar County,tornado,3,3,0.3,51,,EF1,0,0,0
31029,Chase County,flash_flood,4,4,0.4,41,,,50000,0,0
31029,Chase County,flood,1,1,0.1,20,,,100000,0,0
31029,Chase County,hail,76,37,3.7,94,3,,25000,0,0
31029,Chase County,thunderstorm_wind,74,49,4.9,85,77,,195000,0,0
31029,Chase County,tornado,6,3,0.3,51,,EF1,280000,0,0
31031,Cherry County,flash_flood,7,5,0.5,49,,,11000,0,0
31031,Cherry County,flood,1,1,0.1,20,,,1000,0,0
31031,Cherry County,hail,217,84,8.4,100,4,,10000,0,0
31031,Cherry County,thunderstorm_wind,141,72,7.2,96,78,,62000,0,0
31031,Cherry County,tornado,16,7,0.7,85,,EF2,105000,0,0
31033,Cheyenne County,flash_flood,18,6,0.6,57,,,0,0,0
31033,Cheyenne County,hail,122,60,6.0,99,3,,0,0,0
31033,Cheyenne County,thunderstorm_wind,78,45,4.5,81,82,,0,0,0
31033,Cheyenne County,tornado,11,7,0.7,85,,EF0,0,0,0
31035,Clay County,flash_flood,2,2,0.2,21,,,10000,0,0
31035,Clay County,flood,1,1,0.1,20,,,50000,0,0
31035,Clay County,hail,92,42,4.2,96,4,,9895000,0,0
31035,Clay County,thunderstorm_wind,104,38,3.8,73,83,,9766000,0,0
31035,Clay County,tornado,8,7,0.7,85,,EF1,1055000,0,0
31037,Colfax County,flash_flood,6,5,0.5,49,,,280000,0,0
31037,Colfax County,flood,5,3,0.3,50,,,0,0,0
31037,Colfax County,hail,25,15,1.5,66,2.75,,0,0,0
31037,Colfax County,thunderstorm_wind,29,21,2.1,39,83,,0,0,0
31037,Colfax County,tornado,8,6,0.6,79,,EF1,0,0,0
31039,Cuming County,flash_flood,7,7,0.7,62,,,300000,0,0
31039,Cuming County,flood,2,2,0.2,38,,,0,0,0
31039,Cuming County,hail,17,11,1.1,53,2.5,,0,0,0
31039,Cuming County,thunderstorm_wind,33,20,2.0,37,70,,0,0,0
31039,Cuming County,tornado,9,4,0.4,62,,EF2,0,0,0
31041,Custer County,flash_flood,29,15,1.5,88,,,610000,0,0
31041,Custer County,flood,14,5,0.5,66,,,3375000,0,0
31041,Custer County,hail,166,72,7.2,99,3,,263000,0,0
31041,Custer County,lightning,1,1,0.1,66,,,50000,0,0
31041,Custer County,thunderstorm_wind,112,56,5.6,90,91,,202000,0,0
31041,Custer County,tornado,16,9,0.9,92,,EF2,105000,0,0
31043,Dakota County,flash_flood,1,1,0.1,11,,,0,0,0
31043,Dakota County,flood,14,7,0.7,75,,,2690000,0,0
31043,Dakota County,hail,9,4,0.4,21,4.25,,0,0,0
31043,Dakota County,thunderstorm_wind,10,10,1.0,16,74,,0,0,0
31045,Dawes County,flash_flood,1,1,0.1,11,,,0,0,0
31045,Dawes County,flood,1,1,0.1,20,,,0,0,0
31045,Dawes County,hail,91,48,4.8,97,3,,0,0,0
31045,Dawes County,thunderstorm_wind,53,39,3.9,74,90,,0,0,0
31045,Dawes County,tornado,3,2,0.2,37,,EF2,0,0,0
31047,Dawson County,flash_flood,5,3,0.3,31,,,2260000,1,1
31047,Dawson County,flood,2,2,0.2,38,,,150000,0,0
31047,Dawson County,hail,85,43,4.3,96,4,,55402000,0,0
31047,Dawson County,thunderstorm_wind,76,48,4.8,85,78,,5379000,0,0
31047,Dawson County,tornado,6,4,0.4,62,,EF1,3375000,0,0
31049,Deuel County,flash_flood,1,1,0.1,11,,,0,0,0
31049,Deuel County,hail,29,18,1.8,73,3.5,,53000,0,0
31049,Deuel County,thunderstorm_wind,24,15,1.5,25,71,,31000,0,0
31049,Deuel County,tornado,2,2,0.2,37,,EF1,125000,0,0
31051,Dixon County,flash_flood,8,5,0.5,49,,,25000,0,0
31051,Dixon County,flood,10,7,0.7,75,,,3515000,0,0
31051,Dixon County,hail,31,20,2.0,77,2,,0,0,0
31051,Dixon County,thunderstorm_wind,25,13,1.3,21,78,,2000,0,0
31053,Dodge County,flash_flood,7,6,0.6,57,,,150000,0,0
31053,Dodge County,flood,24,9,0.9,81,,,1000000,0,0
31053,Dodge County,hail,80,30,3.0,89,4.5,,0,0,0
31053,Dodge County,thunderstorm_wind,55,22,2.2,42,96,,0,0,0
31053,Dodge County,tornado,7,5,0.5,72,,EF2,0,0,0
31055,Douglas County,flash_flood,40,16,1.6,90,,,725000,0,0
31055,Douglas County,flood,18,13,1.3,87,,,1000000,0,0
31055,Douglas County,hail,165,37,3.7,94,3.75,,0,0,0
31055,Douglas County,thunderstorm_wind,143,59,5.9,91,90,,38810000,1,2
31055,Douglas County,tornado,6,3,0.3,51,,EF4,0,0,3
31057,Dundy County,flash_flood,4,4,0.4,41,,,160000,0,0
31057,Dundy County,flood,6,5,0.5,66,,,131000,0,0
31057,Dundy County,hail,89,50,5.0,98,2.75,,0,0,0
31057,Dundy County,thunderstorm_wind,55,35,3.5,69,104,,40300,0,0
31057,Dundy County,tornado,10,6,0.6,79,,EF2,0,0,0
31059,Fillmore County,flash_flood,2,2,0.2,21,,,160000,0,0
31059,Fillmore County,flood,1,1,0.1,20,,,50000,0,0
31059,Fillmore County,hail,36,20,2.0,77,2.5,,740000,0,0
31059,Fillmore County,lightning,1,1,0.1,66,,,2000,0,0
31059,Fillmore County,thunderstorm_wind,66,27,2.7,53,83,,1551000,0,0
31059,Fillmore County,tornado,7,4,0.4,62,,EF1,178000,0,0
31061,Franklin County,flash_flood,1,1,0.1,11,,,100000,0,0
31061,Franklin County,flood,1,1,0.1,20,,,100000,0,0
31061,Franklin County,hail,50,37,3.7,94,2.5,,4950000,0,0
31061,Franklin County,lightning,1,1,0.1,66,,,50000,0,0
31061,Franklin County,thunderstorm_wind,26,18,1.8,32,70,,1118000,0,0
31061,Franklin County,tornado,4,4,0.4,62,,EF1,177000,0,0
31063,Frontier County,flash_flood,6,2,0.2,21,,,0,0,0
31063,Frontier County,flood,1,1,0.1,20,,,0,0,0
31063,Frontier County,hail,62,31,3.1,90,3,,0,0,0
31063,Frontier County,thunderstorm_wind,39,28,2.8,56,70,,60000,0,0
31063,Frontier County,tornado,9,2,0.2,37,,EF3,113000,0,0
31065,Furnas County,flash_flood,1,1,0.1,11,,,100000,0,0
31065,Furnas County,flood,1,1,0.1,20,,,0,0,0
31065,Furnas County,hail,97,54,5.4,98,3,,5900000,0,0
31065,Furnas County,thunderstorm_wind,79,46,4.6,82,83,,2367500,0,0
31065,Furnas County,tornado,3,2,0.2,37,,,0,0,0
31067,Gage County,flash_flood,7,5,0.5,49,,,0,0,0
31067,Gage County,flood,5,4,0.4,59,,,0,0,0
31067,Gage County,hail,42,20,2.0,77,5,,0,0,0
31067,Gage County,thunderstorm_wind,66,30,3.0,60,87,,0,0,0
31067,Gage County,tornado,8,6,0.6,79,,EF1,0,0,0
31069,Garden County,flash_flood,4,4,0.4,41,,,0,0,0
31069,Garden County,hail,74,33,3.3,91,4,,0,0,0
31069,Garden County,lightning,1,1,0.1,66,,,0,1,0
31069,Garden County,thunderstorm_wind,57,41,4.1,77,65,,3532000,0,0
31069,Garden County,tornado,4,2,0.2,37,,EF2,750000,0,0
31071,Garfield County,flash_flood,3,3,0.3,31,,,20000,0,0
31071,Garfield County,flood,3,2,0.2,38,,,100000,0,0
31071,Garfield County,hail,39,17,1.7,70,2.5,,0,0,0
31071,Garfield County,thunderstorm_wind,17,11,1.1,18,70,,1095000,0,0
31073,Gosper County,flash_flood,3,2,0.2,21,,,125000,0,0
31073,Gosper County,hail,31,19,1.9,75,2.75,,545000,0,0
31073,Gosper County,thunderstorm_wind,23,20,2.0,37,65,,440000,0,0
31075,Grant County,hail,23,17,1.7,70,2.75,,0,0,0
31075,Grant County,lightning,1,1,0.1,66,,,2000,0,0
31075,Grant County,thunderstorm_wind,15,11,1.1,18,69,,24000,0,0
31075,Grant County,tornado,1,1,0.1,22,,EF3,0,0,1
31077,Greeley County,flash_flood,1,1,0.1,11,,,300000,0,0
31077,Greeley County,flood,1,1,0.1,20,,,2000000,0,0
31077,Greeley County,hail,12,11,1.1,53,1.75,,225000,0,0
31077,Greeley County,thunderstorm_wind,20,12,1.2,20,70,,1355000,0,0
31077,Greeley County,tornado,3,2,0.2,37,,EF2,725000,0,0
31079,Hall County,flash_flood,5,5,0.5,49,,,975000,0,0
31079,Hall County,flood,4,4,0.4,59,,,505000,0,0
31079,Hall County,hail,58,36,3.6,93,2.5,,19775000,0,0
31079,Hall County,lightning,1,1,0.1,66,,,5000,0,0
31079,Hall County,thunderstorm_wind,77,40,4.0,76,76,,3819000,0,0
31079,Hall County,tornado,4,4,0.4,62,,EF1,480000,0,0
31081,Hamilton County,flash_flood,3,3,0.3,31,,,25000,0,0
31081,Hamilton County,flood,1,1,0.1,20,,,50000,0,0
31081,Hamilton County,hail,62,34,3.4,92,3,,5200000,0,0
31081,Hamilton County,thunderstorm_wind,53,31,3.1,62,83,,17814000,0,0
31081,Hamilton County,tornado,10,5,0.5,72,,EF1,1126000,0,0
31083,Harlan County,flash_flood,4,4,0.4,41,,,150000,0,0
31083,Harlan County,flood,1,1,0.1,20,,,100000,0,0
31083,Harlan County,hail,35,22,2.2,81,3,,1490000,0,0
31083,Harlan County,thunderstorm_wind,37,24,2.4,47,79,,1771000,0,0
31083,Harlan County,tornado,5,4,0.4,62,,EF0,600000,0,0
31085,Hayes County,flash_flood,8,3,0.3,31,,,200000,0,0
31085,Hayes County,flood,1,1,0.1,20,,,15000,0,0
31085,Hayes County,hail,38,26,2.6,85,3.25,,0,0,0
31085,Hayes County,thunderstorm_wind,22,17,1.7,29,73,,5000,0,0
31085,Hayes County,tornado,5,3,0.3,51,,EF2,1500000,0,0
31087,Hitchcock County,flash_flood,7,5,0.5,49,,,227100,0,0
31087,Hitchcock County,flood,3,2,0.2,38,,,745000,0,0
31087,Hitchcock County,hail,137,53,5.3,98,4.25,,0,0,0
31087,Hitchcock County,thunderstorm_wind,66,31,3.1,62,104,,1377500,0,0
31087,Hitchcock County,tornado,8,6,0.6,79,,EF3,655000,0,0
31089,Holt County,flash_flood,7,5,0.5,49,,,2000,0,0
31089,Holt County,flood,3,2,0.2,38,,,600000,0,0
31089,Holt County,hail,103,49,4.9,98,4,,10000,0,0
31089,Holt County,thunderstorm_wind,59,29,2.9,58,87,,150000,0,1
31089,Holt County,tornado,2,2,0.2,37,,EF2,40000,0,0
31091,Hooker County,hail,23,10,1.0,50,4,,0,0,0
31091,Hooker County,thunderstorm_wind,13,12,1.2,20,61,,10000,0,0
31091,Hooker County,tornado,1,1,0.1,22,,EF2,0,0,0
31093,Howard County,flash_flood,4,4,0.4,41,,,2115000,0,0
31093,Howard County,flood,4,3,0.3,50,,,6500000,0,0
31093,Howard County,hail,27,22,2.2,81,2.75,,2400000,0,0
31093,Howard County,lightning,1,1,0.1,66,,,90000,0,0
31093,Howard County,thunderstorm_wind,17,12,1.2,20,65,,1377000,0,0
31093,Howard County,tornado,6,4,0.4,62,,EF3,4125000,0,0
31095,Jefferson County,flash_flood,6,5,0.5,49,,,5000,0,0
31095,Jefferson County,flood,1,1,0.1,20,,,0,0,0
31095,Jefferson County,hail,52,26,2.6,85,2.75,,0,0,0
31095,Jefferson County,thunderstorm_wind,56,31,3.1,62,83,,29810,0,0
31095,Jefferson County,tornado,1,1,0.1,22,,,0,0,0
31097,Johnson County,flood,2,2,0.2,38,,,0,0,0
31097,Johnson County,hail,31,16,1.6,68,2.75,,0,0,0
31097,Johnson County,thunderstorm_wind,28,23,2.3,44,75,,0,0,0
31097,Johnson County,tornado,2,2,0.2,37,,EF0,0,0,0
31099,Kearney County,flash_flood,2,2,0.2,21,,,100000,0,0
31099,Kearney County,hail,44,27,2.7,87,4,,950000,0,0
31099,Kearney County,thunderstorm_wind,64,37,3.7,72,87,,4530000,0,0
31099,Kearney County,tornado,11,8,0.8,89,,EF1,2405000,0,0
31101,Keith County,flash_flood,6,5,0.5,49,,,27000,0,0
31101,Keith County,hail,105,47,4.7,97,4,,1602000,0,1
31101,Keith County,thunderstorm_wind,104,54,5.4,89,77,,228000,0,1
31101,Keith County,tornado,10,2,0.2,37,,EF2,4625000,0,0
31103,Keya Paha County,flood,3,3,0.3,50,,,100000,0,0
31103,Keya Paha County,hail,37,22,2.2,81,2.75,,0,0,0
31103,Keya Paha County,thunderstorm_wind,5,5,0.5,10,70,,3000000,0,0
31105,Kimball County,flash_flood,5,5,0.5,49,,,0,0,0
31105,Kimball County,hail,67,38,3.8,95,3.5,,0,0,0
31105,Kimball County,thunderstorm_wind,14,13,1.3,21,78,,0,0,0
31105,Kimball County,tornado,9,7,0.7,85,,EF1,0,0,0
31107,Knox County,flash_flood,2,2,0.2,21,,,30000,0,0
31107,Knox County,flood,6,3,0.3,50,,,1210000,0,0
31107,Knox County,hail,53,31,3.1,90,2.5,,0,0,0
31107,Knox County,thunderstorm_wind,25,14,1.4,23,75,,2000,0,0
31109,Lancaster County,flash_flood,20,12,1.2,81,,,1650000,0,0
31109,Lancaster County,flood,5,5,0.5,66,,,0,0,0
31109,Lancaster County,hail,125,42,4.2,96,5,,0,0,0
31109,Lancaster County,thunderstorm_wind,149,53,5.3,88,87,,4910000,0,5
31109,Lancaster County,tornado,12,7,0.7,85,,EF3,0,0,3
31111,Lincoln County,flash_flood,7,5,0.5,49,,,275000,0,0
31111,Lincoln County,flood,9,5,0.5,66,,,236000,0,0
31111,Lincoln County,hail,210,75,7.5,99,4,,206000,0,1
31111,Lincoln County,lightning,2,2,0.2,85,,,5000,0,0
31111,Lincoln County,thunderstorm_wind,214,77,7.7,97,103,,690000,0,0
31111,Lincoln County,tornado,4,3,0.3,51,,EF2,140000,0,0
31113,Logan County,flash_flood,1,1,0.1,11,,,0,0,0
31113,Logan County,flood,2,2,0.2,38,,,250000,0,0
31113,Logan County,hail,44,26,2.6,85,4,,6000,0,0
31113,Logan County,thunderstorm_wind,24,14,1.4,23,74,,78000,0,0
31113,Logan County,tornado,2,2,0.2,37,,EF0,0,0,0
31115,Loup County,flash_flood,1,1,0.1,11,,,0,0,0
31115,Loup County,hail,31,19,1.9,75,6,,30000,0,0
31115,Loup County,thunderstorm_wind,9,6,0.6,11,78,,55000,0,0
31115,Loup County,tornado,6,2,0.2,37,,EF2,160000,0,0
31117,McPherson County,hail,33,23,2.3,82,3,,0,0,0
31117,McPherson County,thunderstorm_wind,14,11,1.1,18,70,,2000,0,0
31117,McPherson County,tornado,5,4,0.4,62,,EF1,60000,0,0
31119,Madison County,flash_flood,2,2,0.2,21,,,100000,0,0
31119,Madison County,flood,3,1,0.1,20,,,194000,1,0
31119,Madison County,hail,43,21,2.1,79,3.5,,0,0,0
31119,Madison County,thunderstorm_wind,54,26,2.6,51,70,,0,0,0
31119,Madison County,tornado,10,7,0.7,85,,EF1,0,0,0
31121,Merrick County,flash_flood,1,1,0.1,11,,,300000,0,0
31121,Merrick County,flood,3,3,0.3,50,,,2100000,0,0
31121,Merrick County,hail,25,15,1.5,66,3,,1200000,0,0
31121,Merrick County,thunderstorm_wind,22,18,1.8,32,70,,2161000,0,0
31121,Merrick County,tornado,4,4,0.4,62,,EF1,875000,0,0
31123,Morrill County,flash_flood,5,4,0.4,41,,,0,0,0
31123,Morrill County,flood,1,1,0.1,20,,,0,0,0
31123,Morrill County,hail,88,37,3.7,94,4,,100000,0,0
31123,Morrill County,thunderstorm_wind,35,18,1.8,32,70,,40000,0,0
31123,Morrill County,tornado,6,5,0.5,72,,EF2,2500000,0,0
31125,Nance County,flash_flood,3,3,0.3,31,,,12600000,0,0
31125,Nance County,flood,1,1,0.1,20,,,12000000,0,0
31125,Nance County,hail,19,13,1.3,60,2.75,,1475000,0,0
31125,Nance County,thunderstorm_wind,12,11,1.1,18,78,,2060000,0,0
31125,Nance County,tornado,1,1,0.1,22,,EF1,25000,0,0
31127,Nemaha County,flash_flood,4,4,0.4,41,,,0,0,0
31127,Nemaha County,flood,7,6,0.6,71,,,10000,0,0
31127,Nemaha County,hail,37,19,1.9,75,2.75,,0,0,0
31127,Nemaha County,thunderstorm_wind,26,23,2.3,44,83,,1220000,0,0
31127,Nemaha County,tornado,1,1,0.1,22,,EF0,0,0,0
31129,Nuckolls County,flash_flood,4,4,0.4,41,,,265000,0,0
31129,Nuckolls County,flood,1,1,0.1,20,,,25000,0,0
31129,Nuckolls County,hail,53,32,3.2,91,2.5,,2495000,0,0
31129,Nuckolls County,thunderstorm_wind,63,34,3.4,67,78,,9717000,0,0
31129,Nuckolls County,tornado,7,7,0.7,85,,EF1,622000,0,0
31131,Otoe County,flash_flood,6,4,0.4,41,,,0,0,0
31131,Otoe County,flood,6,6,0.6,71,,,75000,0,0
31131,Otoe County,hail,30,18,1.8,73,3,,0,0,0
31131,Otoe County,thunderstorm_wind,45,31,3.1,62,78,,0,0,0
31131,Otoe County,tornado,6,5,0.5,72,,EF1,0,0,0
31133,Pawnee County,flash_flood,2,2,0.2,21,,,0,0,0
31133,Pawnee County,hail,28,15,1.5,66,4.5,,0,0,0
31133,Pawnee County,thunderstorm_wind,21,18,1.8,32,72,,0,0,0
31133,Pawnee County,tornado,6,4,0.4,62,,EF1,0,0,0
31135,Perkins County,flash_flood,1,1,0.1,11,,,0,0,0
31135,Perkins County,hail,68,35,3.5,93,4.25,,1000,0,0
31135,Perkins County,thunderstorm_wind,43,32,3.2,63,74,,146000,0,0
31135,Perkins County,tornado,8,6,0.6,79,,EF0,0,0,0
31137,Phelps County,flash_flood,3,3,0.3,31,,,135000,0,0
31137,Phelps County,hail,34,22,2.2,81,2.75,,5025000,0,0
31137,Phelps County,thunderstorm_wind,74,38,3.8,73,74,,3596000,0,0
31137,Phelps County,tornado,9,5,0.5,72,,EF1,1505000,0,0
31139,Pierce County,flash_flood,1,1,0.1,11,,,475000,0,0
31139,Pierce County,flood,5,3,0.3,50,,,5000,0,0
31139,Pierce County,hail,25,17,1.7,70,3.25,,0,0,0
31139,Pierce County,thunderstorm_wind,11,7,0.7,12,78,,0,0,0
31139,Pierce County,tornado,1,1,0.1,22,,EF0,0,0,0
31141,Platte County,flash_flood,9,8,0.8,68,,,111000,0,0
31141,Platte County,flood,12,7,0.7,75,,,446000,2,0
31141,Platte County,hail,74,32,3.2,91,3,,0,0,0
31141,Platte County,thunderstorm_wind,80,32,3.2,63,78,,0,0,0
31141,Platte County,tornado,8,5,0.5,72,,EF2,0,0,2
31143,Polk County,flash_flood,2,2,0.2,21,,,75000,0,0
31143,Polk County,flood,2,2,0.2,38,,,500000,0,0
31143,Polk County,hail,22,16,1.6,68,2,,800000,0,0
31143,Polk County,lightning,1,1,0.1,66,,,0,0,6
31143,Polk County,thunderstorm_wind,38,22,2.2,42,80,,1125000,0,0
31143,Polk County,tornado,5,4,0.4,62,,EF1,1595000,0,0
31145,Red Willow County,flash_flood,5,5,0.5,49,,,1000,0,0
31145,Red Willow County,flood,2,2,0.2,38,,,3500,0,0
31145,Red Willow County,hail,95,38,3.8,95,4,,0,0,0
31145,Red Willow County,thunderstorm_wind,102,58,5.8,91,103,,844500,0,0
31145,Red Willow County,tornado,4,3,0.3,51,,EF2,1000,0,0
31147,Richardson County,flash_flood,5,2,0.2,21,,,0,0,0
31147,Richardson County,flood,7,7,0.7,75,,,500000,0,0
31147,Richardson County,hail,25,18,1.8,73,4,,0,0,0
31147,Richardson County,thunderstorm_wind,30,21,2.1,39,79,,1505000,0,0
31147,Richardson County,tornado,6,4,0.4,62,,EF0,0,0,0
31149,Rock County,flash_flood,1,1,0.1,11,,,0,0,0
31149,Rock County,flood,3,2,0.2,38,,,275000,0,0
31149,Rock County,hail,40,20,2.0,77,4.25,,0,0,0
31149,Rock County,thunderstorm_wind,16,15,1.5,25,70,,5000,0,0
31151,Saline County,flash_flood,7,6,0.6,57,,,0,0,0
31151,Saline County,flood,6,5,0.5,66,,,325000,0,0
31151,Saline County,hail,39,25,2.5,84,2.5,,0,0,0
31151,Saline County,thunderstorm_wind,47,28,2.8,56,90,,16133000,0,0
31151,Saline County,tornado,5,3,0.3,51,,EF2,0,0,0
31153,Sarpy County,flash_flood,7,5,0.5,49,,,0,0,0
31153,Sarpy County,flood,11,8,0.8,78,,,420025000,0,0
31153,Sarpy County,hail,60,22,2.2,81,4.5,,0,0,0
31153,Sarpy County,thunderstorm_wind,68,32,3.2,63,87,,15000000,0,0
31153,Sarpy County,tornado,5,2,0.2,37,,EF2,0,0,0
31155,Saunders County,flash_flood,4,4,0.4,41,,,300000,0,0
31155,Saunders County,flood,17,11,1.1,85,,,54420000,0,0
31155,Saunders County,hail,61,30,3.0,89,2.75,,0,0,0
31155,Saunders County,thunderstorm_wind,69,37,3.7,72,86,,1220000,0,0
31155,Saunders County,tornado,9,6,0.6,79,,EF1,0,0,0
31157,Scotts Bluff County,flash_flood,16,12,1.2,81,,,0,0,0
31157,Scotts Bluff County,flood,1,1,0.1,20,,,0,0,0
31157,Scotts Bluff County,hail,145,56,5.6,98,4,,6500000,0,0
31157,Scotts Bluff County,thunderstorm_wind,110,42,4.2,78,90,,4035000,0,3
31157,Scotts Bluff County,tornado,8,3,0.3,51,,EF2,135000,0,0
31159,Seward County,flash_flood,4,3,0.3,31,,,0,0,0
31159,Seward County,flood,4,3,0.3,50,,,0,0,0
31159,Seward County,hail,43,19,1.9,75,3,,0,0,0
31159,Seward County,thunderstorm_wind,39,21,2.1,39,91,,1410000,0,0
31159,Seward County,tornado,3,3,0.3,51,,EF2,0,0,0
31161,Sheridan County,flash_flood,3,3,0.3,31,,,10000,0,0
31161,Sheridan County,flood,1,1,0.1,20,,,0,0,0
31161,Sheridan County,hail,142,69,6.9,99,4,,0,0,0
31161,Sheridan County,thunderstorm_wind,71,46,4.6,82,70,,61000,0,0
31161,Sheridan County,tornado,10,6,0.6,79,,EF2,88000,0,0
31163,Sherman County,flash_flood,8,7,0.7,62,,,2080000,0,0
31163,Sherman County,flood,3,3,0.3,50,,,2130000,0,0
31163,Sherman County,hail,37,23,2.3,82,3.5,,6370000,0,0
31163,Sherman County,thunderstorm_wind,24,18,1.8,32,65,,2239000,0,0
31163,Sherman County,tornado,5,3,0.3,51,,EF1,286000,0,0
31165,Sioux County,flash_flood,1,1,0.1,11,,,0,0,0
31165,Sioux County,hail,59,36,3.6,93,4,,0,0,0
31165,Sioux County,thunderstorm_wind,29,26,2.6,51,74,,0,0,0
31165,Sioux County,tornado,3,3,0.3,51,,EF2,6000,0,1
31167,Stanton County,flash_flood,5,5,0.5,49,,,0,0,0
31167,Stanton County,flood,2,2,0.2,38,,,0,0,0
31167,Stanton County,hail,22,11,1.1,53,2.5,,0,0,0
31167,Stanton County,thunderstorm_wind,33,19,1.9,34,70,,0,0,0
31167,Stanton County,tornado,11,6,0.6,79,,EF1,350000,0,0
31169,Thayer County,flash_flood,7,7,0.7,62,,,235000,0,0
31169,Thayer County,flood,2,2,0.2,38,,,0,0,0
31169,Thayer County,hail,52,29,2.9,89,2.5,,1292000,0,0
31169,Thayer County,thunderstorm_wind,90,37,3.7,72,79,,6724000,0,0
31169,Thayer County,tornado,3,3,0.3,51,,EF0,500000,0,0
31171,Thomas County,flash_flood,1,1,0.1,11,,,1000,0,0
31171,Thomas County,flood,1,1,0.1,20,,,25000,0,0
31171,Thomas County,hail,26,14,1.4,63,2.5,,0,0,0
31171,Thomas County,thunderstorm_wind,11,10,1.0,16,61,,0,0,0
31171,Thomas County,tornado,1,1,0.1,22,,,0,0,0
31173,Thurston County,flash_flood,2,2,0.2,21,,,0,0,0
31173,Thurston County,flood,3,2,0.2,38,,,60000,0,0
31173,Thurston County,hail,11,9,0.9,45,1.75,,0,0,0
31173,Thurston County,thunderstorm_wind,16,12,1.2,20,65,,0,0,0
31173,Thurston County,tornado,1,1,0.1,22,,EF1,0,0,0
31175,Valley County,flash_flood,4,3,0.3,31,,,2225000,0,0
31175,Valley County,flood,1,1,0.1,20,,,2000000,0,0
31175,Valley County,hail,36,26,2.6,85,2,,685000,0,0
31175,Valley County,thunderstorm_wind,35,28,2.8,56,77,,2327000,0,0
31175,Valley County,tornado,1,1,0.1,22,,EF0,0,0,0
31177,Washington County,flash_flood,3,3,0.3,31,,,0,0,0
31177,Washington County,flood,5,4,0.4,59,,,10000,0,0
31177,Washington County,hail,42,18,1.8,73,4,,0,0,0
31177,Washington County,thunderstorm_wind,35,22,2.2,42,96,,2700000,0,2
31177,Washington County,tornado,7,5,0.5,72,,EF4,0,0,1
31179,Wayne County,flash_flood,6,5,0.5,49,,,3310000,0,0
31179,Wayne County,flood,1,1,0.1,20,,,0,0,0
31179,Wayne County,hail,16,9,0.9,45,1.75,,0,0,0
31179,Wayne County,thunderstorm_wind,25,15,1.5,25,78,,3000,0,0
31179,Wayne County,tornado,3,2,0.2,37,,EF0,0,0,0
31181,Webster County,flash_flood,2,2,0.2,21,,,140000,0,0
31181,Webster County,flood,3,3,0.3,50,,,140000,0,0
31181,Webster County,hail,55,34,3.4,92,2.75,,15805000,0,0
31181,Webster County,thunderstorm_wind,40,29,2.9,58,65,,483000,0,0
31181,Webster County,tornado,6,5,0.5,72,,EF1,695000,0,0
31183,Wheeler County,flood,1,1,0.1,20,,,250000,0,0
31183,Wheeler County,hail,13,9,0.9,45,2.75,,0,0,0
31183,Wheeler County,thunderstorm_wind,8,8,0.8,13,70,,10000,0,0
31183,Wheeler County,tornado,4,2,0.2,37,,EF2,0,0,0
31185,York County,flash_flood,1,1,0.1,11,,,10000,0,0
31185,York County,flood,1,1,0.1,20,,,100000,0,0
31185,York County,hail,42,21,2.1,79,2.5,,20126250,0,0
31185,York County,thunderstorm_wind,50,27,2.7,53,91,,24228000,0,0
31185,York County,tornado,2,2,0.2,37,,EF2,1225000,0,2
32001,Churchill County,lightning,1,1,0.1,66,,,0,0,0
32001,Churchill County,thunderstorm_wind,8,8,0.8,13,54,,0,0,0
32003,Clark County,flash_flood,128,70,7.0,100,,,29730000,6,1
32003,Clark County,flood,12,8,0.8,78,,,32000,0,0
32003,Clark County,hail,29,22,2.2,81,2,,50001000,0,0
32003,Clark County,lightning,13,13,1.3,99,,,588000,0,3
32003,Clark County,thunderstorm_wind,123,79,7.9,97,68,,3885000,1,0
32005,Douglas County,flash_flood,4,3,0.3,31,,,0,0,0
32005,Douglas County,flood,6,5,0.5,66,,,5750000,0,0
32005,Douglas County,hail,1,1,0.1,6,0.75,,0,0,0
32005,Douglas County,thunderstorm_wind,2,2,0.2,5,51,,0,0,0
32005,Douglas County,tornado,1,1,0.1,22,,EF0,0,0,0
32007,Elko County,flash_flood,16,13,1.3,84,,,1302000,0,0
32007,Elko County,flood,4,4,0.4,59,,,3001000,0,0
32007,Elko County,hail,11,7,0.7,36,1.75,,5000000,0,0
32007,Elko County,thunderstorm_wind,65,47,4.7,83,71,,4029900,0,0
32007,Elko County,tornado,4,4,0.4,62,,EF1,20000,0,0
32009,Esmeralda County,flash_flood,3,3,0.3,31,,,351000,0,0
32011,Eureka County,flash_flood,4,3,0.3,31,,,8000,0,0
32011,Eureka County,flood,10,3,0.3,50,,,6630000,0,0
32011,Eureka County,hail,4,2,0.2,11,1.5,,550000,0,0
32011,Eureka County,thunderstorm_wind,25,25,2.5,49,79,,500,0,0
32013,Humboldt County,flash_flood,1,1,0.1,11,,,0,0,0
32013,Humboldt County,flood,5,4,0.4,59,,,3001000,0,0
32013,Humboldt County,hail,5,2,0.2,11,1.5,,3100,0,0
32013,Humboldt County,thunderstorm_wind,27,19,1.9,34,86,,10500,0,0
32013,Humboldt County,tornado,2,1,0.1,22,,EF0,0,0,0
32015,Lander County,flash_flood,4,4,0.4,41,,,1000,0,0
32015,Lander County,flood,3,2,0.2,38,,,5900000,0,0
32015,Lander County,hail,2,1,0.1,6,0.88,,0,0,0
32015,Lander County,thunderstorm_wind,10,10,1.0,16,74,,11500,0,0
32015,Lander County,tornado,1,1,0.1,22,,EF0,0,0,0
32017,Lincoln County,flash_flood,23,20,2.0,94,,,514000,0,0
32017,Lincoln County,flood,10,6,0.6,71,,,180000,0,0
32017,Lincoln County,thunderstorm_wind,18,17,1.7,29,70,,2000,0,0
32019,Lyon County,flash_flood,6,6,0.6,57,,,25000,0,0
32019,Lyon County,flood,3,3,0.3,50,,,1300000,0,0
32019,Lyon County,thunderstorm_wind,3,3,0.3,7,87,,0,0,0
32021,Mineral County,flash_flood,6,6,0.6,57,,,0,0,0
32021,Mineral County,flood,2,2,0.2,38,,,0,0,0
32021,Mineral County,hail,1,1,0.1,6,1,,0,0,0
32021,Mineral County,thunderstorm_wind,2,2,0.2,5,50,,2000,0,0
32023,Nye County,flash_flood,24,21,2.1,94,,,160000,0,1
32023,Nye County,flood,4,4,0.4,59,,,501000,0,0
32023,Nye County,hail,1,1,0.1,6,1,,0,0,0
32023,Nye County,lightning,2,1,0.1,66,,,10100,0,0
32023,Nye County,thunderstorm_wind,94,64,6.4,94,86,,230000,0,0
32023,Nye County,tornado,1,1,0.1,22,,EF0,0,0,0
32027,Pershing County,flash_flood,1,1,0.1,11,,,0,0,0
32027,Pershing County,thunderstorm_wind,14,13,1.3,21,76,,0,0,0
32029,Storey County,flash_flood,4,3,0.3,31,,,0,0,0
32029,Storey County,flood,3,2,0.2,38,,,400000,0,0
32031,Washoe County,flash_flood,13,9,0.9,72,,,1520000,0,0
32031,Washoe County,flood,15,11,1.1,85,,,8000000,0,0
32031,Washoe County,hail,5,4,0.4,21,1,,0,0,0
32031,Washoe County,thunderstorm_wind,7,6,0.6,11,57,,0,0,0
32031,Washoe County,tornado,1,1,0.1,22,,EF0,0,0,0
32033,White Pine County,flash_flood,3,3,0.3,31,,,0,0,0
32033,White Pine County,flood,3,3,0.3,50,,,0,0,0
32033,White Pine County,hail,1,1,0.1,6,1,,0,0,0
32033,White Pine County,thunderstorm_wind,19,16,1.6,27,73,,0,0,0
32510,Carson City,thunderstorm_wind,1,1,0.1,3,62,,0,0,0
33001,Belknap County,flash_flood,11,5,0.5,49,,,120000,0,0
33001,Belknap County,flood,2,2,0.2,38,,,0,0,0
33001,Belknap County,hail,8,8,0.8,41,1.75,,0,0,0
33001,Belknap County,lightning,1,1,0.1,66,,,20000,0,0
33001,Belknap County,thunderstorm_wind,38,21,2.1,39,91,,168000,0,0
33001,Belknap County,tornado,1,1,0.1,22,,EF0,0,0,0
33003,Carroll County,flash_flood,22,11,1.1,79,,,1227000,0,0
33003,Carroll County,flood,23,16,1.6,90,,,100000,0,0
33003,Carroll County,hail,35,18,1.8,73,2,,0,0,0
33003,Carroll County,lightning,1,1,0.1,66,,,20000,0,0
33003,Carroll County,thunderstorm_wind,60,36,3.6,70,74,,482000,0,0
33003,Carroll County,tornado,1,1,0.1,22,,EF0,5000,0,0
33005,Cheshire County,flash_flood,44,16,1.6,90,,,2003000,0,0
33005,Cheshire County,flood,3,3,0.3,50,,,120000,0,0
33005,Cheshire County,hail,44,26,2.6,85,1.75,,5000,0,0
33005,Cheshire County,thunderstorm_wind,157,59,5.9,91,78,,34000,0,0
33005,Cheshire County,tornado,4,4,0.4,62,,EF1,3000,0,0
33007,Coos County,flash_flood,37,11,1.1,79,,,1476000,0,1
33007,Coos County,flood,18,14,1.4,88,,,335000,0,0
33007,Coos County,hail,24,16,1.6,68,2,,2000,0,0
33007,Coos County,lightning,1,1,0.1,66,,,0,0,1
33007,Coos County,thunderstorm_wind,49,31,3.1,62,65,,10000,0,0
33007,Coos County,tornado,1,1,0.1,22,,EF0,0,0,0
33009,Grafton County,flash_flood,60,17,1.7,91,,,17752000,0,0
33009,Grafton County,flood,45,22,2.2,94,,,845000,0,0
33009,Grafton County,hail,31,19,1.9,75,1.5,,7000,0,0
33009,Grafton County,thunderstorm_wind,109,46,4.6,82,56,,24000,0,0
33009,Grafton County,tornado,3,2,0.2,37,,EF1,80000,0,0
33011,Hillsborough County,flash_flood,34,18,1.8,92,,,1367000,0,0
33011,Hillsborough County,flood,18,8,0.8,78,,,35000,0,0
33011,Hillsborough County,hail,37,26,2.6,85,1.75,,3000,0,0
33011,Hillsborough County,thunderstorm_wind,149,63,6.3,93,83,,1067000,0,6
33013,Merrimack County,flash_flood,12,7,0.7,62,,,90000,0,0
33013,Merrimack County,flood,28,20,2.0,93,,,25000,0,0
33013,Merrimack County,hail,27,16,1.6,68,1.75,,100,0,0
33013,Merrimack County,lightning,2,2,0.2,85,,,0,0,2
33013,Merrimack County,thunderstorm_wind,80,38,3.8,73,78,,24000,0,0
33013,Merrimack County,tornado,1,1,0.1,22,,EF1,0,0,0
33015,Rockingham County,flash_flood,6,6,0.6,57,,,250000,0,0
33015,Rockingham County,flood,3,3,0.3,50,,,0,0,0
33015,Rockingham County,hail,30,18,1.8,73,1.75,,0,0,0
33015,Rockingham County,thunderstorm_wind,101,49,4.9,85,78,,16000,0,1
33017,Strafford County,flash_flood,3,2,0.2,21,,,25000,0,0
33017,Strafford County,flood,3,1,0.1,20,,,117000,0,0
33017,Strafford County,hail,7,4,0.4,21,1.75,,0,0,0
33017,Strafford County,thunderstorm_wind,41,24,2.4,47,70,,24000,0,8
33019,Sullivan County,flash_flood,17,7,0.7,62,,,2294000,0,0
33019,Sullivan County,flood,11,6,0.6,71,,,0,0,0
33019,Sullivan County,hail,14,9,0.9,45,1.75,,0,0,0
33019,Sullivan County,thunderstorm_wind,56,30,3.0,60,52,,17000,0,0
33019,Sullivan County,tornado,2,2,0.2,37,,EF1,6000,0,0
34001,Atlantic County,flash_flood,16,10,1.0,75,,,50000,0,0
34001,Atlantic County,flood,11,6,0.6,71,,,0,0,0
34001,Atlantic County,hail,7,4,0.4,21,1,,0,0,0
34001,Atlantic County,lightning,2,2,0.2,85,,,20,0,0
34001,Atlantic County,thunderstorm_wind,52,27,2.7,53,61,,0,0,0
34001,Atlantic County,tornado,2,2,0.2,37,,EF1,30000,0,0
34003,Bergen County,flash_flood,129,38,3.8,98,,,0,1,0
34003,Bergen County,flood,33,16,1.6,90,,,0,0,0
34003,Bergen County,hail,42,14,1.4,63,2.5,,0,0,0
34003,Bergen County,lightning,13,11,1.1,99,,,344000,0,1
34003,Bergen County,thunderstorm_wind,118,43,4.3,79,61,,482950,0,3
34005,Burlington County,flash_flood,52,28,2.8,97,,,23000,0,0
34005,Burlington County,flood,12,7,0.7,75,,,5010,0,0
34005,Burlington County,hail,57,17,1.7,70,2.5,,0,0,0
34005,Burlington County,lightning,6,4,0.4,94,,,40,1,1
34005,Burlington County,thunderstorm_wind,376,82,8.2,98,68,,20000,0,0
34005,Burlington County,tornado,10,8,0.8,89,,EF1,0,0,0
34007,Camden County,flash_flood,41,20,2.0,94,,,80000,0,0
34007,Camden County,flood,9,5,0.5,66,,,0,0,0
34007,Camden County,hail,30,12,1.2,57,2.5,,0,0,0
34007,Camden County,lightning,1,1,0.1,66,,,250000,0,0
34007,Camden County,thunderstorm_wind,208,56,5.6,90,70,,11500,0,0
34007,Camden County,tornado,2,2,0.2,37,,EF1,0,0,0
34009,Cape May County,flash_flood,11,6,0.6,57,,,0,0,0
34009,Cape May County,flood,23,7,0.7,75,,,1010,0,0
34009,Cape May County,hail,4,3,0.3,16,1.75,,0,0,0
34009,Cape May County,lightning,4,3,0.3,91,,,15020,0,0
34009,Cape May County,thunderstorm_wind,49,26,2.6,51,70,,0,0,0
34009,Cape May County,tornado,2,2,0.2,37,,EF1,0,0,0
34011,Cumberland County,flash_flood,8,8,0.8,68,,,0,0,0
34011,Cumberland County,flood,6,5,0.5,66,,,0,0,0
34011,Cumberland County,hail,6,5,0.5,26,1,,0,0,0
34011,Cumberland County,thunderstorm_wind,72,40,4.0,76,77,,2000,0,0
34011,Cumberland County,tornado,1,1,0.1,22,,EF0,0,0,0
34013,Essex County,flash_flood,72,24,2.4,95,,,0,4,0
34013,Essex County,flood,3,1,0.1,20,,,0,0,0
34013,Essex County,hail,2,2,0.2,11,1,,0,0,0
34013,Essex County,lightning,1,1,0.1,66,,,10000,0,0
34013,Essex County,thunderstorm_wind,43,25,2.5,49,61,,221250,1,0
34013,Essex County,tornado,1,1,0.1,22,,EF0,330000,0,0
34015,Gloucester County,flash_flood,29,15,1.5,88,,,10,0,0
34015,Gloucester County,flood,6,6,0.6,71,,,0,0,0
34015,Gloucester County,hail,12,8,0.8,41,1.25,,0,0,0
34015,Gloucester County,lightning,1,1,0.1,66,,,10,0,0
34015,Gloucester County,thunderstorm_wind,117,55,5.5,89,87,,7010,0,0
34015,Gloucester County,tornado,5,4,0.4,62,,EF3,5030000,0,2
34017,Hudson County,flash_flood,64,29,2.9,97,,,0,1,7
34017,Hudson County,flood,2,2,0.2,38,,,0,0,0
34017,Hudson County,thunderstorm_wind,17,13,1.3,21,61,,26500,0,1
34019,Hunterdon County,flash_flood,31,18,1.8,92,,,5000000,6,0
34019,Hunterdon County,flood,12,6,0.6,71,,,0,0,0
34019,Hunterdon County,hail,10,7,0.7,36,1.5,,0,0,0
34019,Hunterdon County,lightning,4,3,0.3,91,,,5000,0,0
34019,Hunterdon County,thunderstorm_wind,166,69,6.9,95,74,,5000,0,1
34019,Hunterdon County,tornado,2,2,0.2,37,,EF1,0,0,0
34021,Mercer County,flash_flood,31,15,1.5,88,,,53040000,2,0
34021,Mercer County,flood,5,5,0.5,66,,,10,0,0
34021,Mercer County,hail,23,10,1.0,50,1.5,,0,0,0
34021,Mercer County,lightning,1,1,0.1,66,,,0,0,0
34021,Mercer County,thunderstorm_wind,110,53,5.3,88,62,,10000,0,0
34021,Mercer County,tornado,8,6,0.6,79,,EF2,0,0,0
34023,Middlesex County,flash_flood,78,31,3.1,97,,,50110000,2,0
34023,Middlesex County,flood,14,10,1.0,83,,,30,0,0
34023,Middlesex County,hail,28,14,1.4,63,1.75,,0,0,0
34023,Middlesex County,lightning,3,3,0.3,91,,,10010,0,1
34023,Middlesex County,thunderstorm_wind,144,57,5.7,90,65,,10,0,5
34025,Monmouth County,flash_flood,57,27,2.7,96,,,5110000,0,0
34025,Monmouth County,flood,10,5,0.5,66,,,5010,0,0
34025,Monmouth County,hail,32,17,1.7,70,1.75,,0,0,0
34025,Monmouth County,lightning,1,1,0.1,66,,,5000,0,0
34025,Monmouth County,thunderstorm_wind,228,73,7.3,96,85,,5000,0,0
34025,Monmouth County,tornado,8,4,0.4,62,,EF2,0,0,0
34027,Morris County,flash_flood,24,17,1.7,91,,,10000000,0,0
34027,Morris County,flood,15,12,1.2,86,,,100010,0,0
34027,Morris County,hail,31,16,1.6,68,1.5,,0,0,0
34027,Morris County,lightning,7,6,0.6,97,,,41010,0,2
34027,Morris County,thunderstorm_wind,186,57,5.7,90,61,,5000,1,1
34027,Morris County,tornado,2,2,0.2,37,,EF1,0,0,0
34029,Ocean County,flash_flood,31,15,1.5,88,,,70000,0,0
34029,Ocean County,flood,9,8,0.8,78,,,1010,0,0
34029,Ocean County,hail,29,14,1.4,63,1.75,,0,0,0
34029,Ocean County,lightning,12,9,0.9,98,,,323010,3,23
34029,Ocean County,thunderstorm_wind,206,70,7.0,95,81,,25000,0,0
34029,Ocean County,tornado,8,5,0.5,72,,EF2,0,0,8
34031,Passaic County,flash_flood,72,28,2.8,97,,,3200000,1,0
34031,Passaic County,flood,1,1,0.1,20,,,0,0,0
34031,Passaic County,hail,6,5,0.5,26,1,,0,0,0
34031,Passaic County,lightning,1,1,0.1,66,,,6000,0,0
34031,Passaic County,thunderstorm_wind,38,23,2.3,44,70,,146500,1,6
34033,Salem County,flash_flood,8,6,0.6,57,,,0,0,0
34033,Salem County,hail,6,2,0.2,11,1.5,,0,0,0
34033,Salem County,thunderstorm_wind,64,42,4.2,78,71,,30000,0,0
34035,Somerset County,flash_flood,44,24,2.4,95,,,100045000,5,0
34035,Somerset County,flood,16,13,1.3,87,,,10,0,0
34035,Somerset County,hail,13,12,1.2,57,1,,0,0,0
34035,Somerset County,lightning,3,3,0.3,91,,,2000,0,0
34035,Somerset County,thunderstorm_wind,174,60,6.0,92,74,,0,0,0
34035,Somerset County,tornado,1,1,0.1,22,,EF1,0,0,0
34037,Sussex County,flash_flood,4,4,0.4,41,,,0,0,0
34037,Sussex County,flood,1,1,0.1,20,,,0,0,0
34037,Sussex County,hail,9,6,0.6,31,1.5,,0,0,0
34037,Sussex County,lightning,2,2,0.2,85,,,0,1,0
34037,Sussex County,thunderstorm_wind,146,59,5.9,91,63,,0,0,0
34037,Sussex County,tornado,1,1,0.1,22,,EF1,0,0,0
34039,Union County,flash_flood,76,26,2.6,96,,,0,7,0
34039,Union County,flood,2,2,0.2,38,,,0,0,0
34039,Union County,hail,3,2,0.2,11,1.25,,0,0,0
34039,Union County,lightning,6,5,0.5,96,,,49000,0,0
34039,Union County,thunderstorm_wind,93,41,4.1,77,62,,421000,2,3
34039,Union County,tornado,1,1,0.1,22,,EF0,117000,0,0
34041,Warren County,flash_flood,24,17,1.7,91,,,0,0,0
34041,Warren County,flood,3,3,0.3,50,,,0,0,0
34041,Warren County,hail,6,5,0.5,26,1.25,,0,0,0
34041,Warren County,lightning,3,3,0.3,91,,,10,0,1
34041,Warren County,thunderstorm_wind,156,60,6.0,92,61,,0,0,0
34041,Warren County,tornado,1,1,0.1,22,,EF0,0,0,0
35001,Bernalillo County,flash_flood,31,26,2.6,96,,,3765000,7,1
35001,Bernalillo County,hail,75,30,3.0,89,2.75,,826000,0,1
35001,Bernalillo County,lightning,2,2,0.2,85,,,10500,0,0
35001,Bernalillo County,thunderstorm_wind,42,34,3.4,67,60,,182000,0,0
35001,Bernalillo County,tornado,5,5,0.5,72,,EF0,0,0,0
35003,Catron County,flash_flood,7,7,0.7,62,,,335000,0,0
35003,Catron County,hail,3,2,0.2,11,0.88,,0,0,0
35003,Catron County,thunderstorm_wind,3,3,0.3,7,56,,75000,0,0
35005,Chaves County,flash_flood,29,20,2.0,94,,,514212000,1,0
35005,Chaves County,flood,10,7,0.7,75,,,1200000,0,0
35005,Chaves County,hail,80,39,3.9,95,3,,256500,0,0
35005,Chaves County,lightning,2,2,0.2,85,,,75000,0,0
35005,Chaves County,thunderstorm_wind,48,37,3.7,72,79,,707000,0,0
35005,Chaves County,tornado,8,7,0.7,85,,EF2,2010000,0,6
35006,Cibola County,flash_flood,12,10,1.0,75,,,160000,0,0
35006,Cibola County,hail,9,7,0.7,36,1.75,,0,0,0
35006,Cibola County,thunderstorm_wind,5,5,0.5,10,59,,0,0,0
35006,Cibola County,tornado,2,2,0.2,37,,EF0,0,0,0
35007,Colfax County,flash_flood,21,20,2.0,94,,,1470000,0,0
35007,Colfax County,hail,79,53,5.3,98,2.75,,407000,0,0
35007,Colfax County,thunderstorm_wind,29,26,2.6,51,83,,100000,0,0
35007,Colfax County,tornado,5,4,0.4,62,,EF0,300000,0,0
35009,Curry County,flash_flood,15,13,1.3,84,,,716000,0,0
35009,Curry County,flood,3,1,0.1,20,,,0,0,0
35009,Curry County,hail,90,35,3.5,93,2.75,,138000,0,0
35009,Curry County,lightning,1,1,0.1,66,,,2000,0,0
35009,Curry County,thunderstorm_wind,63,39,3.9,74,80,,1462000,0,0
35009,Curry County,tornado,9,7,0.7,85,,EF1,300000,0,0
35011,De Baca County,flash_flood,11,8,0.8,68,,,30000,0,0
35011,De Baca County,flood,1,1,0.1,20,,,0,0,0
35011,De Baca County,hail,36,21,2.1,79,2,,0,0,0
35011,De Baca County,thunderstorm_wind,28,24,2.4,47,65,,164500,0,0
35011,De Baca County,tornado,2,2,0.2,37,,EF0,0,0,0
35013,Doña Ana County,flash_flood,33,26,2.6,96,,,1503000,0,0
35013,Doña Ana County,flood,1,1,0.1,20,,,0,0,0
35013,Doña Ana County,hail,24,13,1.3,60,1.75,,500000,0,0
35013,Doña Ana County,thunderstorm_wind,44,23,2.3,44,82,,178000,0,0
35015,Eddy County,flash_flood,49,21,2.1,94,,,223700,1,0
35015,Eddy County,flood,9,5,0.5,66,,,8000,0,0
35015,Eddy County,hail,102,38,3.8,95,4,,1154200,0,2
35015,Eddy County,thunderstorm_wind,49,36,3.6,70,78,,108000,0,0
35015,Eddy County,tornado,4,4,0.4,62,,EF2,20000,0,0
35017,Grant County,flash_flood,13,12,1.2,81,,,0,2,0
35017,Grant County,flood,2,2,0.2,38,,,0,0,0
35017,Grant County,hail,13,9,0.9,45,2,,5000,0,0
35017,Grant County,thunderstorm_wind,7,7,0.7,12,64,,0,0,0
35019,Guadalupe County,flash_flood,7,7,0.7,62,,,100000,0,0
35019,Guadalupe County,hail,39,25,2.5,84,2,,33000,0,0
35019,Guadalupe County,thunderstorm_wind,19,16,1.6,27,65,,20500,0,0
35019,Guadalupe County,tornado,3,3,0.3,51,,EF0,0,0,0
35021,Harding County,flash_flood,3,2,0.2,21,,,0,0,0
35021,Harding County,flood,1,1,0.1,20,,,0,0,0
35021,Harding County,hail,51,31,3.1,90,2.5,,81300,0,0
35021,Harding County,thunderstorm_wind,13,12,1.2,20,65,,0,0,0
35021,Harding County,tornado,1,1,0.1,22,,EF0,0,0,0
35023,Hidalgo County,flash_flood,2,2,0.2,21,,,0,0,0
35023,Hidalgo County,hail,1,1,0.1,6,0.75,,0,0,0
35023,Hidalgo County,thunderstorm_wind,24,18,1.8,32,64,,75000,0,0
35023,Hidalgo County,tornado,1,1,0.1,22,,,0,0,0
35025,Lea County,flash_flood,13,9,0.9,72,,,22000,0,0
35025,Lea County,flood,1,1,0.1,20,,,0,0,0
35025,Lea County,hail,110,42,4.2,96,3,,3675000,0,0
35025,Lea County,thunderstorm_wind,91,44,4.4,80,113,,4147000,0,0
35025,Lea County,tornado,4,2,0.2,37,,,0,0,0
35027,Lincoln County,flash_flood,80,69,6.9,100,,,3757500,1,0
35027,Lincoln County,flood,1,1,0.1,20,,,15000,0,0
35027,Lincoln County,hail,51,29,2.9,89,2.5,,25000,0,1
35027,Lincoln County,thunderstorm_wind,15,13,1.3,21,64,,10000,0,0
35027,Lincoln County,tornado,8,7,0.7,85,,EF0,0,0,0
35028,Los Alamos County,hail,9,6,0.6,31,1.25,,0,0,0
35028,Los Alamos County,lightning,1,1,0.1,66,,,0,0,0
35028,Los Alamos County,thunderstorm_wind,2,1,0.1,3,58,,0,0,0
35029,Luna County,flash_flood,7,7,0.7,62,,,25000,0,0
35029,Luna County,flood,2,1,0.1,20,,,0,0,0
35029,Luna County,hail,1,1,0.1,6,1,,0,0,0
35029,Luna County,thunderstorm_wind,7,6,0.6,11,61,,3000,0,0
35029,Luna County,tornado,1,1,0.1,22,,,0,0,0
35031,McKinley County,flash_flood,22,18,1.8,92,,,125000,2,0
35031,McKinley County,hail,1,1,0.1,6,0.75,,0,0,0
35031,McKinley County,thunderstorm_wind,11,11,1.1,18,65,,150000,0,0
35031,McKinley County,tornado,5,5,0.5,72,,EF0,0,0,0
35033,Mora County,flash_flood,38,31,3.1,97,,,2785000,1,1
35033,Mora County,flood,2,2,0.2,38,,,0,0,0
35033,Mora County,hail,39,34,3.4,92,2.75,,8000,0,0
35033,Mora County,thunderstorm_wind,6,5,0.5,10,61,,500,0,0
35033,Mora County,tornado,4,4,0.4,62,,EF0,0,0,0
35035,Otero County,flash_flood,29,28,2.8,97,,,12000,0,0
35035,Otero County,hail,31,18,1.8,73,1.75,,51000,0,0
35035,Otero County,thunderstorm_wind,38,26,2.6,51,68,,31000,0,0
35035,Otero County,tornado,2,2,0.2,37,,EF1,275000,0,1
35037,Quay County,flash_flood,7,6,0.6,57,,,501000,0,0
35037,Quay County,hail,75,43,4.3,96,3.5,,44000,0,0
35037,Quay County,thunderstorm_wind,71,51,5.1,87,71,,570000,0,0
35037,Quay County,tornado,3,3,0.3,51,,EF0,0,0,0
35039,Rio Arriba County,flash_flood,15,8,0.8,68,,,2740000,0,1
35039,Rio Arriba County,flood,1,1,0.1,20,,,300000,0,0
35039,Rio Arriba County,hail,12,10,1.0,50,2,,0,0,0
35039,Rio Arriba County,thunderstorm_wind,5,5,0.5,10,60,,50000,0,0
35041,Roosevelt County,flash_flood,14,14,1.4,86,,,2850000,0,0
35041,Roosevelt County,flood,1,1,0.1,20,,,0,0,0
35041,Roosevelt County,hail,61,35,3.5,93,2.75,,1090000,0,0
35041,Roosevelt County,thunderstorm_wind,37,29,2.9,58,74,,3717000,0,0
35041,Roosevelt County,tornado,11,4,0.4,62,,EF2,2100000,0,0
35043,Sandoval County,flash_flood,31,26,2.6,96,,,1445000,1,0
35043,Sandoval County,flood,1,1,0.1,20,,,1000000,0,0
35043,Sandoval County,hail,40,20,2.0,77,1.75,,650000,0,9
35043,Sandoval County,lightning,1,1,0.1,66,,,0,0,2
35043,Sandoval County,thunderstorm_wind,12,8,0.8,13,69,,2000,0,0
35043,Sandoval County,tornado,6,6,0.6,79,,EF0,0,0,0
35045,San Juan County,flash_flood,22,18,1.8,92,,,3200000,1,0
35045,San Juan County,hail,6,4,0.4,21,1.75,,0,0,0
35045,San Juan County,thunderstorm_wind,24,15,1.5,25,70,,3288500,0,0
35045,San Juan County,tornado,2,2,0.2,37,,EF0,0,0,0
35047,San Miguel County,flash_flood,46,36,3.6,98,,,3825000,3,0
35047,San Miguel County,flood,2,2,0.2,38,,,0,0,0
35047,San Miguel County,hail,94,50,5.0,98,3.07,,365000,0,0
35047,San Miguel County,thunderstorm_wind,14,14,1.4,23,70,,0,0,0
35047,San Miguel County,tornado,5,5,0.5,72,,EF0,100000,0,0
35049,Santa Fe County,flash_flood,32,26,2.6,96,,,1808000,1,2
35049,Santa Fe County,hail,58,28,2.8,88,2.5,,1251500,0,0
35049,Santa Fe County,lightning,2,2,0.2,85,,,25000,0,0
35049,Santa Fe County,thunderstorm_wind,18,15,1.5,25,65,,2095000,0,0
35049,Santa Fe County,tornado,3,2,0.2,37,,EF0,0,0,0
35051,Sierra County,flash_flood,17,14,1.4,86,,,2400000,0,0
35051,Sierra County,hail,8,8,0.8,41,1.75,,0,0,0
35051,Sierra County,thunderstorm_wind,14,13,1.3,21,67,,105000,0,0
35053,Socorro County,flash_flood,24,17,1.7,91,,,1350000,0,0
35053,Socorro County,hail,23,18,1.8,73,1.75,,100000,0,0
35053,Socorro County,lightning,1,1,0.1,66,,,0,0,0
35053,Socorro County,thunderstorm_wind,40,29,2.9,58,72,,5000,0,0
35053,Socorro County,tornado,4,3,0.3,51,,EF0,0,0,0
35055,Taos County,flash_flood,8,8,0.8,68,,,670000,0,0
35055,Taos County,hail,3,3,0.3,16,1,,0,0,0
35055,Taos County,thunderstorm_wind,6,4,0.4,9,78,,5000000,0,0
35055,Taos County,tornado,1,1,0.1,22,,EF0,0,0,0
35057,Torrance County,flash_flood,12,10,1.0,75,,,260000,0,0
35057,Torrance County,hail,47,21,2.1,79,3.5,,1272000,0,10
35057,Torrance County,lightning,1,1,0.1,66,,,1500,0,0
35057,Torrance County,thunderstorm_wind,26,22,2.2,42,65,,200000,0,0
35057,Torrance County,tornado,7,7,0.7,85,,EF0,0,0,0
35059,Union County,flash_flood,10,9,0.9,72,,,130000,0,0
35059,Union County,flood,1,1,0.1,20,,,0,0,0
35059,Union County,hail,132,65,6.5,99,3,,5202000,0,1
35059,Union County,thunderstorm_wind,48,37,3.7,72,62,,108500,0,0
35059,Union County,tornado,9,8,0.8,89,,EF0,0,0,0
35061,Valencia County,flash_flood,10,9,0.9,72,,,8260000,0,0
35061,Valencia County,hail,14,8,0.8,41,1.75,,5000,0,0
35061,Valencia County,thunderstorm_wind,13,13,1.3,21,61,,5500,0,0
35061,Valencia County,tornado,1,1,0.1,22,,EF0,0,0,0
36001,Albany County,flash_flood,54,14,1.4,86,,,245000,0,0
36001,Albany County,flood,38,20,2.0,93,,,388000,0,0
36001,Albany County,hail,27,15,1.5,66,1.75,,0,0,0
36001,Albany County,lightning,4,4,0.4,94,,,65000,0,0
36001,Albany County,thunderstorm_wind,240,60,6.0,92,78,,7681000,0,0
36003,Allegany County,flash_flood,50,17,1.7,91,,,213000,0,0
36003,Allegany County,flood,4,4,0.4,59,,,26000,0,0
36003,Allegany County,hail,6,4,0.4,21,1.75,,0,0,0
36003,Allegany County,lightning,2,2,0.2,85,,,5000,0,1
36003,Allegany County,thunderstorm_wind,125,47,4.7,83,70,,579500,0,0
36003,Allegany County,tornado,3,2,0.2,37,,EF1,275000,0,0
36005,Bronx County,flash_flood,25,14,1.4,86,,,60000000,0,0
36005,Bronx County,flood,3,3,0.3,50,,,0,0,0
36005,Bronx County,hail,2,1,0.1,6,1,,0,0,0
36005,Bronx County,lightning,2,1,0.1,66,,,150000,1,6
36005,Bronx County,thunderstorm_wind,11,11,1.1,18,62,,24750,0,0
36007,Broome County,flash_flood,78,23,2.3,95,,,2336000,0,0
36007,Broome County,flood,16,10,1.0,83,,,419000,0,0
36007,Broome County,hail,53,15,1.5,66,3,,20053000,0,0
36007,Broome County,lightning,6,5,0.5,96,,,46000,0,0
36007,Broome County,thunderstorm_wind,267,66,6.6,94,70,,5886150,0,0
36007,Broome County,tornado,3,3,0.3,51,,EF1,60000,0,0
36009,Cattaraugus County,flash_flood,28,17,1.7,91,,,84000,0,0
36009,Cattaraugus County,flood,5,3,0.3,50,,,81000,0,0
36009,Cattaraugus County,hail,6,4,0.4,21,1.75,,0,0,0
36009,Cattaraugus County,thunderstorm_wind,192,57,5.7,90,61,,1010500,0,0
36009,Cattaraugus County,tornado,1,1,0.1,22,,EF1,0,0,0
36011,Cayuga County,flash_flood,28,10,1.0,75,,,4662000,0,0
36011,Cayuga County,flood,9,8,0.8,78,,,366000,0,0
36011,Cayuga County,hail,13,9,0.9,45,2.5,,6000,0,0
36011,Cayuga County,lightning,2,2,0.2,85,,,5000,0,1
36011,Cayuga County,thunderstorm_wind,145,59,5.9,91,78,,822250,0,1
36013,Chautauqua County,flash_flood,28,15,1.5,88,,,156000,0,0
36013,Chautauqua County,flood,5,5,0.5,66,,,71000,0,0
36013,Chautauqua County,hail,26,12,1.2,57,2,,0,0,0
36013,Chautauqua County,thunderstorm_wind,207,67,6.7,95,87,,1100000,0,1
36013,Chautauqua County,tornado,2,2,0.2,37,,EF1,150000,0,0
36015,Chemung County,flash_flood,20,8,0.8,68,,,302000,0,0
36015,Chemung County,flood,2,1,0.1,20,,,30000,0,0
36015,Chemung County,hail,8,5,0.5,26,1.5,,1000,0,0
36015,Chemung County,thunderstorm_wind,70,35,3.5,69,60,,451400,0,0
36017,Chenango County,flash_flood,28,13,1.3,84,,,2010000,0,0
36017,Chenango County,flood,4,4,0.4,59,,,272000,0,0
36017,Chenango County,hail,7,3,0.3,16,1.5,,0,0,0
36017,Chenango County,lightning,1,1,0.1,66,,,370000,0,0
36017,Chenango County,thunderstorm_wind,94,44,4.4,80,88,,559250,0,0
36017,Chenango County,tornado,1,1,0.1,22,,EF1,120000,0,0
36019,Clinton County,flash_flood,9,7,0.7,62,,,950000,0,2
36019,Clinton County,flood,1,1,0.1,20,,,10000,0,0
36019,Clinton County,hail,12,8,0.8,41,1.25,,0,0,0
36019,Clinton County,thunderstorm_wind,57,32,3.2,63,60,,329000,0,0
36019,Clinton County,tornado,1,1,0.1,22,,EF0,50000,0,0
36021,Columbia County,flash_flood,13,5,0.5,49,,,0,0,0
36021,Columbia County,flood,16,9,0.9,81,,,28000,0,0
36021,Columbia County,hail,15,6,0.6,31,2.75,,0,0,0
36021,Columbia County,lightning,2,2,0.2,85,,,6500,0,0
36021,Columbia County,thunderstorm_wind,279,61,6.1,92,87,,10000,0,1
36023,Cortland County,flash_flood,28,13,1.3,84,,,880000,0,0
36023,Cortland County,flood,2,2,0.2,38,,,35000,0,0
36023,Cortland County,hail,8,6,0.6,31,1,,2000,0,0
36023,Cortland County,thunderstorm_wind,118,45,4.5,81,83,,602250,0,1
36023,Cortland County,tornado,2,2,0.2,37,,EF1,52000,0,0
36025,Delaware County,flash_flood,40,15,1.5,88,,,1189000,0,0
36025,Delaware County,flood,6,4,0.4,59,,,5021000,0,0
36025,Delaware County,hail,15,9,0.9,45,1.5,,0,0,0
36025,Delaware County,lightning,1,1,0.1,66,,,5000,0,0
36025,Delaware County,thunderstorm_wind,118,50,5.0,86,78,,736000,1,1
36025,Delaware County,tornado,2,2,0.2,37,,EF1,100000,0,0
36027,Dutchess County,flash_flood,28,9,0.9,72,,,2440000,0,0
36027,Dutchess County,flood,9,8,0.8,78,,,146000,0,0
36027,Dutchess County,hail,20,12,1.2,57,1.75,,0,0,0
36027,Dutchess County,lightning,3,2,0.2,85,,,10000,2,3
36027,Dutchess County,thunderstorm_wind,275,79,7.9,97,91,,10000,2,1
36027,Dutchess County,tornado,5,5,0.5,72,,EF1,62000,0,0
36029,Erie County,flash_flood,28,10,1.0,75,,,304000,0,0
36029,Erie County,flood,23,13,1.3,87,,,128000,0,0
36029,Erie County,hail,32,13,1.3,60,2,,0,0,0
36029,Erie County,lightning,3,2,0.2,85,,,239000,0,0
36029,Erie County,thunderstorm_wind,167,59,5.9,91,74,,904400,0,0
36029,Erie County,tornado,9,7,0.7,85,,EF2,127000,0,0
36031,Essex County,flash_flood,20,10,1.0,75,,,4525000,0,0
36031,Essex County,flood,5,5,0.5,66,,,2156500,0,0
36031,Essex County,hail,17,12,1.2,57,1.75,,10000,0,0
36031,Essex County,thunderstorm_wind,76,44,4.4,80,70,,919000,0,0
36033,Franklin County,flash_flood,8,8,0.8,68,,,375000,0,0
36033,Franklin County,flood,3,2,0.2,38,,,700000,0,0
36033,Franklin County,hail,6,4,0.4,21,1.25,,0,0,0
36033,Franklin County,lightning,1,1,0.1,66,,,0,0,2
36033,Franklin County,thunderstorm_wind,57,23,2.3,44,61,,501000,0,0
36035,Fulton County,flash_flood,2,2,0.2,21,,,1000,0,0
36035,Fulton County,flood,5,3,0.3,50,,,41000,0,0
36035,Fulton County,hail,9,6,0.6,31,1.5,,0,0,0
36035,Fulton County,lightning,1,1,0.1,66,,,10000,0,0
36035,Fulton County,thunderstorm_wind,85,36,3.6,70,70,,1022000,0,8
36035,Fulton County,tornado,3,3,0.3,51,,EF1,0,0,0
36037,Genesee County,flash_flood,4,3,0.3,31,,,15000,0,0
36037,Genesee County,flood,3,3,0.3,50,,,55000,0,0
36037,Genesee County,hail,2,2,0.2,11,1.75,,0,0,0
36037,Genesee County,lightning,3,3,0.3,91,,,95000,2,0
36037,Genesee County,thunderstorm_wind,47,25,2.5,49,65,,258500,0,0
36037,Genesee County,tornado,4,4,0.4,62,,EF0,25000,0,0
36039,Greene County,flash_flood,7,5,0.5,49,,,1500,0,0
36039,Greene County,flood,26,9,0.9,81,,,248000,1,0
36039,Greene County,hail,2,2,0.2,11,1,,0,0,0
36039,Greene County,lightning,5,3,0.3,91,,,3000,0,2
36039,Greene County,thunderstorm_wind,46,30,3.0,60,91,,18000,0,0
36039,Greene County,tornado,2,2,0.2,37,,EF1,0,0,0
36041,Hamilton County,flash_flood,6,2,0.2,21,,,500,0,0
36041,Hamilton County,flood,12,7,0.7,75,,,3800000,0,0
36041,Hamilton County,hail,3,2,0.2,11,1.5,,0,0,0
36041,Hamilton County,thunderstorm_wind,40,23,2.3,44,65,,0,0,0
36041,Hamilton County,tornado,3,1,0.1,22,,EF1,0,0,0
36043,Herkimer County,flash_flood,35,6,0.6,57,,,1802000,1,0
36043,Herkimer County,flood,40,14,1.4,88,,,1300000,0,0
36043,Herkimer County,hail,19,13,1.3,60,1.75,,0,0,0
36043,Herkimer County,lightning,2,2,0.2,85,,,1000,0,0
36043,Herkimer County,thunderstorm_wind,247,60,6.0,92,87,,23000,0,0
36043,Herkimer County,tornado,4,3,0.3,51,,EF1,18500,0,0
36045,Jefferson County,flash_flood,2,1,0.1,11,,,0,0,0
36045,Jefferson County,flood,9,8,0.8,78,,,3220000,0,0
36045,Jefferson County,hail,5,4,0.4,21,1.75,,25000,0,0
36045,Jefferson County,lightning,2,2,0.2,85,,,500,0,1
36045,Jefferson County,thunderstorm_wind,125,40,4.0,76,70,,518500,0,1
36045,Jefferson County,tornado,1,1,0.1,22,,,0,0,0
36047,Kings County,flash_flood,31,10,1.0,75,,,60000000,2,0
36047,Kings County,hail,2,2,0.2,11,1,,0,0,0
36047,Kings County,lightning,5,4,0.4,94,,,43000,0,0
36047,Kings County,thunderstorm_wind,35,18,1.8,32,61,,224000,0,0
36049,Lewis County,flash_flood,23,5,0.5,49,,,0,0,0
36049,Lewis County,flood,10,6,0.6,71,,,10000,0,0
36049,Lewis County,hail,6,5,0.5,26,1.25,,0,0,0
36049,Lewis County,thunderstorm_wind,135,54,5.4,89,61,,547500,0,0
36049,Lewis County,tornado,3,2,0.2,37,,EF3,1513000,0,0
36051,Livingston County,flash_flood,14,10,1.0,75,,,70000,0,0
36051,Livingston County,flood,7,6,0.6,71,,,31000,0,0
36051,Livingston County,hail,16,7,0.7,36,2,,0,0,0
36051,Livingston County,thunderstorm_wind,108,39,3.9,74,87,,817500,0,0
36051,Livingston County,tornado,1,1,0.1,22,,EF1,10000,0,0
36053,Madison County,flash_flood,19,7,0.7,62,,,894000,0,0
36053,Madison County,flood,1,1,0.1,20,,,0,0,0
36053,Madison County,hail,14,10,1.0,50,1.5,,2000,0,0
36053,Madison County,lightning,1,1,0.1,66,,,0,1,2
36053,Madison County,thunderstorm_wind,91,36,3.6,70,70,,532500,0,0
36053,Madison County,tornado,4,3,0.3,51,,EF1,320000,1,0
36055,Monroe County,flash_flood,21,8,0.8,68,,,115500,0,0
36055,Monroe County,flood,16,13,1.3,87,,,3623000,0,0
36055,Monroe County,hail,19,11,1.1,53,1.25,,5000,0,0
36055,Monroe County,lightning,3,2,0.2,85,,,50000,0,0
36055,Monroe County,thunderstorm_wind,125,45,4.5,81,65,,538000,0,0
36055,Monroe County,tornado,1,1,0.1,22,,EF0,10000,0,0
36057,Montgomery County,flash_flood,5,4,0.4,41,,,100000,0,0
36057,Montgomery County,flood,30,19,1.9,92,,,164000,0,0
36057,Montgomery County,hail,7,6,0.6,31,1.5,,0,0,0
36057,Montgomery County,lightning,1,1,0.1,66,,,6000,0,0
36057,Montgomery County,thunderstorm_wind,127,45,4.5,81,70,,9000,0,0
36057,Montgomery County,tornado,1,1,0.1,22,,EF0,15000,0,0
36059,Nassau County,flash_flood,75,22,2.2,95,,,7960000,0,0
36059,Nassau County,flood,1,1,0.1,20,,,0,0,0
36059,Nassau County,hail,8,6,0.6,31,1.5,,0,0,0
36059,Nassau County,lightning,12,9,0.9,98,,,84500,0,5
36059,Nassau County,thunderstorm_wind,75,38,3.8,73,63,,264750,0,0
36059,Nassau County,tornado,1,1,0.1,22,,EF0,300000,0,0
36061,New York County,flash_flood,20,11,1.1,79,,,114000000,0,0
36061,New York County,hail,4,3,0.3,16,1.25,,0,0,0
36061,New York County,lightning,2,2,0.2,85,,,0,0,2
36061,New York County,thunderstorm_wind,19,13,1.3,21,70,,73500,0,1
36063,Niagara County,flash_flood,17,6,0.6,57,,,225000,0,0
36063,Niagara County,flood,8,8,0.8,78,,,2550000,0,0
36063,Niagara County,hail,17,4,0.4,21,2.5,,0,0,0
36063,Niagara County,lightning,1,1,0.1,66,,,1000,0,0
36063,Niagara County,thunderstorm_wind,55,29,2.9,58,61,,307500,0,0
36065,Oneida County,flash_flood,32,13,1.3,84,,,9563000,0,0
36065,Oneida County,flood,15,7,0.7,75,,,315000,0,0
36065,Oneida County,hail,24,16,1.6,68,1.75,,25000,0,0
36065,Oneida County,lightning,1,1,0.1,66,,,1000,0,0
36065,Oneida County,thunderstorm_wind,223,64,6.4,94,70,,1329200,0,2
36065,Oneida County,tornado,11,8,0.8,89,,EF2,4550000,3,0
36067,Onondaga County,flash_flood,31,8,0.8,68,,,10769000,0,0
36067,Onondaga County,flood,3,1,0.1,20,,,4000,0,0
36067,Onondaga County,hail,22,11,1.1,53,1.75,,15000,0,0
36067,Onondaga County,thunderstorm_wind,211,53,5.3,88,78,,1213200,0,1
36069,Ontario County,flash_flood,30,8,0.8,68,,,361000,0,0
36069,Ontario County,flood,11,7,0.7,75,,,1000,0,0
36069,Ontario County,hail,14,6,0.6,31,2.5,,22000,0,0
36069,Ontario County,lightning,1,1,0.1,66,,,35000,0,0
36069,Ontario County,thunderstorm_wind,208,59,5.9,91,87,,717000,0,2
36069,Ontario County,tornado,2,2,0.2,37,,EF2,0,0,0
36071,Orange County,flash_flood,59,16,1.6,90,,,10000000,1,0
36071,Orange County,hail,9,6,0.6,31,1.75,,0,0,0
36071,Orange County,lightning,10,9,0.9,98,,,80500,0,0
36071,Orange County,thunderstorm_wind,147,49,4.9,85,87,,751000,1,2
36071,Orange County,tornado,2,2,0.2,37,,EF1,75000,1,0
36073,Orleans County,flash_flood,5,2,0.2,21,,,0,0,0
36073,Orleans County,flood,4,4,0.4,59,,,1125000,0,0
36073,Orleans County,hail,4,4,0.4,21,1,,0,0,0
36073,Orleans County,thunderstorm_wind,32,18,1.8,32,52,,315000,0,0
36075,Oswego County,flash_flood,17,5,0.5,49,,,329500,0,0
36075,Oswego County,flood,9,9,0.9,81,,,4210000,0,0
36075,Oswego County,hail,28,10,1.0,50,2.5,,25000,0,0
36075,Oswego County,thunderstorm_wind,172,58,5.8,91,60,,839500,0,0
36075,Oswego County,tornado,2,2,0.2,37,,EF1,0,0,0
36077,Otsego County,flash_flood,26,10,1.0,75,,,432000,0,0
36077,Otsego County,hail,14,9,0.9,45,2,,0,0,0
36077,Otsego County,thunderstorm_wind,145,54,5.4,89,70,,686750,0,1
36079,Putnam County,flash_flood,11,6,0.6,57,,,0,0,0
36079,Putnam County,hail,3,3,0.3,16,1,,0,0,0
36079,Putnam County,thunderstorm_wind,44,19,1.9,34,70,,171500,0,1
36079,Putnam County,tornado,2,1,0.1,22,,EF2,350000,0,0
36081,Queens County,flash_flood,66,26,2.6,96,,,60000000,10,0
36081,Queens County,flood,1,1,0.1,20,,,0,0,0
36081,Queens County,hail,3,3,0.3,16,1.5,,0,0,0
36081,Queens County,lightning,6,3,0.3,91,,,40000,0,5
36081,Queens County,thunderstorm_wind,37,24,2.4,47,61,,131250,0,3
36081,Queens County,tornado,1,1,0.1,22,,EF0,10000,0,0
36083,Rensselaer County,flash_flood,19,6,0.6,57,,,3265000,0,0
36083,Rensselaer County,flood,15,10,1.0,83,,,514000,0,0
36083,Rensselaer County,hail,13,10,1.0,50,1,,0,0,0
36083,Rensselaer County,lightning,4,4,0.4,94,,,67000,0,0
36083,Rensselaer County,thunderstorm_wind,195,74,7.4,96,87,,70000,0,4
36083,Rensselaer County,tornado,1,1,0.1,22,,EF1,45000,0,0
36085,Richmond County,flash_flood,20,11,1.1,79,,,60000000,0,0
36085,Richmond County,flood,1,1,0.1,20,,,0,0,0
36085,Richmond County,hail,5,3,0.3,16,1.75,,0,0,0
36085,Richmond County,lightning,1,1,0.1,66,,,1000,0,0
36085,Richmond County,thunderstorm_wind,36,17,1.7,29,63,,153000,0,0
36087,Rockland County,flash_flood,34,14,1.4,86,,,3130000,0,0
36087,Rockland County,flood,9,4,0.4,59,,,0,0,0
36087,Rockland County,hail,9,5,0.5,26,1,,0,0,0
36087,Rockland County,lightning,3,3,0.3,91,,,17000,0,0
36087,Rockland County,thunderstorm_wind,38,22,2.2,42,61,,152000,1,1
36087,Rockland County,tornado,1,1,0.1,22,,EF1,25000,0,0
36089,St. Lawrence County,flash_flood,7,4,0.4,41,,,5280000,0,0
36089,St. Lawrence County,flood,1,1,0.1,20,,,2000000,0,0
36089,St. Lawrence County,hail,15,9,0.9,45,2,,0,0,0
36089,St. Lawrence County,lightning,3,2,0.2,85,,,52000,0,0
36089,St. Lawrence County,thunderstorm_wind,108,47,4.7,83,70,,1089000,0,0
36089,St. Lawrence County,tornado,1,1,0.1,22,,EF0,0,0,0
36091,Saratoga County,flash_flood,21,7,0.7,62,,,286000,0,0
36091,Saratoga County,flood,18,12,1.2,86,,,137000,0,0
36091,Saratoga County,hail,53,26,2.6,85,1.75,,0,0,0
36091,Saratoga County,lightning,8,7,0.7,98,,,357000,0,0
36091,Saratoga County,thunderstorm_wind,312,89,8.9,98,87,,27500,1,1
36091,Saratoga County,tornado,5,5,0.5,72,,EF1,35000,0,1
36093,Schenectady County,flash_flood,10,4,0.4,41,,,5000,0,0
36093,Schenectady County,flood,18,14,1.4,88,,,25000,0,0
36093,Schenectady County,hail,10,4,0.4,21,1.75,,0,0,0
36093,Schenectady County,lightning,2,2,0.2,85,,,6000,0,0
36093,Schenectady County,thunderstorm_wind,106,40,4.0,76,78,,305000,0,2
36095,Schoharie County,flash_flood,6,3,0.3,31,,,0,0,0
36095,Schoharie County,flood,10,6,0.6,71,,,103000,0,0
36095,Schoharie County,hail,7,6,0.6,31,1.5,,0,0,0
36095,Schoharie County,thunderstorm_wind,93,43,4.3,79,70,,3000,0,0
36097,Schuyler County,flash_flood,7,7,0.7,62,,,107000,0,0
36097,Schuyler County,hail,4,3,0.3,16,1.25,,0,0,0
36097,Schuyler County,lightning,1,1,0.1,66,,,0,0,2
36097,Schuyler County,thunderstorm_wind,59,32,3.2,63,87,,725500,0,0
36099,Seneca County,flash_flood,11,6,0.6,57,,,1812000,0,0
36099,Seneca County,flood,4,2,0.2,38,,,40000,0,0
36099,Seneca County,thunderstorm_wind,54,23,2.3,44,70,,235600,0,0
36101,Steuben County,flash_flood,97,24,2.4,95,,,99643000,1,1
36101,Steuben County,flood,3,2,0.2,38,,,0,0,0
36101,Steuben County,hail,14,10,1.0,50,2.5,,0,0,0
36101,Steuben County,lightning,1,1,0.1,66,,,0,0,1
36101,Steuben County,thunderstorm_wind,169,52,5.2,87,65,,746350,0,0
36101,Steuben County,tornado,1,1,0.1,22,,EF1,55000,0,0
36103,Suffolk County,flash_flood,113,26,2.6,96,,,3885000,0,0
36103,Suffolk County,hail,13,8,0.8,41,1.5,,0,0,0
36103,Suffolk County,lightning,13,6,0.6,97,,,622750,1,2
36103,Suffolk County,thunderstorm_wind,179,48,4.8,85,70,,641050,0,0
36103,Suffolk County,tornado,10,6,0.6,79,,EF1,2435000,0,0
36105,Sullivan County,flash_flood,15,6,0.6,57,,,119000,0,0
36105,Sullivan County,flood,3,3,0.3,50,,,51000,0,0
36105,Sullivan County,hail,15,6,0.6,31,2,,25000,0,0
36105,Sullivan County,thunderstorm_wind,155,49,4.9,85,90,,976750,0,0
36105,Sullivan County,tornado,2,2,0.2,37,,EF2,211500,0,0
36107,Tioga County,flash_flood,22,11,1.1,79,,,1387000,0,0
36107,Tioga County,flood,3,2,0.2,38,,,25000,0,0
36107,Tioga County,hail,6,4,0.4,21,1.25,,1000,0,0
36107,Tioga County,lightning,2,2,0.2,85,,,7000,0,0
36107,Tioga County,thunderstorm_wind,98,51,5.1,87,70,,613600,0,0
36109,Tompkins County,flash_flood,11,7,0.7,62,,,210000,0,0
36109,Tompkins County,flood,2,1,0.1,20,,,7000,0,0
36109,Tompkins County,hail,8,7,0.7,36,1.75,,0,0,0
36109,Tompkins County,lightning,2,1,0.1,66,,,15000,0,0
36109,Tompkins County,thunderstorm_wind,100,45,4.5,81,87,,535500,0,0
36109,Tompkins County,tornado,2,2,0.2,37,,EF1,54000,0,0
36111,Ulster County,flash_flood,15,10,1.0,75,,,31000,0,0
36111,Ulster County,flood,54,15,1.5,89,,,273500,0,0
36111,Ulster County,hail,28,9,0.9,45,1.75,,0,0,0
36111,Ulster County,lightning,4,4,0.4,94,,,22000,0,1
36111,Ulster County,thunderstorm_wind,287,65,6.5,94,78,,7000,0,0
36111,Ulster County,tornado,3,3,0.3,51,,EF1,31000,0,0
36113,Warren County,flash_flood,9,3,0.3,31,,,2706000,0,0
36113,Warren County,flood,44,18,1.8,92,,,2174500,0,0
36113,Warren County,hail,7,4,0.4,21,1.25,,0,0,0
36113,Warren County,lightning,2,2,0.2,85,,,20000,0,15
36113,Warren County,thunderstorm_wind,129,43,4.3,79,78,,0,0,1
36113,Warren County,tornado,4,3,0.3,51,,EF1,0,0,0
36115,Washington County,flash_flood,37,7,0.7,62,,,16149000,0,0
36115,Washington County,flood,45,13,1.3,87,,,16091000,0,0
36115,Washington County,hail,4,4,0.4,21,1.75,,0,0,0
36115,Washington County,lightning,2,1,0.1,66,,,40000,0,0
36115,Washington County,thunderstorm_wind,300,59,5.9,91,87,,14000,0,1
36115,Washington County,tornado,1,1,0.1,22,,EF1,75000,0,0
36117,Wayne County,flash_flood,4,4,0.4,41,,,25000,0,0
36117,Wayne County,flood,5,5,0.5,66,,,5700000,0,0
36117,Wayne County,hail,5,5,0.5,26,1,,0,0,0
36117,Wayne County,thunderstorm_wind,96,37,3.7,72,58,,477500,0,1
36117,Wayne County,tornado,1,1,0.1,22,,,0,0,0
36119,Westchester County,flash_flood,122,32,3.2,98,,,92600000,5,0
36119,Westchester County,flood,4,3,0.3,50,,,0,0,0
36119,Westchester County,hail,16,7,0.7,36,1.75,,0,0,0
36119,Westchester County,lightning,1,1,0.1,66,,,20000,0,0
36119,Westchester County,thunderstorm_wind,120,51,5.1,87,70,,423950,0,1
36119,Westchester County,tornado,1,1,0.1,22,,EF1,50000,0,0
36121,Wyoming County,flash_flood,3,3,0.3,31,,,30000,0,0
36121,Wyoming County,flood,4,4,0.4,59,,,50000,0,0
36121,Wyoming County,hail,12,7,0.7,36,1.75,,0,0,0
36121,Wyoming County,thunderstorm_wind,81,31,3.1,62,52,,468250,0,0
36121,Wyoming County,tornado,1,1,0.1,22,,EF2,750000,0,0
36123,Yates County,flash_flood,9,5,0.5,49,,,300000,0,0
36123,Yates County,flood,2,1,0.1,20,,,3000,0,0
36123,Yates County,hail,4,2,0.2,11,1.5,,0,0,0
36123,Yates County,thunderstorm_wind,55,25,2.5,49,74,,386500,0,3
36123,Yates County,tornado,1,1,0.1,22,,EF1,20000,0,0
37001,Alamance County,flash_flood,24,15,1.5,88,,,242000,2,0
37001,Alamance County,flood,1,1,0.1,20,,,1070000,0,0
37001,Alamance County,hail,12,7,0.7,36,2,,0,0,0
37001,Alamance County,thunderstorm_wind,103,57,5.7,90,52,,500750,0,0
37001,Alamance County,tornado,5,5,0.5,72,,EF1,1172000,0,0
37003,Alexander County,flash_flood,6,6,0.6,57,,,373500,6,1
37003,Alexander County,flood,2,2,0.2,38,,,101000,1,0
37003,Alexander County,hail,12,9,0.9,45,1.75,,0,0,0
37003,Alexander County,lightning,1,1,0.1,66,,,0,0,1
37003,Alexander County,thunderstorm_wind,37,34,3.4,67,65,,195000,0,0
37003,Alexander County,tornado,5,4,0.4,62,,EF1,35000,0,0
37005,Alleghany County,flash_flood,7,7,0.7,62,,,5000000,0,0
37005,Alleghany County,flood,5,5,0.5,66,,,51300,0,0
37005,Alleghany County,hail,11,9,0.9,45,1.25,,0,0,0
37005,Alleghany County,lightning,3,3,0.3,91,,,800500,0,0
37005,Alleghany County,thunderstorm_wind,11,8,0.8,13,60,,93500,0,0
37007,Anson County,flash_flood,10,8,0.8,68,,,0,1,0
37007,Anson County,flood,2,2,0.2,38,,,5630000,0,0
37007,Anson County,hail,5,4,0.4,21,1.75,,0,0,0
37007,Anson County,thunderstorm_wind,63,39,3.9,74,50,,222500,0,0
37007,Anson County,tornado,3,2,0.2,37,,EF2,4100000,0,0
37009,Ashe County,flash_flood,22,15,1.5,88,,,116470000,1,0
37009,Ashe County,flood,7,7,0.7,75,,,199000,0,0
37009,Ashe County,hail,10,8,0.8,41,1.75,,0,0,0
37009,Ashe County,thunderstorm_wind,25,17,1.7,29,60,,190500,0,0
37009,Ashe County,tornado,1,1,0.1,22,,EF0,10000,0,0
37011,Avery County,flash_flood,9,9,0.9,72,,,40119000,6,0
37011,Avery County,flood,1,1,0.1,20,,,100000,0,0
37011,Avery County,hail,6,6,0.6,31,1.5,,0,0,0
37011,Avery County,lightning,2,2,0.2,85,,,0,0,8
37011,Avery County,thunderstorm_wind,10,10,1.0,16,55,,0,0,2
37011,Avery County,tornado,1,1,0.1,22,,EF1,0,0,0
37013,Beaufort County,flash_flood,11,5,0.5,49,,,0,0,0
37013,Beaufort County,hail,19,9,0.9,45,1.75,,0,0,0
37013,Beaufort County,thunderstorm_wind,60,40,4.0,76,61,,0,0,0
37013,Beaufort County,tornado,6,4,0.4,62,,EF1,0,0,0
37015,Bertie County,flash_flood,8,8,0.8,68,,,0,0,0
37015,Bertie County,flood,5,3,0.3,50,,,10000000,0,0
37015,Bertie County,hail,8,6,0.6,31,2.75,,75000,0,0
37015,Bertie County,thunderstorm_wind,20,15,1.5,25,50,,116500,0,1
37015,Bertie County,tornado,6,6,0.6,79,,EF3,1357000,2,14
37017,Bladen County,flash_flood,41,10,1.0,75,,,5222000,2,0
37017,Bladen County,flood,1,1,0.1,20,,,0,0,0
37017,Bladen County,hail,18,9,0.9,45,2.75,,12500,0,0
37017,Bladen County,lightning,1,1,0.1,66,,,0,0,0
37017,Bladen County,thunderstorm_wind,58,32,3.2,63,65,,121500,0,0
37017,Bladen County,tornado,6,5,0.5,72,,EF1,23000,0,0
37019,Brunswick County,flash_flood,49,16,1.6,90,,,4345000,0,0
37019,Brunswick County,flood,21,11,1.1,85,,,1000,0,0
37019,Brunswick County,hail,20,11,1.1,53,2,,20400,0,0
37019,Brunswick County,lightning,6,5,0.5,96,,,180000,0,0
37019,Brunswick County,thunderstorm_wind,24,18,1.8,32,96,,130000,0,0
37019,Brunswick County,tornado,21,11,1.1,95,,EF3,3390000,3,11
37021,Buncombe County,flash_flood,12,11,1.1,79,,,600197000,24,0
37021,Buncombe County,flood,6,6,0.6,71,,,1226000,0,0
37021,Buncombe County,hail,27,19,1.9,75,2.5,,0,0,0
37021,Buncombe County,thunderstorm_wind,53,47,4.7,83,60,,105000,1,0
37021,Buncombe County,tornado,1,1,0.1,22,,EF0,100000,0,0
37023,Burke County,flash_flood,15,15,1.5,88,,,40616000,0,0
37023,Burke County,flood,18,18,1.8,92,,,157000,0,0
37023,Burke County,hail,54,36,3.6,93,1.75,,0,0,0
37023,Burke County,lightning,2,2,0.2,85,,,10000,0,1
37023,Burke County,thunderstorm_wind,101,81,8.1,98,70,,312000,0,0
37023,Burke County,tornado,3,2,0.2,37,,EF2,1651000,0,0
37025,Cabarrus County,flash_flood,7,7,0.7,62,,,249000,0,0
37025,Cabarrus County,flood,15,15,1.5,89,,,33000,1,0
37025,Cabarrus County,hail,23,16,1.6,68,2.75,,0,0,0
37025,Cabarrus County,lightning,1,1,0.1,66,,,0,0,1
37025,Cabarrus County,thunderstorm_wind,55,51,5.1,87,60,,243000,0,0
37025,Cabarrus County,tornado,3,3,0.3,51,,EF2,510000,0,0
37027,Caldwell County,flash_flood,20,19,1.9,93,,,40371500,0,0
37027,Caldwell County,flood,10,10,1.0,83,,,12000,0,0
37027,Caldwell County,hail,30,23,2.3,82,1.75,,0,0,0
37027,Caldwell County,thunderstorm_wind,36,32,3.2,63,80,,411000,1,2
37027,Caldwell County,tornado,3,2,0.2,37,,EF1,310000,0,0
37029,Camden County,flash_flood,7,5,0.5,49,,,0,0,0
37029,Camden County,flood,4,4,0.4,59,,,500000,0,0
37029,Camden County,hail,2,2,0.2,11,1,,0,0,0
37029,Camden County,lightning,2,1,0.1,66,,,12000,0,0
37029,Camden County,thunderstorm_wind,17,15,1.5,25,50,,36000,0,0
37029,Camden County,tornado,2,2,0.2,37,,EF0,35000,0,0
37031,Carteret County,flash_flood,37,14,1.4,86,,,0,0,0
37031,Carteret County,hail,12,5,0.5,26,2,,0,0,0
37031,Carteret County,thunderstorm_wind,88,41,4.1,77,74,,75000,0,0
37031,Carteret County,tornado,18,11,1.1,95,,EF2,375000,0,1
37033,Caswell County,flash_flood,4,4,0.4,41,,,500000,0,0
37033,Caswell County,flood,5,5,0.5,66,,,0,0,0
37033,Caswell County,hail,22,13,1.3,60,2.5,,10000,0,0
37033,Caswell County,thunderstorm_wind,103,55,5.5,89,65,,375900,0,0
37033,Caswell County,tornado,1,1,0.1,22,,EF1,100000,0,0
37035,Catawba County,flash_flood,14,12,1.2,81,,,60630500,0,0
37035,Catawba County,flood,4,3,0.3,50,,,311000,0,0
37035,Catawba County,hail,29,23,2.3,82,2,,0,0,0
37035,Catawba County,lightning,1,1,0.1,66,,,150000,0,0
37035,Catawba County,thunderstorm_wind,60,45,4.5,81,70,,499000,0,0
37035,Catawba County,tornado,5,4,0.4,62,,EF1,760000,1,4
37037,Chatham County,flash_flood,17,9,0.9,72,,,1778000,3,0
37037,Chatham County,flood,1,1,0.1,20,,,6330000,0,0
37037,Chatham County,hail,13,9,0.9,45,1.5,,0,0,0
37037,Chatham County,thunderstorm_wind,138,70,7.0,95,52,,661000,0,0
37037,Chatham County,tornado,2,2,0.2,37,,EF1,120000,0,0
37039,Cherokee County,flash_flood,5,4,0.4,41,,,1000000,0,0
37039,Cherokee County,hail,6,5,0.5,26,1.5,,0,0,0
37039,Cherokee County,lightning,1,1,0.1,66,,,10000,0,0
37039,Cherokee County,thunderstorm_wind,37,30,3.0,60,70,,0,0,0
37039,Cherokee County,tornado,2,2,0.2,37,,EF1,0,0,0
37041,Chowan County,flash_flood,3,3,0.3,31,,,0,0,0
37041,Chowan County,flood,4,4,0.4,59,,,500000,0,0
37041,Chowan County,hail,9,6,0.6,31,1.75,,0,0,0
37041,Chowan County,thunderstorm_wind,13,11,1.1,18,50,,27250,0,0
37041,Chowan County,tornado,2,2,0.2,37,,EF0,225000,0,0
37043,Clay County,flash_flood,2,2,0.2,21,,,0,0,0
37043,Clay County,flood,3,3,0.3,50,,,0,0,0
37043,Clay County,hail,3,3,0.3,16,1,,0,0,0
37043,Clay County,thunderstorm_wind,22,19,1.9,34,65,,0,1,0
37043,Clay County,tornado,1,1,0.1,22,,EF0,0,0,0
37045,Cleveland County,flash_flood,5,5,0.5,49,,,2512500,0,0
37045,Cleveland County,flood,3,2,0.2,38,,,1150000,0,0
37045,Cleveland County,hail,28,17,1.7,70,2.75,,0,0,0
37045,Cleveland County,lightning,1,1,0.1,66,,,0,0,1
37045,Cleveland County,thunderstorm_wind,68,51,5.1,87,60,,231000,0,1
37045,Cleveland County,tornado,9,5,0.5,72,,EF2,1220000,0,0
37047,Columbus County,flash_flood,32,16,1.6,90,,,2673000,0,0
37047,Columbus County,flood,6,6,0.6,71,,,4000,0,0
37047,Columbus County,hail,14,7,0.7,36,1.75,,1250,0,0
37047,Columbus County,lightning,2,2,0.2,85,,,10000,0,1
37047,Columbus County,thunderstorm_wind,71,31,3.1,62,65,,136000,0,0
37047,Columbus County,tornado,8,7,0.7,85,,EF1,662000,0,0
37049,Craven County,flash_flood,10,8,0.8,68,,,0,0,0
37049,Craven County,hail,19,10,1.0,50,1.75,,0,0,0
37049,Craven County,thunderstorm_wind,114,51,5.1,87,67,,3000,0,0
37049,Craven County,tornado,7,6,0.6,79,,EF1,0,0,0
37051,Cumberland County,flash_flood,39,26,2.6,96,,,1207000,0,0
37051,Cumberland County,flood,2,2,0.2,38,,,97410000,2,0
37051,Cumberland County,hail,16,12,1.2,57,1.75,,0,0,0
37051,Cumberland County,thunderstorm_wind,99,54,5.4,89,62,,361000,0,0
37053,Currituck County,flash_flood,23,9,0.9,72,,,0,0,0
37053,Currituck County,flood,5,5,0.5,66,,,500000,0,0
37053,Currituck County,hail,5,4,0.4,21,1.5,,0,0,0
37053,Currituck County,lightning,2,2,0.2,85,,,3000,1,0
37053,Currituck County,thunderstorm_wind,40,31,3.1,62,56,,117000,0,0
37053,Currituck County,tornado,2,2,0.2,37,,EF0,15000,0,0
37055,Dare County,flash_flood,26,13,1.3,84,,,0,0,0
37055,Dare County,hail,2,2,0.2,11,1,,0,0,0
37055,Dare County,lightning,2,2,0.2,85,,,500000,1,0
37055,Dare County,thunderstorm_wind,63,27,2.7,53,82,,10000,0,0
37055,Dare County,tornado,2,2,0.2,37,,EF0,250000,0,3
37057,Davidson County,flash_flood,27,15,1.5,88,,,58000,0,0
37057,Davidson County,flood,3,2,0.2,38,,,1510000,0,0
37057,Davidson County,hail,24,13,1.3,60,2,,5000,0,0
37057,Davidson County,lightning,1,1,0.1,66,,,0,0,1
37057,Davidson County,thunderstorm_wind,126,61,6.1,92,50,,463000,1,1
37057,Davidson County,tornado,2,1,0.1,22,,EF1,125000,0,0
37059,Davie County,flash_flood,3,3,0.3,31,,,2000,0,0
37059,Davie County,flood,1,1,0.1,20,,,75000,0,0
37059,Davie County,hail,12,10,1.0,50,2,,0,0,0
37059,Davie County,lightning,1,1,0.1,66,,,20000,0,0
37059,Davie County,thunderstorm_wind,34,31,3.1,62,55,,66000,0,0
37059,Davie County,tornado,1,1,0.1,22,,EF0,100000,0,1
37061,Duplin County,flash_flood,31,17,1.7,91,,,0,0,0
37061,Duplin County,flood,5,3,0.3,50,,,0,3,0
37061,Duplin County,hail,13,10,1.0,50,2,,0,0,0
37061,Duplin County,thunderstorm_wind,80,46,4.6,82,80,,0,0,0
37061,Duplin County,tornado,4,3,0.3,51,,EF1,105000,0,0
37063,Durham County,flash_flood,45,26,2.6,96,,,546000,0,0
37063,Durham County,flood,1,1,0.1,20,,,11050000,0,0
37063,Durham County,hail,15,10,1.0,50,1.75,,15000,0,0
37063,Durham County,lightning,2,2,0.2,85,,,0,0,4
37063,Durham County,thunderstorm_wind,102,51,5.1,87,70,,942000,0,1
37063,Durham County,tornado,4,4,0.4,62,,EF1,380000,0,0
37065,Edgecombe County,flash_flood,12,8,0.8,68,,,15000,0,0
37065,Edgecombe County,flood,1,1,0.1,20,,,69100000,0,0
37065,Edgecombe County,hail,10,4,0.4,21,2.5,,0,0,0
37065,Edgecombe County,thunderstorm_wind,41,29,2.9,58,50,,340500,0,0
37065,Edgecombe County,tornado,6,5,0.5,72,,EF3,445000,0,0
37067,Forsyth County,flash_flood,26,15,1.5,88,,,290000,0,0
37067,Forsyth County,hail,18,11,1.1,53,1.75,,0,0,0
37067,Forsyth County,lightning,1,1,0.1,66,,,10000,0,0
37067,Forsyth County,thunderstorm_wind,189,77,7.7,97,54,,823000,0,1
37069,Franklin County,flash_flood,20,8,0.8,68,,,53000,0,0
37069,Franklin County,flood,3,2,0.2,38,,,0,0,0
37069,Franklin County,hail,11,8,0.8,41,1.75,,0,0,0
37069,Franklin County,thunderstorm_wind,92,56,5.6,90,50,,1522500,1,0
37069,Franklin County,tornado,3,1,0.1,22,,EF1,100000,0,0
37071,Gaston County,flash_flood,4,4,0.4,41,,,70000,0,0
37071,Gaston County,flood,5,4,0.4,59,,,2860000,1,0
37071,Gaston County,hail,21,19,1.9,75,2,,0,0,0
37071,Gaston County,thunderstorm_wind,59,52,5.2,87,75,,305000,2,2
37071,Gaston County,tornado,6,5,0.5,72,,EF1,210000,0,3
37073,Gates County,flash_flood,7,4,0.4,41,,,0,1,0
37073,Gates County,flood,3,3,0.3,50,,,500000,0,0
37073,Gates County,hail,5,5,0.5,26,1.5,,0,0,0
37073,Gates County,thunderstorm_wind,35,21,2.1,39,50,,99000,0,0
37073,Gates County,tornado,1,1,0.1,22,,EF0,100000,0,0
37075,Graham County,hail,2,2,0.2,11,1,,0,0,0
37075,Graham County,thunderstorm_wind,20,20,2.0,37,50,,0,0,0
37077,Granville County,flash_flood,9,6,0.6,57,,,32000,0,0
37077,Granville County,flood,1,1,0.1,20,,,0,0,0
37077,Granville County,hail,10,8,0.8,41,2.5,,1000,0,0
37077,Granville County,thunderstorm_wind,55,34,3.4,67,50,,231500,0,0
37077,Granville County,tornado,2,2,0.2,37,,EF2,600000,0,0
37079,Greene County,flash_flood,20,8,0.8,68,,,0,0,0
37079,Greene County,flood,1,1,0.1,20,,,0,1,0
37079,Greene County,hail,7,7,0.7,36,2,,0,0,0
37079,Greene County,thunderstorm_wind,27,18,1.8,32,60,,0,0,0
37079,Greene County,tornado,1,1,0.1,22,,EF2,0,0,0
37081,Guilford County,flash_flood,65,40,4.0,99,,,1000000,0,0
37081,Guilford County,flood,1,1,0.1,20,,,14630000,0,0
37081,Guilford County,hail,41,17,1.7,70,2,,0,0,0
37081,Guilford County,thunderstorm_wind,169,81,8.1,98,56,,1143000,0,0
37081,Guilford County,tornado,3,2,0.2,37,,EF2,66000000,0,0
37083,Halifax County,flash_flood,7,4,0.4,41,,,30000,0,0
37083,Halifax County,flood,1,1,0.1,20,,,73500000,0,0
37083,Halifax County,hail,8,6,0.6,31,2.5,,0,0,0
37083,Halifax County,thunderstorm_wind,83,51,5.1,87,50,,506500,0,0
37083,Halifax County,tornado,3,2,0.2,37,,EF1,450000,0,0
37085,Harnett County,flash_flood,22,12,1.2,81,,,50000,0,0
37085,Harnett County,flood,2,2,0.2,38,,,16680000,1,0
37085,Harnett County,hail,18,14,1.4,63,2.75,,2000000,0,0
37085,Harnett County,lightning,1,1,0.1,66,,,25000,0,0
37085,Harnett County,thunderstorm_wind,73,50,5.0,86,56,,376500,0,0
37085,Harnett County,tornado,2,2,0.2,37,,EF0,110000,0,0
37087,Haywood County,flash_flood,4,4,0.4,41,,,400780000,9,0
37087,Haywood County,flood,1,1,0.1,20,,,100000,0,0
37087,Haywood County,hail,7,5,0.5,26,1,,0,0,0
37087,Haywood County,thunderstorm_wind,16,15,1.5,25,55,,0,0,0
37089,Henderson County,flash_flood,18,17,1.7,91,,,200356000,7,0
37089,Henderson County,flood,13,13,1.3,87,,,1031000,0,0
37089,Henderson County,hail,24,17,1.7,70,2,,0,0,0
37089,Henderson County,lightning,3,3,0.3,91,,,55000,0,0
37089,Henderson County,thunderstorm_wind,39,33,3.3,65,55,,60500,0,0
37089,Henderson County,tornado,1,1,0.1,22,,EF0,100000,0,0
37091,Hertford County,flash_flood,4,4,0.4,41,,,0,0,0
37091,Hertford County,flood,3,3,0.3,50,,,250000,0,0
37091,Hertford County,hail,5,5,0.5,26,4,,50000,0,0
37091,Hertford County,lightning,1,1,0.1,66,,,10000,0,0
37091,Hertford County,thunderstorm_wind,43,23,2.3,44,52,,150000,0,0
37091,Hertford County,tornado,3,2,0.2,37,,EF0,45000,0,0
37093,Hoke County,flash_flood,9,8,0.8,68,,,4310000,0,0
37093,Hoke County,flood,1,1,0.1,20,,,575000,0,0
37093,Hoke County,hail,6,4,0.4,21,1.5,,0,0,0
37093,Hoke County,lightning,1,1,0.1,66,,,25000,0,1
37093,Hoke County,thunderstorm_wind,40,25,2.5,49,60,,102500,0,0
37093,Hoke County,tornado,1,1,0.1,22,,EF1,50000,0,0
37095,Hyde County,flash_flood,7,4,0.4,41,,,0,0,0
37095,Hyde County,hail,3,3,0.3,16,2,,0,0,0
37095,Hyde County,thunderstorm_wind,25,19,1.9,34,70,,8000,0,0
37095,Hyde County,tornado,2,2,0.2,37,,EF1,0,0,0
37097,Iredell County,flash_flood,6,6,0.6,57,,,438500,0,0
37097,Iredell County,flood,5,5,0.5,66,,,58000,0,0
37097,Iredell County,hail,21,16,1.6,68,2,,0,0,0
37097,Iredell County,lightning,1,1,0.1,66,,,0,0,1
37097,Iredell County,thunderstorm_wind,103,82,8.2,98,70,,912000,0,1
37097,Iredell County,tornado,7,6,0.6,79,,EF2,360000,0,1
37099,Jackson County,flash_flood,5,5,0.5,49,,,10126000,0,0
37099,Jackson County,flood,2,2,0.2,38,,,11000,0,0
37099,Jackson County,hail,6,5,0.5,26,1.25,,0,0,0
37099,Jackson County,thunderstorm_wind,21,20,2.0,37,55,,61000,0,1
37099,Jackson County,tornado,2,1,0.1,22,,EF1,0,0,0
37101,Johnston County,flash_flood,31,14,1.4,86,,,307000,2,0
37101,Johnston County,flood,2,2,0.2,38,,,24701310,4,0
37101,Johnston County,hail,13,10,1.0,50,1.5,,0,0,0
37101,Johnston County,lightning,7,6,0.6,97,,,193000,0,0
37101,Johnston County,thunderstorm_wind,160,84,8.4,98,50,,26112000,0,3
37101,Johnston County,tornado,4,4,0.4,62,,EF1,470000,0,0
37103,Jones County,flash_flood,10,7,0.7,62,,,0,0,0
37103,Jones County,hail,9,5,0.5,26,2,,0,0,0
37103,Jones County,thunderstorm_wind,32,21,2.1,39,70,,10000,0,0
37103,Jones County,tornado,5,3,0.3,51,,EF1,0,0,0
37105,Lee County,flash_flood,11,7,0.7,62,,,588000,0,0
37105,Lee County,flood,1,1,0.1,20,,,5420000,0,0
37105,Lee County,hail,8,7,0.7,36,1.75,,0,0,0
37105,Lee County,lightning,1,1,0.1,66,,,0,1,0
37105,Lee County,thunderstorm_wind,55,34,3.4,67,50,,398500,0,1
37105,Lee County,tornado,1,1,0.1,22,,EF1,2000000,0,0
37107,Lenoir County,flash_flood,23,11,1.1,79,,,0,0,0
37107,Lenoir County,flood,6,3,0.3,50,,,0,5,0
37107,Lenoir County,hail,5,4,0.4,21,1,,0,0,0
37107,Lenoir County,thunderstorm_wind,45,30,3.0,60,70,,0,0,0
37107,Lenoir County,tornado,3,3,0.3,51,,EF1,0,0,0
37109,Lincoln County,flash_flood,5,5,0.5,49,,,316000,0,0
37109,Lincoln County,flood,1,1,0.1,20,,,100000,0,0
37109,Lincoln County,hail,14,12,1.2,57,1.75,,0,0,0
37109,Lincoln County,lightning,1,1,0.1,66,,,0,0,1
37109,Lincoln County,thunderstorm_wind,51,44,4.4,80,60,,162000,0,0
37109,Lincoln County,tornado,4,4,0.4,62,,EF1,0,0,0
37111,McDowell County,flash_flood,26,24,2.4,95,,,106645000,1,0
37111,McDowell County,flood,13,11,1.1,85,,,53000,0,0
37111,McDowell County,hail,34,19,1.9,75,2,,250000,0,0
37111,McDowell County,lightning,2,2,0.2,85,,,0,0,2
37111,McDowell County,thunderstorm_wind,79,63,6.3,93,70,,296000,0,0
37111,McDowell County,tornado,2,2,0.2,37,,EF0,6000,0,0
37113,Macon County,flash_flood,4,4,0.4,41,,,758000,1,0
37113,Macon County,flood,3,3,0.3,50,,,2500,0,0
37113,Macon County,hail,4,4,0.4,21,1.75,,0,0,0
37113,Macon County,thunderstorm_wind,20,17,1.7,29,55,,21000,0,0
37115,Madison County,flash_flood,5,5,0.5,49,,,10253000,5,0
37115,Madison County,flood,1,1,0.1,20,,,25000000,0,0
37115,Madison County,hail,7,6,0.6,31,1.75,,0,0,0
37115,Madison County,thunderstorm_wind,25,23,2.3,44,60,,5000,0,0
37117,Martin County,flash_flood,9,5,0.5,49,,,0,0,0
37117,Martin County,hail,17,9,0.9,45,2,,0,0,0
37117,Martin County,thunderstorm_wind,37,24,2.4,47,70,,10000,0,1
37117,Martin County,tornado,2,2,0.2,37,,EF1,0,0,0
37119,Mecklenburg County,flash_flood,19,18,1.8,92,,,27558000,0,0
37119,Mecklenburg County,flood,11,11,1.1,85,,,125000,0,0
37119,Mecklenburg County,hail,34,27,2.7,87,1.75,,0,0,0
37119,Mecklenburg County,lightning,1,1,0.1,66,,,0,0,1
37119,Mecklenburg County,thunderstorm_wind,110,90,9.0,98,60,,1755000,1,4
37119,Mecklenburg County,tornado,5,5,0.5,72,,EF1,640000,0,0
37121,Mitchell County,flash_flood,6,6,0.6,57,,,30007000,1,0
37121,Mitchell County,flood,2,2,0.2,38,,,100500,0,0
37121,Mitchell County,hail,2,2,0.2,11,1,,0,0,0
37121,Mitchell County,thunderstorm_wind,5,4,0.4,9,50,,200000,0,0
37123,Montgomery County,flash_flood,7,4,0.4,41,,,0,0,0
37123,Montgomery County,flood,1,1,0.1,20,,,617000,0,0
37123,Montgomery County,hail,8,5,0.5,26,2.25,,0,0,0
37123,Montgomery County,thunderstorm_wind,65,34,3.4,67,52,,200500,0,0
37125,Moore County,flash_flood,27,11,1.1,79,,,9180000,0,0
37125,Moore County,flood,1,1,0.1,20,,,8340000,0,0
37125,Moore County,hail,16,9,0.9,45,1.75,,0,0,0
37125,Moore County,lightning,4,3,0.3,91,,,141500,0,0
37125,Moore County,thunderstorm_wind,142,76,7.6,97,54,,471000,0,0
37125,Moore County,tornado,1,1,0.1,22,,EF1,200000,0,0
37127,Nash County,flash_flood,10,6,0.6,57,,,102000,2,0
37127,Nash County,flood,2,2,0.2,38,,,213400000,0,0
37127,Nash County,hail,25,13,1.3,60,1.75,,0,0,0
37127,Nash County,lightning,2,2,0.2,85,,,50000,0,1
37127,Nash County,thunderstorm_wind,87,47,4.7,83,50,,444750,0,0
37127,Nash County,tornado,5,5,0.5,72,,EF3,301810000,0,31
37129,New Hanover County,flash_flood,46,16,1.6,90,,,4764000,0,0
37129,New Hanover County,flood,11,6,0.6,71,,,5000,0,0
37129,New Hanover County,hail,12,9,0.9,45,1,,1200,0,0
37129,New Hanover County,lightning,8,7,0.7,98,,,53000,3,1
37129,New Hanover County,thunderstorm_wind,48,29,2.9,58,67,,198000,0,0
37129,New Hanover County,tornado,16,8,0.8,89,,EF1,1630000,0,2
37131,Northampton County,flash_flood,6,5,0.5,49,,,0,0,0
37131,Northampton County,flood,3,3,0.3,50,,,500000,0,0
37131,Northampton County,hail,8,4,0.4,21,1.75,,0,0,0
37131,Northampton County,thunderstorm_wind,37,23,2.3,44,74,,222500,0,0
37131,Northampton County,tornado,3,1,0.1,22,,EF0,60000,0,0
37133,Onslow County,flash_flood,30,19,1.9,93,,,0,0,0
37133,Onslow County,flood,1,1,0.1,20,,,0,0,0
37133,Onslow County,hail,19,7,0.7,36,1.75,,0,0,0
37133,Onslow County,lightning,2,2,0.2,85,,,0,2,2
37133,Onslow County,thunderstorm_wind,62,32,3.2,63,70,,0,0,0
37133,Onslow County,tornado,4,4,0.4,62,,EF1,0,0,0
37135,Orange County,flash_flood,52,25,2.5,96,,,31058500,1,1
37135,Orange County,flood,3,2,0.2,38,,,26400000,0,0
37135,Orange County,hail,7,7,0.7,36,1.75,,2500,0,0
37135,Orange County,lightning,3,3,0.3,91,,,25000,0,0
37135,Orange County,thunderstorm_wind,123,69,6.9,95,50,,542750,1,0
37135,Orange County,tornado,4,4,0.4,62,,EF2,2420000,0,0
37137,Pamlico County,flash_flood,4,4,0.4,41,,,0,0,0
37137,Pamlico County,hail,2,2,0.2,11,1,,0,0,0
37137,Pamlico County,thunderstorm_wind,12,9,0.9,15,55,,0,0,0
37137,Pamlico County,tornado,3,3,0.3,51,,EF1,0,0,0
37139,Pasquotank County,flash_flood,15,7,0.7,62,,,0,0,0
37139,Pasquotank County,flood,4,4,0.4,59,,,250000,0,0
37139,Pasquotank County,hail,3,2,0.2,11,1.5,,0,0,0
37139,Pasquotank County,lightning,1,1,0.1,66,,,10000,0,0
37139,Pasquotank County,thunderstorm_wind,21,16,1.6,27,55,,127000,0,0
37139,Pasquotank County,tornado,1,1,0.1,22,,EF1,10000,0,0
37141,Pender County,flash_flood,33,14,1.4,86,,,6140000,1,0
37141,Pender County,flood,8,8,0.8,78,,,0,0,0
37141,Pender County,hail,16,12,1.2,57,1.5,,2050,0,0
37141,Pender County,lightning,4,4,0.4,94,,,100000,1,4
37141,Pender County,thunderstorm_wind,31,17,1.7,29,70,,99200,0,0
37141,Pender County,tornado,17,9,0.9,92,,EF1,819000,0,0
37143,Perquimans County,flash_flood,4,4,0.4,41,,,0,0,0
37143,Perquimans County,flood,4,4,0.4,59,,,200000,0,0
37143,Perquimans County,hail,1,1,0.1,6,1,,0,0,0
37143,Perquimans County,lightning,1,1,0.1,66,,,20000,0,0
37143,Perquimans County,thunderstorm_wind,15,15,1.5,25,56,,30000,0,0
37143,Perquimans County,tornado,4,3,0.3,51,,EF1,210000,0,8
37145,Person County,flash_flood,11,8,0.8,68,,,577000,0,0
37145,Person County,hail,13,10,1.0,50,2.5,,0,0,0
37145,Person County,thunderstorm_wind,87,49,4.9,85,50,,343500,0,0
37147,Pitt County,flash_flood,43,13,1.3,84,,,50000,1,0
37147,Pitt County,hail,30,12,1.2,57,2.5,,0,0,0
37147,Pitt County,thunderstorm_wind,70,40,4.0,76,72,,1000,0,0
37147,Pitt County,tornado,1,1,0.1,22,,EF1,0,0,0
37149,Polk County,flash_flood,10,10,1.0,75,,,15105500,1,0
37149,Polk County,flood,5,5,0.5,66,,,18500,0,0
37149,Polk County,hail,13,7,0.7,36,1.75,,0,0,0
37149,Polk County,lightning,1,1,0.1,66,,,20000,0,0
37149,Polk County,thunderstorm_wind,30,25,2.5,49,60,,70000,0,0
37149,Polk County,tornado,2,2,0.2,37,,EF1,200000,0,0
37151,Randolph County,flash_flood,22,17,1.7,91,,,46000,0,0
37151,Randolph County,flood,1,1,0.1,20,,,21070000,0,0
37151,Randolph County,hail,20,13,1.3,60,1.75,,40000,0,0
37151,Randolph County,lightning,1,1,0.1,66,,,5000,0,0
37151,Randolph County,thunderstorm_wind,212,79,7.9,97,50,,614000,0,0
37151,Randolph County,tornado,1,1,0.1,22,,EF1,250000,0,0
37153,Richmond County,flash_flood,7,6,0.6,57,,,50000,0,0
37153,Richmond County,flood,1,1,0.1,20,,,21800000,0,0
37153,Richmond County,hail,5,4,0.4,21,1.5,,0,0,0
37153,Richmond County,thunderstorm_wind,51,35,3.5,69,51,,296000,0,0
37155,Robeson County,flash_flood,24,10,1.0,75,,,4936000,2,0
37155,Robeson County,flood,1,1,0.1,20,,,0,1,0
37155,Robeson County,hail,22,9,0.9,45,4,,32000,0,0
37155,Robeson County,thunderstorm_wind,82,43,4.3,79,65,,395750,0,2
37155,Robeson County,tornado,6,4,0.4,62,,EF0,115000,0,0
37157,Rockingham County,flash_flood,17,12,1.2,81,,,3235000,0,0
37157,Rockingham County,flood,27,16,1.6,90,,,2000,0,0
37157,Rockingham County,hail,34,17,1.7,70,2,,0,0,0
37157,Rockingham County,lightning,3,3,0.3,91,,,47000,0,0
37157,Rockingham County,thunderstorm_wind,149,69,6.9,95,70,,937000,0,0
37157,Rockingham County,tornado,4,4,0.4,62,,EF1,6935000,0,5
37159,Rowan County,flash_flood,7,7,0.7,62,,,78000,0,0
37159,Rowan County,flood,4,4,0.4,59,,,31500,0,0
37159,Rowan County,hail,15,10,1.0,50,1.75,,0,0,0
37159,Rowan County,thunderstorm_wind,100,82,8.2,98,60,,1263000,0,0
37159,Rowan County,tornado,3,3,0.3,51,,EF1,125000,0,0
37161,Rutherford County,flash_flood,10,10,1.0,75,,,35790500,1,0
37161,Rutherford County,flood,5,5,0.5,66,,,80500,0,0
37161,Rutherford County,hail,19,14,1.4,63,2.75,,0,0,0
37161,Rutherford County,lightning,1,1,0.1,66,,,75000,0,0
37161,Rutherford County,thunderstorm_wind,70,62,6.2,93,60,,90000,0,0
37161,Rutherford County,tornado,4,4,0.4,62,,EF1,110000,0,0
37163,Sampson County,flash_flood,33,16,1.6,90,,,5258000,0,0
37163,Sampson County,flood,2,2,0.2,38,,,12280000,0,0
37163,Sampson County,hail,7,5,0.5,26,1.75,,3000,0,0
37163,Sampson County,lightning,2,1,0.1,66,,,10000,0,0
37163,Sampson County,thunderstorm_wind,109,54,5.4,89,87,,4317500,0,15
37163,Sampson County,tornado,6,6,0.6,79,,EF2,4450000,0,1
37165,Scotland County,flash_flood,8,6,0.6,57,,,3025000,2,0
37165,Scotland County,flood,1,1,0.1,20,,,5410000,0,0
37165,Scotland County,hail,6,3,0.3,16,1.5,,0,0,0
37165,Scotland County,thunderstorm_wind,57,31,3.1,62,59,,360000,0,0
37167,Stanly County,flash_flood,39,18,1.8,92,,,25000,0,0
37167,Stanly County,flood,1,1,0.1,20,,,3630000,0,0
37167,Stanly County,hail,3,3,0.3,16,1.25,,1000,0,0
37167,Stanly County,thunderstorm_wind,61,47,4.7,83,50,,440000,0,0
37167,Stanly County,tornado,4,4,0.4,62,,EF1,750000,0,0
37169,Stokes County,flash_flood,15,10,1.0,75,,,3545000,0,0
37169,Stokes County,flood,9,7,0.7,75,,,10000,0,0
37169,Stokes County,hail,19,11,1.1,53,1.75,,0,0,0
37169,Stokes County,lightning,2,2,0.2,85,,,30000,0,0
37169,Stokes County,thunderstorm_wind,120,64,6.4,94,60,,537200,0,0
37169,Stokes County,tornado,1,1,0.1,22,,EF2,20000000,0,0
37171,Surry County,flash_flood,28,19,1.9,93,,,1474500,0,0
37171,Surry County,flood,23,8,0.8,78,,,40000,0,0
37171,Surry County,hail,28,16,1.6,68,1.75,,0,0,0
37171,Surry County,lightning,3,3,0.3,91,,,73000,0,0
37171,Surry County,thunderstorm_wind,165,78,7.8,97,74,,1086850,0,1
37171,Surry County,tornado,2,2,0.2,37,,EF1,16000,0,0
37173,Swain County,flash_flood,6,6,0.6,57,,,231000,0,0
37173,Swain County,flood,1,1,0.1,20,,,400000,0,0
37173,Swain County,hail,1,1,0.1,6,0.75,,0,0,0
37173,Swain County,lightning,1,1,0.1,66,,,0,0,2
37173,Swain County,thunderstorm_wind,20,19,1.9,34,55,,20000,0,0
37173,Swain County,tornado,1,1,0.1,22,,EF1,30000,0,0
37175,Transylvania County,flash_flood,12,11,1.1,79,,,60140000,0,0
37175,Transylvania County,flood,19,19,1.9,92,,,1038500,0,0
37175,Transylvania County,hail,5,4,0.4,21,1.75,,0,0,0
37175,Transylvania County,lightning,1,1,0.1,66,,,10000,0,0
37175,Transylvania County,thunderstorm_wind,19,18,1.8,32,55,,0,0,0
37177,Tyrrell County,flash_flood,1,1,0.1,11,,,0,0,0
37177,Tyrrell County,hail,3,3,0.3,16,1.75,,0,0,0
37177,Tyrrell County,thunderstorm_wind,13,11,1.1,18,65,,0,0,1
37177,Tyrrell County,tornado,1,1,0.1,22,,EF1,0,0,0
37179,Union County,flash_flood,9,9,0.9,72,,,78500,1,0
37179,Union County,flood,3,3,0.3,50,,,6500,1,0
37179,Union County,hail,15,11,1.1,53,1.25,,0,0,0
37179,Union County,thunderstorm_wind,49,44,4.4,80,60,,182000,0,0
37179,Union County,tornado,3,3,0.3,51,,EF1,250000,0,0
37181,Vance County,flash_flood,9,5,0.5,49,,,71000,0,0
37181,Vance County,flood,1,1,0.1,20,,,0,0,0
37181,Vance County,hail,5,4,0.4,21,3,,0,0,0
37181,Vance County,thunderstorm_wind,37,25,2.5,49,50,,163500,0,0
37181,Vance County,tornado,3,3,0.3,51,,EF2,660000,0,0
37183,Wake County,flash_flood,165,64,6.4,100,,,67603000,1,0
37183,Wake County,flood,4,3,0.3,50,,,5000000,0,0
37183,Wake County,hail,125,30,3.0,89,2.75,,110000000,0,0
37183,Wake County,lightning,8,8,0.8,98,,,282000,1,1
37183,Wake County,thunderstorm_wind,322,131,13.1,100,66,,1806000,1,2
37183,Wake County,tornado,5,5,0.5,72,,EF2,1320000,0,0
37185,Warren County,flash_flood,9,7,0.7,62,,,280000,1,0
37185,Warren County,hail,4,4,0.4,21,1.75,,0,0,0
37185,Warren County,thunderstorm_wind,55,38,3.8,73,50,,119000,0,0
37185,Warren County,tornado,1,1,0.1,22,,EF0,50000,0,0
37187,Washington County,flash_flood,1,1,0.1,11,,,0,0,0
37187,Washington County,hail,7,6,0.6,31,1.75,,0,0,0
37187,Washington County,thunderstorm_wind,26,19,1.9,34,65,,0,0,0
37187,Washington County,tornado,1,1,0.1,22,,EF0,0,0,0
37189,Watauga County,flash_flood,16,13,1.3,84,,,252295000,2,4
37189,Watauga County,flood,45,24,2.4,94,,,785000,0,0
37189,Watauga County,hail,6,6,0.6,31,1,,0,0,0
37189,Watauga County,thunderstorm_wind,22,16,1.6,27,60,,174000,0,1
37189,Watauga County,tornado,2,2,0.2,37,,EF1,13000,0,0
37191,Wayne County,flash_flood,24,15,1.5,88,,,153000,0,0
37191,Wayne County,flood,2,2,0.2,38,,,141730000,2,0
37191,Wayne County,hail,16,12,1.2,57,1.75,,3000,0,0
37191,Wayne County,thunderstorm_wind,89,48,4.8,85,56,,754000,0,0
37191,Wayne County,tornado,4,4,0.4,62,,EF0,350000,0,0
37193,Wilkes County,flash_flood,22,14,1.4,86,,,3943500,0,0
37193,Wilkes County,flood,13,9,0.9,81,,,30000,0,0
37193,Wilkes County,hail,29,20,2.0,77,2.75,,0,0,0
37193,Wilkes County,lightning,7,5,0.5,96,,,36700,0,0
37193,Wilkes County,thunderstorm_wind,145,68,6.8,95,83,,799400,0,1
37193,Wilkes County,tornado,6,5,0.5,72,,EF1,1465000,0,1
37195,Wilson County,flash_flood,25,12,1.2,81,,,357000,0,0
37195,Wilson County,flood,1,1,0.1,20,,,32300000,2,0
37195,Wilson County,hail,16,11,1.1,53,2,,10000,0,0
37195,Wilson County,thunderstorm_wind,75,30,3.0,60,87,,600000,0,0
37195,Wilson County,tornado,3,3,0.3,51,,EF3,2270000,1,0
37197,Yadkin County,flash_flood,14,9,0.9,72,,,675000,0,0
37197,Yadkin County,flood,5,4,0.4,59,,,10000,0,0
37197,Yadkin County,hail,11,6,0.6,31,2,,0,0,0
37197,Yadkin County,lightning,2,2,0.2,85,,,152000,0,0
37197,Yadkin County,thunderstorm_wind,87,58,5.8,91,65,,853000,0,7
37197,Yadkin County,tornado,2,2,0.2,37,,EF2,9515000,0,0
37199,Yancey County,flash_flood,7,7,0.7,62,,,95027000,13,0
37199,Yancey County,flood,1,1,0.1,20,,,100000,0,0
37199,Yancey County,hail,3,3,0.3,16,1.5,,0,0,0
37199,Yancey County,lightning,1,1,0.1,66,,,0,1,0
37199,Yancey County,thunderstorm_wind,10,10,1.0,16,55,,5000,0,0
37199,Yancey County,tornado,1,1,0.1,22,,EF1,0,0,0
38001,Adams County,flash_flood,1,1,0.1,11,,,30000,0,0
38001,Adams County,hail,55,34,3.4,92,3,,1415000,0,0
38001,Adams County,thunderstorm_wind,41,29,2.9,58,82,,1257000,0,0
38001,Adams County,tornado,2,2,0.2,37,,,0,0,0
38003,Barnes County,flash_flood,1,1,0.1,11,,,0,0,0
38003,Barnes County,hail,61,36,3.6,93,2.75,,0,0,0
38003,Barnes County,thunderstorm_wind,47,32,3.2,63,83,,200000,0,0
38003,Barnes County,tornado,10,6,0.6,79,,EF3,30000,0,0
38005,Benson County,flash_flood,2,2,0.2,21,,,251000,0,0
38005,Benson County,flood,1,1,0.1,20,,,100000,0,0
38005,Benson County,hail,54,31,3.1,90,2.75,,0,0,0
38005,Benson County,thunderstorm_wind,61,28,2.8,56,103,,240000,0,0
38005,Benson County,tornado,6,4,0.4,62,,EF2,270000,0,0
38007,Billings County,flash_flood,1,1,0.1,11,,,15000,0,0
38007,Billings County,hail,40,21,2.1,79,2.5,,180000,0,0
38007,Billings County,thunderstorm_wind,11,7,0.7,12,104,,1070000,0,0
38009,Bottineau County,hail,64,23,2.3,82,3,,1005000,0,0
38009,Bottineau County,thunderstorm_wind,21,16,1.6,27,87,,5571000,0,0
38009,Bottineau County,tornado,4,3,0.3,51,,EF1,150000,0,0
38011,Bowman County,hail,36,20,2.0,77,2.5,,302000,0,0
38011,Bowman County,thunderstorm_wind,37,23,2.3,44,87,,1002000,0,0
38013,Burke County,flood,1,1,0.1,20,,,30000,0,0
38013,Burke County,hail,26,15,1.5,66,2.75,,615000,0,0
38013,Burke County,thunderstorm_wind,11,8,0.8,13,70,,48000,0,0
38015,Burleigh County,flash_flood,6,6,0.6,57,,,8925000,0,0
38015,Burleigh County,hail,94,37,3.7,94,4.5,,65595000,0,0
38015,Burleigh County,lightning,1,1,0.1,66,,,1000,0,3
38015,Burleigh County,thunderstorm_wind,82,39,3.9,74,96,,6648000,0,1
38015,Burleigh County,tornado,12,3,0.3,51,,EF1,105000,0,0
38017,Cass County,flash_flood,7,4,0.4,41,,,10000,0,0
38017,Cass County,flood,11,8,0.8,78,,,4805500,0,0
38017,Cass County,hail,104,42,4.2,96,2.5,,0,0,0
38017,Cass County,thunderstorm_wind,156,57,5.7,90,87,,760000,0,3
38017,Cass County,tornado,15,5,0.5,72,,EF4,0,3,0
38019,Cavalier County,flash_flood,1,1,0.1,11,,,1000,0,0
38019,Cavalier County,flood,2,2,0.2,38,,,100000,0,0
38019,Cavalier County,hail,39,18,1.8,73,2,,0,0,0
38019,Cavalier County,thunderstorm_wind,38,16,1.6,27,80,,625000,0,0
38019,Cavalier County,tornado,9,7,0.7,85,,EF2,1600000,0,0
38021,Dickey County,flash_flood,2,2,0.2,21,,,560000,0,0
38021,Dickey County,flood,1,1,0.1,20,,,50000,0,0
38021,Dickey County,hail,34,18,1.8,73,3.75,,365000,0,0
38021,Dickey County,thunderstorm_wind,22,15,1.5,25,96,,1656000,0,0
38021,Dickey County,tornado,2,2,0.2,37,,,0,0,0
38023,Divide County,hail,18,12,1.2,57,1.75,,10000,0,0
38023,Divide County,thunderstorm_wind,23,18,1.8,32,74,,400000,0,0
38025,Dunn County,flash_flood,1,1,0.1,11,,,10000,0,0
38025,Dunn County,flood,1,1,0.1,20,,,540000,0,0
38025,Dunn County,hail,53,28,2.8,88,3.25,,20086000,0,2
38025,Dunn County,thunderstorm_wind,27,21,2.1,39,80,,545000,0,0
38025,Dunn County,tornado,6,4,0.4,62,,EF2,235000,0,0
38027,Eddy County,flash_flood,2,2,0.2,21,,,1000,0,0
38027,Eddy County,hail,40,26,2.6,85,2.75,,0,0,0
38027,Eddy County,thunderstorm_wind,27,20,2.0,37,80,,500000,0,0
38027,Eddy County,tornado,3,3,0.3,51,,EF2,60000,0,0
38029,Emmons County,flash_flood,3,3,0.3,31,,,655000,0,0
38029,Emmons County,hail,39,20,2.0,77,2,,100000,0,0
38029,Emmons County,thunderstorm_wind,37,21,2.1,39,88,,1078000,0,0
38029,Emmons County,tornado,5,2,0.2,37,,EF2,900000,0,0
38031,Foster County,flood,1,1,0.1,20,,,10000,0,0
38031,Foster County,hail,25,13,1.3,60,1.75,,50000,0,0
38031,Foster County,thunderstorm_wind,24,18,1.8,32,78,,666000,0,0
38031,Foster County,tornado,4,3,0.3,51,,EF1,300000,0,0
38033,Golden Valley County,flood,1,1,0.1,20,,,140000,0,0
38033,Golden Valley County,hail,23,17,1.7,70,2.75,,875000,0,0
38033,Golden Valley County,thunderstorm_wind,19,13,1.3,21,78,,250000,0,0
38033,Golden Valley County,tornado,1,1,0.1,22,,,0,0,0
38035,Grand Forks County,flash_flood,15,11,1.1,79,,,683000,0,0
38035,Grand Forks County,flood,6,6,0.6,71,,,1350500,0,0
38035,Grand Forks County,hail,85,32,3.2,91,2.5,,0,0,0
38035,Grand Forks County,thunderstorm_wind,183,59,5.9,91,91,,70000,0,0
38035,Grand Forks County,tornado,31,12,1.2,97,,EF1,35000,0,0
38037,Grant County,flash_flood,1,1,0.1,11,,,150000,0,0
38037,Grant County,hail,76,39,3.9,95,3,,1158000,0,0
38037,Grant County,thunderstorm_wind,36,21,2.1,39,87,,251000,0,0
38037,Grant County,tornado,1,1,0.1,22,,EF0,0,0,0
38039,Griggs County,hail,36,20,2.0,77,2.75,,0,0,0
38039,Griggs County,thunderstorm_wind,40,22,2.2,42,83,,0,0,0
38039,Griggs County,tornado,5,4,0.4,62,,EF1,1000,0,0
38041,Hettinger County,flash_flood,1,1,0.1,11,,,30000,0,0
38041,Hettinger County,flood,2,2,0.2,38,,,50000,2,0
38041,Hettinger County,hail,57,35,3.5,93,3,,370000,0,0
38041,Hettinger County,thunderstorm_wind,41,30,3.0,60,83,,500000,0,0
38041,Hettinger County,tornado,2,2,0.2,37,,EF1,1800000,0,0
38043,Kidder County,flash_flood,1,1,0.1,11,,,350000,0,0
38043,Kidder County,hail,41,26,2.6,85,1.75,,50000,0,0
38043,Kidder County,thunderstorm_wind,41,20,2.0,37,87,,724000,0,0
38043,Kidder County,tornado,4,4,0.4,62,,EF1,1350000,0,0
38045,LaMoure County,flash_flood,1,1,0.1,11,,,400000,0,0
38045,LaMoure County,flood,1,1,0.1,20,,,100000,0,0
38045,LaMoure County,hail,31,20,2.0,77,2.75,,0,0,0
38045,LaMoure County,thunderstorm_wind,27,12,1.2,20,87,,2513000,0,0
38045,LaMoure County,tornado,8,4,0.4,62,,EF1,525000,0,0
38047,Logan County,hail,40,23,2.3,82,2.25,,10000,0,0
38047,Logan County,lightning,1,1,0.1,66,,,30000,0,0
38047,Logan County,thunderstorm_wind,8,7,0.7,12,87,,1412000,0,0
38047,Logan County,tornado,1,1,0.1,22,,,0,0,0
38049,McHenry County,flood,1,1,0.1,20,,,140000,0,0
38049,McHenry County,hail,62,22,2.2,81,2.75,,170000,0,0
38049,McHenry County,thunderstorm_wind,27,15,1.5,25,87,,2133000,0,0
38049,McHenry County,tornado,7,2,0.2,37,,,0,0,0
38051,McIntosh County,flash_flood,1,1,0.1,11,,,20000,0,0
38051,McIntosh County,hail,33,19,1.9,75,2.5,,0,0,0
38051,McIntosh County,thunderstorm_wind,25,17,1.7,29,78,,299000,0,0
38051,McIntosh County,tornado,2,2,0.2,37,,,0,0,0
38053,McKenzie County,flood,1,1,0.1,20,,,4000000,0,0
38053,McKenzie County,hail,58,25,2.5,84,2.75,,547000,0,0
38053,McKenzie County,thunderstorm_wind,57,30,3.0,60,87,,306000,0,0
38053,McKenzie County,tornado,7,5,0.5,72,,EF2,3500000,1,28
38055,McLean County,flash_flood,1,1,0.1,11,,,40000,0,0
38055,McLean County,hail,55,31,3.1,90,2.5,,25000,0,0
38055,McLean County,thunderstorm_wind,63,31,3.1,62,83,,2358000,1,4
38055,McLean County,tornado,9,5,0.5,72,,EF2,575000,0,0
38057,Mercer County,flash_flood,1,1,0.1,11,,,8000,0,0
38057,Mercer County,flood,1,1,0.1,20,,,70000,0,0
38057,Mercer County,hail,38,22,2.2,81,2,,7000,0,0
38057,Mercer County,thunderstorm_wind,49,20,2.0,37,113,,2870000,0,0
38057,Mercer County,tornado,3,3,0.3,51,,EF0,0,0,0
38059,Morton County,flash_flood,1,1,0.1,11,,,50000,0,0
38059,Morton County,flood,2,2,0.2,38,,,475000,0,0
38059,Morton County,hail,108,46,4.6,97,4,,3695000,0,0
38059,Morton County,thunderstorm_wind,92,46,4.6,82,78,,2134000,0,0
38059,Morton County,tornado,8,7,0.7,85,,EF2,1505000,0,0
38061,Mountrail County,flood,1,1,0.1,20,,,110000,0,0
38061,Mountrail County,hail,61,33,3.3,91,2.5,,260000,0,0
38061,Mountrail County,thunderstorm_wind,49,23,2.3,44,81,,756000,0,0
38061,Mountrail County,tornado,3,3,0.3,51,,EF1,40000,0,0
38063,Nelson County,flash_flood,2,2,0.2,21,,,250000,0,0
38063,Nelson County,hail,25,18,1.8,73,1.75,,0,0,0
38063,Nelson County,thunderstorm_wind,59,27,2.7,53,83,,60000,0,0
38063,Nelson County,tornado,10,6,0.6,79,,EF1,0,0,0
38065,Oliver County,flash_flood,1,1,0.1,11,,,35000,0,0
38065,Oliver County,hail,36,18,1.8,73,3.5,,105000,0,0
38065,Oliver County,thunderstorm_wind,20,14,1.4,23,78,,102000,0,0
38065,Oliver County,tornado,3,3,0.3,51,,EF1,10000,0,0
38067,Pembina County,flash_flood,3,3,0.3,31,,,260000,0,0
38067,Pembina County,flood,12,9,0.9,81,,,1194000,0,0
38067,Pembina County,hail,43,21,2.1,79,3,,0,0,0
38067,Pembina County,lightning,1,1,0.1,66,,,0,0,1
38067,Pembina County,thunderstorm_wind,38,16,1.6,27,79,,500000,0,0
38067,Pembina County,tornado,3,3,0.3,51,,EF1,200000,0,0
38069,Pierce County,flash_flood,1,1,0.1,11,,,35000,0,0
38069,Pierce County,hail,27,18,1.8,73,2.5,,450000,0,0
38069,Pierce County,thunderstorm_wind,23,13,1.3,21,96,,632000,0,0
38071,Ramsey County,flash_flood,3,3,0.3,31,,,250500,0,0
38071,Ramsey County,hail,48,26,2.6,85,2,,0,0,0
38071,Ramsey County,thunderstorm_wind,48,25,2.5,49,73,,0,0,0
38071,Ramsey County,tornado,7,6,0.6,79,,EF1,200000,0,0
38073,Ransom County,flash_flood,2,2,0.2,21,,,5000,0,0
38073,Ransom County,flood,2,2,0.2,38,,,114000,0,0
38073,Ransom County,hail,23,16,1.6,68,2,,0,0,0
38073,Ransom County,thunderstorm_wind,38,21,2.1,39,100,,0,0,0
38073,Ransom County,tornado,6,2,0.2,37,,EF5,0,0,0
38075,Renville County,hail,30,20,2.0,77,2.75,,150000,0,0
38075,Renville County,thunderstorm_wind,11,8,0.8,13,70,,392000,0,0
38075,Renville County,tornado,1,1,0.1,22,,EF0,0,0,0
38077,Richland County,flash_flood,2,2,0.2,21,,,25000,0,0
38077,Richland County,flood,5,5,0.5,66,,,389000,0,0
38077,Richland County,hail,44,27,2.7,87,2,,0,0,0
38077,Richland County,thunderstorm_wind,72,37,3.7,72,78,,900000,0,0
38077,Richland County,tornado,9,8,0.8,89,,EF1,0,0,0
38079,Rolette County,flood,1,1,0.1,20,,,20000,1,0
38079,Rolette County,hail,22,12,1.2,57,3,,250000,0,0
38079,Rolette County,thunderstorm_wind,17,13,1.3,21,78,,827000,0,0
38079,Rolette County,tornado,3,3,0.3,51,,EF2,600000,0,0
38081,Sargent County,flood,1,1,0.1,20,,,50000,0,0
38081,Sargent County,hail,24,15,1.5,66,2.75,,0,0,0
38081,Sargent County,thunderstorm_wind,26,19,1.9,34,78,,0,0,0
38081,Sargent County,tornado,2,2,0.2,37,,EF1,50000,0,0
38083,Sheridan County,flash_flood,1,1,0.1,11,,,200000,0,0
38083,Sheridan County,hail,24,15,1.5,66,2.75,,282000,0,0
38083,Sheridan County,thunderstorm_wind,13,9,0.9,15,78,,230000,0,0
38083,Sheridan County,tornado,6,2,0.2,37,,EF2,700000,0,0
38085,Sioux County,flash_flood,1,1,0.1,11,,,750000,2,2
38085,Sioux County,hail,36,21,2.1,79,2,,50000,0,0
38085,Sioux County,thunderstorm_wind,27,16,1.6,27,109,,480000,0,1
38085,Sioux County,tornado,1,1,0.1,22,,EF1,9000,0,0
38087,Slope County,hail,30,18,1.8,73,2.75,,352000,0,0
38087,Slope County,thunderstorm_wind,29,17,1.7,29,80,,645000,0,0
38089,Stark County,flash_flood,1,1,0.1,11,,,500000,0,0
38089,Stark County,hail,71,36,3.6,93,3,,1255000,0,0
38089,Stark County,lightning,1,1,0.1,66,,,0,1,0
38089,Stark County,thunderstorm_wind,70,29,2.9,58,78,,615000,0,0
38089,Stark County,tornado,3,3,0.3,51,,EF1,300000,0,0
38091,Steele County,flash_flood,1,1,0.1,11,,,250000,0,0
38091,Steele County,flood,1,1,0.1,20,,,50000,0,0
38091,Steele County,hail,32,21,2.1,79,2.5,,0,0,0
38091,Steele County,thunderstorm_wind,45,27,2.7,53,96,,50000,0,0
38091,Steele County,tornado,6,5,0.5,72,,EF2,160000,0,0
38093,Stutsman County,flash_flood,1,1,0.1,11,,,500000,0,0
38093,Stutsman County,flood,2,2,0.2,38,,,65000,0,0
38093,Stutsman County,hail,61,34,3.4,92,3.5,,10975000,0,0
38093,Stutsman County,thunderstorm_wind,95,32,3.2,63,104,,16795000,0,0
38093,Stutsman County,tornado,8,5,0.5,72,,EF1,750000,0,0
38095,Towner County,flash_flood,1,1,0.1,11,,,15000,0,0
38095,Towner County,flood,2,2,0.2,38,,,100000,0,0
38095,Towner County,hail,35,19,1.9,75,2.75,,0,0,0
38095,Towner County,thunderstorm_wind,17,10,1.0,16,85,,0,0,0
38095,Towner County,tornado,8,7,0.7,85,,EF2,2000,0,0
38097,Traill County,flash_flood,2,2,0.2,21,,,300000,0,0
38097,Traill County,flood,3,3,0.3,50,,,50000,0,0
38097,Traill County,hail,40,20,2.0,77,2,,0,0,0
38097,Traill County,thunderstorm_wind,68,33,3.3,65,70,,0,0,0
38097,Traill County,tornado,8,5,0.5,72,,EF3,1000000,0,0
38099,Walsh County,flash_flood,2,2,0.2,21,,,60000,0,0
38099,Walsh County,flood,4,4,0.4,59,,,2050000,0,0
38099,Walsh County,hail,48,23,2.3,82,4,,0,0,0
38099,Walsh County,thunderstorm_wind,42,19,1.9,34,83,,200000,0,0
38099,Walsh County,tornado,7,4,0.4,62,,EF1,6000,0,0
38101,Ward County,flood,1,1,0.1,20,,,90000,0,0
38101,Ward County,hail,68,36,3.6,93,2.75,,350000,0,0
38101,Ward County,thunderstorm_wind,40,22,2.2,42,73,,214000,0,0
38103,Wells County,flash_flood,4,4,0.4,41,,,870000,0,0
38103,Wells County,flood,1,1,0.1,20,,,100000,0,0
38103,Wells County,hail,37,25,2.5,84,3.5,,1940000,0,0
38103,Wells County,thunderstorm_wind,29,19,1.9,34,79,,416000,0,0
38103,Wells County,tornado,3,3,0.3,51,,EF0,0,0,0
38105,Williams County,flash_flood,1,1,0.1,11,,,800000,0,0
38105,Williams County,hail,63,27,2.7,87,3,,1760000,0,0
38105,Williams County,thunderstorm_wind,69,24,2.4,47,83,,930000,0,0
38105,Williams County,tornado,2,2,0.2,37,,,0,0,0
39001,Adams County,flash_flood,22,15,1.5,88,,,1585000,1,0
39001,Adams County,flood,26,19,1.9,92,,,1000,0,0
39001,Adams County,hail,7,6,0.6,31,1.75,,0,0,0
39001,Adams County,thunderstorm_wind,48,36,3.6,70,78,,199350,0,0
39001,Adams County,tornado,2,2,0.2,37,,EF1,205000,0,1
39003,Allen County,flash_flood,1,1,0.1,11,,,0,0,0
39003,Allen County,flood,1,1,0.1,20,,,0,0,0
39003,Allen County,hail,15,12,1.2,57,1.75,,1500,0,0
39003,Allen County,thunderstorm_wind,34,23,2.3,44,65,,117500,0,0
39003,Allen County,tornado,4,2,0.2,37,,EF0,30000,0,0
39005,Ashland County,flash_flood,8,5,0.5,49,,,705000,0,2
39005,Ashland County,flood,6,5,0.5,66,,,110000,0,0
39005,Ashland County,hail,15,8,0.8,41,2.25,,0,0,0
39005,Ashland County,thunderstorm_wind,56,33,3.3,65,65,,279200,0,0
39005,Ashland County,tornado,4,3,0.3,51,,EF1,270000,0,0
39007,Ashtabula County,flash_flood,5,3,0.3,31,,,500000,0,0
39007,Ashtabula County,flood,2,2,0.2,38,,,15000000,0,0
39007,Ashtabula County,hail,6,6,0.6,31,1.25,,0,0,0
39007,Ashtabula County,thunderstorm_wind,72,37,3.7,72,63,,409000,0,0
39007,Ashtabula County,tornado,1,1,0.1,22,,EF2,1500000,0,0
39009,Athens County,flash_flood,25,17,1.7,91,,,68000,0,0
39009,Athens County,flood,52,38,3.8,98,,,80500,0,0
39009,Athens County,hail,22,13,1.3,60,2.5,,56000,0,0
39009,Athens County,thunderstorm_wind,96,43,4.3,79,74,,213250,0,0
39009,Athens County,tornado,2,2,0.2,37,,EF1,20000,0,0
39011,Auglaize County,flash_flood,9,5,0.5,49,,,502000,0,0
39011,Auglaize County,flood,15,11,1.1,85,,,10000,0,0
39011,Auglaize County,hail,14,8,0.8,41,1.75,,0,0,0
39011,Auglaize County,thunderstorm_wind,35,19,1.9,34,60,,131700,0,0
39011,Auglaize County,tornado,10,5,0.5,72,,EF3,5780000,0,9
39013,Belmont County,flash_flood,33,13,1.3,84,,,350000,0,0
39013,Belmont County,flood,14,7,0.7,75,,,10000,0,0
39013,Belmont County,hail,29,12,1.2,57,2.5,,3000,0,0
39013,Belmont County,thunderstorm_wind,74,36,3.6,70,87,,456000,0,0
39013,Belmont County,tornado,3,3,0.3,51,,EF1,825000,0,0
39015,Brown County,flash_flood,22,13,1.3,84,,,399000,0,0
39015,Brown County,flood,34,20,2.0,93,,,15000,0,0
39015,Brown County,hail,18,14,1.4,63,1.75,,0,0,0
39015,Brown County,thunderstorm_wind,95,48,4.8,85,78,,712750,0,0
39015,Brown County,tornado,10,8,0.8,89,,EF1,704000,0,0
39017,Butler County,flash_flood,24,12,1.2,81,,,258500,0,0
39017,Butler County,flood,18,13,1.3,87,,,2000,0,0
39017,Butler County,hail,38,21,2.1,79,2,,0,0,0
39017,Butler County,lightning,1,1,0.1,66,,,5000,0,0
39017,Butler County,thunderstorm_wind,80,47,4.7,83,60,,334450,0,0
39017,Butler County,tornado,9,6,0.6,79,,EF1,1138000,0,0
39019,Carroll County,flash_flood,11,7,0.7,62,,,35000,0,0
39019,Carroll County,hail,10,9,0.9,45,1.75,,1100,0,0
39019,Carroll County,thunderstorm_wind,69,39,3.9,74,78,,460000,0,0
39019,Carroll County,tornado,3,3,0.3,51,,EF2,810000,0,0
39021,Champaign County,flash_flood,3,3,0.3,31,,,1000,0,0
39021,Champaign County,flood,15,14,1.4,88,,,3000,0,0
39021,Champaign County,hail,4,3,0.3,16,2,,0,0,0
39021,Champaign County,thunderstorm_wind,45,28,2.8,56,70,,265850,0,0
39021,Champaign County,tornado,3,3,0.3,51,,EF0,195000,0,0
39023,Clark County,flash_flood,9,4,0.4,41,,,60000,0,0
39023,Clark County,flood,25,20,2.0,93,,,4000,0,0
39023,Clark County,hail,14,11,1.1,53,2,,0,0,0
39023,Clark County,thunderstorm_wind,87,47,4.7,83,70,,263200,0,0
39023,Clark County,tornado,15,11,1.1,95,,EF2,2675000,0,3
39025,Clermont County,flash_flood,35,18,1.8,92,,,93000,0,0
39025,Clermont County,flood,22,15,1.5,89,,,52000,0,0
39025,Clermont County,hail,28,17,1.7,70,1.5,,0,0,0
39025,Clermont County,thunderstorm_wind,140,69,6.9,95,78,,816750,0,1
39025,Clermont County,tornado,8,6,0.6,79,,EF2,3765000,0,2
39027,Clinton County,flash_flood,10,8,0.8,68,,,20000,0,0
39027,Clinton County,flood,22,12,1.2,86,,,0,0,0
39027,Clinton County,hail,29,15,1.5,66,2.5,,50000,0,0
39027,Clinton County,thunderstorm_wind,134,53,5.3,88,70,,577600,0,0
39027,Clinton County,tornado,7,5,0.5,72,,EF0,128000,0,0
39029,Columbiana County,flash_flood,9,5,0.5,49,,,755000,0,0
39029,Columbiana County,flood,2,2,0.2,38,,,5000,0,0
39029,Columbiana County,hail,13,11,1.1,53,1,,0,0,0
39029,Columbiana County,thunderstorm_wind,123,61,6.1,92,73,,2587750,0,1
39029,Columbiana County,tornado,5,3,0.3,51,,EF1,80000,0,0
39031,Coshocton County,flash_flood,20,11,1.1,79,,,64000,0,0
39031,Coshocton County,flood,3,3,0.3,50,,,5000,0,0
39031,Coshocton County,hail,15,7,0.7,36,1,,0,0,0
39031,Coshocton County,lightning,1,1,0.1,66,,,0,1,0
39031,Coshocton County,thunderstorm_wind,95,48,4.8,85,74,,759250,0,0
39031,Coshocton County,tornado,1,1,0.1,22,,EF1,100000,0,0
39033,Crawford County,flash_flood,2,2,0.2,21,,,150000,0,0
39033,Crawford County,flood,2,2,0.2,38,,,21000,0,0
39033,Crawford County,hail,10,6,0.6,31,1.75,,0,0,0
39033,Crawford County,thunderstorm_wind,44,25,2.5,49,65,,260500,0,0
39033,Crawford County,tornado,7,7,0.7,85,,EF2,3620000,0,0
39035,Cuyahoga County,flash_flood,46,15,1.5,88,,,33491000,0,0
39035,Cuyahoga County,flood,8,8,0.8,78,,,53000,0,0
39035,Cuyahoga County,hail,48,16,1.6,68,2,,0,0,0
39035,Cuyahoga County,thunderstorm_wind,199,66,6.6,94,75,,2593500,0,0
39035,Cuyahoga County,tornado,6,3,0.3,51,,EF2,2590000,0,0
39037,Darke County,flash_flood,3,3,0.3,31,,,0,0,0
39037,Darke County,flood,18,12,1.2,86,,,0,0,0
39037,Darke County,hail,6,5,0.5,26,1,,0,0,0
39037,Darke County,thunderstorm_wind,54,38,3.8,73,55,,259450,0,0
39037,Darke County,tornado,13,10,1.0,94,,EF1,2065000,0,2
39039,Defiance County,flash_flood,1,1,0.1,11,,,0,0,0
39039,Defiance County,hail,17,8,0.8,41,1.5,,1500,0,0
39039,Defiance County,thunderstorm_wind,33,21,2.1,39,63,,54000,0,0
39039,Defiance County,tornado,4,3,0.3,51,,EF2,55000,0,0
39041,Delaware County,flash_flood,8,5,0.5,49,,,10500,0,0
39041,Delaware County,flood,25,14,1.4,88,,,0,0,0
39041,Delaware County,hail,12,8,0.8,41,2,,1000,0,0
39041,Delaware County,thunderstorm_wind,91,42,4.2,78,61,,320150,0,3
39041,Delaware County,tornado,6,5,0.5,72,,EF1,1135000,0,0
39043,Erie County,flash_flood,5,4,0.4,41,,,2620000,0,0
39043,Erie County,flood,2,2,0.2,38,,,0,0,0
39043,Erie County,hail,10,6,0.6,31,1.75,,0,0,0
39043,Erie County,thunderstorm_wind,51,27,2.7,53,74,,2785000,0,2
39043,Erie County,tornado,2,2,0.2,37,,EF1,155000,0,0
39045,Fairfield County,flash_flood,22,8,0.8,68,,,385000,0,0
39045,Fairfield County,flood,27,18,1.8,92,,,11000,0,0
39045,Fairfield County,hail,32,16,1.6,68,2.5,,350000,0,0
39045,Fairfield County,lightning,1,1,0.1,66,,,0,0,1
39045,Fairfield County,thunderstorm_wind,82,45,4.5,81,60,,406750,0,0
39045,Fairfield County,tornado,4,3,0.3,51,,EF0,520000,0,0
39047,Fayette County,flash_flood,9,5,0.5,49,,,0,0,0
39047,Fayette County,flood,12,6,0.6,71,,,0,0,0
39047,Fayette County,hail,9,6,0.6,31,2,,0,0,0
39047,Fayette County,thunderstorm_wind,46,33,3.3,65,60,,396650,0,0
39047,Fayette County,tornado,5,5,0.5,72,,EF1,378000,0,0
39049,Franklin County,flash_flood,26,11,1.1,79,,,165000,1,0
39049,Franklin County,flood,51,26,2.6,95,,,33000,0,0
39049,Franklin County,hail,83,29,2.9,89,1.75,,0,0,0
39049,Franklin County,lightning,2,2,0.2,85,,,1000,1,0
39049,Franklin County,thunderstorm_wind,159,74,7.4,96,61,,764050,0,3
39049,Franklin County,tornado,9,5,0.5,72,,EF2,1580000,0,0
39051,Fulton County,flash_flood,1,1,0.1,11,,,0,0,0
39051,Fulton County,flood,1,1,0.1,20,,,1000,0,0
39051,Fulton County,hail,12,7,0.7,36,1.75,,1000,0,0
39051,Fulton County,thunderstorm_wind,48,21,2.1,39,61,,175000,0,0
39051,Fulton County,tornado,1,1,0.1,22,,EF1,0,0,0
39053,Gallia County,flash_flood,11,9,0.9,72,,,21500,0,0
39053,Gallia County,flood,42,33,3.3,97,,,97250,1,0
39053,Gallia County,hail,15,7,0.7,36,1.75,,0,0,0
39053,Gallia County,thunderstorm_wind,43,29,2.9,58,70,,167900,0,0
39053,Gallia County,tornado,1,1,0.1,22,,EF1,50000,0,0
39055,Geauga County,flash_flood,4,4,0.4,41,,,10000,0,0
39055,Geauga County,hail,18,9,0.9,45,2,,0,0,0
39055,Geauga County,thunderstorm_wind,88,37,3.7,72,74,,1219700,0,0
39055,Geauga County,tornado,7,4,0.4,62,,EF2,423000,0,0
39057,Greene County,flash_flood,11,7,0.7,62,,,99000,0,0
39057,Greene County,flood,32,24,2.4,94,,,5500,0,0
39057,Greene County,hail,41,14,1.4,63,3,,0,0,0
39057,Greene County,thunderstorm_wind,88,48,4.8,85,70,,328300,0,0
39057,Greene County,tornado,8,4,0.4,62,,EF3,51255000,0,0
39059,Guernsey County,flash_flood,12,6,0.6,57,,,1000,0,0
39059,Guernsey County,flood,15,8,0.8,78,,,27000,0,0
39059,Guernsey County,hail,25,10,1.0,50,2,,0,0,0
39059,Guernsey County,thunderstorm_wind,74,42,4.2,78,70,,432500,0,0
39059,Guernsey County,tornado,2,2,0.2,37,,EF1,400000,0,0
39061,Hamilton County,flash_flood,71,22,2.2,95,,,4884500,0,0
39061,Hamilton County,flood,41,31,3.1,97,,,113100,0,0
39061,Hamilton County,hail,57,20,2.0,77,2,,1000,0,0
39061,Hamilton County,lightning,3,3,0.3,91,,,30000,2,1
39061,Hamilton County,thunderstorm_wind,147,71,7.1,96,87,,1118350,0,2
39061,Hamilton County,tornado,4,3,0.3,51,,EF0,410000,0,0
39063,Hancock County,flash_flood,3,3,0.3,31,,,1835000,0,0
39063,Hancock County,flood,9,8,0.8,78,,,12050000,0,0
39063,Hancock County,hail,17,12,1.2,57,1.75,,25000,0,0
39063,Hancock County,thunderstorm_wind,56,30,3.0,60,70,,1031700,0,0
39063,Hancock County,tornado,3,2,0.2,37,,EF1,117500,0,0
39065,Hardin County,flash_flood,5,3,0.3,31,,,7000,0,0
39065,Hardin County,flood,11,10,1.0,83,,,0,0,0
39065,Hardin County,hail,10,4,0.4,21,1.5,,0,0,0
39065,Hardin County,thunderstorm_wind,24,18,1.8,32,60,,135250,0,0
39065,Hardin County,tornado,3,3,0.3,51,,EF1,575000,0,0
39067,Harrison County,flash_flood,10,6,0.6,57,,,101000,2,0
39067,Harrison County,flood,3,3,0.3,50,,,56000,0,0
39067,Harrison County,hail,8,7,0.7,36,1.25,,0,0,0
39067,Harrison County,thunderstorm_wind,49,26,2.6,51,70,,413000,2,0
39067,Harrison County,tornado,1,1,0.1,22,,EF2,200000,0,0
39069,Henry County,flash_flood,1,1,0.1,11,,,0,0,0
39069,Henry County,hail,14,7,0.7,36,1,,500,0,0
39069,Henry County,thunderstorm_wind,54,30,3.0,60,61,,139500,0,0
39069,Henry County,tornado,4,2,0.2,37,,EF1,0,0,0
39071,Highland County,flash_flood,18,6,0.6,57,,,460000,0,0
39071,Highland County,flood,17,13,1.3,87,,,26000,0,0
39071,Highland County,hail,17,8,0.8,41,2.5,,0,0,0
39071,Highland County,thunderstorm_wind,98,46,4.6,82,70,,488750,0,0
39071,Highland County,tornado,9,5,0.5,72,,EF1,1333000,0,0
39073,Hocking County,flash_flood,18,10,1.0,75,,,611000,1,0
39073,Hocking County,flood,47,25,2.5,95,,,50000,0,0
39073,Hocking County,hail,16,8,0.8,41,2,,0,0,0
39073,Hocking County,thunderstorm_wind,49,34,3.4,67,60,,266250,0,0
39073,Hocking County,tornado,3,3,0.3,51,,EF2,1560000,0,0
39075,Holmes County,flash_flood,4,4,0.4,41,,,50000,0,0
39075,Holmes County,flood,1,1,0.1,20,,,0,0,0
39075,Holmes County,hail,10,7,0.7,36,2,,0,0,0
39075,Holmes County,thunderstorm_wind,46,28,2.8,56,80,,143000,0,0
39075,Holmes County,tornado,3,3,0.3,51,,EF1,100000,0,0
39077,Huron County,flash_flood,8,6,0.6,57,,,525000,0,0
39077,Huron County,hail,18,12,1.2,57,2,,10000,0,0
39077,Huron County,thunderstorm_wind,67,39,3.9,74,70,,477400,0,1
39077,Huron County,tornado,14,7,0.7,85,,EF2,1355000,0,0
39079,Jackson County,flash_flood,11,10,1.0,75,,,17000,0,0
39079,Jackson County,flood,13,12,1.2,86,,,16000,0,0
39079,Jackson County,hail,11,7,0.7,36,2.5,,0,0,0
39079,Jackson County,thunderstorm_wind,46,28,2.8,56,63,,134000,0,0
39079,Jackson County,tornado,3,3,0.3,51,,EF2,200000,0,0
39081,Jefferson County,flash_flood,9,6,0.6,57,,,50000,0,0
39081,Jefferson County,flood,1,1,0.1,20,,,0,0,0
39081,Jefferson County,hail,17,12,1.2,57,2,,0,0,0
39081,Jefferson County,lightning,1,1,0.1,66,,,10000,0,0
39081,Jefferson County,thunderstorm_wind,72,43,4.3,79,70,,394500,0,1
39081,Jefferson County,tornado,4,3,0.3,51,,EF2,650000,0,0
39083,Knox County,flash_flood,3,3,0.3,31,,,2000,0,0
39083,Knox County,flood,5,5,0.5,66,,,79000,0,0
39083,Knox County,hail,5,4,0.4,21,1.25,,0,0,0
39083,Knox County,thunderstorm_wind,53,34,3.4,67,70,,377000,0,1
39083,Knox County,tornado,2,2,0.2,37,,EF1,60000,0,0
39085,Lake County,flash_flood,6,3,0.3,31,,,130000,0,0
39085,Lake County,flood,5,4,0.4,59,,,23000,0,0
39085,Lake County,hail,12,9,0.9,45,1.25,,0,0,0
39085,Lake County,thunderstorm_wind,68,29,2.9,58,75,,319500,0,5
39085,Lake County,tornado,3,3,0.3,51,,EF1,210000,0,0
39087,Lawrence County,flash_flood,15,14,1.4,86,,,34000,0,0
39087,Lawrence County,flood,36,27,2.7,96,,,127500,0,0
39087,Lawrence County,hail,18,10,1.0,50,3,,6000,0,0
39087,Lawrence County,thunderstorm_wind,93,47,4.7,83,78,,367950,0,0
39087,Lawrence County,tornado,4,2,0.2,37,,EF1,260000,0,1
39089,Licking County,flash_flood,17,7,0.7,62,,,1058000,0,0
39089,Licking County,flood,30,21,2.1,93,,,53000,0,0
39089,Licking County,hail,40,22,2.2,81,2,,0,0,0
39089,Licking County,thunderstorm_wind,123,65,6.5,94,70,,729700,0,0
39089,Licking County,tornado,6,6,0.6,79,,EF2,825000,0,0
39091,Logan County,flash_flood,17,7,0.7,62,,,1129000,0,0
39091,Logan County,flood,27,20,2.0,93,,,0,0,0
39091,Logan County,hail,12,9,0.9,45,2,,0,0,0
39091,Logan County,thunderstorm_wind,59,34,3.4,67,60,,469250,0,0
39091,Logan County,tornado,2,2,0.2,37,,EF3,5005000,3,25
39093,Lorain County,flash_flood,9,7,0.7,62,,,4597000,0,0
39093,Lorain County,flood,4,3,0.3,50,,,10000,0,0
39093,Lorain County,hail,20,13,1.3,60,1.75,,0,0,0
39093,Lorain County,thunderstorm_wind,107,47,4.7,83,74,,1375100,0,0
39093,Lorain County,tornado,7,6,0.6,79,,EF1,215000,0,0
39095,Lucas County,flash_flood,4,3,0.3,31,,,176000,0,0
39095,Lucas County,flood,2,2,0.2,38,,,15060000,0,0
39095,Lucas County,hail,25,13,1.3,60,2.5,,0,0,0
39095,Lucas County,thunderstorm_wind,85,38,3.8,73,70,,409000,1,2
39095,Lucas County,tornado,3,2,0.2,37,,EF2,331000,0,0
39097,Madison County,flash_flood,3,2,0.2,21,,,10000,0,0
39097,Madison County,flood,9,7,0.7,75,,,250,0,0
39097,Madison County,hail,8,6,0.6,31,1.5,,0,0,0
39097,Madison County,thunderstorm_wind,46,32,3.2,63,61,,253750,0,1
39097,Madison County,tornado,6,5,0.5,72,,EF2,1346000,0,0
39099,Mahoning County,flash_flood,4,4,0.4,41,,,8800000,0,0
39099,Mahoning County,flood,2,2,0.2,38,,,150000,0,0
39099,Mahoning County,hail,18,13,1.3,60,1.75,,0,0,0
39099,Mahoning County,thunderstorm_wind,72,39,3.9,74,83,,1554000,0,0
39099,Mahoning County,tornado,1,1,0.1,22,,EF0,12000,0,0
39101,Marion County,flash_flood,4,4,0.4,41,,,240000,0,0
39101,Marion County,flood,9,9,0.9,81,,,25000,0,0
39101,Marion County,hail,5,5,0.5,26,1.25,,0,0,0
39101,Marion County,thunderstorm_wind,34,24,2.4,47,70,,311200,0,1
39101,Marion County,tornado,2,2,0.2,37,,EF1,48000,0,0
39103,Medina County,flash_flood,10,7,0.7,62,,,2480000,0,0
39103,Medina County,flood,2,2,0.2,38,,,12050000,0,0
39103,Medina County,hail,13,8,0.8,41,2.25,,0,0,0
39103,Medina County,thunderstorm_wind,65,36,3.6,70,74,,1340750,1,3
39103,Medina County,tornado,5,4,0.4,62,,EF1,90000,0,0
39105,Meigs County,flash_flood,11,9,0.9,72,,,28000,0,0
39105,Meigs County,flood,61,50,5.0,99,,,865250,1,0
39105,Meigs County,hail,17,11,1.1,53,1.75,,15000,0,0
39105,Meigs County,thunderstorm_wind,31,22,2.2,42,70,,58000,0,0
39105,Meigs County,tornado,2,2,0.2,37,,EF1,95000,0,0
39107,Mercer County,flash_flood,5,4,0.4,41,,,380000,0,0
39107,Mercer County,flood,22,16,1.6,90,,,205000,0,0
39107,Mercer County,hail,12,9,0.9,45,2.5,,1000,0,0
39107,Mercer County,thunderstorm_wind,45,25,2.5,49,50,,181500,0,0
39107,Mercer County,tornado,11,8,0.8,89,,EF3,32890000,1,16
39109,Miami County,flash_flood,2,2,0.2,21,,,0,0,0
39109,Miami County,flood,7,5,0.5,66,,,0,0,0
39109,Miami County,hail,17,12,1.2,57,1.5,,0,0,0
39109,Miami County,lightning,1,1,0.1,66,,,4000,0,0
39109,Miami County,thunderstorm_wind,74,43,4.3,79,60,,508300,0,2
39109,Miami County,tornado,17,11,1.1,95,,EF3,12905000,0,1
39111,Monroe County,flash_flood,11,2,0.2,21,,,0,0,0
39111,Monroe County,flood,16,13,1.3,87,,,34000,0,0
39111,Monroe County,hail,9,7,0.7,36,1.75,,1000,0,0
39111,Monroe County,thunderstorm_wind,31,19,1.9,34,65,,80000,0,0
39111,Monroe County,tornado,1,1,0.1,22,,EF2,500000,0,0
39113,Montgomery County,flash_flood,22,9,0.9,72,,,67500,0,0
39113,Montgomery County,flood,27,13,1.3,87,,,0,0,0
39113,Montgomery County,hail,48,17,1.7,70,1.75,,5000,0,0
39113,Montgomery County,thunderstorm_wind,180,69,6.9,95,65,,602300,0,0
39113,Montgomery County,tornado,10,6,0.6,79,,EF4,502280000,0,166
39115,Morgan County,flash_flood,5,4,0.4,41,,,23000,0,0
39115,Morgan County,flood,18,16,1.6,90,,,76500,0,0
39115,Morgan County,hail,11,8,0.8,41,1.5,,1000,0,0
39115,Morgan County,thunderstorm_wind,52,31,3.1,62,50,,70750,0,0
39117,Morrow County,flash_flood,2,2,0.2,21,,,80000,0,0
39117,Morrow County,flood,5,4,0.4,59,,,0,0,0
39117,Morrow County,hail,9,6,0.6,31,1.25,,0,0,0
39117,Morrow County,thunderstorm_wind,27,20,2.0,37,60,,32200,0,0
39117,Morrow County,tornado,2,1,0.1,22,,EF1,45000,0,0
39119,Muskingum County,flash_flood,13,8,0.8,68,,,165000,0,0
39119,Muskingum County,flood,7,7,0.7,75,,,155000,0,0
39119,Muskingum County,hail,34,16,1.6,68,2,,0,0,0
39119,Muskingum County,thunderstorm_wind,111,47,4.7,83,70,,565000,0,1
39119,Muskingum County,tornado,9,7,0.7,85,,EF2,1515000,0,8
39121,Noble County,flash_flood,12,5,0.5,49,,,90000,0,0
39121,Noble County,flood,37,16,1.6,90,,,18000,0,0
39121,Noble County,hail,14,9,0.9,45,1.5,,0,0,0
39121,Noble County,thunderstorm_wind,44,25,2.5,49,60,,116700,0,0
39123,Ottawa County,flash_flood,4,3,0.3,31,,,2650000,0,0
39123,Ottawa County,flood,4,4,0.4,59,,,2500000,0,0
39123,Ottawa County,hail,7,6,0.6,31,1.25,,0,0,0
39123,Ottawa County,thunderstorm_wind,47,25,2.5,49,70,,358000,0,0
39123,Ottawa County,tornado,4,3,0.3,51,,EF2,419000,0,0
39125,Paulding County,flash_flood,1,1,0.1,11,,,0,0,0
39125,Paulding County,hail,7,6,0.6,31,2,,500,0,0
39125,Paulding County,thunderstorm_wind,19,14,1.4,23,74,,142000,0,0
39125,Paulding County,tornado,5,4,0.4,62,,EF2,240000,0,0
39127,Perry County,flash_flood,26,19,1.9,93,,,169250,0,0
39127,Perry County,flood,8,8,0.8,78,,,128000,0,0
39127,Perry County,hail,18,14,1.4,63,1.75,,3000,0,0
39127,Perry County,thunderstorm_wind,95,46,4.6,82,78,,197150,0,0
39127,Perry County,tornado,2,2,0.2,37,,EF1,170000,0,0
39129,Pickaway County,flash_flood,16,7,0.7,62,,,52000,0,0
39129,Pickaway County,flood,30,20,2.0,93,,,0,0,0
39129,Pickaway County,hail,15,6,0.6,31,1.5,,0,0,0
39129,Pickaway County,thunderstorm_wind,57,33,3.3,65,60,,267800,0,1
39129,Pickaway County,tornado,7,7,0.7,85,,EF1,3450000,0,3
39131,Pike County,flash_flood,6,5,0.5,49,,,25000,0,0
39131,Pike County,flood,29,18,1.8,92,,,120000,1,0
39131,Pike County,hail,4,4,0.4,21,1.25,,0,0,0
39131,Pike County,thunderstorm_wind,55,31,3.1,62,70,,346500,0,0
39131,Pike County,tornado,4,3,0.3,51,,EF1,405000,0,0
39133,Portage County,flash_flood,9,8,0.8,68,,,995000,0,0
39133,Portage County,flood,2,2,0.2,38,,,5000,0,0
39133,Portage County,hail,13,9,0.9,45,2,,0,0,0
39133,Portage County,thunderstorm_wind,93,44,4.4,80,91,,3346500,0,0
39133,Portage County,tornado,4,4,0.4,62,,EF1,530000,0,0
39135,Preble County,flash_flood,15,5,0.5,49,,,103000,0,0
39135,Preble County,flood,11,9,0.9,81,,,0,0,0
39135,Preble County,hail,11,9,0.9,45,1.25,,0,0,0
39135,Preble County,thunderstorm_wind,65,36,3.6,70,65,,295600,0,0
39135,Preble County,tornado,6,5,0.5,72,,EF1,855000,0,0
39137,Putnam County,flood,2,2,0.2,38,,,1000,0,0
39137,Putnam County,hail,17,11,1.1,53,2,,1000,0,0
39137,Putnam County,thunderstorm_wind,25,16,1.6,27,65,,135000,0,0
39137,Putnam County,tornado,6,4,0.4,62,,EF2,575000,0,2
39139,Richland County,flash_flood,8,7,0.7,62,,,822000,0,1
39139,Richland County,flood,5,5,0.5,66,,,41000,0,0
39139,Richland County,hail,21,13,1.3,60,1.5,,0,0,0
39139,Richland County,thunderstorm_wind,82,45,4.5,81,65,,694000,0,1
39139,Richland County,tornado,4,4,0.4,62,,EF2,1452000,0,7
39141,Ross County,flash_flood,19,10,1.0,75,,,107000,0,0
39141,Ross County,flood,45,28,2.8,96,,,15000,1,0
39141,Ross County,hail,11,7,0.7,36,3,,0,0,0
39141,Ross County,thunderstorm_wind,71,39,3.9,74,70,,382250,0,0
39141,Ross County,tornado,5,3,0.3,51,,EF2,495000,0,1
39143,Sandusky County,flash_flood,3,2,0.2,21,,,1150000,0,0
39143,Sandusky County,flood,2,2,0.2,38,,,0,0,0
39143,Sandusky County,hail,12,8,0.8,41,1,,2000,0,0
39143,Sandusky County,thunderstorm_wind,32,18,1.8,32,65,,173900,0,1
39143,Sandusky County,tornado,6,4,0.4,62,,EF1,248000,0,0
39145,Scioto County,flash_flood,19,6,0.6,57,,,186000,0,0
39145,Scioto County,flood,53,24,2.4,94,,,47000,0,0
39145,Scioto County,hail,8,7,0.7,36,1.75,,3000,0,0
39145,Scioto County,thunderstorm_wind,104,59,5.9,91,60,,495750,0,1
39147,Seneca County,flash_flood,3,3,0.3,31,,,250000,0,0
39147,Seneca County,flood,2,2,0.2,38,,,0,0,0
39147,Seneca County,hail,18,13,1.3,60,3,,0,0,0
39147,Seneca County,thunderstorm_wind,62,37,3.7,72,70,,1831300,0,0
39147,Seneca County,tornado,3,2,0.2,37,,EF2,350000,0,0
39149,Shelby County,flash_flood,7,4,0.4,41,,,104000,0,0
39149,Shelby County,flood,26,16,1.6,90,,,3000,0,0
39149,Shelby County,hail,11,8,0.8,41,2.75,,0,0,0
39149,Shelby County,lightning,1,1,0.1,66,,,0,1,0
39149,Shelby County,thunderstorm_wind,68,41,4.1,77,56,,245450,0,1
39149,Shelby County,tornado,2,2,0.2,37,,EF0,105000,0,0
39151,Stark County,flash_flood,7,6,0.6,57,,,1342000,0,0
39151,Stark County,flood,7,6,0.6,71,,,9477000,0,0
39151,Stark County,hail,24,14,1.4,63,1.75,,0,0,0
39151,Stark County,lightning,1,1,0.1,66,,,0,1,0
39151,Stark County,thunderstorm_wind,85,38,3.8,73,65,,660500,0,0
39151,Stark County,tornado,6,5,0.5,72,,EF1,260000,0,0
39153,Summit County,flash_flood,18,4,0.4,41,,,6445000,0,0
39153,Summit County,flood,3,3,0.3,50,,,5000,0,0
39153,Summit County,hail,35,17,1.7,70,2.5,,1000,0,0
39153,Summit County,thunderstorm_wind,131,51,5.1,87,87,,8160500,1,1
39153,Summit County,tornado,5,5,0.5,72,,EF1,729000,0,0
39155,Trumbull County,flash_flood,12,9,0.9,72,,,4225000,0,0
39155,Trumbull County,flood,6,6,0.6,71,,,280000,0,0
39155,Trumbull County,hail,20,10,1.0,50,1.75,,0,0,0
39155,Trumbull County,thunderstorm_wind,135,59,5.9,91,70,,1407500,0,1
39155,Trumbull County,tornado,9,7,0.7,85,,EF1,730000,0,0
39157,Tuscarawas County,flash_flood,25,11,1.1,79,,,65000,0,0
39157,Tuscarawas County,flood,5,5,0.5,66,,,0,0,0
39157,Tuscarawas County,hail,43,15,1.5,66,2.75,,5000,0,0
39157,Tuscarawas County,thunderstorm_wind,135,49,4.9,85,104,,940000,0,0
39157,Tuscarawas County,tornado,2,2,0.2,37,,EF0,0,0,0
39159,Union County,flash_flood,3,2,0.2,21,,,0,0,0
39159,Union County,flood,23,16,1.6,90,,,3000,0,0
39159,Union County,hail,15,9,0.9,45,2,,0,0,0
39159,Union County,thunderstorm_wind,40,29,2.9,58,65,,429000,0,0
39159,Union County,tornado,2,2,0.2,37,,EF2,515000,0,0
39161,Van Wert County,flash_flood,2,2,0.2,21,,,425000,0,0
39161,Van Wert County,hail,17,8,0.8,41,1.75,,6000,0,0
39161,Van Wert County,lightning,1,1,0.1,66,,,20000,0,0
39161,Van Wert County,thunderstorm_wind,61,31,3.1,62,80,,239000,1,0
39161,Van Wert County,tornado,11,6,0.6,79,,EF1,30000,0,0
39163,Vinton County,flash_flood,21,15,1.5,88,,,70600,0,0
39163,Vinton County,flood,43,32,3.2,97,,,38250,0,0
39163,Vinton County,hail,2,2,0.2,11,1,,0,0,0
39163,Vinton County,lightning,1,1,0.1,66,,,0,0,1
39163,Vinton County,thunderstorm_wind,62,36,3.6,70,60,,108700,0,0
39163,Vinton County,tornado,6,4,0.4,62,,EF1,237250,0,0
39165,Warren County,flash_flood,32,16,1.6,90,,,48000,0,0
39165,Warren County,flood,58,30,3.0,96,,,361000,1,0
39165,Warren County,hail,28,16,1.6,68,2,,5000,0,0
39165,Warren County,thunderstorm_wind,138,62,6.2,93,70,,939850,0,0
39165,Warren County,tornado,13,8,0.8,89,,EF1,1750000,0,0
39167,Washington County,flash_flood,10,10,1.0,75,,,13500,0,0
39167,Washington County,flood,149,77,7.7,100,,,213850,1,0
39167,Washington County,hail,25,13,1.3,60,3.5,,0,0,0
39167,Washington County,lightning,1,1,0.1,66,,,4000,0,0
39167,Washington County,thunderstorm_wind,58,38,3.8,73,78,,263350,0,0
39167,Washington County,tornado,1,1,0.1,22,,EF0,500,0,0
39169,Wayne County,flash_flood,9,3,0.3,31,,,9190000,0,0
39169,Wayne County,flood,3,3,0.3,50,,,0,0,0
39169,Wayne County,hail,10,8,0.8,41,2,,0,0,0
39169,Wayne County,thunderstorm_wind,70,38,3.8,73,82,,501500,0,0
39169,Wayne County,tornado,2,2,0.2,37,,EF1,192000,0,0
39171,Williams County,hail,13,7,0.7,36,2,,1000,0,0
39171,Williams County,thunderstorm_wind,35,18,1.8,32,65,,103500,0,0
39173,Wood County,flood,5,5,0.5,66,,,145000,0,0
39173,Wood County,hail,17,10,1.0,50,1,,0,0,0
39173,Wood County,lightning,2,2,0.2,85,,,50000,0,1
39173,Wood County,thunderstorm_wind,69,31,3.1,62,64,,213200,0,0
39173,Wood County,tornado,1,1,0.1,22,,EF0,35000,0,0
39175,Wyandot County,flash_flood,2,2,0.2,21,,,215000,1,1
39175,Wyandot County,flood,4,4,0.4,59,,,750000,0,0
39175,Wyandot County,hail,5,4,0.4,21,1.75,,0,0,0
39175,Wyandot County,thunderstorm_wind,17,15,1.5,25,65,,100100,0,0
40001,Adair County,flash_flood,6,6,0.6,57,,,0,2,2
40001,Adair County,flood,26,19,1.9,92,,,0,1,0
40001,Adair County,hail,14,10,1.0,50,2.75,,85000,0,0
40001,Adair County,thunderstorm_wind,25,17,1.7,29,70,,56000,0,0
40001,Adair County,tornado,17,11,1.1,95,,EF2,1090000,0,1
40003,Alfalfa County,flash_flood,3,2,0.2,21,,,0,0,0
40003,Alfalfa County,hail,21,10,1.0,50,2.25,,0,0,0
40003,Alfalfa County,thunderstorm_wind,37,21,2.1,39,87,,185000,0,0
40003,Alfalfa County,tornado,6,6,0.6,79,,EF1,40000,0,0
40005,Atoka County,flash_flood,5,4,0.4,41,,,25000,0,0
40005,Atoka County,flood,2,1,0.1,20,,,0,0,0
40005,Atoka County,hail,25,20,2.0,77,2.75,,0,0,0
40005,Atoka County,thunderstorm_wind,26,15,1.5,25,70,,91000,0,0
40005,Atoka County,tornado,8,6,0.6,79,,EF3,17000,0,5
40007,Beaver County,flash_flood,8,6,0.6,57,,,0,0,0
40007,Beaver County,flood,1,1,0.1,20,,,0,0,0
40007,Beaver County,hail,109,44,4.4,97,3.5,,19000,0,0
40007,Beaver County,thunderstorm_wind,107,51,5.1,87,99,,1959000,0,0
40007,Beaver County,tornado,9,7,0.7,85,,EF2,2000,0,0
40009,Beckham County,flash_flood,6,4,0.4,41,,,2000,0,0
40009,Beckham County,flood,5,4,0.4,59,,,5000,0,0
40009,Beckham County,hail,80,31,3.1,90,4,,0,0,0
40009,Beckham County,thunderstorm_wind,70,39,3.9,74,69,,197500,0,0
40009,Beckham County,tornado,10,7,0.7,85,,EF2,25075000,1,10
40011,Blaine County,flash_flood,2,2,0.2,21,,,0,0,0
40011,Blaine County,flood,1,1,0.1,20,,,0,0,0
40011,Blaine County,hail,38,24,2.4,83,4.4,,0,0,0
40011,Blaine County,thunderstorm_wind,38,24,2.4,47,87,,231000,0,2
40011,Blaine County,tornado,7,5,0.5,72,,EF1,84000,0,0
40013,Bryan County,flash_flood,9,8,0.8,68,,,15000,0,0
40013,Bryan County,hail,48,28,2.8,88,3,,0,0,0
40013,Bryan County,thunderstorm_wind,58,37,3.7,72,70,,410500,0,0
40013,Bryan County,tornado,7,6,0.6,79,,EF3,495000,2,11
40015,Caddo County,flash_flood,16,12,1.2,81,,,15000,0,0
40015,Caddo County,flood,3,3,0.3,50,,,0,0,0
40015,Caddo County,hail,92,48,4.8,97,2.5,,0,0,0
40015,Caddo County,thunderstorm_wind,87,46,4.6,82,87,,269000,0,1
40015,Caddo County,tornado,16,8,0.8,89,,EF2,328000,0,0
40017,Canadian County,flash_flood,23,15,1.5,88,,,32000,0,0
40017,Canadian County,flood,1,1,0.1,20,,,0,0,0
40017,Canadian County,hail,115,48,4.8,97,3,,7500,0,0
40017,Canadian County,lightning,1,1,0.1,66,,,452000,0,0
40017,Canadian County,thunderstorm_wind,88,49,4.9,85,83,,181500,1,0
40017,Canadian County,tornado,13,11,1.1,95,,EF3,937000,2,29
40019,Carter County,flash_flood,14,7,0.7,62,,,35000,0,0
40019,Carter County,flood,2,2,0.2,38,,,25000,0,0
40019,Carter County,hail,90,40,4.0,96,3,,5000,0,0
40019,Carter County,thunderstorm_wind,40,28,2.8,56,83,,174000,0,0
40019,Carter County,tornado,12,5,0.5,72,,EF2,21602000,0,22
40021,Cherokee County,flash_flood,9,7,0.7,62,,,0,0,0
40021,Cherokee County,flood,19,18,1.8,92,,,25000,0,0
40021,Cherokee County,hail,39,26,2.6,85,2,,245000,0,0
40021,Cherokee County,thunderstorm_wind,59,34,3.4,67,80,,666000,1,3
40021,Cherokee County,tornado,19,14,1.4,98,,EF2,2770000,0,6
40023,Choctaw County,flash_flood,4,4,0.4,41,,,0,0,0
40023,Choctaw County,hail,28,14,1.4,63,2.75,,200000,0,0
40023,Choctaw County,thunderstorm_wind,39,21,2.1,39,70,,145000,0,0
40023,Choctaw County,tornado,5,2,0.2,37,,EF3,4150000,0,3
40025,Cimarron County,flood,5,3,0.3,50,,,0,0,0
40025,Cimarron County,hail,89,49,4.9,98,2.75,,7000,0,0
40025,Cimarron County,thunderstorm_wind,64,40,4.0,76,85,,245000,0,0
40025,Cimarron County,tornado,18,8,0.8,89,,EF0,2000,0,0
40027,Cleveland County,flash_flood,66,21,2.1,94,,,535000,2,0
40027,Cleveland County,flood,15,13,1.3,87,,,10000,0,0
40027,Cleveland County,hail,322,60,6.0,99,3.41,,0,0,0
40027,Cleveland County,lightning,3,3,0.3,91,,,102000,0,0
40027,Cleveland County,thunderstorm_wind,158,58,5.8,91,91,,8538500,0,0
40027,Cleveland County,tornado,35,18,1.8,100,,EF3,52941000,0,12
40029,Coal County,flash_flood,12,7,0.7,62,,,0,0,0
40029,Coal County,hail,25,15,1.5,66,4,,0,0,0
40029,Coal County,lightning,1,1,0.1,66,,,2000,0,0
40029,Coal County,thunderstorm_wind,15,12,1.2,20,61,,40000,0,0
40029,Coal County,tornado,10,8,0.8,89,,EF1,135000,0,3
40031,Comanche County,flash_flood,42,28,2.8,97,,,450000,2,0
40031,Comanche County,flood,12,7,0.7,75,,,0,0,0
40031,Comanche County,hail,187,71,7.1,99,4,,30000,0,0
40031,Comanche County,thunderstorm_wind,124,70,7.0,95,90,,333000,0,1
40031,Comanche County,tornado,9,8,0.8,89,,EF2,180000,0,1
40033,Cotton County,flash_flood,2,2,0.2,21,,,0,0,0
40033,Cotton County,hail,32,18,1.8,73,3.5,,0,0,0
40033,Cotton County,thunderstorm_wind,51,31,3.1,62,90,,272000,0,0
40033,Cotton County,tornado,6,6,0.6,79,,EF1,67000,0,0
40035,Craig County,flash_flood,10,7,0.7,62,,,50000,0,0
40035,Craig County,hail,31,13,1.3,60,2.75,,465000,0,0
40035,Craig County,thunderstorm_wind,25,16,1.6,27,70,,531000,0,0
40035,Craig County,tornado,7,4,0.4,62,,EF1,43000,0,0
40037,Creek County,flash_flood,7,6,0.6,57,,,55000,0,0
40037,Creek County,flood,4,2,0.2,38,,,0,0,0
40037,Creek County,hail,61,29,2.9,89,3,,605000,0,0
40037,Creek County,thunderstorm_wind,63,31,3.1,62,85,,1265000,1,3
40037,Creek County,tornado,11,8,0.8,89,,EF1,2670000,0,0
40039,Custer County,flash_flood,9,8,0.8,68,,,25000,0,0
40039,Custer County,flood,1,1,0.1,20,,,0,0,0
40039,Custer County,hail,65,35,3.5,93,2.75,,0,0,0
40039,Custer County,thunderstorm_wind,78,37,3.7,72,87,,509000,0,0
40039,Custer County,tornado,14,6,0.6,79,,EF2,733000,0,0
40041,Delaware County,flash_flood,4,4,0.4,41,,,0,0,0
40041,Delaware County,flood,2,2,0.2,38,,,0,0,0
40041,Delaware County,hail,38,21,2.1,79,3,,925000,0,0
40041,Delaware County,thunderstorm_wind,48,27,2.7,53,75,,1044000,0,0
40041,Delaware County,tornado,18,11,1.1,95,,EF2,1445000,0,0
40043,Dewey County,flash_flood,1,1,0.1,11,,,0,0,0
40043,Dewey County,hail,29,19,1.9,75,2.75,,0,0,0
40043,Dewey County,thunderstorm_wind,70,35,3.5,69,86,,210000,0,0
40043,Dewey County,tornado,2,2,0.2,37,,EF1,3000,0,0
40045,Ellis County,flash_flood,1,1,0.1,11,,,0,0,0
40045,Ellis County,hail,58,27,2.7,87,4.5,,10000,0,0
40045,Ellis County,thunderstorm_wind,41,29,2.9,58,70,,97000,0,0
40045,Ellis County,tornado,10,5,0.5,72,,EF3,391000,0,0
40047,Garfield County,flash_flood,20,10,1.0,75,,,0,0,0
40047,Garfield County,flood,4,3,0.3,50,,,25000,0,0
40047,Garfield County,hail,98,43,4.3,96,2.75,,5000,0,0
40047,Garfield County,lightning,4,4,0.4,94,,,115000,0,0
40047,Garfield County,thunderstorm_wind,118,58,5.8,91,78,,485000,0,0
40047,Garfield County,tornado,7,5,0.5,72,,EF2,30000,0,0
40049,Garvin County,flash_flood,23,12,1.2,81,,,55000,0,0
40049,Garvin County,flood,6,5,0.5,66,,,0,0,0
40049,Garvin County,hail,81,40,4.0,96,2.75,,0,0,0
40049,Garvin County,thunderstorm_wind,60,34,3.4,67,87,,722000,0,0
40049,Garvin County,tornado,12,10,1.0,94,,EF4,1340000,1,0
40051,Grady County,flash_flood,16,12,1.2,81,,,35000,0,0
40051,Grady County,flood,1,1,0.1,20,,,50000,0,0
40051,Grady County,hail,154,53,5.3,98,3.75,,10000,0,0
40051,Grady County,thunderstorm_wind,134,63,6.3,93,71,,210000,0,0
40051,Grady County,tornado,23,13,1.3,97,,EF2,259000,0,0
40053,Grant County,flash_flood,6,3,0.3,31,,,0,0,0
40053,Grant County,flood,2,2,0.2,38,,,0,0,0
40053,Grant County,hail,28,21,2.1,79,2.5,,0,0,0
40053,Grant County,thunderstorm_wind,34,20,2.0,37,70,,133200,0,0
40053,Grant County,tornado,2,2,0.2,37,,EF0,0,0,0
40055,Greer County,flash_flood,6,4,0.4,41,,,85000,0,0
40055,Greer County,flood,1,1,0.1,20,,,0,0,0
40055,Greer County,hail,45,23,2.3,82,3,,150000,0,0
40055,Greer County,thunderstorm_wind,15,15,1.5,25,67,,63000,0,0
40055,Greer County,tornado,10,6,0.6,79,,EF2,370000,0,0
40057,Harmon County,flash_flood,1,1,0.1,11,,,0,0,0
40057,Harmon County,hail,26,13,1.3,60,3.2,,0,0,0
40057,Harmon County,thunderstorm_wind,44,23,2.3,44,86,,45000,0,0
40057,Harmon County,tornado,12,6,0.6,79,,EF1,20000,0,0
40059,Harper County,flash_flood,1,1,0.1,11,,,0,0,0
40059,Harper County,hail,41,17,1.7,70,3,,0,0,0
40059,Harper County,thunderstorm_wind,41,23,2.3,44,83,,262000,0,0
40059,Harper County,tornado,7,4,0.4,62,,EF2,80000,0,0
40061,Haskell County,flash_flood,2,2,0.2,21,,,500000,0,0
40061,Haskell County,flood,2,1,0.1,20,,,0,0,0
40061,Haskell County,hail,15,10,1.0,50,1.75,,45000,0,0
40061,Haskell County,thunderstorm_wind,14,13,1.3,21,65,,2000,0,0
40061,Haskell County,tornado,4,4,0.4,62,,EF1,50000,0,0
40063,Hughes County,flash_flood,2,2,0.2,21,,,0,0,0
40063,Hughes County,hail,30,16,1.6,68,3,,0,0,0
40063,Hughes County,thunderstorm_wind,33,21,2.1,39,78,,214000,0,0
40063,Hughes County,tornado,6,5,0.5,72,,EF3,2012000,3,5
40065,Jackson County,flash_flood,13,9,0.9,72,,,45000,0,0
40065,Jackson County,flood,2,2,0.2,38,,,0,0,0
40065,Jackson County,hail,101,35,3.5,93,3.5,,7000,0,1
40065,Jackson County,thunderstorm_wind,112,54,5.4,89,82,,125500,0,0
40065,Jackson County,tornado,9,6,0.6,79,,EF2,340000,0,0
40067,Jefferson County,flash_flood,5,4,0.4,41,,,0,0,0
40067,Jefferson County,flood,1,1,0.1,20,,,0,0,0
40067,Jefferson County,hail,22,16,1.6,68,2.38,,0,0,0
40067,Jefferson County,thunderstorm_wind,29,21,2.1,39,65,,116000,0,0
40067,Jefferson County,tornado,5,3,0.3,51,,EF1,100000,0,0
40069,Johnston County,flash_flood,33,15,1.5,88,,,230000,1,0
40069,Johnston County,flood,6,5,0.5,66,,,0,2,0
40069,Johnston County,hail,61,25,2.5,84,2.75,,1000500,0,0
40069,Johnston County,thunderstorm_wind,48,28,2.8,56,73,,172100,0,0
40069,Johnston County,tornado,15,10,1.0,94,,EF3,857000,1,0
40071,Kay County,flash_flood,18,11,1.1,79,,,55000,0,0
40071,Kay County,flood,1,1,0.1,20,,,0,0,0
40071,Kay County,hail,106,37,3.7,94,4,,0,0,0
40071,Kay County,thunderstorm_wind,101,57,5.7,90,90,,290200,0,1
40071,Kay County,tornado,6,4,0.4,62,,EF1,270000,0,0
40073,Kingfisher County,flash_flood,9,6,0.6,57,,,30000,0,0
40073,Kingfisher County,flood,2,1,0.1,20,,,0,0,0
40073,Kingfisher County,hail,53,25,2.5,84,2.75,,0,0,0
40073,Kingfisher County,thunderstorm_wind,48,30,3.0,60,78,,241000,0,0
40073,Kingfisher County,tornado,14,7,0.7,85,,EF1,15000,0,0
40075,Kiowa County,flash_flood,8,4,0.4,41,,,0,0,0
40075,Kiowa County,flood,2,1,0.1,20,,,10000,0,0
40075,Kiowa County,hail,60,31,3.1,90,2.75,,52000,0,0
40075,Kiowa County,thunderstorm_wind,63,36,3.6,70,70,,81000,0,0
40075,Kiowa County,tornado,16,10,1.0,94,,EF2,211000,0,0
40077,Latimer County,flash_flood,4,3,0.3,31,,,0,1,0
40077,Latimer County,hail,19,16,1.6,68,1.75,,70000,0,0
40077,Latimer County,thunderstorm_wind,23,19,1.9,34,71,,184000,0,0
40077,Latimer County,tornado,2,2,0.2,37,,EF1,75000,0,0
40079,Le Flore County,flash_flood,15,11,1.1,79,,,145000,1,0
40079,Le Flore County,flood,26,20,2.0,93,,,0,0,0
40079,Le Flore County,hail,85,39,3.9,95,2.75,,725000,0,0
40079,Le Flore County,thunderstorm_wind,82,43,4.3,79,75,,426000,0,0
40079,Le Flore County,tornado,15,10,1.0,94,,EF2,465000,0,0
40081,Lincoln County,flash_flood,14,10,1.0,75,,,170000,2,2
40081,Lincoln County,flood,5,5,0.5,66,,,10000,1,0
40081,Lincoln County,hail,66,41,4.1,96,2,,0,0,0
40081,Lincoln County,thunderstorm_wind,49,25,2.5,49,78,,153000,0,1
40081,Lincoln County,tornado,15,13,1.3,97,,EF1,534000,0,0
40083,Logan County,flash_flood,13,7,0.7,62,,,60000,0,0
40083,Logan County,flood,1,1,0.1,20,,,0,0,0
40083,Logan County,hail,70,32,3.2,91,4.25,,0,0,0
40083,Logan County,lightning,3,1,0.1,66,,,150000,0,0
40083,Logan County,thunderstorm_wind,87,37,3.7,72,82,,200000,0,0
40083,Logan County,tornado,9,4,0.4,62,,EF1,250000,0,0
40085,Love County,flash_flood,6,4,0.4,41,,,0,0,0
40085,Love County,flood,1,1,0.1,20,,,0,0,0
40085,Love County,hail,46,28,2.8,88,2.75,,0,0,0
40085,Love County,lightning,1,1,0.1,66,,,250000,0,0
40085,Love County,thunderstorm_wind,60,33,3.3,65,78,,342500,0,14
40085,Love County,tornado,12,8,0.8,89,,EF4,150435000,1,6
40087,McClain County,flash_flood,8,7,0.7,62,,,0,0,0
40087,McClain County,flood,2,2,0.2,38,,,0,0,0
40087,McClain County,hail,108,45,4.5,97,4,,0,0,0
40087,McClain County,lightning,1,1,0.1,66,,,400000,0,0
40087,McClain County,thunderstorm_wind,52,37,3.7,72,104,,1090000,0,0
40087,McClain County,tornado,27,13,1.3,97,,EF3,9940000,1,2
40089,McCurtain County,flash_flood,57,26,2.6,96,,,0,1,0
40089,McCurtain County,flood,5,4,0.4,59,,,0,1,0
40089,McCurtain County,hail,75,46,4.6,97,2.5,,0,0,0
40089,McCurtain County,thunderstorm_wind,113,63,6.3,93,78,,25500,2,2
40089,McCurtain County,tornado,13,9,0.9,92,,EF4,35910000,1,7
40091,McIntosh County,flash_flood,12,9,0.9,72,,,195000,0,0
40091,McIntosh County,hail,51,34,3.4,92,3.85,,455000,0,0
40091,McIntosh County,lightning,1,1,0.1,66,,,0,1,0
40091,McIntosh County,thunderstorm_wind,59,31,3.1,62,71,,239000,0,0
40091,McIntosh County,tornado,13,9,0.9,92,,EF2,705000,0,0
40093,Major County,flash_flood,5,3,0.3,31,,,10000,0,0
40093,Major County,hail,46,24,2.4,83,2.75,,0,0,0
40093,Major County,thunderstorm_wind,40,27,2.7,53,71,,30000,0,0
40093,Major County,tornado,9,5,0.5,72,,EF1,2000,0,0
40095,Marshall County,flash_flood,3,2,0.2,21,,,50000,0,0
40095,Marshall County,flood,1,1,0.1,20,,,0,0,0
40095,Marshall County,hail,43,21,2.1,79,2.5,,0,0,0
40095,Marshall County,lightning,1,1,0.1,66,,,0,1,1
40095,Marshall County,thunderstorm_wind,30,18,1.8,32,90,,168000,0,0
40095,Marshall County,tornado,9,4,0.4,62,,EF2,2020000,2,1
40097,Mayes County,flash_flood,14,11,1.1,79,,,0,0,0
40097,Mayes County,flood,2,2,0.2,38,,,0,0,0
40097,Mayes County,hail,62,31,3.1,90,4,,1055000,0,0
40097,Mayes County,lightning,1,1,0.1,66,,,0,1,3
40097,Mayes County,thunderstorm_wind,96,48,4.8,85,75,,2009000,0,0
40097,Mayes County,tornado,26,16,1.6,99,,EF3,10438000,2,4
40099,Murray County,flash_flood,20,11,1.1,79,,,2000,0,0
40099,Murray County,hail,58,26,2.6,85,3.61,,0,0,0
40099,Murray County,lightning,1,1,0.1,66,,,0,0,1
40099,Murray County,thunderstorm_wind,39,20,2.0,37,78,,331000,0,1
40099,Murray County,tornado,11,8,0.8,89,,EF3,14202000,1,30
40101,Muskogee County,flash_flood,18,11,1.1,79,,,105000,0,0
40101,Muskogee County,flood,6,5,0.5,66,,,15000,2,0
40101,Muskogee County,hail,37,21,2.1,79,2,,195000,0,0
40101,Muskogee County,thunderstorm_wind,72,47,4.7,83,78,,953000,0,0
40101,Muskogee County,tornado,16,11,1.1,95,,EF2,962000,0,1
40103,Noble County,flash_flood,6,4,0.4,41,,,2000,0,0
40103,Noble County,flood,1,1,0.1,20,,,0,0,0
40103,Noble County,hail,31,18,1.8,73,3.75,,25000,0,0
40103,Noble County,thunderstorm_wind,36,22,2.2,42,78,,129000,0,0
40103,Noble County,tornado,8,5,0.5,72,,EF2,390000,0,0
40105,Nowata County,flash_flood,7,7,0.7,62,,,10000,0,0
40105,Nowata County,flood,3,3,0.3,50,,,0,0,0
40105,Nowata County,hail,18,15,1.5,66,2,,80000,0,0
40105,Nowata County,thunderstorm_wind,12,12,1.2,20,65,,62000,0,1
40105,Nowata County,tornado,8,5,0.5,72,,EF1,95000,0,1
40107,Okfuskee County,flash_flood,6,5,0.5,49,,,55000,0,0
40107,Okfuskee County,flood,3,3,0.3,50,,,100000,0,0
40107,Okfuskee County,hail,44,24,2.4,83,4.5,,755000,0,0
40107,Okfuskee County,thunderstorm_wind,26,19,1.9,34,70,,135000,0,0
40107,Okfuskee County,tornado,15,8,0.8,89,,EF3,615000,0,0
40109,Oklahoma County,flash_flood,96,37,3.7,98,,,282000,1,0
40109,Oklahoma County,flood,19,14,1.4,88,,,0,0,0
40109,Oklahoma County,hail,367,76,7.6,99,4,,20000,0,0
40109,Oklahoma County,lightning,1,1,0.1,66,,,500000,0,0
40109,Oklahoma County,thunderstorm_wind,229,85,8.5,98,87,,1015000,0,0
40109,Oklahoma County,tornado,27,14,1.4,98,,EF3,56160000,0,13
40111,Okmulgee County,flash_flood,34,20,2.0,94,,,140000,0,0
40111,Okmulgee County,flood,10,9,0.9,81,,,0,0,0
40111,Okmulgee County,hail,61,33,3.3,91,3,,715000,0,0
40111,Okmulgee County,thunderstorm_wind,50,33,3.3,65,74,,341000,0,0
40111,Okmulgee County,tornado,15,10,1.0,94,,EF1,2395000,0,0
40113,Osage County,flash_flood,16,8,0.8,68,,,725000,0,0
40113,Osage County,flood,6,6,0.6,71,,,150000,0,0
40113,Osage County,hail,78,43,4.3,96,3.5,,762000,0,0
40113,Osage County,thunderstorm_wind,107,58,5.8,91,78,,220000,0,0
40113,Osage County,tornado,21,14,1.4,98,,EF4,10637000,2,33
40115,Ottawa County,flash_flood,7,4,0.4,41,,,50000,0,0
40115,Ottawa County,flood,37,31,3.1,97,,,0,0,0
40115,Ottawa County,hail,52,21,2.1,79,2.75,,870000,0,0
40115,Ottawa County,thunderstorm_wind,51,29,2.9,58,74,,433000,0,0
40115,Ottawa County,tornado,13,7,0.7,85,,EF1,635000,0,0
40117,Pawnee County,flash_flood,10,7,0.7,62,,,115000,0,0
40117,Pawnee County,flood,5,4,0.4,59,,,0,0,0
40117,Pawnee County,hail,22,16,1.6,68,1.75,,190000,0,0
40117,Pawnee County,thunderstorm_wind,31,23,2.3,44,70,,247000,1,2
40117,Pawnee County,tornado,1,1,0.1,22,,EF1,50000,0,0
40119,Payne County,flash_flood,12,10,1.0,75,,,30000,0,0
40119,Payne County,flood,4,2,0.2,38,,,10000,1,0
40119,Payne County,hail,74,37,3.7,94,3.5,,0,0,0
40119,Payne County,thunderstorm_wind,80,33,3.3,65,85,,219000,0,0
40119,Payne County,tornado,9,8,0.8,89,,EF2,220000,0,0
40121,Pittsburg County,flash_flood,19,15,1.5,88,,,70000,1,0
40121,Pittsburg County,flood,3,2,0.2,38,,,0,0,0
40121,Pittsburg County,hail,65,31,3.1,90,2.25,,490000,0,0
40121,Pittsburg County,thunderstorm_wind,62,35,3.5,69,75,,681000,0,0
40121,Pittsburg County,tornado,13,10,1.0,94,,EF3,2425000,0,2
40123,Pontotoc County,flash_flood,30,16,1.6,90,,,5000,0,0
40123,Pontotoc County,flood,3,2,0.2,38,,,25000,0,0
40123,Pontotoc County,hail,123,50,5.0,98,6,,2003000,0,0
40123,Pontotoc County,thunderstorm_wind,96,41,4.1,77,78,,320200,0,0
40123,Pontotoc County,tornado,20,13,1.3,97,,EF2,11861000,0,2
40125,Pottawatomie County,flash_flood,15,10,1.0,75,,,150000,2,1
40125,Pottawatomie County,flood,6,5,0.5,66,,,80000,0,0
40125,Pottawatomie County,hail,72,40,4.0,96,2.5,,0,0,0
40125,Pottawatomie County,lightning,1,1,0.1,66,,,1000000,0,0
40125,Pottawatomie County,thunderstorm_wind,52,36,3.6,70,78,,101000,0,0
40125,Pottawatomie County,tornado,29,12,1.2,97,,EF3,4953000,0,0
40127,Pushmataha County,flash_flood,2,2,0.2,21,,,0,0,0
40127,Pushmataha County,flood,2,2,0.2,38,,,0,0,0
40127,Pushmataha County,hail,18,14,1.4,63,2,,165000,0,0
40127,Pushmataha County,thunderstorm_wind,23,14,1.4,23,75,,188000,0,0
40127,Pushmataha County,tornado,2,2,0.2,37,,EF1,130000,0,0
40129,Roger Mills County,flash_flood,4,4,0.4,41,,,0,0,0
40129,Roger Mills County,flood,1,1,0.1,20,,,40000,0,0
40129,Roger Mills County,hail,71,35,3.5,93,4,,0,0,0
40129,Roger Mills County,thunderstorm_wind,36,21,2.1,39,70,,132500,0,0
40129,Roger Mills County,tornado,13,8,0.8,89,,EF2,346000,1,3
40131,Rogers County,flash_flood,23,11,1.1,79,,,35000,0,0
40131,Rogers County,flood,3,3,0.3,50,,,0,0,0
40131,Rogers County,hail,74,33,3.3,91,2.75,,1345000,0,0
40131,Rogers County,thunderstorm_wind,113,59,5.9,91,87,,1215000,0,0
40131,Rogers County,tornado,19,13,1.3,97,,EF3,42705000,0,19
40133,Seminole County,flash_flood,8,5,0.5,49,,,65000,0,0
40133,Seminole County,flood,2,2,0.2,38,,,60000,0,0
40133,Seminole County,hail,42,23,2.3,82,4,,0,0,0
40133,Seminole County,thunderstorm_wind,20,18,1.8,32,70,,66500,0,0
40133,Seminole County,tornado,11,7,0.7,85,,EF2,763000,0,0
40135,Sequoyah County,flash_flood,22,16,1.6,90,,,35000,0,0
40135,Sequoyah County,flood,5,4,0.4,59,,,50000,0,0
40135,Sequoyah County,hail,32,17,1.7,70,2.5,,265000,0,0
40135,Sequoyah County,thunderstorm_wind,52,37,3.7,72,70,,613000,0,0
40135,Sequoyah County,tornado,17,12,1.2,97,,EF1,555000,0,0
40137,Stephens County,flash_flood,24,14,1.4,86,,,50000,2,0
40137,Stephens County,flood,4,2,0.2,38,,,0,0,0
40137,Stephens County,hail,105,41,4.1,96,2.75,,100000,0,0
40137,Stephens County,thunderstorm_wind,59,35,3.5,69,70,,484500,0,0
40137,Stephens County,tornado,14,8,0.8,89,,EF3,5570000,0,6
40139,Texas County,flash_flood,4,4,0.4,41,,,0,0,0
40139,Texas County,flood,4,3,0.3,50,,,0,0,0
40139,Texas County,hail,120,56,5.6,98,4,,60000,0,0
40139,Texas County,thunderstorm_wind,144,74,7.4,96,78,,137000,0,0
40139,Texas County,tornado,8,3,0.3,51,,EF1,0,0,0
40141,Tillman County,flash_flood,11,8,0.8,68,,,50000,0,0
40141,Tillman County,flood,6,6,0.6,71,,,10000,0,0
40141,Tillman County,hail,115,46,4.6,97,4,,0,0,0
40141,Tillman County,thunderstorm_wind,146,63,6.3,93,100,,907000,0,0
40141,Tillman County,tornado,23,11,1.1,95,,EF2,139000,0,0
40143,Tulsa County,flash_flood,102,39,3.9,98,,,2590000,0,0
40143,Tulsa County,flood,21,13,1.3,87,,,0,6,0
40143,Tulsa County,hail,280,67,6.7,99,3,,4275000,0,0
40143,Tulsa County,lightning,2,2,0.2,85,,,280000,0,0
40143,Tulsa County,thunderstorm_wind,278,86,8.6,98,87,,161115000,0,2
40143,Tulsa County,tornado,23,15,1.5,99,,EF2,53589000,0,38
40145,Wagoner County,flash_flood,16,9,0.9,72,,,35000,0,0
40145,Wagoner County,hail,40,29,2.9,89,2.5,,220000,0,0
40145,Wagoner County,thunderstorm_wind,72,32,3.2,63,78,,1156000,0,0
40145,Wagoner County,tornado,18,13,1.3,97,,EF1,3670000,0,0
40147,Washington County,flash_flood,10,6,0.6,57,,,0,0,0
40147,Washington County,flood,4,4,0.4,59,,,0,0,0
40147,Washington County,hail,44,28,2.8,88,2.5,,215000,0,0
40147,Washington County,thunderstorm_wind,58,26,2.6,51,76,,256000,0,0
40147,Washington County,tornado,5,5,0.5,72,,EF2,15040000,0,0
40149,Washita County,flash_flood,6,3,0.3,31,,,10000,0,0
40149,Washita County,flood,2,1,0.1,20,,,0,0,0
40149,Washita County,hail,32,20,2.0,77,3.5,,0,0,0
40149,Washita County,thunderstorm_wind,59,40,4.0,76,72,,115000,0,0
40149,Washita County,tornado,10,6,0.6,79,,EF2,395000,0,0
40151,Woods County,flash_flood,2,1,0.1,11,,,0,0,0
40151,Woods County,hail,33,17,1.7,70,2.75,,0,0,0
40151,Woods County,thunderstorm_wind,79,45,4.5,81,78,,57000,0,0
40151,Woods County,tornado,7,5,0.5,72,,EF1,31000,0,0
40153,Woodward County,flash_flood,5,5,0.5,49,,,0,0,0
40153,Woodward County,hail,73,31,3.1,90,3.25,,31600,0,0
40153,Woodward County,lightning,1,1,0.1,66,,,5000,0,0
40153,Woodward County,thunderstorm_wind,135,55,5.5,89,76,,679000,0,1
40153,Woodward County,tornado,5,5,0.5,72,,EF1,60000,0,0
41001,Baker County,flash_flood,2,2,0.2,21,,,250000,0,0
41001,Baker County,hail,6,6,0.6,31,1.5,,0,0,0
41001,Baker County,thunderstorm_wind,4,3,0.3,7,58,,0,0,0
41003,Benton County,flood,9,9,0.9,81,,,0,0,0
41003,Benton County,tornado,1,1,0.1,22,,,0,0,0
41005,Clackamas County,flood,6,6,0.6,71,,,0,0,0
41005,Clackamas County,hail,4,4,0.4,21,1.5,,50000,0,0
41005,Clackamas County,lightning,1,1,0.1,66,,,1200,0,0
41005,Clackamas County,thunderstorm_wind,2,2,0.2,5,52,,17000,0,0
41005,Clackamas County,tornado,2,2,0.2,37,,EF0,50000,0,0
41007,Clatsop County,flood,3,3,0.3,50,,,0,0,0
41007,Clatsop County,hail,3,3,0.3,16,2,,0,0,0
41007,Clatsop County,thunderstorm_wind,2,1,0.1,3,51,,0,0,0
41009,Columbia County,flood,5,5,0.5,66,,,55000,0,0
41009,Columbia County,hail,1,1,0.1,6,1,,0,0,0
41009,Columbia County,tornado,1,1,0.1,22,,EF0,40000,0,0
41011,Coos County,flood,33,24,2.4,94,,,0,0,0
41011,Coos County,thunderstorm_wind,1,1,0.1,3,65,,0,0,0
41013,Crook County,flash_flood,3,3,0.3,31,,,35000,0,0
41013,Crook County,hail,5,5,0.5,26,1,,0,0,0
41013,Crook County,lightning,1,1,0.1,66,,,100000,0,0
41013,Crook County,thunderstorm_wind,2,2,0.2,5,61,,0,0,0
41015,Curry County,flood,12,12,1.2,86,,,0,0,0
41017,Deschutes County,flood,2,2,0.2,38,,,6000,0,0
41017,Deschutes County,hail,26,14,1.4,63,2,,0,0,0
41017,Deschutes County,lightning,1,1,0.1,66,,,12000,0,0
41017,Deschutes County,thunderstorm_wind,5,4,0.4,9,76,,8000,0,0
41017,Deschutes County,tornado,1,1,0.1,22,,EF0,0,0,0
41019,Douglas County,flood,8,4,0.4,59,,,0,0,0
41019,Douglas County,hail,2,2,0.2,11,1,,0,0,0
41021,Gilliam County,hail,2,2,0.2,11,0.88,,0,0,0
41021,Gilliam County,thunderstorm_wind,3,2,0.2,5,61,,0,0,0
41023,Grant County,flash_flood,2,1,0.1,11,,,0,0,0
41023,Grant County,flood,3,3,0.3,50,,,1400000,0,0
41023,Grant County,hail,11,6,0.6,31,2,,0,0,0
41023,Grant County,thunderstorm_wind,3,2,0.2,5,57,,2000,0,0
41023,Grant County,tornado,1,1,0.1,22,,EF0,0,0,0
41025,Harney County,flood,4,4,0.4,59,,,1000000,0,0
41025,Harney County,hail,2,2,0.2,11,1.75,,0,0,0
41025,Harney County,thunderstorm_wind,11,8,0.8,13,60,,1000000,0,0
41025,Harney County,tornado,2,2,0.2,37,,EF0,0,0,0
41027,Hood River County,hail,1,1,0.1,6,0.5,,0,0,0
41029,Jackson County,flood,3,3,0.3,50,,,0,0,0
41029,Jackson County,hail,9,3,0.3,16,1.75,,0,0,0
41029,Jackson County,thunderstorm_wind,10,7,0.7,12,61,,342000,0,0
41031,Jefferson County,flash_flood,1,1,0.1,11,,,0,0,0
41031,Jefferson County,hail,7,3,0.3,16,1.75,,0,0,0
41031,Jefferson County,thunderstorm_wind,8,4,0.4,9,87,,5000,0,0
41033,Josephine County,flood,2,2,0.2,38,,,0,0,0
41035,Klamath County,flood,4,4,0.4,59,,,20000,0,0
41035,Klamath County,hail,6,4,0.4,21,1.75,,0,0,0
41035,Klamath County,thunderstorm_wind,2,2,0.2,5,58,,0,0,0
41035,Klamath County,tornado,1,1,0.1,22,,EF0,0,0,0
41037,Lake County,flood,1,1,0.1,20,,,0,0,0
41037,Lake County,hail,2,2,0.2,11,1,,0,0,0
41037,Lake County,thunderstorm_wind,1,1,0.1,3,56,,25000,0,0
41039,Lane County,flash_flood,1,1,0.1,11,,,0,0,0
41039,Lane County,flood,17,10,1.0,83,,,35000,0,0
41039,Lane County,hail,2,2,0.2,11,1.25,,0,0,0
41039,Lane County,thunderstorm_wind,5,5,0.5,10,57,,26500,0,0
41041,Lincoln County,flood,7,6,0.6,71,,,0,0,0
41041,Lincoln County,thunderstorm_wind,1,1,0.1,3,51,,0,0,0
41041,Lincoln County,tornado,1,1,0.1,22,,EF0,8000,0,0
41043,Linn County,flood,3,3,0.3,50,,,0,0,0
41043,Linn County,hail,2,2,0.2,11,0.88,,0,0,0
41043,Linn County,thunderstorm_wind,4,2,0.2,5,52,,45500,0,0
41043,Linn County,tornado,2,2,0.2,37,,EF1,240000,0,0
41045,Malheur County,flash_flood,1,1,0.1,11,,,0,0,0
41045,Malheur County,flood,5,5,0.5,66,,,0,0,0
41045,Malheur County,hail,3,2,0.2,11,1,,0,0,0
41045,Malheur County,thunderstorm_wind,12,10,1.0,16,68,,0,0,0
41047,Marion County,flood,6,6,0.6,71,,,0,0,0
41047,Marion County,hail,2,2,0.2,11,1,,0,0,0
41047,Marion County,thunderstorm_wind,2,2,0.2,5,45,,3000,0,0
41047,Marion County,tornado,3,3,0.3,51,,EF0,65200,0,0
41049,Morrow County,flash_flood,1,1,0.1,11,,,0,0,0
41049,Morrow County,flood,2,2,0.2,38,,,5000,0,0
41049,Morrow County,thunderstorm_wind,2,2,0.2,5,52,,0,0,0
41051,Multnomah County,flash_flood,1,1,0.1,11,,,0,0,0
41051,Multnomah County,flood,3,3,0.3,50,,,0,0,0
41051,Multnomah County,thunderstorm_wind,4,3,0.3,7,50,,1500,2,3
41051,Multnomah County,tornado,3,3,0.3,51,,EF0,36000,0,0
41053,Polk County,flood,11,11,1.1,85,,,0,0,0
41053,Polk County,thunderstorm_wind,1,1,0.1,3,70,,0,0,0
41055,Sherman County,hail,1,1,0.1,6,1,,0,0,0
41055,Sherman County,thunderstorm_wind,5,3,0.3,7,79,,0,0,0
41057,Tillamook County,flood,21,15,1.5,89,,,195000,0,0
41057,Tillamook County,hail,1,1,0.1,6,0.75,,0,0,0
41057,Tillamook County,thunderstorm_wind,3,3,0.3,7,69,,24000,0,0
41057,Tillamook County,tornado,3,2,0.2,37,,EF2,1010400,0,0
41059,Umatilla County,flash_flood,1,1,0.1,11,,,0,0,0
41059,Umatilla County,flood,8,7,0.7,75,,,53710000,1,0
41059,Umatilla County,hail,13,8,0.8,41,2,,0,0,0
41059,Umatilla County,thunderstorm_wind,19,12,1.2,20,78,,6000,0,0
41059,Umatilla County,tornado,4,4,0.4,62,,EF1,0,0,0
41061,Union County,flood,3,3,0.3,50,,,1000000,0,0
41061,Union County,hail,13,9,0.9,45,1.75,,0,0,0
41061,Union County,thunderstorm_wind,2,2,0.2,5,52,,5000,0,0
41063,Wallowa County,flash_flood,1,1,0.1,11,,,0,0,0
41063,Wallowa County,flood,4,4,0.4,59,,,179000,0,0
41063,Wallowa County,hail,8,7,0.7,36,2.5,,0,0,4
41063,Wallowa County,thunderstorm_wind,4,3,0.3,7,61,,0,0,0
41063,Wallowa County,tornado,1,1,0.1,22,,EF0,0,0,0
41065,Wasco County,flash_flood,1,1,0.1,11,,,0,0,0
41065,Wasco County,flood,1,1,0.1,20,,,0,0,0
41065,Wasco County,hail,3,3,0.3,16,1.75,,0,0,0
41065,Wasco County,thunderstorm_wind,8,4,0.4,9,100,,10000,0,0
41067,Washington County,flood,11,10,1.0,83,,,14000,1,0
41067,Washington County,hail,2,2,0.2,11,0.9,,0,0,0
41067,Washington County,lightning,1,1,0.1,66,,,6000,0,0
41067,Washington County,thunderstorm_wind,3,3,0.3,7,52,,23000,0,0
41067,Washington County,tornado,1,1,0.1,22,,EF0,100000,0,0
41069,Wheeler County,flash_flood,1,1,0.1,11,,,5000,0,0
41069,Wheeler County,flood,4,4,0.4,59,,,1000000,0,0
41069,Wheeler County,hail,4,4,0.4,21,1.75,,0,0,0
41069,Wheeler County,thunderstorm_wind,1,1,0.1,3,61,,0,0,0
41069,Wheeler County,tornado,1,1,0.1,22,,EF0,0,0,0
41071,Yamhill County,flood,3,3,0.3,50,,,0,0,0
42001,Adams County,flash_flood,4,2,0.2,21,,,0,0,0
42001,Adams County,flood,2,2,0.2,38,,,0,1,0
42001,Adams County,hail,10,7,0.7,36,1.5,,0,0,0
42001,Adams County,thunderstorm_wind,77,49,4.9,85,87,,8450000,0,0
42001,Adams County,tornado,1,1,0.1,22,,EF0,6000,0,0
42003,Allegheny County,flash_flood,282,75,7.5,100,,,14770600,0,1
42003,Allegheny County,flood,45,19,1.9,92,,,169000,0,0
42003,Allegheny County,hail,143,36,3.6,93,2,,0,0,0
42003,Allegheny County,lightning,3,3,0.3,91,,,60000,0,1
42003,Allegheny County,thunderstorm_wind,588,99,9.9,99,78,,11738750,0,5
42003,Allegheny County,tornado,12,8,0.8,89,,EF1,1975000,0,0
42005,Armstrong County,flash_flood,26,13,1.3,84,,,164000,0,0
42005,Armstrong County,flood,10,5,0.5,66,,,31000,0,0
42005,Armstrong County,hail,32,13,1.3,60,1.75,,5000,0,0
42005,Armstrong County,thunderstorm_wind,110,50,5.0,86,78,,2990000,0,1
42005,Armstrong County,tornado,2,2,0.2,37,,EF2,0,0,0
42007,Beaver County,flash_flood,37,17,1.7,91,,,137500,0,0
42007,Beaver County,flood,22,9,0.9,81,,,1098000,0,0
42007,Beaver County,hail,30,11,1.1,53,1.25,,0,0,0
42007,Beaver County,thunderstorm_wind,177,57,5.7,90,70,,9464750,0,0
42007,Beaver County,tornado,9,7,0.7,85,,EF1,35000,0,0
42009,Bedford County,flash_flood,8,6,0.6,57,,,0,0,0
42009,Bedford County,flood,4,2,0.2,38,,,0,0,0
42009,Bedford County,hail,3,2,0.2,11,2.75,,10000,0,0
42009,Bedford County,lightning,1,1,0.1,66,,,1000,0,0
42009,Bedford County,thunderstorm_wind,45,28,2.8,56,70,,267000,0,0
42009,Bedford County,tornado,2,2,0.2,37,,EF1,60000,0,0
42011,Berks County,flash_flood,111,38,3.8,98,,,282000,2,0
42011,Berks County,flood,18,11,1.1,85,,,50000,0,0
42011,Berks County,hail,61,25,2.5,84,2,,0,0,0
42011,Berks County,lightning,6,4,0.4,94,,,10020,0,0
42011,Berks County,thunderstorm_wind,521,112,11.2,99,78,,27000,0,2
42011,Berks County,tornado,8,7,0.7,85,,EF2,0,0,0
42013,Blair County,flash_flood,11,8,0.8,68,,,0,0,0
42013,Blair County,flood,6,6,0.6,71,,,0,0,0
42013,Blair County,hail,7,6,0.6,31,1.5,,0,0,0
42013,Blair County,thunderstorm_wind,102,43,4.3,79,87,,605000,0,0
42015,Bradford County,flash_flood,110,37,3.7,98,,,4474500,0,0
42015,Bradford County,flood,3,3,0.3,50,,,100000,0,0
42015,Bradford County,hail,12,7,0.7,36,1.75,,4000,0,0
42015,Bradford County,lightning,2,2,0.2,85,,,5000,2,2
42015,Bradford County,thunderstorm_wind,134,54,5.4,89,78,,740250,0,1
42015,Bradford County,tornado,5,5,0.5,72,,EF2,620000,0,0
42017,Bucks County,flash_flood,61,33,3.3,98,,,50200000,9,0
42017,Bucks County,flood,11,8,0.8,78,,,10000,0,0
42017,Bucks County,hail,35,11,1.1,53,2,,0,0,0
42017,Bucks County,lightning,8,6,0.6,97,,,21030,0,9
42017,Bucks County,thunderstorm_wind,237,70,7.0,95,95,,5010,0,3
42017,Bucks County,tornado,12,7,0.7,85,,EF3,0,0,12
42019,Butler County,flash_flood,38,17,1.7,91,,,5107000,0,0
42019,Butler County,flood,15,6,0.6,71,,,5016000,0,0
42019,Butler County,hail,79,16,1.6,68,2.5,,500,0,0
42019,Butler County,thunderstorm_wind,218,75,7.5,97,80,,13546100,0,1
42019,Butler County,tornado,9,6,0.6,79,,EF1,100000,0,0
42021,Cambria County,flash_flood,8,4,0.4,41,,,0,0,0
42021,Cambria County,flood,4,4,0.4,59,,,0,0,0
42021,Cambria County,hail,7,5,0.5,26,2,,0,0,0
42021,Cambria County,lightning,1,1,0.1,66,,,10000,0,0
42021,Cambria County,thunderstorm_wind,100,51,5.1,87,104,,721000,0,0
42021,Cambria County,tornado,5,4,0.4,62,,EF1,20000,0,0
42023,Cameron County,hail,1,1,0.1,6,1,,0,0,0
42023,Cameron County,thunderstorm_wind,22,13,1.3,21,83,,85000,0,0
42025,Carbon County,flash_flood,1,1,0.1,11,,,0,0,0
42025,Carbon County,flood,1,1,0.1,20,,,0,0,0
42025,Carbon County,hail,6,5,0.5,26,1.25,,0,0,0
42025,Carbon County,lightning,4,4,0.4,94,,,50000,1,2
42025,Carbon County,thunderstorm_wind,72,36,3.6,70,70,,0,0,0
42025,Carbon County,tornado,1,1,0.1,22,,EF1,0,0,0
42027,Centre County,flash_flood,4,3,0.3,31,,,5000000,0,0
42027,Centre County,flood,4,4,0.4,59,,,0,0,0
42027,Centre County,hail,13,10,1.0,50,1,,20000,0,0
42027,Centre County,lightning,2,2,0.2,85,,,510000,0,0
42027,Centre County,thunderstorm_wind,188,62,6.2,93,96,,1368900,0,0
42027,Centre County,tornado,2,2,0.2,37,,EF1,200000,0,1
42029,Chester County,flash_flood,149,39,3.9,98,,,40150000,1,0
42029,Chester County,flood,15,12,1.2,86,,,0,0,0
42029,Chester County,hail,24,18,1.8,73,1,,0,0,0
42029,Chester County,lightning,3,3,0.3,91,,,750010,1,1
42029,Chester County,thunderstorm_wind,477,106,10.6,99,65,,29000,0,0
42029,Chester County,tornado,2,2,0.2,37,,EF2,500000,0,0
42031,Clarion County,flash_flood,26,15,1.5,88,,,252000,0,0
42031,Clarion County,flood,7,5,0.5,66,,,37000,0,0
42031,Clarion County,hail,22,9,0.9,45,2,,10000,0,0
42031,Clarion County,thunderstorm_wind,131,53,5.3,88,65,,458000,0,0
42031,Clarion County,tornado,8,4,0.4,62,,EF1,113000,0,0
42033,Clearfield County,flash_flood,10,5,0.5,49,,,0,0,0
42033,Clearfield County,flood,4,4,0.4,59,,,0,0,0
42033,Clearfield County,hail,4,3,0.3,16,1,,0,0,0
42033,Clearfield County,lightning,1,1,0.1,66,,,5000,0,0
42033,Clearfield County,thunderstorm_wind,125,57,5.7,90,87,,8456000,0,0
42035,Clinton County,flash_flood,2,2,0.2,21,,,0,0,0
42035,Clinton County,flood,2,2,0.2,38,,,0,0,0
42035,Clinton County,hail,7,6,0.6,31,2,,0,0,0
42035,Clinton County,lightning,1,1,0.1,66,,,5000,0,0
42035,Clinton County,thunderstorm_wind,104,44,4.4,80,87,,663000,2,2
42035,Clinton County,tornado,1,1,0.1,22,,EF1,300000,0,0
42037,Columbia County,flash_flood,7,6,0.6,57,,,0,0,0
42037,Columbia County,flood,1,1,0.1,20,,,0,0,0
42037,Columbia County,hail,4,3,0.3,16,1,,0,0,0
42037,Columbia County,thunderstorm_wind,77,43,4.3,79,87,,419500,0,7
42037,Columbia County,tornado,1,1,0.1,22,,EF2,0,0,0
42039,Crawford County,flash_flood,6,6,0.6,57,,,1845000,0,0
42039,Crawford County,flood,3,3,0.3,50,,,1330000,0,0
42039,Crawford County,hail,26,17,1.7,70,1.75,,0,0,0
42039,Crawford County,thunderstorm_wind,163,71,7.1,96,87,,781000,0,2
42039,Crawford County,tornado,6,4,0.4,62,,EF2,874000,0,1
42041,Cumberland County,flash_flood,4,3,0.3,31,,,0,0,0
42041,Cumberland County,flood,2,2,0.2,38,,,0,0,0
42041,Cumberland County,hail,5,4,0.4,21,1,,0,0,0
42041,Cumberland County,lightning,1,1,0.1,66,,,10000,0,0
42041,Cumberland County,thunderstorm_wind,65,38,3.8,73,74,,296200,0,0
42041,Cumberland County,tornado,2,2,0.2,37,,EF1,7000,0,0
42043,Dauphin County,flash_flood,10,8,0.8,68,,,100000,0,0
42043,Dauphin County,flood,4,3,0.3,50,,,0,1,0
42043,Dauphin County,hail,18,8,0.8,41,1.75,,0,0,0
42043,Dauphin County,lightning,1,1,0.1,66,,,20000,0,0
42043,Dauphin County,thunderstorm_wind,136,60,6.0,92,83,,832000,0,0
42043,Dauphin County,tornado,4,4,0.4,62,,EF1,90000,0,0
42045,Delaware County,flash_flood,105,36,3.6,98,,,30150000,0,0
42045,Delaware County,flood,8,7,0.7,75,,,300000,0,0
42045,Delaware County,hail,26,7,0.7,36,1.5,,0,0,0
42045,Delaware County,lightning,1,1,0.1,66,,,1000,0,0
42045,Delaware County,thunderstorm_wind,161,54,5.4,89,91,,4000,0,1
42045,Delaware County,tornado,1,1,0.1,22,,EF2,0,0,2
42047,Elk County,hail,3,2,0.2,11,1,,0,0,0
42047,Elk County,thunderstorm_wind,67,36,3.6,70,87,,2277000,0,0
42047,Elk County,tornado,7,6,0.6,79,,EF2,375000,0,1
42049,Erie County,flash_flood,6,5,0.5,49,,,3810000,2,0
42049,Erie County,flood,5,5,0.5,66,,,5280000,0,0
42049,Erie County,hail,26,10,1.0,50,2,,32000,0,0
42049,Erie County,thunderstorm_wind,100,47,4.7,83,70,,655700,0,4
42049,Erie County,tornado,4,3,0.3,51,,EF2,610000,0,0
42051,Fayette County,flash_flood,41,22,2.2,95,,,5265000,0,0
42051,Fayette County,flood,20,15,1.5,89,,,368000,0,0
42051,Fayette County,hail,22,11,1.1,53,2,,1201000,0,0
42051,Fayette County,thunderstorm_wind,184,66,6.6,94,72,,2060000,0,0
42051,Fayette County,tornado,9,6,0.6,79,,EF2,1375000,0,6
42053,Forest County,flash_flood,1,1,0.1,11,,,5000,0,0
42053,Forest County,hail,5,3,0.3,16,1.75,,0,0,0
42053,Forest County,thunderstorm_wind,57,35,3.5,69,65,,198000,0,0
42053,Forest County,tornado,5,1,0.1,22,,EF2,25000,0,0
42055,Franklin County,flash_flood,5,4,0.4,41,,,10000,0,0
42055,Franklin County,flood,2,2,0.2,38,,,0,0,0
42055,Franklin County,hail,14,9,0.9,45,1.75,,0,0,0
42055,Franklin County,lightning,1,1,0.1,66,,,10000,0,0
42055,Franklin County,thunderstorm_wind,75,42,4.2,78,83,,450000,0,2
42055,Franklin County,tornado,2,2,0.2,37,,EF2,170000,0,0
42057,Fulton County,flash_flood,6,3,0.3,31,,,0,0,0
42057,Fulton County,flood,7,4,0.4,59,,,0,1,0
42057,Fulton County,hail,6,2,0.2,11,1.5,,0,0,0
42057,Fulton County,lightning,2,2,0.2,85,,,15000,0,0
42057,Fulton County,thunderstorm_wind,23,14,1.4,23,61,,93000,0,0
42057,Fulton County,tornado,4,4,0.4,62,,EF1,66000,0,0
42059,Greene County,flash_flood,20,8,0.8,68,,,19500,0,0
42059,Greene County,flood,18,11,1.1,85,,,12000,0,0
42059,Greene County,hail,9,6,0.6,31,1,,0,0,0
42059,Greene County,thunderstorm_wind,110,44,4.4,80,61,,2856000,1,2
42059,Greene County,tornado,5,5,0.5,72,,EF1,400000,0,0
42061,Huntingdon County,flash_flood,2,2,0.2,21,,,0,0,0
42061,Huntingdon County,flood,3,3,0.3,50,,,0,0,0
42061,Huntingdon County,hail,6,5,0.5,26,1.75,,0,0,0
42061,Huntingdon County,lightning,1,1,0.1,66,,,10000,0,0
42061,Huntingdon County,thunderstorm_wind,89,45,4.5,81,83,,514500,0,36
42061,Huntingdon County,tornado,1,1,0.1,22,,EF1,100000,0,0
42063,Indiana County,flash_flood,21,13,1.3,84,,,43000,0,0
42063,Indiana County,flood,18,10,1.0,83,,,73000,0,0
42063,Indiana County,hail,39,12,1.2,57,2.5,,0,0,0
42063,Indiana County,thunderstorm_wind,161,52,5.2,87,65,,1060500,0,0
42063,Indiana County,tornado,7,6,0.6,79,,EF1,100000,0,0
42065,Jefferson County,flash_flood,13,9,0.9,72,,,28000,0,0
42065,Jefferson County,flood,24,7,0.7,75,,,37000,0,0
42065,Jefferson County,hail,28,14,1.4,63,1.75,,0,0,0
42065,Jefferson County,thunderstorm_wind,126,53,5.3,88,65,,2676000,0,1
42065,Jefferson County,tornado,4,3,0.3,51,,EF2,150000,0,0
42067,Juniata County,flash_flood,2,1,0.1,11,,,0,0,0
42067,Juniata County,flood,1,1,0.1,20,,,0,0,0
42067,Juniata County,hail,5,2,0.2,11,2,,0,0,0
42067,Juniata County,thunderstorm_wind,40,23,2.3,44,96,,181000,0,0
42067,Juniata County,tornado,2,2,0.2,37,,EF1,525000,0,0
42069,Lackawanna County,flash_flood,53,18,1.8,92,,,14298000,2,2
42069,Lackawanna County,flood,4,3,0.3,50,,,20000,0,0
42069,Lackawanna County,hail,20,12,1.2,57,1.75,,0,0,0
42069,Lackawanna County,lightning,7,6,0.6,97,,,27000,0,1
42069,Lackawanna County,thunderstorm_wind,130,55,5.5,89,70,,556000,0,0
42069,Lackawanna County,tornado,6,5,0.5,72,,EF2,145000,0,0
42071,Lancaster County,flash_flood,52,17,1.7,91,,,0,0,0
42071,Lancaster County,flood,12,9,0.9,81,,,10000,1,0
42071,Lancaster County,hail,33,19,1.9,75,1.5,,0,0,0
42071,Lancaster County,lightning,1,1,0.1,66,,,10000,0,0
42071,Lancaster County,thunderstorm_wind,221,86,8.6,98,78,,6125500,2,3
42071,Lancaster County,tornado,7,7,0.7,85,,EF2,8490000,0,3
42073,Lawrence County,flash_flood,49,14,1.4,86,,,1111000,0,0
42073,Lawrence County,flood,14,8,0.8,78,,,59000,0,0
42073,Lawrence County,hail,43,13,1.3,60,2,,0,0,0
42073,Lawrence County,thunderstorm_wind,133,56,5.6,90,70,,750500,0,0
42073,Lawrence County,tornado,1,1,0.1,22,,EF0,0,0,0
42075,Lebanon County,flash_flood,10,7,0.7,62,,,0,0,0
42075,Lebanon County,flood,5,5,0.5,66,,,0,0,0
42075,Lebanon County,hail,12,8,0.8,41,1.25,,0,0,0
42075,Lebanon County,thunderstorm_wind,85,44,4.4,80,70,,358000,0,0
42075,Lebanon County,tornado,2,2,0.2,37,,EF0,0,0,0
42077,Lehigh County,flash_flood,44,19,1.9,93,,,20006000,1,0
42077,Lehigh County,flood,7,6,0.6,71,,,0,0,0
42077,Lehigh County,hail,38,14,1.4,63,2,,0,0,0
42077,Lehigh County,lightning,4,3,0.3,91,,,20010,0,0
42077,Lehigh County,thunderstorm_wind,200,62,6.2,93,61,,12000,0,0
42077,Lehigh County,tornado,5,4,0.4,62,,EF1,0,0,0
42079,Luzerne County,flash_flood,55,20,2.0,94,,,7528000,0,0
42079,Luzerne County,flood,8,6,0.6,71,,,16000,0,0
42079,Luzerne County,hail,22,13,1.3,60,1.75,,3000,0,0
42079,Luzerne County,lightning,7,7,0.7,98,,,64000,1,2
42079,Luzerne County,thunderstorm_wind,153,60,6.0,92,70,,772700,0,1
42079,Luzerne County,tornado,3,3,0.3,51,,EF2,5350000,0,6
42081,Lycoming County,flash_flood,18,9,0.9,72,,,26000000,0,0
42081,Lycoming County,flood,8,8,0.8,78,,,0,0,0
42081,Lycoming County,hail,8,5,0.5,26,3,,0,0,0
42081,Lycoming County,lightning,1,1,0.1,66,,,10000,0,0
42081,Lycoming County,thunderstorm_wind,140,65,6.5,94,87,,1892000,0,2
42081,Lycoming County,tornado,2,2,0.2,37,,EF2,300000,0,1
42083,McKean County,flash_flood,3,3,0.3,31,,,0,0,0
42083,McKean County,flood,1,1,0.1,20,,,0,0,0
42083,McKean County,hail,9,8,0.8,41,1,,0,0,0
42083,McKean County,thunderstorm_wind,71,33,3.3,65,78,,288000,0,0
42085,Mercer County,flash_flood,29,13,1.3,84,,,117000,0,0
42085,Mercer County,flood,8,6,0.6,71,,,11000,0,0
42085,Mercer County,hail,36,13,1.3,60,2.75,,38000,0,0
42085,Mercer County,thunderstorm_wind,211,70,7.0,95,66,,2458000,0,1
42085,Mercer County,tornado,4,4,0.4,62,,EF1,8000,0,0
42087,Mifflin County,flood,1,1,0.1,20,,,0,0,0
42087,Mifflin County,hail,3,2,0.2,11,1.25,,0,0,0
42087,Mifflin County,thunderstorm_wind,60,38,3.8,73,61,,258000,0,0
42087,Mifflin County,tornado,1,1,0.1,22,,EF2,500000,0,0
42089,Monroe County,flash_flood,23,11,1.1,79,,,100000,0,0
42089,Monroe County,hail,4,4,0.4,21,1.5,,0,0,0
42089,Monroe County,lightning,3,3,0.3,91,,,0,0,0
42089,Monroe County,thunderstorm_wind,160,55,5.5,89,60,,5000,0,0
42089,Monroe County,tornado,1,1,0.1,22,,EF1,0,0,0
42091,Montgomery County,flash_flood,104,38,3.8,98,,,60094000,3,0
42091,Montgomery County,flood,16,12,1.2,86,,,0,0,0
42091,Montgomery County,hail,60,23,2.3,82,1.75,,0,0,0
42091,Montgomery County,lightning,5,4,0.4,94,,,11520,0,0
42091,Montgomery County,thunderstorm_wind,351,91,9.1,99,96,,40000,3,1
42091,Montgomery County,tornado,4,4,0.4,62,,EF2,5000000,1,2
42093,Montour County,flash_flood,2,2,0.2,21,,,0,0,0
42093,Montour County,hail,1,1,0.1,6,0.88,,0,0,0
42093,Montour County,thunderstorm_wind,15,11,1.1,18,91,,345000,0,0
42095,Northampton County,flash_flood,46,19,1.9,93,,,50270000,0,0
42095,Northampton County,flood,6,3,0.3,50,,,0,0,0
42095,Northampton County,hail,21,11,1.1,53,1.5,,0,0,0
42095,Northampton County,lightning,7,6,0.6,97,,,2030,0,0
42095,Northampton County,thunderstorm_wind,160,63,6.3,93,70,,12000,0,1
42095,Northampton County,tornado,2,2,0.2,37,,EF1,20000,0,0
42097,Northumberland County,flash_flood,7,4,0.4,41,,,0,0,0
42097,Northumberland County,flood,1,1,0.1,20,,,0,0,0
42097,Northumberland County,hail,8,4,0.4,21,4,,0,0,0
42097,Northumberland County,thunderstorm_wind,83,46,4.6,82,78,,482000,0,0
42097,Northumberland County,tornado,1,1,0.1,22,,EF0,0,0,0
42099,Perry County,flood,2,2,0.2,38,,,0,0,0
42099,Perry County,hail,5,5,0.5,26,1.25,,0,0,0
42099,Perry County,lightning,1,1,0.1,66,,,20000,0,0
42099,Perry County,thunderstorm_wind,73,39,3.9,74,83,,305000,0,1
42099,Perry County,tornado,1,1,0.1,22,,EF1,40000,0,0
42101,Philadelphia County,flash_flood,85,44,4.4,99,,,100000000,0,0
42101,Philadelphia County,flood,16,12,1.2,86,,,10,0,0
42101,Philadelphia County,hail,16,7,0.7,36,1.25,,0,0,0
42101,Philadelphia County,thunderstorm_wind,145,63,6.3,93,62,,67000,2,2
42101,Philadelphia County,tornado,3,2,0.2,37,,EF3,0,0,6
42103,Pike County,flash_flood,5,4,0.4,41,,,92000,0,0
42103,Pike County,hail,4,3,0.3,16,1.5,,2000,0,0
42103,Pike County,thunderstorm_wind,51,24,2.4,47,83,,443500,0,0
42105,Potter County,flash_flood,8,5,0.5,49,,,0,0,0
42105,Potter County,flood,2,2,0.2,38,,,0,0,0
42105,Potter County,hail,3,1,0.1,6,2,,0,0,0
42105,Potter County,lightning,1,1,0.1,66,,,2000,0,0
42105,Potter County,thunderstorm_wind,46,26,2.6,51,61,,151000,0,0
42107,Schuylkill County,flash_flood,9,8,0.8,68,,,0,0,0
42107,Schuylkill County,flood,6,6,0.6,71,,,0,0,0
42107,Schuylkill County,hail,6,2,0.2,11,2,,0,0,0
42107,Schuylkill County,thunderstorm_wind,75,41,4.1,77,70,,317000,0,0
42107,Schuylkill County,tornado,2,2,0.2,37,,EF1,45000,0,0
42109,Snyder County,flood,1,1,0.1,20,,,0,0,0
42109,Snyder County,hail,8,4,0.4,21,2.5,,0,0,0
42109,Snyder County,thunderstorm_wind,57,30,3.0,60,78,,314000,0,1
42109,Snyder County,tornado,3,2,0.2,37,,EF1,24000,0,0
42111,Somerset County,flash_flood,26,8,0.8,68,,,1055000,0,1
42111,Somerset County,flood,12,4,0.4,59,,,0,0,0
42111,Somerset County,hail,1,1,0.1,6,0.75,,0,0,0
42111,Somerset County,thunderstorm_wind,107,44,4.4,80,83,,628000,0,0
42111,Somerset County,tornado,3,2,0.2,37,,EF1,50000,0,0
42113,Sullivan County,flash_flood,9,8,0.8,68,,,7000000,0,0
42113,Sullivan County,flood,5,3,0.3,50,,,0,0,0
42113,Sullivan County,hail,3,3,0.3,16,1,,0,0,0
42113,Sullivan County,thunderstorm_wind,32,19,1.9,34,78,,134000,0,0
42113,Sullivan County,tornado,2,2,0.2,37,,EF1,500000,0,0
42115,Susquehanna County,flash_flood,58,19,1.9,93,,,3016000,0,0
42115,Susquehanna County,flood,2,2,0.2,38,,,5000,0,0
42115,Susquehanna County,hail,14,9,0.9,45,2.75,,11000,0,0
42115,Susquehanna County,lightning,2,2,0.2,85,,,105000,0,0
42115,Susquehanna County,thunderstorm_wind,177,55,5.5,89,87,,1084450,1,0
42115,Susquehanna County,tornado,3,3,0.3,51,,EF1,50000,0,0
42117,Tioga County,flash_flood,8,7,0.7,62,,,300000,0,0
42117,Tioga County,flood,7,4,0.4,59,,,0,0,0
42117,Tioga County,hail,4,3,0.3,16,1.75,,0,0,0
42117,Tioga County,thunderstorm_wind,82,40,4.0,76,87,,433500,0,0
42117,Tioga County,tornado,2,2,0.2,37,,EF1,35000,0,0
42119,Union County,flash_flood,1,1,0.1,11,,,0,0,0
42119,Union County,flood,5,1,0.1,20,,,25000,0,0
42119,Union County,hail,3,2,0.2,11,1.75,,0,0,0
42119,Union County,thunderstorm_wind,36,27,2.7,53,70,,231000,0,1
42119,Union County,tornado,4,2,0.2,37,,EF1,155000,0,0
42121,Venango County,flash_flood,33,17,1.7,91,,,195700,0,0
42121,Venango County,flood,1,1,0.1,20,,,0,0,0
42121,Venango County,hail,14,10,1.0,50,2.75,,0,0,0
42121,Venango County,lightning,1,1,0.1,66,,,100000,0,0
42121,Venango County,thunderstorm_wind,134,57,5.7,90,70,,731500,1,0
42121,Venango County,tornado,3,2,0.2,37,,EF0,15000,0,0
42123,Warren County,flash_flood,3,3,0.3,31,,,1000000,0,0
42123,Warren County,hail,6,4,0.4,21,2.5,,0,0,0
42123,Warren County,thunderstorm_wind,107,46,4.6,82,70,,515500,0,0
42123,Warren County,tornado,5,5,0.5,72,,EF2,1135000,0,0
42125,Washington County,flash_flood,83,27,2.7,96,,,569500,0,0
42125,Washington County,flood,30,18,1.8,92,,,331000,0,0
42125,Washington County,hail,61,18,1.8,73,3,,46000,0,0
42125,Washington County,thunderstorm_wind,241,84,8.4,98,67,,1286000,0,1
42125,Washington County,tornado,15,11,1.1,95,,EF2,8525000,0,0
42127,Wayne County,flash_flood,26,17,1.7,91,,,693000,0,0
42127,Wayne County,flood,2,1,0.1,20,,,10000,0,0
42127,Wayne County,hail,4,3,0.3,16,1,,0,0,0
42127,Wayne County,thunderstorm_wind,64,38,3.8,73,100,,514500,0,0
42127,Wayne County,tornado,2,2,0.2,37,,EF1,70000,0,0
42129,Westmoreland County,flash_flood,135,44,4.4,99,,,3602000,1,0
42129,Westmoreland County,flood,38,19,1.9,92,,,202000,0,0
42129,Westmoreland County,hail,67,28,2.8,88,2,,1200000,0,0
42129,Westmoreland County,lightning,3,3,0.3,91,,,55000,2,0
42129,Westmoreland County,thunderstorm_wind,438,100,10.0,99,77,,3492250,0,8
42129,Westmoreland County,tornado,17,10,1.0,94,,EF2,805000,0,0
42131,Wyoming County,flash_flood,15,9,0.9,72,,,360000,0,0
42131,Wyoming County,flood,6,4,0.4,59,,,260000,0,0
42131,Wyoming County,hail,5,3,0.3,16,2.75,,0,0,0
42131,Wyoming County,thunderstorm_wind,49,26,2.6,51,61,,499000,0,0
42131,Wyoming County,tornado,1,1,0.1,22,,EF0,20000,0,1
42133,York County,flash_flood,37,15,1.5,88,,,0,0,0
42133,York County,flood,2,2,0.2,38,,,0,0,0
42133,York County,hail,28,18,1.8,73,1.75,,0,0,0
42133,York County,lightning,1,1,0.1,66,,,40000,0,0
42133,York County,thunderstorm_wind,211,90,9.0,98,74,,6362000,0,7
42133,York County,tornado,5,4,0.4,62,,EF1,255000,0,0
44001,Bristol County,flash_flood,3,3,0.3,31,,,0,0,0
44001,Bristol County,flood,2,2,0.2,38,,,0,0,0
44001,Bristol County,hail,1,1,0.1,6,1,,0,0,0
44001,Bristol County,lightning,4,3,0.3,91,,,37000,0,0
44001,Bristol County,thunderstorm_wind,4,4,0.4,9,66,,36000,0,0
44003,Kent County,flash_flood,5,3,0.3,31,,,0,0,0
44003,Kent County,flood,13,11,1.1,85,,,5000,0,0
44003,Kent County,hail,4,4,0.4,21,1.25,,0,0,0
44003,Kent County,lightning,1,1,0.1,66,,,2000,0,0
44003,Kent County,thunderstorm_wind,31,20,2.0,37,56,,151600,0,0
44005,Newport County,flash_flood,3,2,0.2,21,,,74000,0,0
44005,Newport County,flood,3,2,0.2,38,,,0,0,0
44005,Newport County,hail,2,2,0.2,11,1,,0,0,0
44005,Newport County,lightning,1,1,0.1,66,,,5000,0,0
44005,Newport County,thunderstorm_wind,8,6,0.6,11,65,,70500,0,0
44005,Newport County,tornado,1,1,0.1,22,,EF0,5000,0,0
44007,Providence County,flash_flood,38,10,1.0,75,,,1069500,0,0
44007,Providence County,flood,42,25,2.5,95,,,46000,0,0
44007,Providence County,hail,10,9,0.9,45,1.75,,0,0,0
44007,Providence County,lightning,6,4,0.4,94,,,80300,0,0
44007,Providence County,thunderstorm_wind,86,35,3.5,69,61,,332000,0,2
44007,Providence County,tornado,6,5,0.5,72,,EF2,1325000,0,1
44009,Washington County,flash_flood,3,2,0.2,21,,,2000,0,0
44009,Washington County,flood,7,5,0.5,66,,,3300,0,0
44009,Washington County,hail,7,6,0.6,31,1.5,,0,0,0
44009,Washington County,lightning,3,3,0.3,91,,,10000,0,0
44009,Washington County,thunderstorm_wind,22,16,1.6,27,59,,48500,0,0
44009,Washington County,tornado,2,1,0.1,22,,EF1,100000,0,0
45001,Abbeville County,flash_flood,1,1,0.1,11,,,50000,0,0
45001,Abbeville County,flood,1,1,0.1,20,,,5000,0,0
45001,Abbeville County,hail,4,3,0.3,16,1.75,,0,0,0
45001,Abbeville County,thunderstorm_wind,23,21,2.1,39,55,,24000,0,0
45001,Abbeville County,tornado,5,5,0.5,72,,EF2,136000,0,1
45003,Aiken County,flash_flood,13,8,0.8,68,,,37100,0,0
45003,Aiken County,flood,1,1,0.1,20,,,500,0,0
45003,Aiken County,hail,44,28,2.8,88,1.75,,890,0,0
45003,Aiken County,lightning,4,4,0.4,94,,,300,0,1
45003,Aiken County,thunderstorm_wind,170,76,7.6,97,70,,134210,0,0
45003,Aiken County,tornado,8,7,0.7,85,,EF3,2000,0,1
45005,Allendale County,hail,4,2,0.2,11,1.75,,0,0,0
45005,Allendale County,lightning,1,1,0.1,66,,,2000,0,0
45005,Allendale County,thunderstorm_wind,45,27,2.7,53,55,,2750,0,0
45005,Allendale County,tornado,4,2,0.2,37,,EF3,0,0,1
45007,Anderson County,flash_flood,4,4,0.4,41,,,851000,1,0
45007,Anderson County,flood,3,3,0.3,50,,,502000,0,0
45007,Anderson County,hail,32,21,2.1,79,2,,0,0,0
45007,Anderson County,lightning,2,2,0.2,85,,,57000,0,0
45007,Anderson County,thunderstorm_wind,99,75,7.5,97,74,,695000,2,0
45007,Anderson County,tornado,7,4,0.4,62,,EF0,3000,0,0
45009,Bamberg County,flash_flood,6,5,0.5,49,,,15000,0,0
45009,Bamberg County,flood,1,1,0.1,20,,,0,0,0
45009,Bamberg County,hail,4,4,0.4,21,1,,10,0,0
45009,Bamberg County,thunderstorm_wind,32,25,2.5,49,61,,0,0,0
45009,Bamberg County,tornado,7,5,0.5,72,,EF3,1800000,0,0
45011,Barnwell County,flash_flood,1,1,0.1,11,,,0,0,0
45011,Barnwell County,flood,1,1,0.1,20,,,100,0,0
45011,Barnwell County,hail,3,3,0.3,16,0.88,,200,0,0
45011,Barnwell County,lightning,1,1,0.1,66,,,2000000,0,0
45011,Barnwell County,thunderstorm_wind,36,28,2.8,56,78,,200,0,0
45011,Barnwell County,tornado,7,3,0.3,51,,EF3,0,0,1
45013,Beaufort County,flash_flood,16,6,0.6,57,,,0,0,0
45013,Beaufort County,flood,3,2,0.2,38,,,10000,0,0
45013,Beaufort County,hail,22,11,1.1,53,2,,0,0,0
45013,Beaufort County,lightning,32,22,2.2,100,,,2049000,0,3
45013,Beaufort County,thunderstorm_wind,250,71,7.1,96,65,,247750,0,2
45013,Beaufort County,tornado,7,4,0.4,62,,EF1,1000000,0,0
45015,Berkeley County,flash_flood,16,5,0.5,49,,,35000,0,0
45015,Berkeley County,flood,2,2,0.2,38,,,20000,0,0
45015,Berkeley County,hail,64,35,3.5,93,2,,0,0,0
45015,Berkeley County,lightning,11,11,1.1,99,,,128000,0,0
45015,Berkeley County,thunderstorm_wind,133,59,5.9,91,74,,15750,0,1
45015,Berkeley County,tornado,6,3,0.3,51,,EF3,0,0,10
45017,Calhoun County,flash_flood,4,2,0.2,21,,,15000,0,0
45017,Calhoun County,flood,1,1,0.1,20,,,0,0,0
45017,Calhoun County,hail,14,9,0.9,45,1.5,,710,0,0
45017,Calhoun County,thunderstorm_wind,54,36,3.6,70,70,,0,0,0
45017,Calhoun County,tornado,13,9,0.9,92,,EF2,0,0,0
45019,Charleston County,flash_flood,94,18,1.8,92,,,275000,1,0
45019,Charleston County,flood,5,5,0.5,66,,,2500,0,0
45019,Charleston County,hail,56,21,2.1,79,1.75,,0,0,0
45019,Charleston County,lightning,25,21,2.1,100,,,624000,0,7
45019,Charleston County,thunderstorm_wind,201,65,6.5,94,83,,205000,0,0
45019,Charleston County,tornado,20,9,0.9,92,,EF1,0,0,0
45021,Cherokee County,flash_flood,4,4,0.4,41,,,111000,0,0
45021,Cherokee County,flood,1,1,0.1,20,,,50000,0,0
45021,Cherokee County,hail,17,13,1.3,60,2,,0,0,0
45021,Cherokee County,lightning,1,1,0.1,66,,,0,0,1
45021,Cherokee County,thunderstorm_wind,48,43,4.3,79,65,,357000,1,0
45021,Cherokee County,tornado,4,3,0.3,51,,EF2,275000,0,0
45023,Chester County,flash_flood,1,1,0.1,11,,,50000,0,0
45023,Chester County,hail,9,8,0.8,41,1.75,,0,0,0
45023,Chester County,lightning,1,1,0.1,66,,,0,1,0
45023,Chester County,thunderstorm_wind,44,37,3.7,72,65,,166000,0,0
45023,Chester County,tornado,4,3,0.3,51,,EF1,125000,0,0
45025,Chesterfield County,flash_flood,24,7,0.7,62,,,14010,0,0
45025,Chesterfield County,hail,41,27,2.7,87,1.75,,950,0,0
45025,Chesterfield County,thunderstorm_wind,102,54,5.4,89,83,,130,0,6
45025,Chesterfield County,tornado,2,2,0.2,37,,EF0,0,0,0
45027,Clarendon County,flash_flood,4,4,0.4,41,,,26000,0,0
45027,Clarendon County,hail,10,9,0.9,45,1.75,,110,0,0
45027,Clarendon County,thunderstorm_wind,95,47,4.7,83,78,,15400,0,0
45027,Clarendon County,tornado,10,9,0.9,92,,EF2,0,0,0
45029,Colleton County,flash_flood,20,7,0.7,62,,,280000,0,0
45029,Colleton County,flood,13,6,0.6,71,,,100000,0,0
45029,Colleton County,hail,14,14,1.4,63,1.75,,0,0,0
45029,Colleton County,lightning,8,8,0.8,98,,,153000,0,1
45029,Colleton County,thunderstorm_wind,456,129,12.9,100,70,,136500,1,2
45029,Colleton County,tornado,14,7,0.7,85,,EF2,0,0,0
45031,Darlington County,flash_flood,8,3,0.3,31,,,1280000,0,0
45031,Darlington County,flood,1,1,0.1,20,,,0,0,0
45031,Darlington County,hail,18,8,0.8,41,3,,1250,0,0
45031,Darlington County,thunderstorm_wind,93,40,4.0,76,65,,266250,0,6
45031,Darlington County,tornado,4,3,0.3,51,,EF1,140000,0,1
45033,Dillon County,flash_flood,8,3,0.3,31,,,2575000,0,0
45033,Dillon County,hail,4,4,0.4,21,1.25,,1750,0,0
45033,Dillon County,thunderstorm_wind,31,24,2.4,47,56,,79500,0,2
45033,Dillon County,tornado,4,2,0.2,37,,EF1,30000,0,0
45035,Dorchester County,flash_flood,24,12,1.2,81,,,795000,0,0
45035,Dorchester County,flood,7,6,0.6,71,,,40000,0,0
45035,Dorchester County,hail,41,18,1.8,73,2,,0,0,0
45035,Dorchester County,lightning,5,4,0.4,94,,,206000,0,0
45035,Dorchester County,thunderstorm_wind,192,62,6.2,93,91,,32750,0,1
45035,Dorchester County,tornado,4,4,0.4,62,,EF1,0,0,0
45037,Edgefield County,flash_flood,7,3,0.3,31,,,40000,0,0
45037,Edgefield County,hail,23,12,1.2,57,2.75,,10,0,0
45037,Edgefield County,lightning,1,1,0.1,66,,,0,0,4
45037,Edgefield County,thunderstorm_wind,75,51,5.1,87,75,,500,0,0
45037,Edgefield County,tornado,3,3,0.3,51,,EF2,0,0,8
45039,Fairfield County,flash_flood,2,2,0.2,21,,,0,0,0
45039,Fairfield County,flood,1,1,0.1,20,,,5000,0,0
45039,Fairfield County,hail,19,13,1.3,60,1,,210,0,0
45039,Fairfield County,thunderstorm_wind,120,66,6.6,94,70,,210,0,0
45039,Fairfield County,tornado,7,4,0.4,62,,EF1,0,0,0
45041,Florence County,flash_flood,18,7,0.7,62,,,3096000,2,0
45041,Florence County,flood,5,4,0.4,59,,,0,0,0
45041,Florence County,hail,10,9,0.9,45,2,,2500,0,0
45041,Florence County,lightning,2,2,0.2,85,,,90000,0,0
45041,Florence County,thunderstorm_wind,90,49,4.9,85,65,,575500,0,0
45041,Florence County,tornado,3,2,0.2,37,,EF0,101000,0,0
45043,Georgetown County,flash_flood,18,10,1.0,75,,,115000,1,0
45043,Georgetown County,flood,2,1,0.1,20,,,0,0,0
45043,Georgetown County,hail,11,9,0.9,45,1.75,,3250,0,0
45043,Georgetown County,lightning,1,1,0.1,66,,,0,1,12
45043,Georgetown County,thunderstorm_wind,49,26,2.6,51,65,,217500,0,1
45043,Georgetown County,tornado,6,3,0.3,51,,EF2,295000,0,1
45045,Greenville County,flash_flood,11,9,0.9,72,,,2421500,0,0
45045,Greenville County,flood,7,7,0.7,75,,,1124000,0,0
45045,Greenville County,hail,69,38,3.8,95,2.5,,0,0,0
45045,Greenville County,lightning,2,2,0.2,85,,,300000,0,1
45045,Greenville County,thunderstorm_wind,121,103,10.3,99,60,,1050000,0,0
45045,Greenville County,tornado,10,8,0.8,89,,EF2,5945000,0,0
45047,Greenwood County,flash_flood,2,2,0.2,21,,,15000,0,0
45047,Greenwood County,flood,2,2,0.2,38,,,14000,0,0
45047,Greenwood County,hail,7,7,0.7,36,1.25,,0,0,0
45047,Greenwood County,thunderstorm_wind,52,47,4.7,83,75,,112000,0,0
45047,Greenwood County,tornado,4,3,0.3,51,,EF1,240000,0,0
45049,Hampton County,flash_flood,6,5,0.5,49,,,130000,0,0
45049,Hampton County,flood,1,1,0.1,20,,,5000,0,0
45049,Hampton County,hail,10,7,0.7,36,2.75,,0,0,0
45049,Hampton County,thunderstorm_wind,118,46,4.6,82,70,,17500,0,0
45049,Hampton County,tornado,4,3,0.3,51,,EF4,0,5,60
45051,Horry County,flash_flood,67,23,2.3,95,,,8480000,3,0
45051,Horry County,flood,5,5,0.5,66,,,0,0,0
45051,Horry County,hail,46,16,1.6,68,2.75,,6000,0,0
45051,Horry County,lightning,15,14,1.4,99,,,7234000,0,5
45051,Horry County,thunderstorm_wind,127,64,6.4,94,64,,282000,0,0
45051,Horry County,tornado,20,14,1.4,98,,EF1,2035500,0,1
45053,Jasper County,flash_flood,11,4,0.4,41,,,135000,0,0
45053,Jasper County,hail,6,6,0.6,31,1.75,,0,0,0
45053,Jasper County,lightning,2,2,0.2,85,,,1000,0,2
45053,Jasper County,thunderstorm_wind,159,79,7.9,97,65,,41750,0,0
45053,Jasper County,tornado,1,1,0.1,22,,EF0,0,0,0
45055,Kershaw County,flash_flood,1,1,0.1,11,,,1000,0,0
45055,Kershaw County,flood,1,1,0.1,20,,,0,0,0
45055,Kershaw County,hail,21,17,1.7,70,2.5,,830,0,0
45055,Kershaw County,lightning,1,1,0.1,66,,,500,0,0
45055,Kershaw County,thunderstorm_wind,105,61,6.1,92,70,,200,0,0
45055,Kershaw County,tornado,1,1,0.1,22,,EF2,0,0,0
45057,Lancaster County,flash_flood,28,9,0.9,72,,,45900,0,0
45057,Lancaster County,flood,6,3,0.3,50,,,500,0,0
45057,Lancaster County,hail,44,27,2.7,87,2,,1040,0,0
45057,Lancaster County,lightning,1,1,0.1,66,,,0,0,0
45057,Lancaster County,thunderstorm_wind,114,53,5.3,88,91,,5020,1,0
45057,Lancaster County,tornado,2,2,0.2,37,,EF2,0,0,0
45059,Laurens County,flash_flood,3,3,0.3,31,,,9000,0,0
45059,Laurens County,flood,1,1,0.1,20,,,10000,0,0
45059,Laurens County,hail,12,8,0.8,41,2,,0,0,0
45059,Laurens County,thunderstorm_wind,59,52,5.2,87,60,,125000,0,0
45059,Laurens County,tornado,9,7,0.7,85,,EF2,370000,0,0
45061,Lee County,flash_flood,1,1,0.1,11,,,2000,0,0
45061,Lee County,hail,6,6,0.6,31,1.75,,200,0,0
45061,Lee County,thunderstorm_wind,43,27,2.7,53,70,,0,0,0
45063,Lexington County,flash_flood,34,17,1.7,91,,,711400,0,0
45063,Lexington County,flood,8,5,0.5,66,,,7400,0,0
45063,Lexington County,hail,73,28,2.8,88,1.75,,2370,0,0
45063,Lexington County,lightning,2,2,0.2,85,,,5000,0,20
45063,Lexington County,thunderstorm_wind,300,107,10.7,99,96,,309080,1,0
45063,Lexington County,tornado,23,12,1.2,97,,EF2,50000,0,1
45065,McCormick County,flash_flood,3,2,0.2,21,,,0,0,0
45065,McCormick County,hail,10,5,0.5,26,1.75,,120,0,0
45065,McCormick County,thunderstorm_wind,66,35,3.5,69,65,,0,0,1
45065,McCormick County,tornado,1,1,0.1,22,,EF1,0,0,0
45067,Marion County,flash_flood,11,6,0.6,57,,,1702000,0,0
45067,Marion County,hail,6,5,0.5,26,1.75,,1500,0,0
45067,Marion County,thunderstorm_wind,46,27,2.7,53,56,,101000,0,0
45067,Marion County,tornado,4,4,0.4,62,,EF1,350000,0,0
45069,Marlboro County,flash_flood,10,3,0.3,31,,,772000,0,0
45069,Marlboro County,flood,1,1,0.1,20,,,2000,0,0
45069,Marlboro County,hail,4,4,0.4,21,1,,750,0,0
45069,Marlboro County,thunderstorm_wind,62,36,3.6,70,91,,544000,0,0
45069,Marlboro County,tornado,1,1,0.1,22,,EF0,2000,0,0
45071,Newberry County,flash_flood,3,2,0.2,21,,,5000,0,0
45071,Newberry County,hail,28,18,1.8,73,2,,5780,0,0
45071,Newberry County,lightning,2,2,0.2,85,,,2000,0,0
45071,Newberry County,thunderstorm_wind,183,87,8.7,98,78,,21200,0,1
45071,Newberry County,tornado,6,5,0.5,72,,EF2,0,0,0
45073,Oconee County,flash_flood,5,5,0.5,49,,,436000,0,0
45073,Oconee County,flood,3,3,0.3,50,,,43000,0,0
45073,Oconee County,hail,37,27,2.7,87,1.25,,0,0,0
45073,Oconee County,lightning,1,1,0.1,66,,,70000,0,0
45073,Oconee County,thunderstorm_wind,84,66,6.6,94,65,,160000,0,0
45073,Oconee County,tornado,4,3,0.3,51,,EF3,100040000,1,5
45075,Orangeburg County,flash_flood,55,16,1.6,90,,,1256600,0,0
45075,Orangeburg County,flood,5,4,0.4,59,,,3100,2,0
45075,Orangeburg County,hail,36,25,2.5,84,1.75,,840,0,0
45075,Orangeburg County,thunderstorm_wind,166,72,7.2,96,96,,10740,1,0
45075,Orangeburg County,tornado,23,13,1.3,97,,EF3,0,2,7
45077,Pickens County,flash_flood,5,4,0.4,41,,,1827000,0,0
45077,Pickens County,flood,3,3,0.3,50,,,510500,0,0
45077,Pickens County,hail,31,20,2.0,77,1.75,,0,0,0
45077,Pickens County,thunderstorm_wind,73,64,6.4,94,65,,465500,2,2
45077,Pickens County,tornado,12,7,0.7,85,,EF2,743000,0,8
45079,Richland County,flash_flood,126,48,4.8,99,,,1412740,0,2
45079,Richland County,flood,9,7,0.7,75,,,11400,0,0
45079,Richland County,hail,46,23,2.3,82,1.75,,1830,0,0
45079,Richland County,lightning,10,8,0.8,98,,,320120,0,2
45079,Richland County,thunderstorm_wind,330,117,11.7,100,87,,22160,1,3
45079,Richland County,tornado,7,6,0.6,79,,EF1,0,0,0
45081,Saluda County,flash_flood,3,2,0.2,21,,,35200,0,0
45081,Saluda County,hail,18,12,1.2,57,2,,330,0,0
45081,Saluda County,thunderstorm_wind,66,37,3.7,72,78,,200000,0,0
45081,Saluda County,tornado,6,4,0.4,62,,EF2,0,0,0
45083,Spartanburg County,flash_flood,7,7,0.7,62,,,632500,1,0
45083,Spartanburg County,flood,8,8,0.8,78,,,513500,0,0
45083,Spartanburg County,hail,49,32,3.2,91,3,,0,0,0
45083,Spartanburg County,lightning,5,5,0.5,96,,,292000,0,0
45083,Spartanburg County,thunderstorm_wind,131,99,9.9,99,65,,212000,0,0
45083,Spartanburg County,tornado,9,8,0.8,89,,EF2,11140000,0,1
45085,Sumter County,flash_flood,25,10,1.0,75,,,97300,0,0
45085,Sumter County,hail,23,18,1.8,73,1.75,,830,0,0
45085,Sumter County,lightning,2,2,0.2,85,,,20000,0,0
45085,Sumter County,thunderstorm_wind,167,74,7.4,96,70,,5840,0,0
45085,Sumter County,tornado,5,2,0.2,37,,EF0,45000,0,0
45087,Union County,hail,9,8,0.8,41,1.75,,0,0,0
45087,Union County,thunderstorm_wind,48,42,4.2,78,75,,126000,0,0
45087,Union County,tornado,6,3,0.3,51,,EF1,60000,1,0
45089,Williamsburg County,flash_flood,3,2,0.2,21,,,301000,0,0
45089,Williamsburg County,flood,1,1,0.1,20,,,0,0,0
45089,Williamsburg County,hail,5,4,0.4,21,1.75,,100,0,0
45089,Williamsburg County,thunderstorm_wind,39,26,2.6,51,74,,191750,0,0
45089,Williamsburg County,tornado,1,1,0.1,22,,EF0,0,0,0
45091,York County,flash_flood,12,11,1.1,79,,,199500,0,0
45091,York County,flood,7,7,0.7,75,,,58500,0,0
45091,York County,hail,32,19,1.9,75,2.75,,25000000,0,0
45091,York County,thunderstorm_wind,71,59,5.9,91,80,,1772500,1,0
45091,York County,tornado,4,4,0.4,62,,EF1,400000,0,0
46003,Aurora County,flash_flood,3,2,0.2,21,,,5000,0,0
46003,Aurora County,flood,13,13,1.3,87,,,4474000,0,0
46003,Aurora County,hail,35,25,2.5,84,2.5,,10000,0,0
46003,Aurora County,thunderstorm_wind,59,28,2.8,56,87,,191500,0,0
46003,Aurora County,tornado,2,2,0.2,37,,EF0,0,0,0
46005,Beadle County,flash_flood,4,4,0.4,41,,,0,0,0
46005,Beadle County,flood,35,31,3.1,97,,,167000,0,0
46005,Beadle County,hail,52,24,2.4,83,2.75,,3000,0,0
46005,Beadle County,thunderstorm_wind,87,38,3.8,73,83,,107500,0,0
46005,Beadle County,tornado,3,2,0.2,37,,EF1,0,0,0
46007,Bennett County,flash_flood,1,1,0.1,11,,,0,0,0
46007,Bennett County,flood,4,4,0.4,59,,,1345000,0,0
46007,Bennett County,hail,53,38,3.8,95,4.25,,35000,0,0
46007,Bennett County,thunderstorm_wind,56,34,3.4,67,70,,5000,0,0
46007,Bennett County,tornado,7,5,0.5,72,,EF1,0,0,0
46009,Bon Homme County,flash_flood,2,2,0.2,21,,,0,0,0
46009,Bon Homme County,flood,78,45,4.5,98,,,2825000,0,0
46009,Bon Homme County,hail,44,25,2.5,84,2,,0,0,0
46009,Bon Homme County,thunderstorm_wind,40,26,2.6,51,96,,1005000,0,0
46009,Bon Homme County,tornado,3,3,0.3,51,,EF0,6000,0,0
46011,Brookings County,flash_flood,15,5,0.5,49,,,70000,0,0
46011,Brookings County,flood,79,55,5.5,99,,,491500,0,0
46011,Brookings County,hail,35,22,2.2,81,1.75,,0,0,0
46011,Brookings County,thunderstorm_wind,65,28,2.8,56,80,,26000,0,0
46011,Brookings County,tornado,6,2,0.2,37,,EF1,0,0,0
46013,Brown County,flash_flood,3,3,0.3,31,,,0,0,0
46013,Brown County,flood,76,55,5.5,99,,,895300,0,0
46013,Brown County,hail,84,36,3.6,93,4,,0,0,0
46013,Brown County,thunderstorm_wind,156,64,6.4,94,113,,0,0,0
46013,Brown County,tornado,6,4,0.4,62,,EF0,0,0,0
46015,Brule County,flash_flood,3,2,0.2,21,,,0,0,0
46015,Brule County,flood,10,9,0.9,81,,,628000,0,0
46015,Brule County,hail,43,23,2.3,82,2.5,,10000,0,0
46015,Brule County,thunderstorm_wind,42,26,2.6,51,74,,10000,0,0
46017,Buffalo County,flash_flood,1,1,0.1,11,,,134000,0,0
46017,Buffalo County,flood,4,4,0.4,59,,,17000,0,0
46017,Buffalo County,hail,7,7,0.7,36,1.75,,0,0,0
46017,Buffalo County,thunderstorm_wind,36,24,2.4,47,70,,0,0,0
46019,Butte County,flash_flood,3,3,0.3,31,,,45000,0,0
46019,Butte County,flood,4,3,0.3,50,,,751000,0,0
46019,Butte County,hail,106,50,5.0,98,4.5,,0,0,0
46019,Butte County,thunderstorm_wind,141,58,5.8,91,94,,21000,0,1
46019,Butte County,tornado,3,2,0.2,37,,EF0,0,0,0
46021,Campbell County,flash_flood,3,3,0.3,31,,,34000,0,0
46021,Campbell County,flood,5,5,0.5,66,,,9700,0,0
46021,Campbell County,hail,22,17,1.7,70,2,,0,0,0
46021,Campbell County,thunderstorm_wind,49,31,3.1,62,70,,0,0,1
46021,Campbell County,tornado,4,3,0.3,51,,EF2,0,0,0
46023,Charles Mix County,flash_flood,8,7,0.7,62,,,67000,0,0
46023,Charles Mix County,flood,42,24,2.4,94,,,3815000,0,0
46023,Charles Mix County,hail,82,36,3.6,93,2.5,,5000,0,0
46023,Charles Mix County,lightning,1,1,0.1,66,,,0,0,0
46023,Charles Mix County,thunderstorm_wind,69,35,3.5,69,100,,99500,0,3
46023,Charles Mix County,tornado,1,1,0.1,22,,,0,0,0
46025,Clark County,flash_flood,1,1,0.1,11,,,0,0,0
46025,Clark County,flood,7,7,0.7,75,,,270800,0,0
46025,Clark County,hail,30,17,1.7,70,2.5,,0,0,0
46025,Clark County,lightning,1,1,0.1,66,,,2000,0,0
46025,Clark County,thunderstorm_wind,48,24,2.4,47,80,,0,0,0
46025,Clark County,tornado,8,5,0.5,72,,EF1,0,0,0
46027,Clay County,flash_flood,4,3,0.3,31,,,0,0,0
46027,Clay County,flood,24,20,2.0,93,,,6970000,0,0
46027,Clay County,hail,28,20,2.0,77,1.75,,0,0,0
46027,Clay County,thunderstorm_wind,30,19,1.9,34,75,,13000,0,0
46027,Clay County,tornado,1,1,0.1,22,,,0,0,0
46029,Codington County,flash_flood,7,5,0.5,49,,,0,0,0
46029,Codington County,flood,58,36,3.6,97,,,621700,0,0
46029,Codington County,hail,54,19,1.9,75,3.75,,0,0,0
46029,Codington County,lightning,1,1,0.1,66,,,100000,0,0
46029,Codington County,thunderstorm_wind,59,26,2.6,51,86,,0,0,0
46029,Codington County,tornado,5,5,0.5,72,,EF2,0,0,0
46031,Corson County,flash_flood,3,3,0.3,31,,,0,0,0
46031,Corson County,flood,18,15,1.5,89,,,0,0,0
46031,Corson County,hail,52,28,2.8,88,2,,0,0,0
46031,Corson County,thunderstorm_wind,110,59,5.9,91,97,,0,0,0
46031,Corson County,tornado,2,2,0.2,37,,EF0,0,0,0
46033,Custer County,flash_flood,5,5,0.5,49,,,1022000,0,0
46033,Custer County,flood,7,7,0.7,75,,,200000,0,0
46033,Custer County,hail,231,98,9.8,100,2.75,,0,0,0
46033,Custer County,thunderstorm_wind,95,57,5.7,90,67,,0,0,0
46033,Custer County,tornado,3,2,0.2,37,,EF1,0,0,0
46035,Davison County,flash_flood,3,3,0.3,31,,,325000,0,0
46035,Davison County,flood,42,39,3.9,98,,,26330000,1,0
46035,Davison County,hail,29,14,1.4,63,1.75,,0,0,0
46035,Davison County,lightning,1,1,0.1,66,,,50000,0,0
46035,Davison County,thunderstorm_wind,48,24,2.4,47,78,,336000,0,0
46037,Day County,flood,9,9,0.9,81,,,254300,0,0
46037,Day County,hail,44,27,2.7,87,2.5,,0,0,0
46037,Day County,thunderstorm_wind,67,25,2.5,49,78,,0,0,0
46037,Day County,tornado,9,6,0.6,79,,EF1,0,0,0
46039,Deuel County,flash_flood,1,1,0.1,11,,,10000,0,0
46039,Deuel County,flood,7,6,0.6,71,,,128700,0,0
46039,Deuel County,hail,20,15,1.5,66,2,,0,0,0
46039,Deuel County,lightning,1,1,0.1,66,,,10000,0,0
46039,Deuel County,thunderstorm_wind,44,25,2.5,49,89,,0,0,0
46039,Deuel County,tornado,17,7,0.7,85,,EF3,0,0,3
46041,Dewey County,flash_flood,2,2,0.2,21,,,0,0,0
46041,Dewey County,flood,7,6,0.6,71,,,198800,0,0
46041,Dewey County,hail,70,34,3.4,92,4,,0,0,0
46041,Dewey County,thunderstorm_wind,82,45,4.5,81,82,,0,0,0
46043,Douglas County,flash_flood,5,4,0.4,41,,,115000,0,0
46043,Douglas County,flood,5,5,0.5,66,,,1273000,0,0
46043,Douglas County,hail,33,14,1.4,63,2.5,,0,0,0
46043,Douglas County,thunderstorm_wind,38,17,1.7,29,76,,255000,0,1
46045,Edmunds County,flash_flood,2,2,0.2,21,,,0,0,0
46045,Edmunds County,flood,5,5,0.5,66,,,39600,0,0
46045,Edmunds County,hail,65,27,2.7,87,2.75,,0,0,0
46045,Edmunds County,thunderstorm_wind,77,38,3.8,73,104,,0,0,0
46045,Edmunds County,tornado,3,2,0.2,37,,EF0,0,0,0
46047,Fall River County,flash_flood,1,1,0.1,11,,,10000,0,0
46047,Fall River County,flood,3,3,0.3,50,,,260000,0,0
46047,Fall River County,hail,117,53,5.3,98,4,,7000,0,0
46047,Fall River County,thunderstorm_wind,120,76,7.6,97,73,,30000,0,0
46047,Fall River County,tornado,1,1,0.1,22,,EF0,0,0,0
46049,Faulk County,flash_flood,1,1,0.1,11,,,0,0,0
46049,Faulk County,flood,5,5,0.5,66,,,271100,0,0
46049,Faulk County,hail,42,21,2.1,79,3.5,,0,0,0
46049,Faulk County,thunderstorm_wind,40,21,2.1,39,87,,0,0,0
46049,Faulk County,tornado,3,2,0.2,37,,EF1,0,0,0
46051,Grant County,flash_flood,2,2,0.2,21,,,0,0,0
46051,Grant County,flood,21,14,1.4,88,,,225800,0,0
46051,Grant County,hail,24,10,1.0,50,2.75,,0,0,0
46051,Grant County,lightning,1,1,0.1,66,,,10000,0,0
46051,Grant County,thunderstorm_wind,24,18,1.8,32,78,,0,0,0
46051,Grant County,tornado,5,3,0.3,51,,EF1,0,0,0
46053,Gregory County,flash_flood,3,2,0.2,21,,,635000,0,0
46053,Gregory County,flood,4,4,0.4,59,,,1937000,0,0
46053,Gregory County,hail,58,29,2.9,89,2.75,,15000,0,0
46053,Gregory County,thunderstorm_wind,51,32,3.2,63,88,,171000,0,0
46053,Gregory County,tornado,5,3,0.3,51,,EF2,7000000,0,2
46055,Haakon County,flash_flood,3,3,0.3,31,,,0,0,0
46055,Haakon County,flood,8,7,0.7,75,,,100000,0,0
46055,Haakon County,hail,60,33,3.3,91,3,,0,0,0
46055,Haakon County,thunderstorm_wind,139,70,7.0,95,81,,1200,0,0
46055,Haakon County,tornado,1,1,0.1,22,,EF0,0,0,0
46057,Hamlin County,flash_flood,2,2,0.2,21,,,0,0,0
46057,Hamlin County,flood,36,30,3.0,96,,,201900,0,0
46057,Hamlin County,hail,49,27,2.7,87,1.75,,0,0,2
46057,Hamlin County,thunderstorm_wind,33,17,1.7,29,80,,0,0,0
46057,Hamlin County,tornado,5,4,0.4,62,,EF2,0,0,2
46059,Hand County,flash_flood,5,3,0.3,31,,,191000,0,0
46059,Hand County,flood,9,9,0.9,81,,,979500,0,0
46059,Hand County,hail,61,30,3.0,89,2.75,,0,0,0
46059,Hand County,thunderstorm_wind,61,29,2.9,58,87,,0,0,0
46059,Hand County,tornado,8,5,0.5,72,,EF2,0,1,0
46061,Hanson County,flood,33,32,3.2,97,,,971000,0,0
46061,Hanson County,hail,12,10,1.0,50,2.75,,0,0,0
46061,Hanson County,thunderstorm_wind,19,15,1.5,25,74,,0,0,0
46063,Harding County,flash_flood,1,1,0.1,11,,,0,0,0
46063,Harding County,flood,4,4,0.4,59,,,100000,0,0
46063,Harding County,hail,113,48,4.8,97,3.6,,0,0,0
46063,Harding County,thunderstorm_wind,139,67,6.7,95,79,,0,0,0
46063,Harding County,tornado,4,1,0.1,22,,EF3,0,0,0
46065,Hughes County,flash_flood,4,4,0.4,41,,,0,0,0
46065,Hughes County,flood,9,9,0.9,81,,,184600,0,0
46065,Hughes County,hail,54,24,2.4,83,4.5,,0,0,0
46065,Hughes County,thunderstorm_wind,92,47,4.7,83,73,,0,0,0
46067,Hutchinson County,flash_flood,5,4,0.4,41,,,5000,0,0
46067,Hutchinson County,flood,59,44,4.4,98,,,2283000,0,0
46067,Hutchinson County,hail,58,27,2.7,87,2.75,,0,0,0
46067,Hutchinson County,lightning,1,1,0.1,66,,,90000,0,0
46067,Hutchinson County,thunderstorm_wind,51,26,2.6,51,93,,155000,0,0
46067,Hutchinson County,tornado,2,2,0.2,37,,EF1,100000,0,0
46069,Hyde County,flash_flood,1,1,0.1,11,,,0,0,0
46069,Hyde County,flood,5,5,0.5,66,,,177800,0,0
46069,Hyde County,hail,29,18,1.8,73,2.75,,0,0,0
46069,Hyde County,thunderstorm_wind,81,36,3.6,70,87,,10000,0,0
46069,Hyde County,tornado,3,2,0.2,37,,EF1,0,0,0
46071,Jackson County,flash_flood,3,3,0.3,31,,,0,0,0
46071,Jackson County,flood,9,9,0.9,81,,,450000,0,0
46071,Jackson County,hail,71,38,3.8,95,4.5,,0,0,0
46071,Jackson County,thunderstorm_wind,201,96,9.6,99,81,,21000,0,0
46071,Jackson County,tornado,1,1,0.1,22,,EF2,0,0,2
46073,Jerauld County,flood,3,3,0.3,50,,,250000,0,0
46073,Jerauld County,hail,25,12,1.2,57,2.25,,0,0,0
46073,Jerauld County,thunderstorm_wind,28,15,1.5,25,70,,112000,0,0
46075,Jones County,flash_flood,1,1,0.1,11,,,0,0,0
46075,Jones County,flood,12,12,1.2,86,,,54400,0,0
46075,Jones County,hail,38,26,2.6,85,2.5,,0,0,0
46075,Jones County,thunderstorm_wind,59,31,3.1,62,104,,0,0,2
46075,Jones County,tornado,2,1,0.1,22,,EF2,0,0,0
46077,Kingsbury County,flash_flood,5,4,0.4,41,,,50000,0,0
46077,Kingsbury County,flood,3,3,0.3,50,,,422000,0,0
46077,Kingsbury County,hail,26,18,1.8,73,1.75,,0,0,0
46077,Kingsbury County,thunderstorm_wind,35,21,2.1,39,87,,45000,0,0
46077,Kingsbury County,tornado,6,3,0.3,51,,EF1,75000,0,0
46079,Lake County,flash_flood,5,4,0.4,41,,,145000,0,0
46079,Lake County,flood,7,6,0.6,71,,,2510000,0,0
46079,Lake County,hail,34,19,1.9,75,2,,0,0,0
46079,Lake County,thunderstorm_wind,28,12,1.2,20,96,,10000,0,0
46079,Lake County,tornado,2,2,0.2,37,,EF0,0,0,0
46081,Lawrence County,flash_flood,5,5,0.5,49,,,499000,0,0
46081,Lawrence County,flood,2,2,0.2,38,,,0,0,0
46081,Lawrence County,hail,179,83,8.3,100,3,,2000000,0,0
46081,Lawrence County,thunderstorm_wind,57,32,3.2,63,79,,0,0,1
46081,Lawrence County,tornado,3,3,0.3,51,,EF2,0,0,0
46083,Lincoln County,flash_flood,16,9,0.9,72,,,10000,0,0
46083,Lincoln County,flood,70,38,3.8,98,,,15422000,1,0
46083,Lincoln County,hail,41,20,2.0,77,1.75,,0,0,0
46083,Lincoln County,thunderstorm_wind,80,22,2.2,42,100,,3281250,0,0
46083,Lincoln County,tornado,8,4,0.4,62,,EF2,8075000,0,8
46085,Lyman County,flash_flood,5,5,0.5,49,,,0,0,0
46085,Lyman County,flood,11,10,1.0,83,,,25500,0,0
46085,Lyman County,hail,67,35,3.5,93,3.5,,0,0,0
46085,Lyman County,thunderstorm_wind,142,61,6.1,92,87,,0,0,0
46085,Lyman County,tornado,3,3,0.3,51,,EF0,0,0,0
46087,McCook County,flash_flood,5,2,0.2,21,,,10000,0,0
46087,McCook County,flood,9,7,0.7,75,,,2945000,0,0
46087,McCook County,hail,34,24,2.4,83,2.75,,0,0,0
46087,McCook County,lightning,1,1,0.1,66,,,45000,0,0
46087,McCook County,thunderstorm_wind,43,22,2.2,42,109,,86000,0,2
46087,McCook County,tornado,1,1,0.1,22,,,0,0,0
46089,McPherson County,flash_flood,2,2,0.2,21,,,54000,0,0
46089,McPherson County,flood,8,8,0.8,78,,,67800,0,0
46089,McPherson County,hail,55,27,2.7,87,2.75,,0,0,0
46089,McPherson County,lightning,1,1,0.1,66,,,1000,0,0
46089,McPherson County,thunderstorm_wind,63,29,2.9,58,87,,0,0,0
46089,McPherson County,tornado,2,2,0.2,37,,EF2,0,0,0
46091,Marshall County,flash_flood,3,3,0.3,31,,,0,0,0
46091,Marshall County,flood,7,7,0.7,75,,,293300,0,0
46091,Marshall County,hail,15,10,1.0,50,2,,0,0,0
46091,Marshall County,thunderstorm_wind,51,25,2.5,49,80,,0,0,0
46091,Marshall County,tornado,4,4,0.4,62,,EF0,0,0,0
46093,Meade County,flash_flood,8,7,0.7,62,,,2789000,0,0
46093,Meade County,flood,9,8,0.8,78,,,285000,0,0
46093,Meade County,hail,280,105,10.5,100,4,,13000,0,0
46093,Meade County,thunderstorm_wind,219,93,9.3,99,100,,36000,0,0
46093,Meade County,tornado,3,3,0.3,51,,EF2,30000,0,0
46095,Mellette County,flash_flood,2,2,0.2,21,,,10000,0,0
46095,Mellette County,flood,3,3,0.3,50,,,0,0,0
46095,Mellette County,hail,44,27,2.7,87,4.5,,0,0,0
46095,Mellette County,thunderstorm_wind,46,34,3.4,67,61,,0,0,0
46097,Miner County,flood,4,4,0.4,59,,,668000,0,0
46097,Miner County,hail,14,11,1.1,53,2.75,,0,0,0
46097,Miner County,thunderstorm_wind,17,15,1.5,25,86,,1000,0,0
46097,Miner County,tornado,2,2,0.2,37,,EF0,0,0,0
46099,Minnehaha County,flash_flood,26,13,1.3,84,,,285000,0,0
46099,Minnehaha County,flood,133,63,6.3,100,,,7470000,0,0
46099,Minnehaha County,hail,102,35,3.5,93,3.5,,500000,0,0
46099,Minnehaha County,thunderstorm_wind,127,33,3.3,65,78,,1456000,2,1
46099,Minnehaha County,tornado,6,4,0.4,62,,EF2,3002000,0,0
46101,Moody County,flash_flood,1,1,0.1,11,,,0,0,0
46101,Moody County,flood,76,45,4.5,98,,,1434000,0,0
46101,Moody County,hail,18,10,1.0,50,2,,0,0,0
46101,Moody County,thunderstorm_wind,41,22,2.2,42,78,,127000,0,0
46102,Oglala Lakota County,flash_flood,5,5,0.5,49,,,2000,0,0
46102,Oglala Lakota County,flood,10,10,1.0,83,,,600000,0,0
46102,Oglala Lakota County,hail,104,55,5.5,98,3.25,,5000,0,0
46102,Oglala Lakota County,thunderstorm_wind,123,76,7.6,97,76,,33000,0,1
46102,Oglala Lakota County,tornado,2,2,0.2,37,,EF0,0,0,0
46103,Pennington County,flash_flood,13,12,1.2,81,,,1450000,0,0
46103,Pennington County,flood,19,18,1.8,92,,,2900000,0,0
46103,Pennington County,hail,631,149,14.9,100,4.5,,0,0,1
46103,Pennington County,lightning,5,4,0.4,94,,,70000,0,2
46103,Pennington County,thunderstorm_wind,278,112,11.2,99,72,,6000,0,1
46103,Pennington County,tornado,4,2,0.2,37,,EF2,100000,0,0
46105,Perkins County,flash_flood,1,1,0.1,11,,,0,0,0
46105,Perkins County,flood,3,3,0.3,50,,,350000,0,0
46105,Perkins County,hail,106,51,5.1,98,2.75,,5000,0,0
46105,Perkins County,thunderstorm_wind,127,66,6.6,94,79,,0,0,0
46105,Perkins County,tornado,3,2,0.2,37,,EF0,0,0,0
46107,Potter County,flash_flood,1,1,0.1,11,,,0,0,0
46107,Potter County,flood,5,5,0.5,66,,,259500,0,0
46107,Potter County,hail,31,23,2.3,82,3,,0,0,0
46107,Potter County,thunderstorm_wind,54,30,3.0,60,79,,0,0,0
46109,Roberts County,flash_flood,3,3,0.3,31,,,50000,0,0
46109,Roberts County,flood,13,13,1.3,87,,,341000,0,0
46109,Roberts County,hail,20,15,1.5,66,1.5,,0,0,0
46109,Roberts County,thunderstorm_wind,76,35,3.5,69,83,,0,0,0
46109,Roberts County,tornado,9,6,0.6,79,,EF1,0,0,0
46111,Sanborn County,flash_flood,1,1,0.1,11,,,0,0,0
46111,Sanborn County,flood,59,37,3.7,98,,,494000,2,0
46111,Sanborn County,hail,17,13,1.3,60,1.75,,0,0,0
46111,Sanborn County,thunderstorm_wind,24,14,1.4,23,78,,15000,0,0
46111,Sanborn County,tornado,1,1,0.1,22,,EF0,0,0,0
46115,Spink County,flood,43,34,3.4,97,,,1280000,1,0
46115,Spink County,hail,51,28,2.8,88,3,,0,0,0
46115,Spink County,thunderstorm_wind,53,30,3.0,60,70,,0,0,0
46115,Spink County,tornado,6,5,0.5,72,,EF1,0,0,0
46117,Stanley County,flash_flood,3,3,0.3,31,,,0,0,0
46117,Stanley County,flood,8,7,0.7,75,,,0,0,0
46117,Stanley County,hail,41,29,2.9,89,2.75,,0,0,0
46117,Stanley County,thunderstorm_wind,86,44,4.4,80,95,,0,0,0
46117,Stanley County,tornado,1,1,0.1,22,,EF0,0,0,0
46119,Sully County,flood,4,4,0.4,59,,,181300,0,0
46119,Sully County,hail,28,15,1.5,66,2.75,,0,0,0
46119,Sully County,thunderstorm_wind,33,21,2.1,39,87,,0,0,0
46119,Sully County,tornado,1,1,0.1,22,,EF0,0,0,0
46121,Todd County,flash_flood,2,2,0.2,21,,,0,0,0
46121,Todd County,flood,3,3,0.3,50,,,600000,0,0
46121,Todd County,hail,70,35,3.5,93,4.5,,0,0,0
46121,Todd County,thunderstorm_wind,120,60,6.0,92,84,,2000,0,0
46121,Todd County,tornado,4,3,0.3,51,,EF2,1010000,0,6
46123,Tripp County,flash_flood,4,4,0.4,41,,,40000,0,0
46123,Tripp County,flood,10,10,1.0,83,,,1000,0,0
46123,Tripp County,hail,62,33,3.3,91,2,,1000,0,0
46123,Tripp County,thunderstorm_wind,106,58,5.8,91,79,,8000,0,0
46123,Tripp County,tornado,4,3,0.3,51,,EF1,25000,0,0
46125,Turner County,flash_flood,3,2,0.2,21,,,0,0,0
46125,Turner County,flood,41,25,2.5,95,,,8450000,0,0
46125,Turner County,hail,36,21,2.1,79,1.75,,0,0,0
46125,Turner County,thunderstorm_wind,43,22,2.2,42,78,,196000,0,0
46125,Turner County,tornado,1,1,0.1,22,,,0,0,0
46127,Union County,flash_flood,2,2,0.2,21,,,0,0,0
46127,Union County,flood,105,57,5.7,99,,,55830000,0,0
46127,Union County,hail,27,20,2.0,77,1.75,,0,0,0
46127,Union County,lightning,1,1,0.1,66,,,2500000,0,0
46127,Union County,thunderstorm_wind,54,25,2.5,49,78,,17000,0,0
46129,Walworth County,flash_flood,2,2,0.2,21,,,3000000,0,0
46129,Walworth County,flood,5,5,0.5,66,,,292300,0,0
46129,Walworth County,hail,46,24,2.4,83,3,,0,0,0
46129,Walworth County,thunderstorm_wind,73,36,3.6,70,87,,0,0,0
46129,Walworth County,tornado,2,2,0.2,37,,EF1,0,0,0
46135,Yankton County,flash_flood,7,4,0.4,41,,,0,0,0
46135,Yankton County,flood,42,30,3.0,96,,,31747000,0,0
46135,Yankton County,hail,45,27,2.7,87,2.75,,0,0,0
46135,Yankton County,thunderstorm_wind,49,22,2.2,42,83,,34000,0,1
46137,Ziebach County,flash_flood,3,3,0.3,31,,,752000,0,0
46137,Ziebach County,flood,8,7,0.7,75,,,300000,0,0
46137,Ziebach County,hail,24,19,1.9,75,2.25,,0,0,0
46137,Ziebach County,thunderstorm_wind,90,50,5.0,86,78,,0,0,2
47001,Anderson County,flash_flood,8,5,0.5,49,,,4000,0,0
47001,Anderson County,flood,3,3,0.3,50,,,600000,0,0
47001,Anderson County,hail,14,7,0.7,36,1.75,,0,0,0
47001,Anderson County,thunderstorm_wind,37,28,2.8,56,60,,0,0,1
47003,Bedford County,flash_flood,7,7,0.7,62,,,315400,0,0
47003,Bedford County,flood,7,5,0.5,66,,,0,0,0
47003,Bedford County,hail,10,9,0.9,45,2,,0,0,0
47003,Bedford County,thunderstorm_wind,113,53,5.3,88,83,,803020,0,0
47003,Bedford County,tornado,7,7,0.7,85,,EF2,1220000,0,0
47005,Benton County,flash_flood,14,11,1.1,79,,,37500,0,0
47005,Benton County,flood,1,1,0.1,20,,,10000,0,0
47005,Benton County,hail,25,14,1.4,63,2,,0,0,0
47005,Benton County,thunderstorm_wind,47,33,3.3,65,75,,1599000,0,0
47005,Benton County,tornado,7,7,0.7,85,,EF2,1143000,1,2
47007,Bledsoe County,flash_flood,10,10,1.0,75,,,850000,0,0
47007,Bledsoe County,flood,1,1,0.1,20,,,0,0,0
47007,Bledsoe County,hail,10,4,0.4,21,1.5,,0,0,0
47007,Bledsoe County,thunderstorm_wind,54,41,4.1,77,70,,0,0,0
47009,Blount County,flash_flood,8,6,0.6,57,,,5000,0,0
47009,Blount County,flood,7,5,0.5,66,,,2751000,0,0
47009,Blount County,hail,23,17,1.7,70,2,,0,0,0
47009,Blount County,thunderstorm_wind,79,54,5.4,89,65,,0,0,1
47009,Blount County,tornado,2,1,0.1,22,,EF0,0,0,0
47011,Bradley County,flash_flood,6,6,0.6,57,,,0,0,0
47011,Bradley County,hail,11,6,0.6,31,2.5,,0,0,0
47011,Bradley County,thunderstorm_wind,53,40,4.0,76,60,,50000,0,0
47011,Bradley County,tornado,4,1,0.1,22,,EF2,0,0,6
47013,Campbell County,flash_flood,6,5,0.5,49,,,6753000,0,0
47013,Campbell County,flood,2,2,0.2,38,,,0,0,0
47013,Campbell County,hail,8,7,0.7,36,1.75,,0,0,0
47013,Campbell County,thunderstorm_wind,54,44,4.4,80,65,,0,0,0
47015,Cannon County,flash_flood,12,10,1.0,75,,,101940,0,0
47015,Cannon County,hail,12,9,0.9,45,1.5,,1000,0,0
47015,Cannon County,thunderstorm_wind,53,28,2.8,56,78,,837000,0,2
47015,Cannon County,tornado,3,3,0.3,51,,EF2,3120000,0,2
47017,Carroll County,flash_flood,12,7,0.7,62,,,90000,0,0
47017,Carroll County,flood,2,2,0.2,38,,,0,0,0
47017,Carroll County,hail,22,13,1.3,60,2.5,,0,0,0
47017,Carroll County,thunderstorm_wind,44,29,2.9,58,74,,463000,0,0
47017,Carroll County,tornado,6,6,0.6,79,,EF2,1560000,0,0
47019,Carter County,flash_flood,14,8,0.8,68,,,63042000,0,0
47019,Carter County,flood,2,2,0.2,38,,,1500000,0,0
47019,Carter County,hail,4,3,0.3,16,1.5,,0,0,0
47019,Carter County,thunderstorm_wind,17,13,1.3,21,74,,0,2,0
47021,Cheatham County,flash_flood,20,14,1.4,86,,,506650,1,0
47021,Cheatham County,flood,6,6,0.6,71,,,5000,1,0
47021,Cheatham County,hail,17,12,1.2,57,2.75,,50000,0,0
47021,Cheatham County,lightning,2,2,0.2,85,,,500000,0,0
47021,Cheatham County,thunderstorm_wind,55,36,3.6,70,78,,666160,0,0
47021,Cheatham County,tornado,3,3,0.3,51,,EF2,2210000,0,1
47023,Chester County,flash_flood,2,2,0.2,21,,,0,0,0
47023,Chester County,flood,2,2,0.2,38,,,80000,0,0
47023,Chester County,hail,18,11,1.1,53,2,,0,0,0
47023,Chester County,lightning,1,1,0.1,66,,,10000,0,0
47023,Chester County,thunderstorm_wind,11,11,1.1,18,55,,60500,0,0
47023,Chester County,tornado,1,1,0.1,22,,EF1,8000,0,0
47025,Claiborne County,flash_flood,7,7,0.7,62,,,1200000,0,0
47025,Claiborne County,flood,5,5,0.5,66,,,0,0,0
47025,Claiborne County,hail,8,7,0.7,36,1.5,,0,0,0
47025,Claiborne County,thunderstorm_wind,56,38,3.8,73,70,,0,1,0
47025,Claiborne County,tornado,2,2,0.2,37,,EF0,0,0,0
47027,Clay County,flash_flood,4,4,0.4,41,,,240640,0,0
47027,Clay County,flood,2,2,0.2,38,,,0,0,0
47027,Clay County,hail,11,7,0.7,36,1.25,,0,0,0
47027,Clay County,lightning,2,2,0.2,85,,,15000,0,1
47027,Clay County,thunderstorm_wind,42,27,2.7,53,74,,390700,0,0
47027,Clay County,tornado,2,2,0.2,37,,EF1,550000,0,0
47029,Cocke County,flash_flood,6,6,0.6,57,,,500000,0,0
47029,Cocke County,flood,6,4,0.4,59,,,24300,2,0
47029,Cocke County,hail,12,8,0.8,41,2,,0,0,0
47029,Cocke County,thunderstorm_wind,45,35,3.5,69,61,,0,0,1
47031,Coffee County,flash_flood,7,6,0.6,57,,,384890,0,0
47031,Coffee County,flood,5,4,0.4,59,,,3000,0,0
47031,Coffee County,hail,23,16,1.6,68,2,,0,0,0
47031,Coffee County,thunderstorm_wind,84,48,4.8,85,74,,811740,0,1
47031,Coffee County,tornado,6,5,0.5,72,,EF1,1160000,0,1
47033,Crockett County,flash_flood,16,10,1.0,75,,,78000,0,0
47033,Crockett County,flood,6,5,0.5,66,,,0,0,0
47033,Crockett County,hail,8,6,0.6,31,1.75,,0,0,0
47033,Crockett County,thunderstorm_wind,16,14,1.4,23,87,,134000,0,0
47033,Crockett County,tornado,2,2,0.2,37,,EF1,160000,0,1
47035,Cumberland County,flash_flood,9,8,0.8,68,,,90000,0,0
47035,Cumberland County,flood,7,7,0.7,75,,,24000,0,0
47035,Cumberland County,hail,12,10,1.0,50,2.25,,0,0,0
47035,Cumberland County,lightning,3,3,0.3,91,,,1000,0,2
47035,Cumberland County,thunderstorm_wind,49,30,3.0,60,83,,4162240,0,1
47035,Cumberland County,tornado,5,5,0.5,72,,EF2,600000,0,0
47037,Davidson County,flash_flood,57,35,3.5,98,,,23920000,5,0
47037,Davidson County,flood,19,17,1.7,91,,,20000,0,0
47037,Davidson County,hail,69,32,3.2,91,2.5,,52000,0,0
47037,Davidson County,lightning,23,20,2.0,100,,,835000,0,4
47037,Davidson County,thunderstorm_wind,419,122,12.2,100,74,,13981000,0,7
47037,Davidson County,tornado,17,8,0.8,89,,EF3,1101550000,5,191
47039,Decatur County,flash_flood,6,4,0.4,41,,,0,0,0
47039,Decatur County,hail,13,7,0.7,36,3,,0,0,0
47039,Decatur County,thunderstorm_wind,17,15,1.5,25,78,,3373500,0,1
47039,Decatur County,tornado,3,3,0.3,51,,EF1,350000,0,0
47041,DeKalb County,flash_flood,3,3,0.3,31,,,20000,0,0
47041,DeKalb County,hail,10,7,0.7,36,1.75,,0,0,0
47041,DeKalb County,thunderstorm_wind,29,21,2.1,39,61,,259900,0,0
47041,DeKalb County,tornado,4,3,0.3,51,,EF1,365000,0,0
47043,Dickson County,flash_flood,27,12,1.2,81,,,1989610,0,0
47043,Dickson County,flood,4,4,0.4,59,,,10000,0,0
47043,Dickson County,hail,30,20,2.0,77,3,,15000,0,0
47043,Dickson County,thunderstorm_wind,80,45,4.5,81,74,,1166500,0,1
47043,Dickson County,tornado,9,6,0.6,79,,EF2,5810000,0,6
47045,Dyer County,flash_flood,7,6,0.6,57,,,36000,0,0
47045,Dyer County,flood,8,5,0.5,66,,,2025000,0,0
47045,Dyer County,hail,14,9,0.9,45,1.75,,0,0,0
47045,Dyer County,thunderstorm_wind,30,22,2.2,42,78,,479000,0,0
47045,Dyer County,tornado,4,4,0.4,62,,EF2,2600000,0,0
47047,Fayette County,flash_flood,3,3,0.3,31,,,0,0,0
47047,Fayette County,flood,3,3,0.3,50,,,0,0,0
47047,Fayette County,hail,29,12,1.2,57,2,,0,0,0
47047,Fayette County,lightning,1,1,0.1,66,,,0,1,0
47047,Fayette County,thunderstorm_wind,45,27,2.7,53,74,,586000,0,0
47047,Fayette County,tornado,4,4,0.4,62,,EF2,140000,2,3
47049,Fentress County,flash_flood,7,6,0.6,57,,,236250,0,0
47049,Fentress County,flood,3,3,0.3,50,,,3000,0,0
47049,Fentress County,hail,7,5,0.5,26,1.75,,25000,0,0
47049,Fentress County,lightning,1,1,0.1,66,,,5000,0,0
47049,Fentress County,thunderstorm_wind,41,28,2.8,56,76,,438960,0,0
47049,Fentress County,tornado,5,4,0.4,62,,EF2,1685000,0,0
47051,Franklin County,flash_flood,15,4,0.4,41,,,0,0,0
47051,Franklin County,hail,12,6,0.6,31,1.75,,0,0,0
47051,Franklin County,thunderstorm_wind,92,34,3.4,67,76,,150400,0,0
47051,Franklin County,tornado,11,11,1.1,95,,EF2,10000,0,0
47053,Gibson County,flash_flood,23,12,1.2,81,,,195000,0,0
47053,Gibson County,flood,3,2,0.2,38,,,10000,0,0
47053,Gibson County,hail,30,19,1.9,75,1.75,,0,0,0
47053,Gibson County,lightning,4,4,0.4,94,,,65000,0,1
47053,Gibson County,thunderstorm_wind,28,21,2.1,39,78,,238000,0,0
47053,Gibson County,tornado,9,8,0.8,89,,EF3,5665000,0,1
47055,Giles County,flash_flood,12,9,0.9,72,,,40000,0,0
47055,Giles County,flood,3,2,0.2,38,,,0,0,0
47055,Giles County,hail,11,8,0.8,41,2.5,,0,0,0
47055,Giles County,lightning,1,1,0.1,66,,,200000,0,0
47055,Giles County,thunderstorm_wind,47,32,3.2,63,78,,863220,1,0
47055,Giles County,tornado,3,3,0.3,51,,EF2,4070000,0,1
47057,Grainger County,flash_flood,1,1,0.1,11,,,0,0,0
47057,Grainger County,flood,3,3,0.3,50,,,700000,0,0
47057,Grainger County,hail,3,2,0.2,11,2.5,,100000,0,0
47057,Grainger County,thunderstorm_wind,33,30,3.0,60,61,,0,0,0
47057,Grainger County,tornado,1,1,0.1,22,,EF1,100000,0,0
47059,Greene County,flash_flood,16,14,1.4,86,,,16000,0,0
47059,Greene County,flood,9,8,0.8,78,,,23425000,1,0
47059,Greene County,hail,20,16,1.6,68,1.75,,0,0,0
47059,Greene County,thunderstorm_wind,51,38,3.8,73,65,,10000,0,4
47061,Grundy County,flash_flood,7,6,0.6,57,,,520000,0,0
47061,Grundy County,flood,1,1,0.1,20,,,0,0,0
47061,Grundy County,hail,3,1,0.1,6,1.75,,10000,0,0
47061,Grundy County,thunderstorm_wind,44,32,3.2,63,87,,986620,0,0
47061,Grundy County,tornado,4,3,0.3,51,,EF2,1550000,0,0
47063,Hamblen County,flash_flood,9,6,0.6,57,,,0,0,0
47063,Hamblen County,flood,4,2,0.2,38,,,12230000,0,0
47063,Hamblen County,hail,3,3,0.3,16,1.25,,0,0,0
47063,Hamblen County,thunderstorm_wind,56,34,3.4,67,78,,5000,0,1
47065,Hamilton County,flash_flood,32,21,2.1,94,,,3292000,2,0
47065,Hamilton County,flood,7,6,0.6,71,,,3002000,0,0
47065,Hamilton County,hail,19,11,1.1,53,1.75,,0,0,0
47065,Hamilton County,lightning,2,2,0.2,85,,,255000,0,0
47065,Hamilton County,thunderstorm_wind,124,74,7.4,96,78,,565000,1,1
47065,Hamilton County,tornado,2,2,0.2,37,,EF3,0,2,18
47067,Hancock County,flash_flood,2,2,0.2,21,,,0,0,0
47067,Hancock County,flood,1,1,0.1,20,,,0,0,0
47067,Hancock County,hail,8,6,0.6,31,1.5,,0,0,0
47067,Hancock County,thunderstorm_wind,22,17,1.7,29,61,,0,0,0
47067,Hancock County,tornado,1,1,0.1,22,,EF1,0,0,0
47069,Hardeman County,flash_flood,7,5,0.5,49,,,60000,0,0
47069,Hardeman County,flood,2,2,0.2,38,,,0,0,0
47069,Hardeman County,hail,14,10,1.0,50,2.75,,5000,0,0
47069,Hardeman County,thunderstorm_wind,34,21,2.1,39,74,,323000,0,0
47069,Hardeman County,tornado,6,5,0.5,72,,EF2,2412000,0,0
47071,Hardin County,flash_flood,9,8,0.8,68,,,45000,0,0
47071,Hardin County,flood,1,1,0.1,20,,,10000,0,0
47071,Hardin County,hail,20,15,1.5,66,1.5,,0,0,0
47071,Hardin County,lightning,1,1,0.1,66,,,25000,0,0
47071,Hardin County,thunderstorm_wind,35,25,2.5,49,78,,2785500,1,1
47071,Hardin County,tornado,8,5,0.5,72,,EF3,4290000,0,0
47073,Hawkins County,flash_flood,10,9,0.9,72,,,202000,0,0
47073,Hawkins County,flood,11,9,0.9,81,,,5000,1,0
47073,Hawkins County,hail,19,11,1.1,53,2,,0,0,0
47073,Hawkins County,thunderstorm_wind,59,48,4.8,85,61,,0,0,0
47075,Haywood County,flash_flood,8,6,0.6,57,,,270000,0,0
47075,Haywood County,flood,4,4,0.4,59,,,0,0,0
47075,Haywood County,hail,8,6,0.6,31,1.5,,0,0,0
47075,Haywood County,thunderstorm_wind,18,16,1.6,27,83,,241500,0,0
47075,Haywood County,tornado,4,4,0.4,62,,EF1,250000,0,0
47077,Henderson County,flash_flood,5,5,0.5,49,,,180000,0,0
47077,Henderson County,flood,3,3,0.3,50,,,15000,0,0
47077,Henderson County,hail,38,21,2.1,79,1.75,,0,0,0
47077,Henderson County,lightning,1,1,0.1,66,,,0,0,1
47077,Henderson County,thunderstorm_wind,33,27,2.7,53,74,,936500,0,0
47077,Henderson County,tornado,5,3,0.3,51,,EF2,4270000,0,1
47079,Henry County,flash_flood,18,9,0.9,72,,,333000,0,0
47079,Henry County,flood,3,2,0.2,38,,,15000,0,0
47079,Henry County,hail,31,17,1.7,70,2,,0,0,0
47079,Henry County,lightning,2,2,0.2,85,,,20000,0,1
47079,Henry County,thunderstorm_wind,64,33,3.3,65,70,,504500,0,0
47079,Henry County,tornado,4,4,0.4,62,,EF3,4665000,0,1
47081,Hickman County,flash_flood,17,9,0.9,72,,,471330,0,0
47081,Hickman County,flood,8,6,0.6,71,,,2000,0,0
47081,Hickman County,hail,16,11,1.1,53,2.25,,0,0,0
47081,Hickman County,lightning,2,2,0.2,85,,,3000,0,0
47081,Hickman County,thunderstorm_wind,59,35,3.5,69,70,,842990,0,1
47081,Hickman County,tornado,9,5,0.5,72,,EF1,895000,0,0
47083,Houston County,flash_flood,7,5,0.5,49,,,617990,0,0
47083,Houston County,hail,1,1,0.1,6,1.25,,0,0,0
47083,Houston County,thunderstorm_wind,29,21,2.1,39,78,,676360,0,0
47083,Houston County,tornado,1,1,0.1,22,,EF0,15000,0,0
47085,Humphreys County,flash_flood,17,7,0.7,62,,,100005000,20,0
47085,Humphreys County,flood,6,4,0.4,59,,,0,0,0
47085,Humphreys County,hail,4,2,0.2,11,1.5,,0,0,0
47085,Humphreys County,thunderstorm_wind,37,22,2.2,42,78,,2782190,0,0
47085,Humphreys County,tornado,7,5,0.5,72,,EF2,685000,0,0
47087,Jackson County,flash_flood,10,8,0.8,68,,,499630,0,0
47087,Jackson County,flood,1,1,0.1,20,,,0,0,0
47087,Jackson County,hail,9,6,0.6,31,2.5,,0,0,0
47087,Jackson County,lightning,2,2,0.2,85,,,125000,0,0
47087,Jackson County,thunderstorm_wind,37,28,2.8,56,61,,209690,0,0
47087,Jackson County,tornado,2,2,0.2,37,,EF2,1005000,0,0
47089,Jefferson County,flash_flood,3,3,0.3,31,,,8000,0,0
47089,Jefferson County,flood,1,1,0.1,20,,,0,0,0
47089,Jefferson County,hail,9,8,0.8,41,1.5,,0,0,0
47089,Jefferson County,thunderstorm_wind,66,46,4.6,82,74,,2000,0,2
47089,Jefferson County,tornado,2,1,0.1,22,,EF0,0,0,0
47091,Johnson County,flash_flood,5,5,0.5,49,,,6500000,1,0
47091,Johnson County,flood,2,2,0.2,38,,,900000,0,0
47091,Johnson County,thunderstorm_wind,14,12,1.2,20,52,,0,0,0
47091,Johnson County,tornado,1,1,0.1,22,,EF0,0,0,0
47093,Knox County,flash_flood,48,26,2.6,96,,,2000,0,0
47093,Knox County,flood,14,10,1.0,83,,,32537000,1,0
47093,Knox County,hail,42,19,1.9,75,1.75,,0,0,0
47093,Knox County,thunderstorm_wind,175,92,9.2,99,63,,102000,1,1
47093,Knox County,tornado,1,1,0.1,22,,EF2,3700000,0,0
47095,Lake County,flash_flood,2,2,0.2,21,,,15000,0,0
47095,Lake County,flood,1,1,0.1,20,,,500000,0,0
47095,Lake County,hail,7,5,0.5,26,1.75,,0,0,0
47095,Lake County,thunderstorm_wind,13,13,1.3,21,70,,135600,0,1
47095,Lake County,tornado,3,2,0.2,37,,EF4,4500000,3,0
47097,Lauderdale County,flash_flood,1,1,0.1,11,,,500,0,0
47097,Lauderdale County,flood,1,1,0.1,20,,,10000,0,0
47097,Lauderdale County,hail,13,11,1.1,53,1.75,,0,0,0
47097,Lauderdale County,thunderstorm_wind,33,22,2.2,42,87,,168500,0,0
47097,Lauderdale County,tornado,8,3,0.3,51,,EF1,240000,0,0
47099,Lawrence County,flash_flood,49,25,2.5,96,,,146000,0,0
47099,Lawrence County,flood,13,12,1.2,86,,,10000,0,0
47099,Lawrence County,hail,24,16,1.6,68,2.75,,1000,0,0
47099,Lawrence County,lightning,4,4,0.4,94,,,550000,0,1
47099,Lawrence County,thunderstorm_wind,169,78,7.8,97,74,,1454000,0,3
47099,Lawrence County,tornado,12,9,0.9,92,,EF1,580000,0,1
47101,Lewis County,flash_flood,1,1,0.1,11,,,0,0,0
47101,Lewis County,hail,13,7,0.7,36,1.75,,0,0,0
47101,Lewis County,thunderstorm_wind,23,22,2.2,42,61,,258000,0,1
47101,Lewis County,tornado,7,5,0.5,72,,EF1,1050000,0,0
47103,Lincoln County,flash_flood,11,4,0.4,41,,,2000,0,0
47103,Lincoln County,flood,4,1,0.1,20,,,0,0,0
47103,Lincoln County,hail,9,5,0.5,26,1.75,,0,0,0
47103,Lincoln County,lightning,2,2,0.2,85,,,110000,0,0
47103,Lincoln County,thunderstorm_wind,179,47,4.7,83,81,,396010,1,0
47103,Lincoln County,tornado,10,6,0.6,79,,EF3,0,0,0
47105,Loudon County,flash_flood,2,2,0.2,21,,,3000,0,0
47105,Loudon County,hail,9,7,0.7,36,2,,0,0,0
47105,Loudon County,thunderstorm_wind,53,36,3.6,70,70,,500000,0,0
47105,Loudon County,tornado,1,1,0.1,22,,EF0,100000,0,3
47107,McMinn County,flash_flood,11,8,0.8,68,,,2000,0,0
47107,McMinn County,flood,1,1,0.1,20,,,0,0,0
47107,McMinn County,hail,6,6,0.6,31,1.75,,0,0,0
47107,McMinn County,thunderstorm_wind,73,51,5.1,87,65,,15000,0,1
47107,McMinn County,tornado,2,2,0.2,37,,EF2,0,0,20
47109,McNairy County,flash_flood,4,2,0.2,21,,,2000000,0,0
47109,McNairy County,flood,1,1,0.1,20,,,0,0,0
47109,McNairy County,hail,13,11,1.1,53,1.25,,0,0,0
47109,McNairy County,lightning,1,1,0.1,66,,,50000,0,0
47109,McNairy County,thunderstorm_wind,26,18,1.8,32,83,,2861000,1,0
47109,McNairy County,tornado,4,3,0.3,51,,EF3,31500000,14,35
47111,Macon County,flash_flood,13,13,1.3,84,,,577000,0,0
47111,Macon County,hail,9,7,0.7,36,1.75,,0,0,0
47111,Macon County,thunderstorm_wind,43,30,3.0,60,78,,509430,0,0
47111,Macon County,tornado,4,4,0.4,62,,EF1,785000,0,0
47113,Madison County,flash_flood,26,16,1.6,90,,,416000,0,0
47113,Madison County,flood,4,4,0.4,59,,,65000,0,0
47113,Madison County,hail,52,27,2.7,87,2.5,,120000,0,0
47113,Madison County,thunderstorm_wind,48,30,3.0,60,70,,438000,0,0
47113,Madison County,tornado,6,5,0.5,72,,EF1,1515000,0,0
47115,Marion County,flash_flood,4,3,0.3,31,,,5000,2,0
47115,Marion County,flood,6,6,0.6,71,,,3517000,0,0
47115,Marion County,hail,18,8,0.8,41,2.5,,0,0,0
47115,Marion County,thunderstorm_wind,82,56,5.6,90,65,,0,0,0
47115,Marion County,tornado,2,2,0.2,37,,EF2,0,0,0
47117,Marshall County,flash_flood,11,10,1.0,75,,,719940,0,0
47117,Marshall County,flood,4,4,0.4,59,,,10000,0,0
47117,Marshall County,hail,18,11,1.1,53,4,,10000,0,0
47117,Marshall County,lightning,1,1,0.1,66,,,2000,0,0
47117,Marshall County,thunderstorm_wind,53,30,3.0,60,87,,1478570,0,0
47117,Marshall County,tornado,6,6,0.6,79,,EF3,1590000,0,0
47119,Maury County,flash_flood,34,19,1.9,93,,,479900,1,1
47119,Maury County,flood,11,8,0.8,78,,,0,0,0
47119,Maury County,hail,26,13,1.3,60,3,,0,0,0
47119,Maury County,lightning,3,3,0.3,91,,,16000,0,0
47119,Maury County,thunderstorm_wind,95,50,5.0,86,70,,1621630,1,3
47119,Maury County,tornado,6,5,0.5,72,,EF3,10810000,1,12
47121,Meigs County,flash_flood,4,4,0.4,41,,,0,0,0
47121,Meigs County,flood,2,2,0.2,38,,,2000,0,0
47121,Meigs County,hail,6,4,0.4,21,1.75,,0,0,0
47121,Meigs County,lightning,1,1,0.1,66,,,2000,0,0
47121,Meigs County,thunderstorm_wind,19,17,1.7,29,61,,0,0,2
47121,Meigs County,tornado,2,2,0.2,37,,EF0,0,0,1
47123,Monroe County,flash_flood,7,7,0.7,62,,,10000000,0,0
47123,Monroe County,flood,2,2,0.2,38,,,0,0,0
47123,Monroe County,hail,14,7,0.7,36,2.75,,0,0,0
47123,Monroe County,thunderstorm_wind,53,43,4.3,79,65,,0,0,0
47123,Monroe County,tornado,2,2,0.2,37,,EF0,50000,0,2
47125,Montgomery County,flash_flood,22,11,1.1,79,,,4020000,0,0
47125,Montgomery County,flood,10,9,0.9,81,,,0,0,0
47125,Montgomery County,hail,16,11,1.1,53,3,,1000,0,0
47125,Montgomery County,lightning,2,2,0.2,85,,,100000,0,0
47125,Montgomery County,thunderstorm_wind,94,55,5.5,89,78,,5329750,0,2
47125,Montgomery County,tornado,7,4,0.4,62,,EF3,28565000,4,64
47127,Moore County,flash_flood,9,4,0.4,41,,,0,0,0
47127,Moore County,flood,1,1,0.1,20,,,0,0,0
47127,Moore County,hail,7,4,0.4,21,1.75,,0,0,0
47127,Moore County,thunderstorm_wind,161,36,3.6,70,60,,100200,0,0
47127,Moore County,tornado,2,2,0.2,37,,EF1,0,0,0
47129,Morgan County,flash_flood,6,6,0.6,57,,,3000,0,0
47129,Morgan County,flood,5,4,0.4,59,,,0,0,0
47129,Morgan County,hail,7,6,0.6,31,1.5,,0,0,0
47129,Morgan County,thunderstorm_wind,40,30,3.0,60,65,,50000,0,0
47129,Morgan County,tornado,4,4,0.4,62,,EF2,510000,2,3
47131,Obion County,flash_flood,11,10,1.0,75,,,6120000,0,0
47131,Obion County,flood,8,4,0.4,59,,,2325000,0,0
47131,Obion County,hail,10,9,0.9,45,1.75,,0,0,0
47131,Obion County,thunderstorm_wind,48,27,2.7,53,78,,3924500,1,0
47131,Obion County,tornado,14,7,0.7,85,,EF2,5795000,1,3
47133,Overton County,flash_flood,10,7,0.7,62,,,241460,0,0
47133,Overton County,flood,4,4,0.4,59,,,0,0,0
47133,Overton County,hail,11,10,1.0,50,1.75,,0,0,0
47133,Overton County,lightning,1,1,0.1,66,,,5000,0,0
47133,Overton County,thunderstorm_wind,74,46,4.6,82,74,,512400,0,0
47133,Overton County,tornado,5,3,0.3,51,,EF1,1530000,0,4
47135,Perry County,flash_flood,11,6,0.6,57,,,20000,0,0
47135,Perry County,flood,6,6,0.6,71,,,0,0,0
47135,Perry County,hail,12,8,0.8,41,3,,10000,0,0
47135,Perry County,thunderstorm_wind,38,30,3.0,60,83,,1695150,0,0
47135,Perry County,tornado,5,5,0.5,72,,EF0,100000,0,0
47137,Pickett County,flash_flood,1,1,0.1,11,,,25000,0,0
47137,Pickett County,flood,1,1,0.1,20,,,0,0,0
47137,Pickett County,hail,7,5,0.5,26,1.75,,0,0,0
47137,Pickett County,thunderstorm_wind,11,9,0.9,15,74,,214500,0,0
47137,Pickett County,tornado,1,1,0.1,22,,EF0,20000,0,0
47139,Polk County,flash_flood,3,2,0.2,21,,,1000,0,0
47139,Polk County,hail,3,3,0.3,16,1.75,,0,0,0
47139,Polk County,thunderstorm_wind,43,32,3.2,63,70,,0,0,0
47139,Polk County,tornado,2,2,0.2,37,,EF3,0,2,0
47141,Putnam County,flash_flood,20,15,1.5,88,,,850000,0,0
47141,Putnam County,flood,7,5,0.5,66,,,20000,0,0
47141,Putnam County,hail,27,12,1.2,57,1.75,,0,0,0
47141,Putnam County,lightning,4,4,0.4,94,,,5175000,0,0
47141,Putnam County,thunderstorm_wind,77,43,4.3,79,83,,2355710,0,0
47141,Putnam County,tornado,8,5,0.5,72,,EF4,100620000,19,87
47143,Rhea County,flash_flood,3,3,0.3,31,,,10000,0,0
47143,Rhea County,flood,1,1,0.1,20,,,0,0,0
47143,Rhea County,hail,7,6,0.6,31,2,,0,0,0
47143,Rhea County,thunderstorm_wind,51,39,3.9,74,61,,0,0,0
47145,Roane County,flash_flood,12,11,1.1,79,,,0,0,0
47145,Roane County,flood,4,4,0.4,59,,,10500000,0,0
47145,Roane County,hail,11,6,0.6,31,1.75,,0,0,0
47145,Roane County,lightning,2,1,0.1,66,,,0,1,1
47145,Roane County,thunderstorm_wind,58,46,4.6,82,72,,0,0,0
47145,Roane County,tornado,2,2,0.2,37,,EF1,50000,0,0
47147,Robertson County,flash_flood,21,17,1.7,91,,,9180000,0,0
47147,Robertson County,flood,5,5,0.5,66,,,0,0,0
47147,Robertson County,hail,39,19,1.9,75,2.5,,0,0,0
47147,Robertson County,lightning,4,3,0.3,91,,,56000,0,0
47147,Robertson County,thunderstorm_wind,122,69,6.9,95,70,,1287530,1,1
47147,Robertson County,tornado,8,4,0.4,62,,EF2,10400000,0,4
47149,Rutherford County,flash_flood,18,14,1.4,86,,,30000,0,0
47149,Rutherford County,flood,13,13,1.3,87,,,5000,0,0
47149,Rutherford County,hail,36,22,2.2,81,2,,0,0,0
47149,Rutherford County,lightning,5,5,0.5,96,,,510000,0,0
47149,Rutherford County,thunderstorm_wind,131,61,6.1,92,78,,3351500,1,2
47149,Rutherford County,tornado,11,9,0.9,92,,EF2,6285000,1,3
47151,Scott County,flash_flood,13,9,0.9,72,,,0,0,0
47151,Scott County,flood,6,6,0.6,71,,,1731000,0,0
47151,Scott County,hail,9,6,0.6,31,1.75,,5000,0,0
47151,Scott County,thunderstorm_wind,50,40,4.0,76,78,,50000,0,0
47151,Scott County,tornado,4,2,0.2,37,,EF2,0,0,0
47153,Sequatchie County,flash_flood,7,6,0.6,57,,,0,0,0
47153,Sequatchie County,flood,3,3,0.3,50,,,100000,0,0
47153,Sequatchie County,hail,6,5,0.5,26,1.25,,0,0,0
47153,Sequatchie County,thunderstorm_wind,38,33,3.3,65,65,,50000,0,0
47153,Sequatchie County,tornado,1,1,0.1,22,,EF2,0,0,2
47155,Sevier County,flash_flood,25,17,1.7,91,,,250000,0,0
47155,Sevier County,flood,13,9,0.9,81,,,3620000,0,0
47155,Sevier County,hail,21,13,1.3,60,1.75,,0,0,0
47155,Sevier County,thunderstorm_wind,70,47,4.7,83,74,,0,0,0
47157,Shelby County,flash_flood,72,43,4.3,99,,,3338500,0,0
47157,Shelby County,flood,7,5,0.5,66,,,20000,0,0
47157,Shelby County,hail,63,31,3.1,90,2,,5000,0,0
47157,Shelby County,lightning,8,8,0.8,98,,,457000,0,2
47157,Shelby County,thunderstorm_wind,183,74,7.4,96,78,,16850500,4,3
47157,Shelby County,tornado,1,1,0.1,22,,EF1,1500000,0,0
47159,Smith County,flash_flood,8,7,0.7,62,,,2020000,0,0
47159,Smith County,flood,4,4,0.4,59,,,0,0,0
47159,Smith County,hail,12,8,0.8,41,2,,0,0,0
47159,Smith County,thunderstorm_wind,83,40,4.0,76,74,,1525600,0,0
47159,Smith County,tornado,6,5,0.5,72,,EF1,5125000,0,0
47161,Stewart County,flash_flood,15,10,1.0,75,,,3030000,0,0
47161,Stewart County,flood,6,6,0.6,71,,,10000,0,0
47161,Stewart County,hail,12,9,0.9,45,3,,0,0,0
47161,Stewart County,lightning,1,1,0.1,66,,,0,1,0
47161,Stewart County,thunderstorm_wind,65,41,4.1,77,74,,471160,0,0
47161,Stewart County,tornado,2,2,0.2,37,,EF2,2500000,0,4
47163,Sullivan County,flash_flood,11,5,0.5,49,,,0,0,0
47163,Sullivan County,flood,9,8,0.8,78,,,5000,0,0
47163,Sullivan County,hail,12,9,0.9,45,1.5,,0,0,0
47163,Sullivan County,thunderstorm_wind,56,40,4.0,76,56,,40000,1,0
47165,Sumner County,flash_flood,37,26,2.6,96,,,12350000,1,1
47165,Sumner County,flood,4,4,0.4,59,,,5000,0,0
47165,Sumner County,hail,42,24,2.4,83,2,,0,0,0
47165,Sumner County,lightning,3,3,0.3,91,,,257000,0,0
47165,Sumner County,thunderstorm_wind,158,71,7.1,96,78,,1420830,0,6
47165,Sumner County,tornado,9,3,0.3,51,,EF2,11595000,0,1
47167,Tipton County,flash_flood,20,16,1.6,90,,,5130000,1,0
47167,Tipton County,flood,3,3,0.3,50,,,10000,0,0
47167,Tipton County,hail,22,15,1.5,66,1.75,,0,0,0
47167,Tipton County,thunderstorm_wind,34,25,2.5,49,83,,350000,0,0
47167,Tipton County,tornado,8,4,0.4,62,,EF3,80615000,1,28
47169,Trousdale County,flash_flood,8,8,0.8,68,,,2015000,0,0
47169,Trousdale County,hail,6,5,0.5,26,1.5,,0,0,0
47169,Trousdale County,thunderstorm_wind,18,14,1.4,23,78,,195220,0,0
47169,Trousdale County,tornado,6,5,0.5,72,,EF2,320000,0,0
47171,Unicoi County,flash_flood,2,2,0.2,21,,,9800000,9,0
47171,Unicoi County,flood,1,1,0.1,20,,,350000,0,0
47171,Unicoi County,hail,2,2,0.2,11,1,,0,0,0
47171,Unicoi County,thunderstorm_wind,8,8,0.8,13,52,,0,0,0
47173,Union County,flash_flood,2,2,0.2,21,,,0,0,0
47173,Union County,flood,3,3,0.3,50,,,0,0,0
47173,Union County,hail,3,3,0.3,16,1,,0,0,0
47173,Union County,thunderstorm_wind,45,29,2.9,58,60,,0,0,0
47175,Van Buren County,flash_flood,4,2,0.2,21,,,5000,1,1
47175,Van Buren County,flood,1,1,0.1,20,,,0,0,0
47175,Van Buren County,hail,4,3,0.3,16,1.5,,0,0,0
47175,Van Buren County,lightning,1,1,0.1,66,,,10000,0,0
47175,Van Buren County,thunderstorm_wind,12,10,1.0,16,83,,606300,0,0
47177,Warren County,flash_flood,3,3,0.3,31,,,541180,0,0
47177,Warren County,hail,9,9,0.9,45,1.25,,0,0,0
47177,Warren County,thunderstorm_wind,49,22,2.2,42,83,,1393980,0,1
47177,Warren County,tornado,3,3,0.3,51,,EF1,65000,0,1
47179,Washington County,flash_flood,11,10,1.0,75,,,39007000,2,0
47179,Washington County,flood,8,4,0.4,59,,,324000,1,0
47179,Washington County,hail,14,8,0.8,41,1.75,,0,0,0
47179,Washington County,thunderstorm_wind,36,25,2.5,49,74,,0,0,0
47181,Wayne County,flash_flood,6,4,0.4,41,,,0,0,0
47181,Wayne County,flood,1,1,0.1,20,,,0,0,0
47181,Wayne County,hail,11,7,0.7,36,2,,0,0,0
47181,Wayne County,thunderstorm_wind,40,31,3.1,62,91,,593000,0,0
47181,Wayne County,tornado,3,3,0.3,51,,EF2,860000,0,3
47183,Weakley County,flash_flood,14,8,0.8,68,,,535000,0,0
47183,Weakley County,flood,4,3,0.3,50,,,15000,0,0
47183,Weakley County,hail,17,12,1.2,57,1.75,,500,0,0
47183,Weakley County,lightning,1,1,0.1,66,,,0,1,0
47183,Weakley County,thunderstorm_wind,54,27,2.7,53,74,,771500,1,0
47183,Weakley County,tornado,7,5,0.5,72,,EF3,6965000,0,32
47185,White County,flash_flood,6,6,0.6,57,,,25000,0,0
47185,White County,flood,6,6,0.6,71,,,0,0,0
47185,White County,hail,11,7,0.7,36,1.75,,25000,0,0
47185,White County,thunderstorm_wind,64,40,4.0,76,83,,4793230,0,0
47185,White County,tornado,5,4,0.4,62,,EF1,170000,0,0
47187,Williamson County,flash_flood,32,20,2.0,94,,,1925000,0,0
47187,Williamson County,flood,16,12,1.2,86,,,10000,0,0
47187,Williamson County,hail,99,29,2.9,89,3,,100000,0,0
47187,Williamson County,lightning,9,9,0.9,98,,,603000,0,0
47187,Williamson County,thunderstorm_wind,205,80,8.0,98,74,,1697420,2,0
47187,Williamson County,tornado,6,6,0.6,79,,EF1,7410000,0,0
47189,Wilson County,flash_flood,32,24,2.4,95,,,1935000,0,0
47189,Wilson County,flood,8,7,0.7,75,,,0,0,0
47189,Wilson County,hail,40,21,2.1,79,3,,0,0,0
47189,Wilson County,lightning,14,14,1.4,99,,,2317000,0,0
47189,Wilson County,thunderstorm_wind,236,73,7.3,96,74,,3621230,0,0
47189,Wilson County,tornado,13,10,1.0,94,,EF3,410530000,3,54
48001,Anderson County,flash_flood,16,8,0.8,68,,,1944000,7,0
48001,Anderson County,flood,4,4,0.4,59,,,0,0,0
48001,Anderson County,hail,45,23,2.3,82,3,,223000,0,0
48001,Anderson County,thunderstorm_wind,39,25,2.5,49,75,,823500,2,0
48001,Anderson County,tornado,1,1,0.1,22,,EF0,50000,0,1
48003,Andrews County,flash_flood,8,6,0.6,57,,,102000,0,0
48003,Andrews County,hail,43,25,2.5,84,2.5,,13000,0,0
48003,Andrews County,thunderstorm_wind,12,11,1.1,18,78,,106000,0,0
48003,Andrews County,tornado,1,1,0.1,22,,EF1,400000,0,0
48005,Angelina County,flash_flood,56,20,2.0,94,,,0,0,0
48005,Angelina County,flood,6,1,0.1,20,,,0,0,0
48005,Angelina County,hail,29,13,1.3,60,1.75,,0,0,0
48005,Angelina County,thunderstorm_wind,57,35,3.5,69,70,,0,2,2
48005,Angelina County,tornado,3,3,0.3,51,,EF1,190000,0,0
48007,Aransas County,flash_flood,20,13,1.3,84,,,810000,0,0
48007,Aransas County,flood,8,7,0.7,75,,,0,0,0
48007,Aransas County,hail,5,3,0.3,16,2.5,,280000,0,0
48007,Aransas County,thunderstorm_wind,9,9,0.9,15,56,,32000,0,0
48007,Aransas County,tornado,3,2,0.2,37,,EF0,80000,0,0
48009,Archer County,flash_flood,8,6,0.6,57,,,10000,0,0
48009,Archer County,flood,1,1,0.1,20,,,0,0,0
48009,Archer County,hail,57,36,3.6,93,3,,0,0,0
48009,Archer County,lightning,2,2,0.2,85,,,900000,0,0
48009,Archer County,thunderstorm_wind,22,13,1.3,21,70,,102500,0,0
48009,Archer County,tornado,3,3,0.3,51,,EF1,0,0,0
48011,Armstrong County,flash_flood,2,2,0.2,21,,,3000,0,0
48011,Armstrong County,flood,6,3,0.3,50,,,5000,0,0
48011,Armstrong County,hail,35,20,2.0,77,4.25,,50000,0,0
48011,Armstrong County,thunderstorm_wind,50,38,3.8,73,72,,45000,0,0
48011,Armstrong County,tornado,9,6,0.6,79,,EF1,50000,0,0
48013,Atascosa County,flash_flood,5,5,0.5,49,,,0,0,0
48013,Atascosa County,hail,32,17,1.7,70,3,,500,0,0
48013,Atascosa County,thunderstorm_wind,9,7,0.7,12,70,,24200,0,0
48015,Austin County,flash_flood,11,7,0.7,62,,,2400000,1,0
48015,Austin County,flood,1,1,0.1,20,,,0,0,0
48015,Austin County,hail,10,7,0.7,36,2.5,,0,0,0
48015,Austin County,thunderstorm_wind,9,8,0.8,13,87,,1037000,0,0
48015,Austin County,tornado,1,1,0.1,22,,EF1,300000,0,0
48017,Bailey County,flash_flood,3,3,0.3,31,,,0,0,0
48017,Bailey County,flood,3,3,0.3,50,,,25000,0,0
48017,Bailey County,hail,24,17,1.7,70,3.1,,425000,0,0
48017,Bailey County,thunderstorm_wind,14,14,1.4,23,71,,252000,0,0
48017,Bailey County,tornado,7,5,0.5,72,,EF2,50000,0,0
48019,Bandera County,flash_flood,25,14,1.4,86,,,0,0,0
48019,Bandera County,hail,47,20,2.0,77,3,,0,0,0
48019,Bandera County,thunderstorm_wind,11,9,0.9,15,61,,74000,0,0
48021,Bastrop County,flash_flood,26,10,1.0,75,,,0,0,0
48021,Bastrop County,flood,2,2,0.2,38,,,1500000,0,0
48021,Bastrop County,hail,51,23,2.3,82,5.5,,5000,0,0
48021,Bastrop County,thunderstorm_wind,26,18,1.8,32,70,,202000,0,0
48021,Bastrop County,tornado,6,4,0.4,62,,EF2,155000,0,0
48023,Baylor County,flash_flood,5,3,0.3,31,,,0,0,0
48023,Baylor County,hail,46,28,2.8,88,3.5,,0,0,0
48023,Baylor County,thunderstorm_wind,32,20,2.0,37,92,,65000,0,0
48023,Baylor County,tornado,6,4,0.4,62,,EF3,700000,0,0
48025,Bee County,flash_flood,8,6,0.6,57,,,55000,0,0
48025,Bee County,flood,2,2,0.2,38,,,0,0,0
48025,Bee County,hail,15,8,0.8,41,2.75,,140000,0,0
48025,Bee County,thunderstorm_wind,19,16,1.6,27,78,,5665000,0,0
48025,Bee County,tornado,1,1,0.1,22,,EF0,1250000,0,0
48027,Bell County,flash_flood,47,23,2.3,95,,,156000,1,0
48027,Bell County,flood,8,5,0.5,66,,,1000,0,0
48027,Bell County,hail,122,44,4.4,97,5.68,,3114000,0,0
48027,Bell County,lightning,3,3,0.3,91,,,272000,0,0
48027,Bell County,thunderstorm_wind,51,24,2.4,47,87,,495500,0,4
48027,Bell County,tornado,9,6,0.6,79,,EF3,7602000,0,55
48029,Bexar County,flash_flood,174,52,5.2,99,,,23200000,18,0
48029,Bexar County,flood,6,4,0.4,59,,,10000,0,0
48029,Bexar County,hail,294,56,5.6,98,5.5,,1360010000,0,0
48029,Bexar County,lightning,3,3,0.3,91,,,1050000,1,0
48029,Bexar County,thunderstorm_wind,95,37,3.7,72,74,,1986000,0,0
48029,Bexar County,tornado,5,3,0.3,51,,EF2,500000,0,0
48031,Blanco County,flash_flood,10,8,0.8,68,,,0,1,0
48031,Blanco County,hail,38,21,2.1,79,6.12,,10000000,0,0
48031,Blanco County,thunderstorm_wind,10,7,0.7,12,78,,19000,0,0
48031,Blanco County,tornado,2,2,0.2,37,,EF1,1000000,0,2
48033,Borden County,flash_flood,1,1,0.1,11,,,75000,0,0
48033,Borden County,hail,29,16,1.6,68,3.5,,400,0,0
48033,Borden County,thunderstorm_wind,36,26,2.6,51,96,,136000,0,0
48033,Borden County,tornado,1,1,0.1,22,,EF0,0,0,0
48035,Bosque County,flash_flood,16,10,1.0,75,,,656000,1,0
48035,Bosque County,flood,2,2,0.2,38,,,0,0,0
48035,Bosque County,hail,59,28,2.8,88,2.76,,406000,0,0
48035,Bosque County,lightning,1,1,0.1,66,,,0,2,0
48035,Bosque County,thunderstorm_wind,10,7,0.7,12,65,,220000,0,0
48035,Bosque County,tornado,5,3,0.3,51,,EF1,300000,0,0
48037,Bowie County,flash_flood,22,14,1.4,86,,,0,0,0
48037,Bowie County,hail,48,26,2.6,85,1.75,,0,0,0
48037,Bowie County,thunderstorm_wind,83,40,4.0,76,83,,511000,0,0
48037,Bowie County,tornado,11,7,0.7,85,,EF3,10205000,0,0
48039,Brazoria County,flash_flood,11,7,0.7,62,,,2000467000,0,0
48039,Brazoria County,hail,16,10,1.0,50,1.75,,2000,0,0
48039,Brazoria County,lightning,3,3,0.3,91,,,5000,0,3
48039,Brazoria County,thunderstorm_wind,48,23,2.3,44,65,,302000,0,0
48039,Brazoria County,tornado,14,10,1.0,94,,EF2,1112000,1,5
48041,Brazos County,flash_flood,8,6,0.6,57,,,500000,0,0
48041,Brazos County,flood,1,1,0.1,20,,,400000,0,0
48041,Brazos County,hail,80,19,1.9,75,3,,20800,0,0
48041,Brazos County,lightning,3,3,0.3,91,,,25300,1,0
48041,Brazos County,thunderstorm_wind,75,36,3.6,70,74,,196400,0,0
48041,Brazos County,tornado,5,5,0.5,72,,EF2,7500000,0,0
48043,Brewster County,flash_flood,13,9,0.9,72,,,100000,0,0
48043,Brewster County,hail,53,33,3.3,91,3.5,,0,0,0
48043,Brewster County,thunderstorm_wind,39,32,3.2,63,87,,76000,0,0
48043,Brewster County,tornado,4,4,0.4,62,,EF0,0,0,0
48045,Briscoe County,flash_flood,1,1,0.1,11,,,0,0,0
48045,Briscoe County,flood,2,2,0.2,38,,,0,0,0
48045,Briscoe County,hail,22,20,2.0,77,6,,125500,0,0
48045,Briscoe County,thunderstorm_wind,39,29,2.9,58,76,,10000,0,0
48045,Briscoe County,tornado,5,4,0.4,62,,,0,0,0
48047,Brooks County,flash_flood,1,1,0.1,11,,,150000,0,0
48047,Brooks County,flood,1,1,0.1,20,,,100000,0,0
48047,Brooks County,hail,4,3,0.3,16,1.75,,0,0,0
48047,Brooks County,thunderstorm_wind,2,2,0.2,5,50,,16000,0,0
48049,Brown County,flash_flood,7,5,0.5,49,,,0,0,0
48049,Brown County,flood,2,2,0.2,38,,,2405000,1,0
48049,Brown County,hail,88,34,3.4,92,3.25,,0,0,0
48049,Brown County,thunderstorm_wind,40,22,2.2,42,82,,10000,0,3
48049,Brown County,tornado,4,2,0.2,37,,EF1,0,0,0
48051,Burleson County,flash_flood,2,1,0.1,11,,,0,0,0
48051,Burleson County,hail,28,13,1.3,60,4.25,,102900,0,0
48051,Burleson County,thunderstorm_wind,22,15,1.5,25,62,,98000,0,0
48051,Burleson County,tornado,3,2,0.2,37,,EF1,130000,0,0
48053,Burnet County,flash_flood,21,11,1.1,79,,,6000000,5,0
48053,Burnet County,flood,2,2,0.2,38,,,30000000,0,0
48053,Burnet County,hail,107,27,2.7,87,4.25,,10007500,0,0
48053,Burnet County,thunderstorm_wind,29,23,2.3,44,70,,193000,0,0
48053,Burnet County,tornado,4,3,0.3,51,,EF1,110000,0,1
48055,Caldwell County,flash_flood,24,13,1.3,84,,,0,2,0
48055,Caldwell County,flood,1,1,0.1,20,,,12850000,0,0
48055,Caldwell County,hail,27,13,1.3,60,2.75,,20000,0,0
48055,Caldwell County,lightning,1,1,0.1,66,,,100000,0,0
48055,Caldwell County,thunderstorm_wind,20,13,1.3,21,74,,339000,0,0
48055,Caldwell County,tornado,4,4,0.4,62,,EF2,20000,0,0
48057,Calhoun County,flash_flood,4,4,0.4,41,,,0,0,0
48057,Calhoun County,flood,3,3,0.3,50,,,1000000,0,0
48057,Calhoun County,thunderstorm_wind,15,10,1.0,16,87,,401750,0,2
48057,Calhoun County,tornado,3,3,0.3,51,,EF1,1018000,0,0
48059,Callahan County,flash_flood,5,5,0.5,49,,,0,0,0
48059,Callahan County,flood,4,4,0.4,59,,,1060000,0,0
48059,Callahan County,hail,58,28,2.8,88,3.25,,0,0,0
48059,Callahan County,thunderstorm_wind,22,17,1.7,29,70,,200000,0,0
48059,Callahan County,tornado,1,1,0.1,22,,,0,0,0
48061,Cameron County,flash_flood,36,15,1.5,88,,,208511000,0,0
48061,Cameron County,flood,33,19,1.9,92,,,5000,0,0
48061,Cameron County,hail,30,8,0.8,41,3.01,,27000,0,0
48061,Cameron County,lightning,3,3,0.3,91,,,7006400,0,0
48061,Cameron County,thunderstorm_wind,72,29,2.9,58,77,,5112500,0,0
48061,Cameron County,tornado,8,8,0.8,89,,EF1,765500,1,11
48063,Camp County,flash_flood,5,4,0.4,41,,,0,0,0
48063,Camp County,hail,15,9,0.9,45,1.75,,0,0,0
48063,Camp County,thunderstorm_wind,23,15,1.5,25,65,,0,1,0
48063,Camp County,tornado,2,2,0.2,37,,EF1,250000,0,3
48065,Carson County,flash_flood,7,5,0.5,49,,,2000,0,0
48065,Carson County,flood,9,7,0.7,75,,,0,0,0
48065,Carson County,hail,132,58,5.8,99,3,,15000,0,0
48065,Carson County,thunderstorm_wind,66,47,4.7,83,85,,137000,0,0
48065,Carson County,tornado,8,7,0.7,85,,EF2,20000,0,0
48067,Cass County,flash_flood,12,8,0.8,68,,,0,0,0
48067,Cass County,flood,1,1,0.1,20,,,0,0,0
48067,Cass County,hail,30,19,1.9,75,2.5,,0,0,0
48067,Cass County,thunderstorm_wind,55,34,3.4,67,78,,0,0,1
48067,Cass County,tornado,12,9,0.9,92,,EF3,4231000,0,0
48069,Castro County,flash_flood,4,4,0.4,41,,,0,0,0
48069,Castro County,flood,1,1,0.1,20,,,0,0,0
48069,Castro County,hail,30,22,2.2,81,3.5,,0,0,0
48069,Castro County,thunderstorm_wind,41,30,3.0,60,74,,268000,0,0
48069,Castro County,tornado,14,7,0.7,85,,EF3,1139000,0,0
48071,Chambers County,flash_flood,17,11,1.1,79,,,80068000,0,0
48071,Chambers County,hail,1,1,0.1,6,2,,0,0,0
48071,Chambers County,lightning,2,2,0.2,85,,,50000,0,0
48071,Chambers County,thunderstorm_wind,6,5,0.5,10,68,,43000,0,0
48071,Chambers County,tornado,4,4,0.4,62,,EF3,50000,0,1
48073,Cherokee County,flash_flood,37,20,2.0,94,,,25000,0,0
48073,Cherokee County,flood,10,7,0.7,75,,,0,0,0
48073,Cherokee County,hail,45,22,2.2,81,4,,0,0,0
48073,Cherokee County,lightning,1,1,0.1,66,,,250000,0,0
48073,Cherokee County,thunderstorm_wind,61,37,3.7,72,83,,10000,0,1
48073,Cherokee County,tornado,13,9,0.9,92,,EF3,12156000,1,20
48075,Childress County,flash_flood,3,3,0.3,31,,,0,0,0
48075,Childress County,flood,3,3,0.3,50,,,20000,0,0
48075,Childress County,hail,45,40,4.0,96,3.25,,2115000,0,0
48075,Childress County,lightning,1,1,0.1,66,,,4500,0,0
48075,Childress County,thunderstorm_wind,42,35,3.5,69,76,,826000,0,0
48077,Clay County,flash_flood,5,3,0.3,31,,,0,0,0
48077,Clay County,flood,2,1,0.1,20,,,0,0,0
48077,Clay County,hail,65,29,2.9,89,3,,0,0,0
48077,Clay County,thunderstorm_wind,11,10,1.0,16,65,,2000,0,0
48077,Clay County,tornado,9,6,0.6,79,,EF1,72000,0,0
48079,Cochran County,flash_flood,3,3,0.3,31,,,0,0,0
48079,Cochran County,hail,16,13,1.3,60,3.25,,0,0,0
48079,Cochran County,thunderstorm_wind,37,29,2.9,58,70,,0,0,0
48079,Cochran County,tornado,9,3,0.3,51,,EF2,5000,0,0
48081,Coke County,flash_flood,1,1,0.1,11,,,0,0,0
48081,Coke County,flood,1,1,0.1,20,,,0,0,0
48081,Coke County,hail,39,22,2.2,81,2.75,,0,0,0
48081,Coke County,thunderstorm_wind,14,13,1.3,21,74,,0,0,0
48081,Coke County,tornado,2,1,0.1,22,,EF3,0,0,0
48083,Coleman County,flash_flood,7,7,0.7,62,,,0,0,0
48083,Coleman County,flood,2,2,0.2,38,,,0,0,0
48083,Coleman County,hail,83,38,3.8,95,4.5,,500000,0,0
48083,Coleman County,thunderstorm_wind,23,18,1.8,32,83,,300,0,0
48083,Coleman County,tornado,4,4,0.4,62,,EF3,0,0,0
48085,Collin County,flash_flood,27,17,1.7,91,,,214000,0,0
48085,Collin County,flood,4,3,0.3,50,,,0,0,0
48085,Collin County,hail,310,62,6.2,99,5.25,,2181322000,0,0
48085,Collin County,lightning,35,26,2.6,100,,,8012500,0,0
48085,Collin County,thunderstorm_wind,108,48,4.8,85,74,,1403250,1,5
48085,Collin County,tornado,9,8,0.8,89,,EF3,1665500,0,2
48087,Collingsworth County,flash_flood,1,1,0.1,11,,,0,0,0
48087,Collingsworth County,flood,2,2,0.2,38,,,0,0,0
48087,Collingsworth County,hail,46,26,2.6,85,5.5,,8000,0,0
48087,Collingsworth County,thunderstorm_wind,31,22,2.2,42,70,,15000,0,0
48087,Collingsworth County,tornado,6,4,0.4,62,,EF0,50000,0,0
48089,Colorado County,flash_flood,6,5,0.5,49,,,2550000,0,0
48089,Colorado County,flood,2,2,0.2,38,,,0,0,0
48089,Colorado County,hail,7,7,0.7,36,1.75,,0,0,0
48089,Colorado County,thunderstorm_wind,14,10,1.0,16,60,,202000,0,0
48089,Colorado County,tornado,2,2,0.2,37,,EF0,0,0,0
48091,Comal County,flash_flood,31,22,2.2,95,,,300000,0,0
48091,Comal County,hail,75,30,3.0,89,2.75,,0,0,0
48091,Comal County,thunderstorm_wind,32,23,2.3,44,87,,417000,0,0
48091,Comal County,tornado,5,5,0.5,72,,EF1,350000,0,0
48093,Comanche County,flash_flood,3,2,0.2,21,,,7000,0,0
48093,Comanche County,flood,2,2,0.2,38,,,0,0,0
48093,Comanche County,hail,18,13,1.3,60,4.25,,1176000,0,0
48093,Comanche County,lightning,2,2,0.2,85,,,15000,0,0
48093,Comanche County,thunderstorm_wind,22,13,1.3,21,68,,404000,0,0
48095,Concho County,flash_flood,3,3,0.3,31,,,0,0,0
48095,Concho County,hail,29,16,1.6,68,4,,0,0,0
48095,Concho County,thunderstorm_wind,12,8,0.8,13,70,,0,0,0
48095,Concho County,tornado,2,2,0.2,37,,EF2,0,0,0
48097,Cooke County,flash_flood,12,7,0.7,62,,,61000,0,0
48097,Cooke County,flood,1,1,0.1,20,,,0,0,0
48097,Cooke County,hail,91,35,3.5,93,3,,1514000,0,0
48097,Cooke County,lightning,2,1,0.1,66,,,100000,0,0
48097,Cooke County,thunderstorm_wind,47,28,2.8,56,71,,328500,0,0
48097,Cooke County,tornado,6,5,0.5,72,,EF3,15030000,7,80
48099,Coryell County,flash_flood,16,12,1.2,81,,,65000,9,3
48099,Coryell County,flood,2,2,0.2,38,,,0,0,0
48099,Coryell County,hail,73,31,3.1,90,4.5,,756000,0,0
48099,Coryell County,thunderstorm_wind,19,17,1.7,29,83,,397500,0,0
48099,Coryell County,tornado,4,4,0.4,62,,EF2,800000,0,0
48101,Cottle County,flood,2,2,0.2,38,,,0,0,0
48101,Cottle County,hail,26,21,2.1,79,4,,11000,0,0
48101,Cottle County,thunderstorm_wind,46,34,3.4,67,83,,99000,0,0
48101,Cottle County,tornado,6,4,0.4,62,,EF0,0,0,0
48103,Crane County,flash_flood,1,1,0.1,11,,,0,0,0
48103,Crane County,hail,18,13,1.3,60,3,,0,0,0
48103,Crane County,thunderstorm_wind,9,8,0.8,13,60,,7000,0,0
48105,Crockett County,flash_flood,3,3,0.3,31,,,0,0,0
48105,Crockett County,flood,3,3,0.3,50,,,0,0,0
48105,Crockett County,hail,38,24,2.4,83,3,,500,0,0
48105,Crockett County,thunderstorm_wind,13,11,1.1,18,74,,0,0,0
48105,Crockett County,tornado,3,3,0.3,51,,EF2,0,0,0
48107,Crosby County,flash_flood,3,3,0.3,31,,,0,0,0
48107,Crosby County,flood,3,3,0.3,50,,,1000,0,0
48107,Crosby County,hail,33,26,2.6,85,2.75,,1130000,0,0
48107,Crosby County,thunderstorm_wind,53,41,4.1,77,87,,5034000,0,0
48107,Crosby County,tornado,6,4,0.4,62,,,0,0,0
48109,Culberson County,flash_flood,2,2,0.2,21,,,5000,0,0
48109,Culberson County,flood,1,1,0.1,20,,,1000,0,0
48109,Culberson County,hail,12,9,0.9,45,2.5,,15000,0,0
48109,Culberson County,thunderstorm_wind,32,25,2.5,49,87,,105000,0,0
48111,Dallam County,flash_flood,1,1,0.1,11,,,0,0,0
48111,Dallam County,flood,2,2,0.2,38,,,0,0,0
48111,Dallam County,hail,74,42,4.2,96,4,,69000,0,0
48111,Dallam County,thunderstorm_wind,32,26,2.6,51,96,,45000,0,0
48111,Dallam County,tornado,10,4,0.4,62,,EF1,3000,0,0
48113,Dallas County,flash_flood,113,47,4.7,99,,,853157000,3,0
48113,Dallas County,flood,8,6,0.6,71,,,500070000,1,0
48113,Dallas County,hail,196,64,6.4,99,4,,4073000,0,0
48113,Dallas County,lightning,12,9,0.9,98,,,1365000,2,0
48113,Dallas County,thunderstorm_wind,140,58,5.8,91,83,,16704500,2,15
48113,Dallas County,tornado,12,8,0.8,89,,EF3,1961217000,0,0
48115,Dawson County,flash_flood,13,7,0.7,62,,,20201500,0,0
48115,Dawson County,hail,16,13,1.3,60,2.25,,0,0,0
48115,Dawson County,thunderstorm_wind,47,27,2.7,53,100,,10503500,0,0
48115,Dawson County,tornado,4,3,0.3,51,,EF1,22500,0,0
48117,Deaf Smith County,flash_flood,4,3,0.3,31,,,0,0,0
48117,Deaf Smith County,flood,6,5,0.5,66,,,1000,0,0
48117,Deaf Smith County,hail,102,45,4.5,97,3.23,,38000,0,0
48117,Deaf Smith County,thunderstorm_wind,58,37,3.7,72,70,,1000,0,0
48117,Deaf Smith County,tornado,4,3,0.3,51,,EF1,95000,0,0
48119,Delta County,flash_flood,7,3,0.3,31,,,12000,0,0
48119,Delta County,hail,8,6,0.6,31,2,,135000,0,0
48119,Delta County,thunderstorm_wind,7,5,0.5,10,70,,196000,0,7
48119,Delta County,tornado,2,1,0.1,22,,EF0,25000,0,0
48121,Denton County,flash_flood,34,21,2.1,94,,,1080000,0,0
48121,Denton County,flood,10,9,0.9,81,,,75000,3,1
48121,Denton County,hail,373,80,8.0,100,5.9,,364289000,0,0
48121,Denton County,lightning,22,14,1.4,99,,,4650000,0,0
48121,Denton County,thunderstorm_wind,139,53,5.3,88,83,,5863000,0,0
48121,Denton County,tornado,10,8,0.8,89,,EF1,6141000,0,0
48123,DeWitt County,flash_flood,9,4,0.4,41,,,0,0,0
48123,DeWitt County,flood,1,1,0.1,20,,,3000000,0,0
48123,DeWitt County,hail,9,6,0.6,31,1.75,,0,0,0
48123,DeWitt County,lightning,1,1,0.1,66,,,50000,0,0
48123,DeWitt County,thunderstorm_wind,9,7,0.7,12,70,,23000,0,0
48125,Dickens County,flash_flood,2,1,0.1,11,,,0,0,0
48125,Dickens County,hail,24,18,1.8,73,6,,650000,0,0
48125,Dickens County,thunderstorm_wind,39,35,3.5,69,78,,111000,0,0
48125,Dickens County,tornado,12,7,0.7,85,,EF1,105000,0,0
48127,Dimmit County,flash_flood,2,2,0.2,21,,,0,0,0
48127,Dimmit County,flood,3,2,0.2,38,,,0,0,0
48127,Dimmit County,hail,10,8,0.8,41,2.75,,0,0,0
48127,Dimmit County,lightning,2,2,0.2,85,,,750000,0,0
48127,Dimmit County,thunderstorm_wind,4,2,0.2,5,61,,42000,0,0
48129,Donley County,flash_flood,1,1,0.1,11,,,0,0,0
48129,Donley County,flood,5,4,0.4,59,,,21000,0,0
48129,Donley County,hail,101,37,3.7,94,4,,43000,0,0
48129,Donley County,thunderstorm_wind,20,13,1.3,21,75,,81000,0,0
48129,Donley County,tornado,10,6,0.6,79,,EF2,350000,0,0
48131,Duval County,flash_flood,5,4,0.4,41,,,100000,0,0
48131,Duval County,flood,1,1,0.1,20,,,100000,0,0
48131,Duval County,hail,13,9,0.9,45,2,,50000,0,0
48131,Duval County,thunderstorm_wind,18,7,0.7,12,74,,345000,0,0
48133,Eastland County,flash_flood,8,5,0.5,49,,,60000,0,0
48133,Eastland County,flood,2,2,0.2,38,,,0,0,0
48133,Eastland County,hail,32,20,2.0,77,3,,1259000,0,0
48133,Eastland County,thunderstorm_wind,20,13,1.3,21,66,,756000,0,0
48133,Eastland County,tornado,3,3,0.3,51,,EF2,100000,0,0
48135,Ector County,flash_flood,48,27,2.7,96,,,1034700,0,0
48135,Ector County,hail,151,50,5.0,98,5,,207126500,0,0
48135,Ector County,thunderstorm_wind,67,39,3.9,74,104,,2103000,0,2
48135,Ector County,tornado,3,3,0.3,51,,EF3,230000,0,0
48137,Edwards County,flash_flood,18,13,1.3,84,,,0,0,0
48137,Edwards County,hail,27,17,1.7,70,3.5,,10000,0,0
48137,Edwards County,thunderstorm_wind,5,5,0.5,10,65,,2000,0,0
48139,Ellis County,flash_flood,26,9,0.9,72,,,80000,0,0
48139,Ellis County,flood,2,2,0.2,38,,,0,0,0
48139,Ellis County,hail,142,37,3.7,94,3.75,,20703000,0,0
48139,Ellis County,thunderstorm_wind,39,23,2.3,44,74,,1050000,1,4
48139,Ellis County,tornado,9,6,0.6,79,,EF2,12575000,0,8
48141,El Paso County,flash_flood,45,39,3.9,98,,,820000,3,0
48141,El Paso County,hail,37,15,1.5,66,2,,300300000,0,0
48141,El Paso County,thunderstorm_wind,30,17,1.7,29,71,,66000,0,0
48141,El Paso County,tornado,1,1,0.1,22,,EF0,0,0,0
48143,Erath County,flash_flood,4,4,0.4,41,,,60000,3,1
48143,Erath County,flood,4,3,0.3,50,,,15000,0,0
48143,Erath County,hail,49,23,2.3,82,2.75,,743000,0,0
48143,Erath County,thunderstorm_wind,15,10,1.0,16,74,,289000,0,0
48143,Erath County,tornado,4,3,0.3,51,,EF1,1630000,0,0
48145,Falls County,flash_flood,7,4,0.4,41,,,55000,0,0
48145,Falls County,flood,3,3,0.3,50,,,0,1,0
48145,Falls County,hail,20,10,1.0,50,2.5,,285000,0,0
48145,Falls County,lightning,1,1,0.1,66,,,1000,0,0
48145,Falls County,thunderstorm_wind,19,12,1.2,20,70,,845000,0,0
48145,Falls County,tornado,5,3,0.3,51,,EF1,201500,0,0
48147,Fannin County,flash_flood,8,6,0.6,57,,,52000,0,0
48147,Fannin County,flood,6,4,0.4,59,,,0,0,0
48147,Fannin County,hail,61,34,3.4,92,2.25,,163000,0,0
48147,Fannin County,lightning,1,1,0.1,66,,,20000,0,0
48147,Fannin County,thunderstorm_wind,49,25,2.5,49,87,,3363500,0,0
48147,Fannin County,tornado,10,6,0.6,79,,EF2,1225000,0,1
48149,Fayette County,flash_flood,21,8,0.8,68,,,0,0,0
48149,Fayette County,flood,2,2,0.2,38,,,50000000,0,0
48149,Fayette County,hail,31,13,1.3,60,2.75,,50000,0,0
48149,Fayette County,thunderstorm_wind,18,10,1.0,16,74,,139000,0,0
48149,Fayette County,tornado,4,2,0.2,37,,EF2,4160000,0,0
48151,Fisher County,flash_flood,8,6,0.6,57,,,0,0,0
48151,Fisher County,flood,2,2,0.2,38,,,0,0,0
48151,Fisher County,hail,36,20,2.0,77,3,,0,0,0
48151,Fisher County,thunderstorm_wind,30,22,2.2,42,87,,0,0,0
48151,Fisher County,tornado,5,5,0.5,72,,EF0,0,0,0
48153,Floyd County,flood,2,2,0.2,38,,,0,0,0
48153,Floyd County,hail,39,32,3.2,91,5.2,,25000,0,0
48153,Floyd County,thunderstorm_wind,23,22,2.2,42,64,,1000,0,0
48153,Floyd County,tornado,4,3,0.3,51,,,0,0,0
48155,Foard County,flash_flood,3,2,0.2,21,,,0,0,0
48155,Foard County,hail,24,18,1.8,73,3.5,,0,0,0
48155,Foard County,thunderstorm_wind,21,17,1.7,29,70,,15000,0,0
48155,Foard County,tornado,4,1,0.1,22,,EF0,0,0,0
48157,Fort Bend County,flash_flood,23,15,1.5,88,,,8001123000,3,0
48157,Fort Bend County,hail,24,8,0.8,41,2.75,,50000,0,0
48157,Fort Bend County,lightning,5,4,0.4,94,,,158000,0,0
48157,Fort Bend County,thunderstorm_wind,34,19,1.9,34,67,,240300,0,0
48157,Fort Bend County,tornado,11,5,0.5,72,,EF2,5780000,0,4
48159,Franklin County,flash_flood,4,4,0.4,41,,,0,0,0
48159,Franklin County,flood,3,2,0.2,38,,,0,0,0
48159,Franklin County,hail,23,17,1.7,70,1.75,,0,0,0
48159,Franklin County,thunderstorm_wind,27,19,1.9,34,90,,0,0,0
48159,Franklin County,tornado,4,4,0.4,62,,EF2,375000,0,0
48161,Freestone County,flash_flood,12,6,0.6,57,,,115000,0,0
48161,Freestone County,flood,1,1,0.1,20,,,0,0,0
48161,Freestone County,hail,18,14,1.4,63,1.75,,40000,0,0
48161,Freestone County,thunderstorm_wind,7,4,0.4,9,78,,524000,0,0
48161,Freestone County,tornado,4,3,0.3,51,,EF0,65000,0,0
48163,Frio County,flash_flood,4,3,0.3,31,,,0,0,0
48163,Frio County,flood,2,1,0.1,20,,,0,0,0
48163,Frio County,hail,18,11,1.1,53,4,,0,0,0
48163,Frio County,thunderstorm_wind,3,2,0.2,5,56,,7000,0,0
48163,Frio County,tornado,2,2,0.2,37,,EF0,150000,0,0
48165,Gaines County,flash_flood,18,13,1.3,84,,,106500,0,0
48165,Gaines County,hail,45,25,2.5,84,3,,20000,0,0
48165,Gaines County,thunderstorm_wind,44,28,2.8,56,87,,1040500,0,0
48165,Gaines County,tornado,3,3,0.3,51,,,0,0,0
48167,Galveston County,flash_flood,43,29,2.9,97,,,10001030000,3,0
48167,Galveston County,flood,1,1,0.1,20,,,0,0,0
48167,Galveston County,hail,18,11,1.1,53,2.75,,10,0,0
48167,Galveston County,lightning,9,8,0.8,98,,,1349000,0,0
48167,Galveston County,thunderstorm_wind,48,26,2.6,51,72,,204500,0,0
48167,Galveston County,tornado,11,11,1.1,95,,EF1,895500,0,0
48169,Garza County,flash_flood,6,6,0.6,57,,,0,0,0
48169,Garza County,flood,2,2,0.2,38,,,10000,0,0
48169,Garza County,hail,28,22,2.2,81,5,,10000,0,0
48169,Garza County,thunderstorm_wind,42,37,3.7,72,82,,13000,0,0
48169,Garza County,tornado,6,2,0.2,37,,,0,0,0
48171,Gillespie County,flash_flood,18,12,1.2,81,,,10000,1,0
48171,Gillespie County,hail,71,21,2.1,79,4,,5000,0,0
48171,Gillespie County,thunderstorm_wind,14,9,0.9,15,70,,13000,0,0
48171,Gillespie County,tornado,1,1,0.1,22,,EF1,100000,0,0
48173,Glasscock County,flash_flood,4,2,0.2,21,,,6000,0,0
48173,Glasscock County,hail,35,20,2.0,77,2.5,,0,0,0
48173,Glasscock County,thunderstorm_wind,23,19,1.9,34,78,,158500,0,0
48173,Glasscock County,tornado,9,4,0.4,62,,EF3,300000,0,0
48175,Goliad County,hail,13,9,0.9,45,2.75,,275000,0,0
48175,Goliad County,thunderstorm_wind,13,9,0.9,15,61,,156000,0,0
48177,Gonzales County,flash_flood,15,8,0.8,68,,,0,0,0
48177,Gonzales County,hail,16,8,0.8,41,3,,5000,0,0
48177,Gonzales County,lightning,2,2,0.2,85,,,200000,0,0
48177,Gonzales County,thunderstorm_wind,13,10,1.0,16,70,,67000,0,0
48179,Gray County,flash_flood,5,5,0.5,49,,,1000,0,0
48179,Gray County,flood,3,3,0.3,50,,,0,0,0
48179,Gray County,hail,122,53,5.3,98,4.5,,13000,0,0
48179,Gray County,thunderstorm_wind,96,54,5.4,89,78,,17000,0,0
48179,Gray County,tornado,6,6,0.6,79,,EF1,190000,0,0
48181,Grayson County,flash_flood,30,17,1.7,91,,,341000,0,0
48181,Grayson County,flood,12,9,0.9,81,,,251000,2,0
48181,Grayson County,hail,181,56,5.6,98,2.5,,719000,0,0
48181,Grayson County,lightning,2,2,0.2,85,,,100000,1,1
48181,Grayson County,thunderstorm_wind,93,46,4.6,82,78,,1534700,1,8
48181,Grayson County,tornado,5,3,0.3,51,,EF2,780000,1,16
48183,Gregg County,flash_flood,41,14,1.4,86,,,0,0,0
48183,Gregg County,flood,10,8,0.8,78,,,0,0,0
48183,Gregg County,hail,36,18,1.8,73,2.75,,0,0,0
48183,Gregg County,lightning,2,1,0.1,66,,,80000,0,0
48183,Gregg County,thunderstorm_wind,56,34,3.4,67,91,,50000,1,1
48183,Gregg County,tornado,7,6,0.6,79,,EF1,1106000,0,0
48185,Grimes County,flash_flood,15,8,0.8,68,,,1300000,0,0
48185,Grimes County,hail,7,5,0.5,26,2,,4000,0,0
48185,Grimes County,lightning,1,1,0.1,66,,,15000,0,0
48185,Grimes County,thunderstorm_wind,20,16,1.6,27,65,,34000,0,0
48185,Grimes County,tornado,5,3,0.3,51,,EF2,400000,0,0
48187,Guadalupe County,flash_flood,12,9,0.9,72,,,2500000,1,0
48187,Guadalupe County,hail,39,17,1.7,70,2,,0,0,0
48187,Guadalupe County,thunderstorm_wind,53,19,1.9,34,70,,207000,0,0
48187,Guadalupe County,tornado,3,3,0.3,51,,EF2,0,0,0
48189,Hale County,flash_flood,4,4,0.4,41,,,1000000,0,0
48189,Hale County,flood,3,3,0.3,50,,,0,0,0
48189,Hale County,hail,38,29,2.9,89,3,,0,0,0
48189,Hale County,thunderstorm_wind,57,48,4.8,85,78,,2208000,0,0
48189,Hale County,tornado,7,5,0.5,72,,EF2,250000,0,0
48191,Hall County,flash_flood,6,6,0.6,57,,,6040000,0,0
48191,Hall County,flood,2,2,0.2,38,,,0,0,0
48191,Hall County,hail,51,35,3.5,93,3.5,,210500,0,0
48191,Hall County,thunderstorm_wind,70,51,5.1,87,104,,2818000,0,1
48191,Hall County,tornado,9,8,0.8,89,,EF3,300000,0,0
48193,Hamilton County,flash_flood,11,6,0.6,57,,,40000,0,0
48193,Hamilton County,flood,1,1,0.1,20,,,0,0,0
48193,Hamilton County,hail,46,27,2.7,87,3,,468250,0,0
48193,Hamilton County,thunderstorm_wind,16,12,1.2,20,71,,37000,0,0
48193,Hamilton County,tornado,1,1,0.1,22,,,0,0,0
48195,Hansford County,flash_flood,2,2,0.2,21,,,0,0,0
48195,Hansford County,flood,2,2,0.2,38,,,1000,0,0
48195,Hansford County,hail,87,36,3.6,93,3.3,,21000,0,0
48195,Hansford County,thunderstorm_wind,54,39,3.9,74,100,,206000,0,0
48195,Hansford County,tornado,13,8,0.8,89,,EF2,170000,0,0
48197,Hardeman County,hail,53,26,2.6,85,3.37,,0,0,0
48197,Hardeman County,thunderstorm_wind,28,19,1.9,34,66,,5000,0,0
48197,Hardeman County,tornado,6,2,0.2,37,,,1000,0,0
48199,Hardin County,flash_flood,28,25,2.5,96,,,608475000,0,0
48199,Hardin County,flood,2,2,0.2,38,,,100000,0,0
48199,Hardin County,hail,25,13,1.3,60,3.5,,0,0,0
48199,Hardin County,lightning,1,1,0.1,66,,,0,1,1
48199,Hardin County,thunderstorm_wind,22,16,1.6,27,120,,3028000,0,1
48199,Hardin County,tornado,2,2,0.2,37,,EF0,26000,0,0
48201,Harris County,flash_flood,92,50,5.0,99,,,10236576100,44,0
48201,Harris County,flood,6,5,0.5,66,,,500000,0,0
48201,Harris County,hail,143,46,4.6,97,2.5,,42000,0,0
48201,Harris County,lightning,28,24,2.4,100,,,588000,4,6
48201,Harris County,thunderstorm_wind,176,69,6.9,95,90,,76237900,5,3
48201,Harris County,tornado,33,20,2.0,100,,EF3,11047000,1,2
48203,Harrison County,flash_flood,35,19,1.9,93,,,0,0,0
48203,Harrison County,flood,2,2,0.2,38,,,0,0,0
48203,Harrison County,hail,46,24,2.4,83,2.75,,0,0,0
48203,Harrison County,thunderstorm_wind,82,50,5.0,86,91,,0,0,0
48203,Harrison County,tornado,20,14,1.4,98,,EF2,1601500,0,0
48205,Hartley County,flash_flood,1,1,0.1,11,,,0,0,0
48205,Hartley County,flood,1,1,0.1,20,,,0,0,0
48205,Hartley County,hail,95,36,3.6,93,2.75,,36000,0,0
48205,Hartley County,thunderstorm_wind,53,42,4.2,78,75,,0,0,0
48205,Hartley County,tornado,2,1,0.1,22,,EF0,0,0,0
48207,Haskell County,flash_flood,11,6,0.6,57,,,0,0,0
48207,Haskell County,flood,5,4,0.4,59,,,2300000,0,0
48207,Haskell County,hail,42,22,2.2,81,2.5,,0,0,0
48207,Haskell County,thunderstorm_wind,44,32,3.2,63,78,,0,0,0
48207,Haskell County,tornado,6,6,0.6,79,,EF2,100000,0,0
48209,Hays County,flash_flood,37,23,2.3,95,,,600000,1,0
48209,Hays County,flood,1,1,0.1,20,,,100000,0,0
48209,Hays County,hail,63,24,2.4,83,3,,10005000,0,0
48209,Hays County,thunderstorm_wind,37,19,1.9,34,70,,1207100,0,0
48209,Hays County,tornado,4,2,0.2,37,,EF1,10000,0,0
48211,Hemphill County,flash_flood,1,1,0.1,11,,,5000,0,0
48211,Hemphill County,flood,2,2,0.2,38,,,8000,0,0
48211,Hemphill County,hail,57,32,3.2,91,3,,15000,0,0
48211,Hemphill County,thunderstorm_wind,42,27,2.7,53,78,,15000,0,0
48211,Hemphill County,tornado,9,6,0.6,79,,EF1,120000,0,0
48213,Henderson County,flash_flood,5,4,0.4,41,,,158000,0,0
48213,Henderson County,flood,4,4,0.4,59,,,100000,0,0
48213,Henderson County,hail,60,25,2.5,84,2.75,,79500,0,0
48213,Henderson County,thunderstorm_wind,28,20,2.0,37,65,,763000,0,0
48213,Henderson County,tornado,7,6,0.6,79,,EF2,4350000,0,16
48215,Hidalgo County,flash_flood,22,13,1.3,84,,,165305000,3,0
48215,Hidalgo County,flood,32,16,1.6,90,,,41000,0,0
48215,Hidalgo County,hail,58,16,1.6,68,3,,335000,0,0
48215,Hidalgo County,lightning,1,1,0.1,66,,,1000,0,0
48215,Hidalgo County,thunderstorm_wind,78,29,2.9,58,83,,13302500,0,2
48215,Hidalgo County,tornado,3,3,0.3,51,,EF0,500000,0,0
48217,Hill County,flash_flood,13,9,0.9,72,,,232000,0,0
48217,Hill County,flood,4,3,0.3,50,,,1000,0,0
48217,Hill County,hail,74,34,3.4,92,4.5,,389000,0,0
48217,Hill County,thunderstorm_wind,14,14,1.4,23,65,,202500,0,0
48217,Hill County,tornado,11,6,0.6,79,,EF2,820000,0,2
48219,Hockley County,flash_flood,11,11,1.1,79,,,250000,0,0
48219,Hockley County,flood,5,4,0.4,59,,,0,0,0
48219,Hockley County,hail,51,35,3.5,93,5,,3000000,0,1
48219,Hockley County,lightning,1,1,0.1,66,,,0,0,1
48219,Hockley County,thunderstorm_wind,66,49,4.9,85,104,,36073300,0,14
48219,Hockley County,tornado,17,8,0.8,89,,EF2,500000,0,2
48221,Hood County,flash_flood,9,6,0.6,57,,,110000,0,0
48221,Hood County,flood,3,3,0.3,50,,,100000,0,0
48221,Hood County,hail,64,20,2.0,77,4.5,,1462000,0,0
48221,Hood County,thunderstorm_wind,32,23,2.3,44,78,,1268500,0,0
48221,Hood County,tornado,4,3,0.3,51,,EF2,3054500,0,0
48223,Hopkins County,flash_flood,11,6,0.6,57,,,235000,0,0
48223,Hopkins County,flood,1,1,0.1,20,,,0,0,0
48223,Hopkins County,hail,33,17,1.7,70,3,,504000,0,0
48223,Hopkins County,thunderstorm_wind,25,17,1.7,29,83,,29902000,0,0
48223,Hopkins County,tornado,5,4,0.4,62,,EF2,1015000,0,0
48225,Houston County,flash_flood,7,5,0.5,49,,,10000,0,0
48225,Houston County,hail,30,19,1.9,75,4.5,,75000,0,0
48225,Houston County,lightning,2,2,0.2,85,,,19000,0,0
48225,Houston County,thunderstorm_wind,38,26,2.6,51,74,,302000,0,0
48225,Houston County,tornado,6,3,0.3,51,,EF3,6550000,2,14
48227,Howard County,flash_flood,30,18,1.8,92,,,336600,0,0
48227,Howard County,flood,1,1,0.1,20,,,0,0,0
48227,Howard County,hail,84,36,3.6,93,4.25,,6500,0,0
48227,Howard County,thunderstorm_wind,52,33,3.3,65,87,,1318500,0,0
48227,Howard County,tornado,4,2,0.2,37,,EF3,75000,0,0
48229,Hudspeth County,flash_flood,5,5,0.5,49,,,0,0,0
48229,Hudspeth County,hail,8,7,0.7,36,2.5,,2000000,0,0
48229,Hudspeth County,thunderstorm_wind,8,8,0.8,13,63,,83000,0,0
48229,Hudspeth County,tornado,1,1,0.1,22,,,0,0,0
48231,Hunt County,flash_flood,13,6,0.6,57,,,215000,1,0
48231,Hunt County,flood,4,2,0.2,38,,,3000,0,0
48231,Hunt County,hail,73,36,3.6,93,2.5,,513000,0,0
48231,Hunt County,thunderstorm_wind,32,20,2.0,37,74,,663500,2,0
48231,Hunt County,tornado,2,2,0.2,37,,EF1,50000,0,0
48233,Hutchinson County,flash_flood,5,4,0.4,41,,,0,0,0
48233,Hutchinson County,flood,4,3,0.3,50,,,0,0,0
48233,Hutchinson County,hail,149,57,5.7,99,3,,10000,0,0
48233,Hutchinson County,thunderstorm_wind,101,56,5.6,90,76,,157700,0,0
48233,Hutchinson County,tornado,10,7,0.7,85,,EF1,35000,0,0
48235,Irion County,flash_flood,5,4,0.4,41,,,0,0,0
48235,Irion County,flood,1,1,0.1,20,,,0,0,0
48235,Irion County,hail,27,16,1.6,68,3.25,,0,0,3
48235,Irion County,thunderstorm_wind,20,17,1.7,29,65,,0,0,0
48237,Jack County,flash_flood,8,5,0.5,49,,,30500,0,0
48237,Jack County,flood,2,2,0.2,38,,,10000,0,0
48237,Jack County,hail,41,24,2.4,83,3.25,,303000,0,0
48237,Jack County,thunderstorm_wind,27,19,1.9,34,82,,2159000,0,0
48237,Jack County,tornado,7,3,0.3,51,,EF3,270000,0,9
48239,Jackson County,flash_flood,9,8,0.8,68,,,410000,0,0
48239,Jackson County,hail,1,1,0.1,6,1.75,,3000,0,0
48239,Jackson County,thunderstorm_wind,7,5,0.5,10,70,,514000,0,0
48239,Jackson County,tornado,1,1,0.1,22,,EF0,200000,0,0
48241,Jasper County,flash_flood,21,19,1.9,93,,,102360000,0,0
48241,Jasper County,flood,3,3,0.3,50,,,1015000,0,0
48241,Jasper County,hail,19,13,1.3,60,4,,5500000,0,0
48241,Jasper County,lightning,1,1,0.1,66,,,100000,0,0
48241,Jasper County,thunderstorm_wind,37,25,2.5,49,66,,162000,2,1
48241,Jasper County,tornado,15,12,1.2,97,,EF2,931000,0,4
48243,Jeff Davis County,flash_flood,4,4,0.4,41,,,1000000,0,0
48243,Jeff Davis County,hail,25,16,1.6,68,2,,40500,0,0
48243,Jeff Davis County,thunderstorm_wind,9,7,0.7,12,69,,2000,0,0
48243,Jeff Davis County,tornado,1,1,0.1,22,,,0,0,0
48245,Jefferson County,flash_flood,52,46,4.6,99,,,3306398000,8,1
48245,Jefferson County,flood,2,2,0.2,38,,,0,0,0
48245,Jefferson County,hail,28,14,1.4,63,2.5,,0,0,0
48245,Jefferson County,lightning,3,3,0.3,91,,,55000,1,0
48245,Jefferson County,thunderstorm_wind,52,33,3.3,65,96,,1715000,0,3
48245,Jefferson County,tornado,9,9,0.9,92,,EF3,1265000,0,1
48247,Jim Hogg County,hail,3,3,0.3,16,2.75,,0,0,0
48247,Jim Hogg County,thunderstorm_wind,3,3,0.3,7,54,,0,0,0
48249,Jim Wells County,flash_flood,18,9,0.9,72,,,305000,0,0
48249,Jim Wells County,flood,7,7,0.7,75,,,20000,0,0
48249,Jim Wells County,hail,6,5,0.5,26,2,,10000,0,0
48249,Jim Wells County,thunderstorm_wind,69,16,1.6,27,100,,559000,0,4
48249,Jim Wells County,tornado,1,1,0.1,22,,EF0,1000,0,0
48251,Johnson County,flash_flood,19,14,1.4,86,,,617000,1,0
48251,Johnson County,flood,6,6,0.6,71,,,20000,0,0
48251,Johnson County,hail,116,41,4.1,96,4,,2378000,0,0
48251,Johnson County,lightning,1,1,0.1,66,,,250000,0,0
48251,Johnson County,thunderstorm_wind,49,28,2.8,56,65,,1221000,0,1
48251,Johnson County,tornado,7,4,0.4,62,,EF2,1445500,0,1
48253,Jones County,flash_flood,3,3,0.3,31,,,0,0,0
48253,Jones County,flood,5,5,0.5,66,,,6250000,2,0
48253,Jones County,hail,93,43,4.3,96,4,,0,0,0
48253,Jones County,thunderstorm_wind,46,31,3.1,62,83,,0,0,0
48253,Jones County,tornado,9,7,0.7,85,,EF3,0,0,6
48255,Karnes County,flash_flood,8,5,0.5,49,,,0,0,0
48255,Karnes County,flood,1,1,0.1,20,,,0,0,0
48255,Karnes County,hail,8,6,0.6,31,2.5,,0,0,0
48255,Karnes County,thunderstorm_wind,9,8,0.8,13,78,,22000,0,0
48257,Kaufman County,flash_flood,22,12,1.2,81,,,2178000,0,0
48257,Kaufman County,flood,5,5,0.5,66,,,12000,0,0
48257,Kaufman County,hail,62,23,2.3,82,3.5,,776000,0,0
48257,Kaufman County,thunderstorm_wind,46,28,2.8,56,70,,1375500,0,2
48257,Kaufman County,tornado,4,3,0.3,51,,EF2,1160000,0,1
48259,Kendall County,flash_flood,9,9,0.9,72,,,5000000,1,0
48259,Kendall County,hail,45,18,1.8,73,2.75,,0,0,0
48259,Kendall County,thunderstorm_wind,10,8,0.8,13,78,,1043700,0,0
48259,Kendall County,tornado,1,1,0.1,22,,EF0,0,0,0
48261,Kenedy County,hail,5,2,0.2,11,1.75,,0,0,0
48263,Kent County,flash_flood,2,2,0.2,21,,,0,0,0
48263,Kent County,hail,34,29,2.9,89,4,,0,0,0
48263,Kent County,thunderstorm_wind,15,15,1.5,25,104,,330000,0,0
48263,Kent County,tornado,2,2,0.2,37,,EF0,0,0,0
48265,Kerr County,flash_flood,21,8,0.8,68,,,200010000,116,0
48265,Kerr County,flood,1,1,0.1,20,,,0,0,0
48265,Kerr County,hail,96,37,3.7,94,3,,0,0,0
48265,Kerr County,thunderstorm_wind,18,13,1.3,21,70,,1167000,0,0
48267,Kimble County,flash_flood,12,10,1.0,75,,,9000000,4,3
48267,Kimble County,flood,4,3,0.3,50,,,10000000,0,0
48267,Kimble County,hail,43,18,1.8,73,2.75,,0,0,0
48267,Kimble County,lightning,1,1,0.1,66,,,0,1,0
48267,Kimble County,thunderstorm_wind,10,9,0.9,15,78,,0,0,0
48267,Kimble County,tornado,3,2,0.2,37,,EF2,100000,0,0
48269,King County,hail,11,9,0.9,45,5,,0,0,0
48269,King County,thunderstorm_wind,17,17,1.7,29,67,,0,0,0
48269,King County,tornado,3,2,0.2,37,,,0,0,0
48271,Kinney County,flash_flood,13,9,0.9,72,,,0,0,0
48271,Kinney County,hail,30,18,1.8,73,4,,0,0,0
48271,Kinney County,thunderstorm_wind,7,6,0.6,11,65,,102000,0,0
48273,Kleberg County,flash_flood,11,6,0.6,57,,,100000,0,0
48273,Kleberg County,flood,2,2,0.2,38,,,0,0,0
48273,Kleberg County,hail,12,4,0.4,21,2.75,,330000,0,0
48273,Kleberg County,thunderstorm_wind,16,11,1.1,18,78,,2083000,0,0
48273,Kleberg County,tornado,3,1,0.1,22,,EF1,3500000,0,0
48275,Knox County,flash_flood,4,3,0.3,31,,,30000,0,0
48275,Knox County,flood,1,1,0.1,20,,,0,0,0
48275,Knox County,hail,38,20,2.0,77,3,,0,0,0
48275,Knox County,thunderstorm_wind,55,30,3.0,60,87,,323000,0,0
48275,Knox County,tornado,4,4,0.4,62,,EF3,670000,0,0
48277,Lamar County,flash_flood,13,7,0.7,62,,,291000,0,0
48277,Lamar County,flood,1,1,0.1,20,,,0,0,0
48277,Lamar County,hail,55,23,2.3,82,2.75,,355000,0,0
48277,Lamar County,thunderstorm_wind,26,17,1.7,29,78,,984000,0,2
48277,Lamar County,tornado,8,6,0.6,79,,EF4,5082000,0,10
48279,Lamb County,flash_flood,5,5,0.5,49,,,13000,0,0
48279,Lamb County,flood,2,2,0.2,38,,,0,0,0
48279,Lamb County,hail,32,23,2.3,82,4,,10000000,0,0
48279,Lamb County,thunderstorm_wind,55,40,4.0,76,76,,235000,0,0
48279,Lamb County,tornado,6,6,0.6,79,,EF2,150000,0,0
48281,Lampasas County,flash_flood,8,6,0.6,57,,,20000,0,0
48281,Lampasas County,flood,1,1,0.1,20,,,300000,0,0
48281,Lampasas County,hail,29,21,2.1,79,1.75,,81000,0,0
48281,Lampasas County,thunderstorm_wind,10,7,0.7,12,71,,41000,0,0
48281,Lampasas County,tornado,1,1,0.1,22,,EF0,60000,0,0
48283,La Salle County,flash_flood,3,3,0.3,31,,,100000,0,0
48283,La Salle County,flood,4,4,0.4,59,,,0,0,0
48283,La Salle County,hail,11,8,0.8,41,4,,332000,0,0
48283,La Salle County,lightning,1,1,0.1,66,,,50000,0,0
48283,La Salle County,thunderstorm_wind,16,14,1.4,23,61,,62000,0,0
48283,La Salle County,tornado,1,1,0.1,22,,EF0,0,0,0
48285,Lavaca County,flash_flood,6,4,0.4,41,,,0,0,0
48285,Lavaca County,hail,8,6,0.6,31,1.75,,0,0,0
48285,Lavaca County,lightning,3,3,0.3,91,,,350000,0,0
48285,Lavaca County,thunderstorm_wind,6,6,0.6,11,65,,27000,0,0
48285,Lavaca County,tornado,2,2,0.2,37,,EF1,30000,0,0
48287,Lee County,flash_flood,4,3,0.3,31,,,0,1,0
48287,Lee County,flood,1,1,0.1,20,,,250000,0,0
48287,Lee County,hail,27,15,1.5,66,2.5,,0,0,0
48287,Lee County,thunderstorm_wind,11,9,0.9,15,68,,17500,0,0
48287,Lee County,tornado,2,1,0.1,22,,EF1,0,0,0
48289,Leon County,flash_flood,8,6,0.6,57,,,160000,0,0
48289,Leon County,flood,2,2,0.2,38,,,0,0,0
48289,Leon County,hail,22,14,1.4,63,2,,66000,0,0
48289,Leon County,lightning,1,1,0.1,66,,,20000,0,0
48289,Leon County,thunderstorm_wind,30,17,1.7,29,78,,1316000,0,2
48289,Leon County,tornado,4,2,0.2,37,,EF1,120000,0,0
48291,Liberty County,flash_flood,13,9,0.9,72,,,95500000,0,0
48291,Liberty County,hail,13,10,1.0,50,1.75,,3000,0,0
48291,Liberty County,thunderstorm_wind,18,13,1.3,21,56,,35000,0,0
48291,Liberty County,tornado,6,5,0.5,72,,EF2,450000,0,0
48293,Limestone County,flash_flood,29,17,1.7,91,,,507000,0,0
48293,Limestone County,flood,3,3,0.3,50,,,0,0,0
48293,Limestone County,hail,44,25,2.5,84,1.75,,124000,0,0
48293,Limestone County,thunderstorm_wind,56,30,3.0,60,65,,570000,0,0
48293,Limestone County,tornado,9,6,0.6,79,,EF0,505000,0,0
48295,Lipscomb County,flash_flood,2,2,0.2,21,,,0,0,0
48295,Lipscomb County,flood,2,2,0.2,38,,,0,0,0
48295,Lipscomb County,hail,74,42,4.2,96,3.4,,51000,0,0
48295,Lipscomb County,thunderstorm_wind,27,25,2.5,49,83,,5000,0,0
48295,Lipscomb County,tornado,8,5,0.5,72,,EF2,1000,0,0
48297,Live Oak County,flash_flood,4,4,0.4,41,,,75000,0,0
48297,Live Oak County,flood,3,3,0.3,50,,,0,0,0
48297,Live Oak County,hail,14,7,0.7,36,1.75,,30000,0,0
48297,Live Oak County,thunderstorm_wind,14,10,1.0,16,61,,258000,0,0
48297,Live Oak County,tornado,6,5,0.5,72,,EF0,20000,0,0
48299,Llano County,flash_flood,23,10,1.0,75,,,21000000,1,0
48299,Llano County,flood,2,2,0.2,38,,,50000000,0,0
48299,Llano County,hail,61,30,3.0,89,3,,1000,0,0
48299,Llano County,thunderstorm_wind,17,11,1.1,18,78,,294000,0,0
48301,Loving County,hail,12,9,0.9,45,2,,0,0,0
48301,Loving County,thunderstorm_wind,3,3,0.3,7,96,,480000,0,0
48301,Loving County,tornado,1,1,0.1,22,,,0,0,0
48303,Lubbock County,flash_flood,21,17,1.7,91,,,5150000,0,0
48303,Lubbock County,flood,8,8,0.8,78,,,272000,0,0
48303,Lubbock County,hail,106,62,6.2,99,4.5,,187847000,0,0
48303,Lubbock County,lightning,5,5,0.5,96,,,108000,1,0
48303,Lubbock County,thunderstorm_wind,104,79,7.9,97,100,,533500,0,2
48303,Lubbock County,tornado,4,3,0.3,51,,EF2,0,0,0
48305,Lynn County,flash_flood,5,5,0.5,49,,,0,0,0
48305,Lynn County,hail,38,29,2.9,89,3.25,,30600,0,0
48305,Lynn County,thunderstorm_wind,41,33,3.3,65,83,,1488000,0,1
48305,Lynn County,tornado,2,1,0.1,22,,EF2,36000,0,0
48307,McCulloch County,flash_flood,10,7,0.7,62,,,0,0,0
48307,McCulloch County,flood,1,1,0.1,20,,,0,0,0
48307,McCulloch County,hail,100,25,2.5,84,4,,3000,0,0
48307,McCulloch County,thunderstorm_wind,24,12,1.2,20,83,,3000,0,0
48307,McCulloch County,tornado,6,6,0.6,79,,EF2,150000,0,0
48309,McLennan County,flash_flood,26,16,1.6,90,,,123000,0,0
48309,McLennan County,flood,3,3,0.3,50,,,0,0,0
48309,McLennan County,hail,114,38,3.8,95,4.5,,7619500,0,0
48309,McLennan County,lightning,4,4,0.4,94,,,26000,0,1
48309,McLennan County,thunderstorm_wind,63,30,3.0,60,70,,465500,0,0
48309,McLennan County,tornado,10,6,0.6,79,,EF2,534000,0,2
48311,McMullen County,flash_flood,4,3,0.3,31,,,0,0,0
48311,McMullen County,flood,4,4,0.4,59,,,50000,0,0
48311,McMullen County,hail,7,5,0.5,26,3,,10000,0,0
48311,McMullen County,thunderstorm_wind,3,3,0.3,7,56,,10000,0,0
48313,Madison County,flash_flood,11,7,0.7,62,,,100000,0,0
48313,Madison County,flood,1,1,0.1,20,,,3500000,0,0
48313,Madison County,hail,12,8,0.8,41,2.75,,17000,0,0
48313,Madison County,lightning,2,1,0.1,66,,,2500,0,0
48313,Madison County,thunderstorm_wind,17,12,1.2,20,82,,48000,0,0
48313,Madison County,tornado,3,3,0.3,51,,EF1,1030000,0,0
48315,Marion County,flash_flood,2,1,0.1,11,,,0,0,0
48315,Marion County,hail,11,8,0.8,41,1.75,,0,0,0
48315,Marion County,thunderstorm_wind,32,23,2.3,44,78,,300000,1,7
48315,Marion County,tornado,4,3,0.3,51,,EF2,1425000,0,2
48317,Martin County,flash_flood,7,5,0.5,49,,,90700,0,0
48317,Martin County,hail,29,19,1.9,75,2.5,,400,0,0
48317,Martin County,thunderstorm_wind,21,18,1.8,32,61,,14500,0,0
48319,Mason County,flash_flood,9,6,0.6,57,,,0,0,0
48319,Mason County,flood,3,3,0.3,50,,,8500000,0,0
48319,Mason County,hail,37,20,2.0,77,2.75,,0,0,0
48319,Mason County,thunderstorm_wind,13,10,1.0,16,83,,0,0,0
48319,Mason County,tornado,1,1,0.1,22,,EF1,0,0,0
48321,Matagorda County,flash_flood,8,7,0.7,62,,,5000,0,0
48321,Matagorda County,flood,1,1,0.1,20,,,5000,0,0
48321,Matagorda County,hail,2,2,0.2,11,1.75,,0,0,0
48321,Matagorda County,thunderstorm_wind,16,7,0.7,12,83,,11000,0,0
48321,Matagorda County,tornado,3,3,0.3,51,,EF1,1400000,0,6
48323,Maverick County,flash_flood,13,7,0.7,62,,,5000,1,0
48323,Maverick County,flood,1,1,0.1,20,,,0,0,0
48323,Maverick County,hail,14,9,0.9,45,1.75,,0,0,0
48323,Maverick County,thunderstorm_wind,12,11,1.1,18,74,,97000,0,0
48325,Medina County,flash_flood,9,8,0.8,68,,,0,1,0
48325,Medina County,flood,1,1,0.1,20,,,50000,0,0
48325,Medina County,hail,54,22,2.2,81,6.42,,1005000,0,0
48325,Medina County,thunderstorm_wind,26,21,2.1,39,96,,537000,0,0
48325,Medina County,tornado,1,1,0.1,22,,EF1,500000,0,0
48327,Menard County,flash_flood,14,8,0.8,68,,,0,0,0
48327,Menard County,flood,5,5,0.5,66,,,7100000,0,0
48327,Menard County,hail,36,22,2.2,81,5.87,,0,0,0
48327,Menard County,thunderstorm_wind,16,9,0.9,15,87,,30000,0,0
48327,Menard County,tornado,1,1,0.1,22,,,0,0,0
48329,Midland County,flash_flood,70,35,3.5,98,,,1523500,0,0
48329,Midland County,flood,2,2,0.2,38,,,250000,0,0
48329,Midland County,hail,140,33,3.3,91,4,,436500,0,0
48329,Midland County,lightning,2,2,0.2,85,,,105000,1,0
48329,Midland County,thunderstorm_wind,85,50,5.0,86,97,,1045750,0,3
48329,Midland County,tornado,5,2,0.2,37,,EF3,625000,0,2
48331,Milam County,flash_flood,11,5,0.5,49,,,113000,0,0
48331,Milam County,flood,3,3,0.3,50,,,40000,0,1
48331,Milam County,hail,14,9,0.9,45,2,,45000,0,0
48331,Milam County,thunderstorm_wind,27,14,1.4,23,78,,124000,0,0
48331,Milam County,tornado,6,5,0.5,72,,EF1,65000,0,0
48333,Mills County,flash_flood,5,4,0.4,41,,,50000,0,0
48333,Mills County,hail,19,13,1.3,60,3.5,,172000,0,0
48335,Mitchell County,flash_flood,16,15,1.5,88,,,22800,0,0
48335,Mitchell County,flood,3,2,0.2,38,,,1500,0,0
48335,Mitchell County,hail,55,25,2.5,84,2.75,,20100,0,0
48335,Mitchell County,thunderstorm_wind,35,20,2.0,37,100,,10376000,0,3
48335,Mitchell County,tornado,2,2,0.2,37,,EF0,0,0,0
48337,Montague County,flash_flood,12,6,0.6,57,,,5165000,0,0
48337,Montague County,flood,4,3,0.3,50,,,100000,0,0
48337,Montague County,hail,93,35,3.5,93,4.5,,925000,0,0
48337,Montague County,thunderstorm_wind,31,24,2.4,47,78,,1093000,0,0
48337,Montague County,tornado,8,4,0.4,62,,EF2,1020000,0,3
48339,Montgomery County,flash_flood,23,13,1.3,84,,,7193060000,3,0
48339,Montgomery County,flood,2,2,0.2,38,,,6400000,0,0
48339,Montgomery County,hail,26,17,1.7,70,1.75,,0,0,0
48339,Montgomery County,lightning,10,9,0.9,98,,,175300,1,2
48339,Montgomery County,thunderstorm_wind,73,32,3.2,63,68,,408000,3,8
48339,Montgomery County,tornado,7,7,0.7,85,,EF3,356500,0,10
48341,Moore County,flash_flood,1,1,0.1,11,,,0,0,0
48341,Moore County,flood,1,1,0.1,20,,,0,0,0
48341,Moore County,hail,83,41,4.1,96,2.75,,200000,0,0
48341,Moore County,thunderstorm_wind,58,43,4.3,79,87,,275000,0,0
48341,Moore County,tornado,5,4,0.4,62,,EF0,0,0,0
48343,Morris County,flash_flood,2,2,0.2,21,,,0,0,0
48343,Morris County,hail,13,8,0.8,41,2,,0,0,0
48343,Morris County,lightning,1,1,0.1,66,,,30000,0,0
48343,Morris County,thunderstorm_wind,18,12,1.2,20,70,,0,0,0
48343,Morris County,tornado,4,4,0.4,62,,EF3,5775000,1,8
48345,Motley County,flash_flood,3,3,0.3,31,,,0,0,0
48345,Motley County,hail,30,23,2.3,82,5,,400,0,0
48345,Motley County,thunderstorm_wind,45,39,3.9,74,78,,63000,0,0
48345,Motley County,tornado,7,4,0.4,62,,EF3,0,4,15
48347,Nacogdoches County,flash_flood,41,19,1.9,93,,,0,0,0
48347,Nacogdoches County,flood,2,2,0.2,38,,,0,0,0
48347,Nacogdoches County,hail,45,25,2.5,84,2,,0,0,0
48347,Nacogdoches County,lightning,1,1,0.1,66,,,20000,0,0
48347,Nacogdoches County,thunderstorm_wind,75,40,4.0,76,87,,58000,0,1
48347,Nacogdoches County,tornado,10,9,0.9,92,,EF3,1685000,1,2
48349,Navarro County,flash_flood,17,10,1.0,75,,,51000,0,0
48349,Navarro County,flood,6,6,0.6,71,,,200000,0,0
48349,Navarro County,hail,46,21,2.1,79,2.75,,605000,0,0
48349,Navarro County,thunderstorm_wind,48,32,3.2,63,71,,1237000,0,1
48349,Navarro County,tornado,10,6,0.6,79,,EF1,1160000,0,2
48351,Newton County,flash_flood,13,10,1.0,75,,,48250000,2,0
48351,Newton County,flood,1,1,0.1,20,,,86000000,0,0
48351,Newton County,hail,12,11,1.1,53,4,,2000,0,0
48351,Newton County,thunderstorm_wind,24,19,1.9,34,67,,48000,0,0
48351,Newton County,tornado,9,9,0.9,92,,EF2,1280000,0,0
48353,Nolan County,flash_flood,6,5,0.5,49,,,0,0,0
48353,Nolan County,flood,3,3,0.3,50,,,1100000,0,0
48353,Nolan County,hail,52,30,3.0,89,2.75,,0,0,0
48353,Nolan County,thunderstorm_wind,47,28,2.8,56,74,,0,1,0
48353,Nolan County,tornado,1,1,0.1,22,,EF2,2000000,0,0
48355,Nueces County,flash_flood,103,37,3.7,98,,,2285000,0,0
48355,Nueces County,flood,23,15,1.5,89,,,100000,0,0
48355,Nueces County,hail,13,6,0.6,31,3,,710000,0,0
48355,Nueces County,lightning,2,1,0.1,66,,,1050000,0,0
48355,Nueces County,thunderstorm_wind,90,25,2.5,49,100,,11107000,0,0
48355,Nueces County,tornado,3,3,0.3,51,,EF0,0,0,0
48357,Ochiltree County,flash_flood,4,4,0.4,41,,,0,0,0
48357,Ochiltree County,flood,5,4,0.4,59,,,0,0,0
48357,Ochiltree County,hail,97,42,4.2,96,4,,190000,0,0
48357,Ochiltree County,thunderstorm_wind,48,34,3.4,67,75,,217000,0,0
48357,Ochiltree County,tornado,17,7,0.7,85,,EF3,1193000,3,100
48359,Oldham County,flood,2,2,0.2,38,,,0,0,0
48359,Oldham County,hail,55,30,3.0,89,3.25,,24000,0,0
48359,Oldham County,thunderstorm_wind,54,39,3.9,74,83,,41000,0,0
48359,Oldham County,tornado,6,5,0.5,72,,EF0,0,0,0
48361,Orange County,flash_flood,24,23,2.3,95,,,1550505000,10,0
48361,Orange County,flood,5,5,0.5,66,,,7150000,0,0
48361,Orange County,hail,8,4,0.4,21,1.75,,0,0,0
48361,Orange County,thunderstorm_wind,23,18,1.8,32,52,,187000,0,0
48361,Orange County,tornado,5,3,0.3,51,,EF2,6035000,0,3
48363,Palo Pinto County,flash_flood,10,6,0.6,57,,,49000,0,0
48363,Palo Pinto County,flood,5,4,0.4,59,,,110000,0,0
48363,Palo Pinto County,hail,47,26,2.6,85,2.5,,300000,0,0
48363,Palo Pinto County,thunderstorm_wind,32,23,2.3,44,74,,282000,0,0
48363,Palo Pinto County,tornado,9,6,0.6,79,,EF1,840000,0,4
48365,Panola County,flash_flood,13,7,0.7,62,,,0,0,0
48365,Panola County,hail,20,14,1.4,63,3.5,,0,0,0
48365,Panola County,lightning,1,1,0.1,66,,,5000,0,0
48365,Panola County,thunderstorm_wind,79,35,3.5,69,104,,0,0,0
48365,Panola County,tornado,15,12,1.2,97,,EF2,3155000,1,5
48367,Parker County,flash_flood,10,7,0.7,62,,,317000,0,0
48367,Parker County,flood,2,2,0.2,38,,,8000,0,0
48367,Parker County,hail,138,38,3.8,95,3,,3020500,0,0
48367,Parker County,lightning,3,3,0.3,91,,,310000,0,1
48367,Parker County,thunderstorm_wind,54,31,3.1,62,87,,1057500,0,1
48367,Parker County,tornado,11,6,0.6,79,,EF1,1597000,0,2
48369,Parmer County,flash_flood,3,3,0.3,31,,,0,0,0
48369,Parmer County,flood,1,1,0.1,20,,,0,0,0
48369,Parmer County,hail,29,24,2.4,83,2.8,,3000,0,0
48369,Parmer County,thunderstorm_wind,29,28,2.8,56,78,,350000,0,0
48369,Parmer County,tornado,2,2,0.2,37,,EF0,0,0,0
48371,Pecos County,flash_flood,24,16,1.6,90,,,581000,0,0
48371,Pecos County,hail,183,61,6.1,99,5,,30000,0,0
48371,Pecos County,thunderstorm_wind,58,41,4.1,77,103,,1923000,0,0
48371,Pecos County,tornado,23,13,1.3,97,,EF2,2000,0,0
48373,Polk County,flash_flood,10,8,0.8,68,,,300500000,0,0
48373,Polk County,flood,1,1,0.1,20,,,3100000,0,0
48373,Polk County,hail,23,13,1.3,60,4.5,,9000,0,1
48373,Polk County,thunderstorm_wind,23,15,1.5,25,65,,536000,0,0
48373,Polk County,tornado,2,2,0.2,37,,EF3,5040000,3,33
48375,Potter County,flash_flood,24,17,1.7,91,,,62000,0,0
48375,Potter County,flood,23,18,1.8,92,,,72000,0,0
48375,Potter County,hail,185,68,6.8,99,3,,18031000,0,1
48375,Potter County,thunderstorm_wind,107,55,5.5,89,75,,170500,0,0
48375,Potter County,tornado,4,4,0.4,62,,EF1,0,0,0
48377,Presidio County,flash_flood,3,2,0.2,21,,,20000,1,0
48377,Presidio County,hail,12,10,1.0,50,1.75,,0,0,0
48377,Presidio County,thunderstorm_wind,9,8,0.8,13,63,,0,0,0
48379,Rains County,flash_flood,1,1,0.1,11,,,10000,0,0
48379,Rains County,flood,2,2,0.2,38,,,10000,0,0
48379,Rains County,hail,13,6,0.6,31,2.75,,810000,0,0
48379,Rains County,thunderstorm_wind,11,8,0.8,13,70,,43500,0,0
48379,Rains County,tornado,2,2,0.2,37,,EF2,90000,0,0
48381,Randall County,flash_flood,27,16,1.6,90,,,169000,0,0
48381,Randall County,flood,19,15,1.5,89,,,27200,0,0
48381,Randall County,hail,183,58,5.8,99,2.75,,6127000,0,0
48381,Randall County,thunderstorm_wind,90,49,4.9,85,90,,348200,0,0
48381,Randall County,tornado,12,5,0.5,72,,EF2,1433000,0,0
48383,Reagan County,flash_flood,2,2,0.2,21,,,5000,0,0
48383,Reagan County,hail,21,16,1.6,68,3,,0,0,0
48383,Reagan County,thunderstorm_wind,22,18,1.8,32,61,,0,0,0
48383,Reagan County,tornado,2,1,0.1,22,,EF0,0,0,0
48385,Real County,flash_flood,20,10,1.0,75,,,0,0,0
48385,Real County,hail,35,19,1.9,75,3,,0,0,0
48385,Real County,thunderstorm_wind,9,6,0.6,11,70,,13000,0,0
48387,Red River County,flash_flood,17,12,1.2,81,,,0,0,0
48387,Red River County,flood,2,2,0.2,38,,,0,0,0
48387,Red River County,hail,33,22,2.2,81,2.5,,0,0,0
48387,Red River County,thunderstorm_wind,48,30,3.0,60,78,,270000,0,0
48387,Red River County,tornado,7,7,0.7,85,,EF4,7885000,0,7
48389,Reeves County,flash_flood,10,4,0.4,41,,,113000,0,0
48389,Reeves County,hail,36,22,2.2,81,2.75,,3250,0,0
48389,Reeves County,thunderstorm_wind,20,16,1.6,27,113,,600000,0,1
48389,Reeves County,tornado,2,2,0.2,37,,,0,0,0
48391,Refugio County,flash_flood,11,7,0.7,62,,,0,0,0
48391,Refugio County,flood,3,3,0.3,50,,,0,0,0
48391,Refugio County,hail,4,4,0.4,21,1.75,,20000,0,0
48391,Refugio County,lightning,1,1,0.1,66,,,25000,0,0
48391,Refugio County,thunderstorm_wind,5,5,0.5,10,61,,50000,0,0
48391,Refugio County,tornado,2,2,0.2,37,,EF0,100000,0,0
48393,Roberts County,flash_flood,2,2,0.2,21,,,1000,0,0
48393,Roberts County,hail,50,32,3.2,91,2.75,,13000,0,0
48393,Roberts County,thunderstorm_wind,24,23,2.3,44,78,,800,0,0
48393,Roberts County,tornado,5,3,0.3,51,,EF2,90000,0,0
48395,Robertson County,flash_flood,12,3,0.3,31,,,49000,0,0
48395,Robertson County,flood,1,1,0.1,20,,,0,0,0
48395,Robertson County,hail,24,20,2.0,77,2,,58000,0,0
48395,Robertson County,thunderstorm_wind,16,9,0.9,15,70,,58500,0,0
48395,Robertson County,tornado,6,5,0.5,72,,EF3,270000,0,0
48397,Rockwall County,flash_flood,4,3,0.3,31,,,7000,0,0
48397,Rockwall County,hail,30,13,1.3,60,4,,64613000,0,0
48397,Rockwall County,thunderstorm_wind,9,8,0.8,13,75,,1153000,0,0
48397,Rockwall County,tornado,4,3,0.3,51,,EF1,10511000,0,0
48399,Runnels County,flash_flood,6,5,0.5,49,,,0,1,0
48399,Runnels County,flood,1,1,0.1,20,,,0,0,0
48399,Runnels County,hail,67,35,3.5,93,4,,0,0,0
48399,Runnels County,thunderstorm_wind,22,18,1.8,32,78,,70000,0,0
48399,Runnels County,tornado,5,4,0.4,62,,EF3,6000000,0,0
48401,Rusk County,flash_flood,33,15,1.5,88,,,0,0,0
48401,Rusk County,flood,4,2,0.2,38,,,0,0,0
48401,Rusk County,hail,56,25,2.5,84,3,,0,0,0
48401,Rusk County,lightning,6,5,0.5,96,,,60100,0,1
48401,Rusk County,thunderstorm_wind,188,78,7.8,97,87,,110600,0,0
48401,Rusk County,tornado,17,11,1.1,95,,EF3,2215000,0,1
48403,Sabine County,flash_flood,22,9,0.9,72,,,0,0,0
48403,Sabine County,hail,6,4,0.4,21,2,,0,0,0
48403,Sabine County,lightning,1,1,0.1,66,,,0,0,0
48403,Sabine County,thunderstorm_wind,41,25,2.5,49,74,,0,0,0
48403,Sabine County,tornado,5,4,0.4,62,,EF1,110000,0,0
48405,San Augustine County,flash_flood,11,9,0.9,72,,,0,0,0
48405,San Augustine County,hail,9,7,0.7,36,1.75,,0,0,0
48405,San Augustine County,thunderstorm_wind,20,15,1.5,25,96,,125800,0,0
48405,San Augustine County,tornado,3,3,0.3,51,,EF2,5150000,0,0
48407,San Jacinto County,flash_flood,9,7,0.7,62,,,350000000,3,0
48407,San Jacinto County,hail,10,6,0.6,31,1.75,,7000,0,0
48407,San Jacinto County,thunderstorm_wind,13,10,1.0,16,56,,5000,0,0
48409,San Patricio County,flash_flood,35,15,1.5,88,,,1010000,0,0
48409,San Patricio County,flood,6,6,0.6,71,,,125000,0,0
48409,San Patricio County,hail,13,6,0.6,31,2.75,,150000,0,0
48409,San Patricio County,lightning,1,1,0.1,66,,,50000,0,0
48409,San Patricio County,thunderstorm_wind,25,14,1.4,23,61,,1832000,0,0
48409,San Patricio County,tornado,3,3,0.3,51,,EF0,50000,0,0
48411,San Saba County,flash_flood,3,3,0.3,31,,,0,0,0
48411,San Saba County,flood,2,2,0.2,38,,,0,0,0
48411,San Saba County,hail,46,28,2.8,88,2.75,,0,0,0
48411,San Saba County,thunderstorm_wind,7,7,0.7,12,74,,0,0,0
48413,Schleicher County,flash_flood,6,3,0.3,31,,,0,0,0
48413,Schleicher County,flood,1,1,0.1,20,,,0,0,0
48413,Schleicher County,hail,8,8,0.8,41,2.75,,0,0,0
48413,Schleicher County,thunderstorm_wind,2,2,0.2,5,74,,0,0,0
48413,Schleicher County,tornado,1,1,0.1,22,,EF2,500000,0,1
48415,Scurry County,flash_flood,29,17,1.7,91,,,37600,0,0
48415,Scurry County,hail,75,41,4.1,96,4.25,,501500,0,6
48415,Scurry County,thunderstorm_wind,64,40,4.0,76,100,,2455800,0,1
48415,Scurry County,tornado,5,5,0.5,72,,EF2,650000,0,0
48417,Shackelford County,flood,3,2,0.2,38,,,0,0,0
48417,Shackelford County,hail,19,15,1.5,66,2.75,,0,0,0
48417,Shackelford County,thunderstorm_wind,19,16,1.6,27,83,,1000,0,0
48417,Shackelford County,tornado,3,3,0.3,51,,EF2,0,0,0
48419,Shelby County,flash_flood,19,14,1.4,86,,,0,0,0
48419,Shelby County,hail,27,14,1.4,63,2,,0,0,0
48419,Shelby County,thunderstorm_wind,48,30,3.0,60,87,,0,0,0
48419,Shelby County,tornado,11,7,0.7,85,,EF1,1065000,0,1
48421,Sherman County,flood,2,2,0.2,38,,,0,0,0
48421,Sherman County,hail,69,29,2.9,89,3.6,,10000,0,0
48421,Sherman County,thunderstorm_wind,41,32,3.2,63,103,,100,0,0
48421,Sherman County,tornado,5,4,0.4,62,,EF0,0,0,0
48423,Smith County,flash_flood,71,24,2.4,95,,,0,0,4
48423,Smith County,flood,10,7,0.7,75,,,0,0,0
48423,Smith County,hail,103,45,4.5,97,2.75,,0,0,0
48423,Smith County,lightning,7,7,0.7,98,,,126000,0,0
48423,Smith County,thunderstorm_wind,135,62,6.2,93,87,,45000,1,2
48423,Smith County,tornado,13,11,1.1,95,,EF2,1040000,0,2
48425,Somervell County,flash_flood,1,1,0.1,11,,,0,0,0
48425,Somervell County,flood,2,2,0.2,38,,,15000,0,0
48425,Somervell County,hail,9,8,0.8,41,2,,10000,0,0
48425,Somervell County,thunderstorm_wind,4,3,0.3,7,70,,19000,0,0
48427,Starr County,flash_flood,11,8,0.8,68,,,3125000,0,0
48427,Starr County,flood,4,4,0.4,59,,,0,0,0
48427,Starr County,hail,25,13,1.3,60,2.5,,7000,0,0
48427,Starr County,thunderstorm_wind,13,8,0.8,13,56,,78000,0,0
48429,Stephens County,flash_flood,4,2,0.2,21,,,50000,0,0
48429,Stephens County,flood,1,1,0.1,20,,,100000,1,0
48429,Stephens County,hail,30,18,1.8,73,2.75,,837000,0,0
48429,Stephens County,lightning,1,1,0.1,66,,,400000,0,0
48429,Stephens County,thunderstorm_wind,18,14,1.4,23,65,,249500,0,0
48429,Stephens County,tornado,1,1,0.1,22,,EF0,0,0,0
48431,Sterling County,flood,1,1,0.1,20,,,0,0,0
48431,Sterling County,hail,29,17,1.7,70,3,,0,0,0
48431,Sterling County,thunderstorm_wind,15,10,1.0,16,70,,0,0,0
48431,Sterling County,tornado,2,2,0.2,37,,EF3,0,0,0
48433,Stonewall County,flash_flood,2,2,0.2,21,,,0,0,0
48433,Stonewall County,flood,1,1,0.1,20,,,0,0,0
48433,Stonewall County,hail,18,16,1.6,68,4,,20500,0,0
48433,Stonewall County,thunderstorm_wind,12,11,1.1,18,95,,10000,0,0
48433,Stonewall County,tornado,3,3,0.3,51,,,0,0,0
48435,Sutton County,flash_flood,9,4,0.4,41,,,8000000,0,0
48435,Sutton County,flood,3,3,0.3,50,,,0,0,0
48435,Sutton County,hail,14,10,1.0,50,2.75,,0,0,0
48435,Sutton County,thunderstorm_wind,6,4,0.4,9,74,,0,0,0
48437,Swisher County,flash_flood,6,6,0.6,57,,,0,0,0
48437,Swisher County,flood,1,1,0.1,20,,,0,0,0
48437,Swisher County,hail,25,20,2.0,77,7.02,,0,0,0
48437,Swisher County,thunderstorm_wind,52,43,4.3,79,96,,110000,0,0
48437,Swisher County,tornado,6,4,0.4,62,,EF1,0,0,0
48439,Tarrant County,flash_flood,77,35,3.5,98,,,3673000,4,0
48439,Tarrant County,flood,15,9,0.9,81,,,35000,2,0
48439,Tarrant County,hail,465,87,8.7,100,5,,1424523000,0,0
48439,Tarrant County,lightning,17,12,1.2,99,,,2745500,0,19
48439,Tarrant County,thunderstorm_wind,249,74,7.4,96,91,,9668000,0,1
48439,Tarrant County,tornado,20,9,0.9,92,,EF2,1422000,0,10
48441,Taylor County,flash_flood,22,19,1.9,93,,,0,0,0
48441,Taylor County,flood,12,11,1.1,85,,,394000,0,0
48441,Taylor County,hail,118,49,4.9,98,3,,0,0,0
48441,Taylor County,thunderstorm_wind,89,47,4.7,83,83,,0,0,0
48441,Taylor County,tornado,5,3,0.3,51,,EF2,10810000,0,0
48443,Terrell County,flash_flood,6,5,0.5,49,,,1000,0,0
48443,Terrell County,hail,26,17,1.7,70,3,,1000,0,0
48443,Terrell County,thunderstorm_wind,14,11,1.1,18,81,,35750,0,0
48443,Terrell County,tornado,4,2,0.2,37,,EF3,500000,0,12
48445,Terry County,flash_flood,3,3,0.3,31,,,0,0,0
48445,Terry County,flood,2,2,0.2,38,,,0,0,0
48445,Terry County,hail,20,14,1.4,63,3.5,,0,0,0
48445,Terry County,thunderstorm_wind,15,15,1.5,25,91,,8000,0,0
48445,Terry County,tornado,4,4,0.4,62,,EF0,0,0,0
48447,Throckmorton County,flash_flood,5,2,0.2,21,,,460000,0,0
48447,Throckmorton County,flood,3,3,0.3,50,,,400000,0,0
48447,Throckmorton County,hail,37,23,2.3,82,2.5,,0,0,0
48447,Throckmorton County,thunderstorm_wind,17,16,1.6,27,83,,50000,0,0
48447,Throckmorton County,tornado,3,3,0.3,51,,EF0,0,0,0
48449,Titus County,flash_flood,5,4,0.4,41,,,0,0,0
48449,Titus County,hail,23,17,1.7,70,2,,0,0,0
48449,Titus County,thunderstorm_wind,29,17,1.7,29,65,,0,0,0
48449,Titus County,tornado,1,1,0.1,22,,EF1,60000,0,0
48451,Tom Green County,flash_flood,67,29,2.9,97,,,0,1,0
48451,Tom Green County,flood,14,11,1.1,85,,,0,0,0
48451,Tom Green County,hail,189,49,4.9,98,4,,0,0,0
48451,Tom Green County,lightning,1,1,0.1,66,,,3000,0,0
48451,Tom Green County,thunderstorm_wind,167,74,7.4,96,96,,7075000,0,0
48451,Tom Green County,tornado,5,3,0.3,51,,EF2,7700000,0,2
48453,Travis County,flash_flood,77,35,3.5,98,,,5060000,5,0
48453,Travis County,flood,5,3,0.3,50,,,10000000,0,0
48453,Travis County,hail,152,38,3.8,95,3,,300003000,0,0
48453,Travis County,lightning,8,6,0.6,97,,,690000,1,0
48453,Travis County,thunderstorm_wind,85,32,3.2,63,74,,3340500,1,2
48453,Travis County,tornado,5,4,0.4,62,,EF1,5100000,0,0
48455,Trinity County,flash_flood,13,4,0.4,41,,,0,1,0
48455,Trinity County,flood,1,1,0.1,20,,,2700000,0,0
48455,Trinity County,hail,14,7,0.7,36,3,,56000,0,0
48455,Trinity County,thunderstorm_wind,9,7,0.7,12,55,,25000,0,0
48455,Trinity County,tornado,1,1,0.1,22,,EF1,100000,1,1
48457,Tyler County,flash_flood,15,13,1.3,84,,,74130000,1,0
48457,Tyler County,flood,3,3,0.3,50,,,950000,0,0
48457,Tyler County,hail,23,13,1.3,60,2.5,,5000,0,0
48457,Tyler County,thunderstorm_wind,25,18,1.8,32,74,,71000,0,0
48457,Tyler County,tornado,6,5,0.5,72,,EF1,180000,0,1
48459,Upshur County,flash_flood,10,6,0.6,57,,,0,0,0
48459,Upshur County,hail,27,15,1.5,66,3.5,,0,0,0
48459,Upshur County,lightning,1,1,0.1,66,,,25000,0,0
48459,Upshur County,thunderstorm_wind,61,38,3.8,73,87,,30000,1,0
48459,Upshur County,tornado,6,4,0.4,62,,EF2,2385000,0,7
48461,Upton County,flash_flood,5,3,0.3,31,,,300,0,0
48461,Upton County,hail,29,13,1.3,60,3,,1000,0,0
48461,Upton County,thunderstorm_wind,7,6,0.6,11,78,,13000,0,0
48461,Upton County,tornado,4,4,0.4,62,,EF2,50000,0,0
48463,Uvalde County,flash_flood,44,19,1.9,93,,,100000,0,3
48463,Uvalde County,flood,3,3,0.3,50,,,0,1,0
48463,Uvalde County,hail,44,24,2.4,83,2.75,,2000,0,0
48463,Uvalde County,thunderstorm_wind,19,14,1.4,23,70,,187000,0,0
48465,Val Verde County,flash_flood,15,11,1.1,79,,,0,0,0
48465,Val Verde County,flood,1,1,0.1,20,,,0,0,0
48465,Val Verde County,hail,72,36,3.6,93,4,,10000000,0,0
48465,Val Verde County,thunderstorm_wind,51,28,2.8,56,70,,133500,0,0
48465,Val Verde County,tornado,4,4,0.4,62,,EF0,50000,0,0
48467,Van Zandt County,flash_flood,6,4,0.4,41,,,890000,0,0
48467,Van Zandt County,flood,3,1,0.1,20,,,8000,0,0
48467,Van Zandt County,hail,32,20,2.0,77,3.5,,159000,0,0
48467,Van Zandt County,lightning,1,1,0.1,66,,,100000,0,0
48467,Van Zandt County,thunderstorm_wind,40,24,2.4,47,74,,902500,1,1
48467,Van Zandt County,tornado,16,7,0.7,85,,EF4,2785000,4,49
48469,Victoria County,flash_flood,11,8,0.8,68,,,130000,0,0
48469,Victoria County,flood,6,6,0.6,71,,,20100000,1,1
48469,Victoria County,hail,8,4,0.4,21,1.75,,0,0,0
48469,Victoria County,thunderstorm_wind,28,16,1.6,27,66,,178000,0,0
48471,Walker County,flash_flood,24,11,1.1,79,,,600120000,1,0
48471,Walker County,flood,3,2,0.2,38,,,670000,0,0
48471,Walker County,hail,17,7,0.7,36,3.5,,72000,0,0
48471,Walker County,thunderstorm_wind,51,24,2.4,47,61,,287500,0,0
48471,Walker County,tornado,2,2,0.2,37,,EF0,45000,0,0
48473,Waller County,flash_flood,4,4,0.4,41,,,6710000,1,0
48473,Waller County,hail,4,4,0.4,21,1.5,,0,0,0
48473,Waller County,thunderstorm_wind,17,10,1.0,16,70,,1058000,0,0
48473,Waller County,tornado,7,5,0.5,72,,EF1,855000,0,0
48475,Ward County,flash_flood,1,1,0.1,11,,,1000,0,0
48475,Ward County,hail,22,18,1.8,73,2.75,,12000,0,0
48475,Ward County,thunderstorm_wind,13,13,1.3,21,70,,238000,0,0
48475,Ward County,tornado,1,1,0.1,22,,EF1,50000,0,0
48477,Washington County,flash_flood,9,5,0.5,49,,,10000000,4,0
48477,Washington County,hail,5,5,0.5,26,1.5,,0,0,0
48477,Washington County,thunderstorm_wind,16,11,1.1,18,65,,880900,0,0
48477,Washington County,tornado,1,1,0.1,22,,EF0,10000,0,0
48479,Webb County,flash_flood,32,16,1.6,90,,,700000,0,0
48479,Webb County,flood,4,4,0.4,59,,,200000,0,0
48479,Webb County,hail,49,18,1.8,73,3.25,,843000,0,0
48479,Webb County,lightning,1,1,0.1,66,,,10000,0,0
48479,Webb County,thunderstorm_wind,28,11,1.1,18,83,,21004000,0,0
48481,Wharton County,flash_flood,4,4,0.4,41,,,0,0,0
48481,Wharton County,hail,4,4,0.4,21,1.75,,0,0,0
48481,Wharton County,thunderstorm_wind,10,9,0.9,15,57,,61000,0,0
48481,Wharton County,tornado,8,6,0.6,79,,EF1,560000,0,0
48483,Wheeler County,flash_flood,3,2,0.2,21,,,0,0,0
48483,Wheeler County,flood,3,3,0.3,50,,,0,0,0
48483,Wheeler County,hail,70,36,3.6,93,5.5,,15000,0,0
48483,Wheeler County,thunderstorm_wind,21,12,1.2,20,87,,119000,0,1
48483,Wheeler County,tornado,9,6,0.6,79,,EF2,75000,0,0
48485,Wichita County,flash_flood,5,4,0.4,41,,,5000,0,0
48485,Wichita County,flood,4,4,0.4,59,,,10000,0,0
48485,Wichita County,hail,187,47,4.7,97,5.33,,1000,0,0
48485,Wichita County,thunderstorm_wind,109,54,5.4,89,91,,495500,0,0
48485,Wichita County,tornado,7,3,0.3,51,,EF2,117000,0,0
48487,Wilbarger County,flash_flood,6,4,0.4,41,,,0,0,0
48487,Wilbarger County,hail,34,20,2.0,77,3,,0,0,0
48487,Wilbarger County,thunderstorm_wind,39,25,2.5,49,73,,35000,0,0
48487,Wilbarger County,tornado,8,7,0.7,85,,EF3,225000,0,0
48489,Willacy County,flash_flood,6,6,0.6,57,,,22490000,0,0
48489,Willacy County,flood,6,6,0.6,71,,,0,0,0
48489,Willacy County,hail,7,5,0.5,26,2,,0,0,0
48489,Willacy County,lightning,2,2,0.2,85,,,5020000,2,0
48489,Willacy County,thunderstorm_wind,9,8,0.8,13,61,,125500,0,0
48489,Willacy County,tornado,2,2,0.2,37,,EF0,0,0,0
48491,Williamson County,flash_flood,42,17,1.7,91,,,25200000,0,0
48491,Williamson County,flood,1,1,0.1,20,,,0,0,0
48491,Williamson County,hail,203,47,4.7,97,4,,300000000,0,0
48491,Williamson County,lightning,5,2,0.2,85,,,1245000,0,0
48491,Williamson County,thunderstorm_wind,54,26,2.6,51,100,,268000,0,2
48491,Williamson County,tornado,12,10,1.0,94,,EF2,756000,0,0
48493,Wilson County,flash_flood,7,5,0.5,49,,,1000000,0,0
48493,Wilson County,hail,30,17,1.7,70,2,,0,0,0
48493,Wilson County,lightning,1,1,0.1,66,,,100000,0,0
48493,Wilson County,thunderstorm_wind,11,5,0.5,10,70,,26000,0,0
48493,Wilson County,tornado,2,2,0.2,37,,EF0,50000,0,0
48495,Winkler County,flash_flood,2,2,0.2,21,,,500,0,0
48495,Winkler County,hail,22,14,1.4,63,4,,1000,0,0
48495,Winkler County,thunderstorm_wind,23,17,1.7,29,70,,147000,0,0
48497,Wise County,flash_flood,18,11,1.1,79,,,567000,0,0
48497,Wise County,flood,11,9,0.9,81,,,205000,0,0
48497,Wise County,hail,115,43,4.3,96,4.5,,3805500,0,0
48497,Wise County,lightning,4,4,0.4,94,,,36000,0,1
48497,Wise County,thunderstorm_wind,58,37,3.7,72,74,,1427500,0,0
48497,Wise County,tornado,8,7,0.7,85,,EF2,831000,0,5
48499,Wood County,flash_flood,16,7,0.7,62,,,0,0,0
48499,Wood County,flood,8,7,0.7,75,,,0,0,0
48499,Wood County,hail,45,24,2.4,83,2.75,,0,0,0
48499,Wood County,thunderstorm_wind,52,39,3.9,74,70,,100000,0,0
48499,Wood County,tornado,5,4,0.4,62,,EF2,506000,0,1
48501,Yoakum County,flash_flood,1,1,0.1,11,,,0,0,0
48501,Yoakum County,flood,1,1,0.1,20,,,0,0,0
48501,Yoakum County,hail,18,13,1.3,60,3.5,,0,0,0
48501,Yoakum County,thunderstorm_wind,26,23,2.3,44,69,,0,0,0
48501,Yoakum County,tornado,1,1,0.1,22,,,0,0,0
48503,Young County,flash_flood,6,4,0.4,41,,,0,0,0
48503,Young County,flood,3,2,0.2,38,,,0,0,0
48503,Young County,hail,36,20,2.0,77,3.1,,244000,0,0
48503,Young County,thunderstorm_wind,17,14,1.4,23,70,,134000,0,0
48503,Young County,tornado,2,1,0.1,22,,EF0,3000,0,3
48505,Zapata County,flash_flood,6,5,0.5,49,,,375000,0,0
48505,Zapata County,flood,7,4,0.4,59,,,20000,0,0
48505,Zapata County,hail,11,8,0.8,41,4.5,,0,0,0
48505,Zapata County,lightning,1,1,0.1,66,,,7500,0,0
48505,Zapata County,thunderstorm_wind,6,6,0.6,11,65,,378000,0,0
48507,Zavala County,flash_flood,4,3,0.3,31,,,0,0,0
48507,Zavala County,hail,13,9,0.9,45,3,,15000,0,0
48507,Zavala County,thunderstorm_wind,3,2,0.2,5,61,,0,0,0
49001,Beaver County,flash_flood,4,4,0.4,41,,,0,0,0
49001,Beaver County,hail,3,3,0.3,16,2,,45000,0,0
49001,Beaver County,lightning,1,1,0.1,66,,,0,0,2
49001,Beaver County,thunderstorm_wind,25,25,2.5,49,65,,26000,0,0
49003,Box Elder County,flash_flood,2,1,0.1,11,,,2000000,0,0
49003,Box Elder County,flood,3,3,0.3,50,,,6030000,0,0
49003,Box Elder County,hail,4,4,0.4,21,1.5,,0,0,0
49003,Box Elder County,lightning,1,1,0.1,66,,,0,1,2
49003,Box Elder County,thunderstorm_wind,141,79,7.9,97,79,,14500,0,0
49003,Box Elder County,tornado,1,1,0.1,22,,EF0,0,0,0
49005,Cache County,flood,3,3,0.3,50,,,4010000,0,0
49005,Cache County,hail,6,3,0.3,16,1.25,,0,0,0
49005,Cache County,thunderstorm_wind,37,20,2.0,37,67,,76000,0,0
49007,Carbon County,flash_flood,8,8,0.8,68,,,4001000,0,0
49007,Carbon County,hail,6,5,0.5,26,1.75,,70000,0,0
49007,Carbon County,thunderstorm_wind,5,5,0.5,10,53,,0,0,0
49009,Daggett County,flash_flood,1,1,0.1,11,,,0,0,0
49009,Daggett County,lightning,1,1,0.1,66,,,0,1,1
49009,Daggett County,thunderstorm_wind,2,2,0.2,5,67,,0,0,0
49011,Davis County,flash_flood,2,2,0.2,21,,,150000,0,0
49011,Davis County,flood,3,3,0.3,50,,,1150000,0,0
49011,Davis County,hail,9,6,0.6,31,1.75,,30000,0,0
49011,Davis County,thunderstorm_wind,45,28,2.8,56,78,,249000,1,0
49011,Davis County,tornado,1,1,0.1,22,,EF1,0,0,0
49013,Duchesne County,flash_flood,5,5,0.5,49,,,152100,0,0
49013,Duchesne County,flood,3,3,0.3,50,,,105000,0,0
49013,Duchesne County,hail,8,6,0.6,31,1.75,,0,0,0
49013,Duchesne County,thunderstorm_wind,18,15,1.5,25,60,,0,0,0
49013,Duchesne County,tornado,1,1,0.1,22,,EF2,0,0,0
49015,Emery County,flash_flood,20,17,1.7,91,,,1081000,3,2
49015,Emery County,hail,1,1,0.1,6,1,,0,0,0
49015,Emery County,thunderstorm_wind,7,6,0.6,11,65,,5000,0,0
49015,Emery County,tornado,1,1,0.1,22,,,0,0,0
49017,Garfield County,flash_flood,66,49,4.9,99,,,115500,1,0
49017,Garfield County,flood,2,2,0.2,38,,,20000,0,0
49017,Garfield County,hail,6,6,0.6,31,1.75,,7500,0,0
49017,Garfield County,thunderstorm_wind,9,9,0.9,15,65,,20000,0,0
49017,Garfield County,tornado,3,3,0.3,51,,EF1,300000,0,0
49019,Grand County,flash_flood,25,16,1.6,90,,,40099200,2,0
49019,Grand County,flood,7,5,0.5,66,,,6250,0,0
49019,Grand County,hail,14,6,0.6,31,1.5,,0,0,0
49019,Grand County,lightning,1,1,0.1,66,,,0,0,2
49019,Grand County,thunderstorm_wind,29,27,2.7,53,66,,57500,0,0
49021,Iron County,flash_flood,27,23,2.3,95,,,12312000,0,3
49021,Iron County,hail,7,5,0.5,26,1.5,,40000,0,0
49021,Iron County,thunderstorm_wind,13,8,0.8,13,65,,0,0,0
49021,Iron County,tornado,1,1,0.1,22,,EF0,0,0,0
49023,Juab County,flash_flood,1,1,0.1,11,,,0,0,0
49023,Juab County,hail,2,2,0.2,11,1.5,,2000,0,0
49023,Juab County,thunderstorm_wind,32,27,2.7,53,67,,0,0,0
49023,Juab County,tornado,1,1,0.1,22,,,0,0,0
49025,Kane County,flash_flood,87,64,6.4,100,,,274000,2,4
49025,Kane County,flood,3,3,0.3,50,,,0,4,2
49025,Kane County,hail,7,3,0.3,16,1.75,,5000,0,0
49025,Kane County,thunderstorm_wind,6,5,0.5,10,63,,500000,0,3
49027,Millard County,flash_flood,2,2,0.2,21,,,1000,0,0
49027,Millard County,flood,2,2,0.2,38,,,1005000,0,0
49027,Millard County,hail,1,1,0.1,6,0.75,,0,0,0
49027,Millard County,thunderstorm_wind,29,22,2.2,42,62,,66000,0,0
49029,Morgan County,flood,1,1,0.1,20,,,5000,0,0
49029,Morgan County,hail,1,1,0.1,6,1,,0,0,0
49029,Morgan County,thunderstorm_wind,8,7,0.7,12,64,,1000,0,0
49031,Piute County,flash_flood,3,3,0.3,31,,,76100,0,0
49031,Piute County,flood,1,1,0.1,20,,,0,0,0
49031,Piute County,thunderstorm_wind,1,1,0.1,3,57,,0,0,0
49033,Rich County,flash_flood,1,1,0.1,11,,,50000,0,0
49033,Rich County,flood,2,2,0.2,38,,,280000,0,0
49033,Rich County,thunderstorm_wind,9,9,0.9,15,66,,2000,0,0
49035,Salt Lake County,flash_flood,9,7,0.7,62,,,26077000,0,0
49035,Salt Lake County,flood,6,6,0.6,71,,,1580000,0,0
49035,Salt Lake County,hail,27,17,1.7,70,1.75,,0,0,0
49035,Salt Lake County,thunderstorm_wind,152,67,6.7,95,83,,517000,0,0
49037,San Juan County,flash_flood,12,12,1.2,81,,,68250,0,0
49037,San Juan County,flood,1,1,0.1,20,,,2000,0,0
49037,San Juan County,hail,9,3,0.3,16,1.75,,0,0,0
49037,San Juan County,thunderstorm_wind,6,5,0.5,10,65,,0,0,0
49037,San Juan County,tornado,6,5,0.5,72,,EF2,0,0,0
49039,Sanpete County,flash_flood,1,1,0.1,11,,,0,0,0
49039,Sanpete County,thunderstorm_wind,6,4,0.4,9,56,,0,0,0
49041,Sevier County,flash_flood,3,3,0.3,31,,,1000000,0,0
49041,Sevier County,thunderstorm_wind,19,16,1.6,27,70,,3000,0,0
49043,Summit County,flash_flood,1,1,0.1,11,,,1000,0,0
49043,Summit County,hail,2,2,0.2,11,1,,0,0,0
49043,Summit County,thunderstorm_wind,14,12,1.2,20,60,,75000,0,0
49045,Tooele County,flash_flood,8,7,0.7,62,,,1093100,0,0
49045,Tooele County,flood,5,2,0.2,38,,,550000,0,0
49045,Tooele County,hail,7,6,0.6,31,1.75,,0,0,0
49045,Tooele County,thunderstorm_wind,490,139,13.9,100,81,,120000,0,0
49047,Uintah County,flood,2,2,0.2,38,,,100000,0,0
49047,Uintah County,hail,6,5,0.5,26,1,,0,0,0
49047,Uintah County,thunderstorm_wind,16,11,1.1,18,78,,0,0,0
49049,Utah County,flash_flood,13,12,1.2,81,,,791000,0,0
49049,Utah County,flood,5,5,0.5,66,,,245000,0,0
49049,Utah County,hail,10,6,0.6,31,1.75,,105000,0,0
49049,Utah County,lightning,1,1,0.1,66,,,0,0,1
49049,Utah County,thunderstorm_wind,77,41,4.1,77,76,,66250,0,1
49051,Wasatch County,flash_flood,2,1,0.1,11,,,0,0,0
49051,Wasatch County,flood,1,1,0.1,20,,,15000,0,0
49051,Wasatch County,hail,2,2,0.2,11,1,,1000,0,0
49051,Wasatch County,thunderstorm_wind,24,19,1.9,34,78,,8000,0,0
49051,Wasatch County,tornado,1,1,0.1,22,,EF0,0,0,0
49053,Washington County,flash_flood,110,78,7.8,100,,,7104500,1,3
49053,Washington County,flood,9,5,0.5,66,,,130000,0,0
49053,Washington County,hail,7,5,0.5,26,1.75,,7500,0,0
49053,Washington County,lightning,2,2,0.2,85,,,410000,0,0
49053,Washington County,thunderstorm_wind,29,19,1.9,34,78,,153000,0,0
49053,Washington County,tornado,1,1,0.1,22,,,0,0,0
49055,Wayne County,flash_flood,70,60,6.0,99,,,3121000,0,0
49055,Wayne County,flood,1,1,0.1,20,,,0,0,0
49055,Wayne County,hail,2,2,0.2,11,1,,5000,0,0
49057,Weber County,flood,4,4,0.4,59,,,134000,1,0
49057,Weber County,hail,4,3,0.3,16,1.75,,0,0,0
49057,Weber County,thunderstorm_wind,66,41,4.1,77,88,,104500,0,0
49057,Weber County,tornado,2,2,0.2,37,,EF1,2000000,0,5
50001,Addison County,flash_flood,14,12,1.2,81,,,2800000,0,0
50001,Addison County,flood,2,2,0.2,38,,,31000,0,0
50001,Addison County,hail,11,9,0.9,45,1.5,,51000,0,0
50001,Addison County,lightning,1,1,0.1,66,,,25000,0,0
50001,Addison County,thunderstorm_wind,61,33,3.3,65,78,,909000,0,2
50001,Addison County,tornado,3,2,0.2,37,,EF1,85000,0,2
50003,Bennington County,flash_flood,7,3,0.3,31,,,650000,0,0
50003,Bennington County,flood,20,8,0.8,78,,,630000,0,0
50003,Bennington County,hail,4,4,0.4,21,1.75,,1000,0,0
50003,Bennington County,lightning,1,1,0.1,66,,,20000,0,0
50003,Bennington County,thunderstorm_wind,70,31,3.1,62,87,,11000,0,0
50005,Caledonia County,flash_flood,22,12,1.2,81,,,17286000,3,0
50005,Caledonia County,flood,4,3,0.3,50,,,170000,0,0
50005,Caledonia County,hail,7,5,0.5,26,1.75,,0,0,0
50005,Caledonia County,thunderstorm_wind,30,22,2.2,42,55,,303000,0,0
50007,Chittenden County,flash_flood,10,7,0.7,62,,,2120000,0,0
50007,Chittenden County,flood,7,7,0.7,75,,,411000,0,0
50007,Chittenden County,hail,12,8,0.8,41,1.75,,20000,0,0
50007,Chittenden County,lightning,4,3,0.3,91,,,112000,0,0
50007,Chittenden County,thunderstorm_wind,89,34,3.4,67,65,,1059000,2,0
50009,Essex County,flash_flood,9,7,0.7,62,,,607000,0,0
50009,Essex County,flood,1,1,0.1,20,,,100000,0,0
50009,Essex County,hail,2,2,0.2,11,1,,0,0,0
50009,Essex County,thunderstorm_wind,25,16,1.6,27,60,,153000,0,0
50011,Franklin County,flash_flood,4,2,0.2,21,,,1025000,0,0
50011,Franklin County,flood,4,4,0.4,59,,,265000,0,0
50011,Franklin County,hail,10,10,1.0,50,1.5,,2000,0,0
50011,Franklin County,thunderstorm_wind,40,24,2.4,47,65,,341000,0,0
50013,Grand Isle County,hail,2,2,0.2,11,1,,0,0,0
50013,Grand Isle County,lightning,2,2,0.2,85,,,1740000,0,0
50013,Grand Isle County,thunderstorm_wind,18,14,1.4,23,66,,132000,0,0
50015,Lamoille County,flash_flood,12,9,0.9,72,,,3035000,0,0
50015,Lamoille County,flood,3,3,0.3,50,,,420000,0,0
50015,Lamoille County,hail,5,4,0.4,21,1.75,,0,0,0
50015,Lamoille County,thunderstorm_wind,26,17,1.7,29,55,,177000,0,0
50017,Orange County,flash_flood,3,3,0.3,31,,,2200000,0,0
50017,Orange County,flood,2,2,0.2,38,,,110000,0,0
50017,Orange County,hail,3,3,0.3,16,1.5,,0,0,0
50017,Orange County,thunderstorm_wind,39,25,2.5,49,65,,484000,0,0
50019,Orleans County,flash_flood,11,7,0.7,62,,,2575000,0,0
50019,Orleans County,flood,4,4,0.4,59,,,865000,0,0
50019,Orleans County,hail,10,4,0.4,21,1.75,,0,0,0
50019,Orleans County,thunderstorm_wind,23,17,1.7,29,65,,168000,0,0
50021,Rutland County,flash_flood,12,8,0.8,68,,,3591000,0,0
50021,Rutland County,flood,2,2,0.2,38,,,151000,0,0
50021,Rutland County,hail,10,6,0.6,31,1.5,,5000,0,0
50021,Rutland County,thunderstorm_wind,68,34,3.4,67,65,,1259000,1,2
50021,Rutland County,tornado,1,1,0.1,22,,EF0,50000,0,0
50023,Washington County,flash_flood,21,14,1.4,86,,,117735000,1,0
50023,Washington County,flood,4,4,0.4,59,,,1020000,0,0
50023,Washington County,hail,4,3,0.3,16,1,,0,0,0
50023,Washington County,thunderstorm_wind,58,32,3.2,63,70,,823000,0,0
50025,Windham County,flash_flood,30,9,0.9,72,,,4843000,0,1
50025,Windham County,flood,41,11,1.1,85,,,1583000,0,0
50025,Windham County,hail,4,3,0.3,16,1,,0,0,0
50025,Windham County,lightning,1,1,0.1,66,,,1000,0,0
50025,Windham County,thunderstorm_wind,70,26,2.6,51,70,,0,0,0
50025,Windham County,tornado,1,1,0.1,22,,EF1,0,0,0
50027,Windsor County,flash_flood,13,10,1.0,75,,,29815000,1,0
50027,Windsor County,flood,3,2,0.2,38,,,300000,0,0
50027,Windsor County,hail,8,4,0.4,21,1,,10000,0,0
50027,Windsor County,thunderstorm_wind,55,33,3.3,65,65,,1200000,0,0
51001,Accomack County,flash_flood,10,5,0.5,49,,,0,0,0
51001,Accomack County,flood,2,2,0.2,38,,,500000,1,0
51001,Accomack County,hail,8,7,0.7,36,1.75,,6000,0,0
51001,Accomack County,thunderstorm_wind,37,30,3.0,60,70,,70250,0,0
51003,Albemarle County,flash_flood,33,14,1.4,86,,,20000,3,0
51003,Albemarle County,flood,106,41,4.1,98,,,45000,0,0
51003,Albemarle County,hail,28,17,1.7,70,2.5,,0,0,0
51003,Albemarle County,lightning,3,2,0.2,85,,,7000,0,1
51003,Albemarle County,thunderstorm_wind,250,102,10.2,99,70,,1365000,0,0
51003,Albemarle County,tornado,2,2,0.2,37,,EF0,50000,0,0
51005,Alleghany County,flash_flood,6,5,0.5,49,,,6102000,0,3
51005,Alleghany County,flood,10,10,1.0,83,,,0,0,0
51005,Alleghany County,hail,5,4,0.4,21,1.75,,0,0,0
51005,Alleghany County,lightning,1,1,0.1,66,,,2000,0,0
51005,Alleghany County,thunderstorm_wind,30,22,2.2,42,60,,108700,0,0
51007,Amelia County,flash_flood,6,5,0.5,49,,,0,0,0
51007,Amelia County,flood,4,4,0.4,59,,,0,0,0
51007,Amelia County,hail,9,7,0.7,36,2.5,,2000,0,0
51007,Amelia County,lightning,1,1,0.1,66,,,5000,0,0
51007,Amelia County,thunderstorm_wind,69,37,3.7,72,50,,150000,0,0
51007,Amelia County,tornado,2,2,0.2,37,,EF2,280000,0,0
51009,Amherst County,flash_flood,4,3,0.3,31,,,95380,0,0
51009,Amherst County,flood,4,4,0.4,59,,,0,0,0
51009,Amherst County,hail,16,13,1.3,60,1.75,,0,0,0
51009,Amherst County,thunderstorm_wind,72,46,4.6,82,60,,311600,1,0
51009,Amherst County,tornado,2,1,0.1,22,,EF3,4350000,0,7
51011,Appomattox County,flash_flood,14,11,1.1,79,,,70500,0,0
51011,Appomattox County,flood,7,3,0.3,50,,,0,0,0
51011,Appomattox County,hail,9,6,0.6,31,1.75,,0,0,0
51011,Appomattox County,lightning,2,2,0.2,85,,,12500,0,0
51011,Appomattox County,thunderstorm_wind,100,49,4.9,85,60,,216600,0,0
51011,Appomattox County,tornado,1,1,0.1,22,,EF3,11200000,1,7
51013,Arlington County,flash_flood,10,7,0.7,62,,,50000,0,0
51013,Arlington County,flood,14,10,1.0,83,,,100000,0,0
51013,Arlington County,hail,5,1,0.1,6,1.25,,0,0,0
51013,Arlington County,thunderstorm_wind,66,40,4.0,76,70,,10459000,0,1
51013,Arlington County,tornado,2,2,0.2,37,,EF1,500000,0,0
51015,Augusta County,flash_flood,13,10,1.0,75,,,25000,0,0
51015,Augusta County,flood,87,35,3.5,97,,,0,0,0
51015,Augusta County,hail,21,15,1.5,66,3,,0,1,5
51015,Augusta County,lightning,1,1,0.1,66,,,0,0,2
51015,Augusta County,thunderstorm_wind,162,71,7.1,96,65,,786000,0,0
51015,Augusta County,tornado,2,2,0.2,37,,EF1,350000,0,0
51017,Bath County,flash_flood,6,5,0.5,49,,,50000,0,0
51017,Bath County,flood,6,4,0.4,59,,,500,0,0
51017,Bath County,hail,5,4,0.4,21,1,,1500,0,0
51017,Bath County,lightning,1,1,0.1,66,,,0,1,1
51017,Bath County,thunderstorm_wind,31,19,1.9,34,55,,155500,0,0
51019,Bedford County,flash_flood,18,13,1.3,84,,,206000,0,0
51019,Bedford County,flood,6,4,0.4,59,,,25000,0,0
51019,Bedford County,hail,34,20,2.0,77,2.75,,0,0,0
51019,Bedford County,lightning,17,15,1.5,99,,,318000,1,1
51019,Bedford County,thunderstorm_wind,132,78,7.8,97,70,,852100,0,0
51019,Bedford County,tornado,6,6,0.6,79,,EF2,1353440,0,3
51021,Bland County,flash_flood,3,3,0.3,31,,,120000,1,0
51021,Bland County,flood,2,2,0.2,38,,,0,0,0
51021,Bland County,thunderstorm_wind,26,13,1.3,21,55,,63500,0,0
51023,Botetourt County,flash_flood,14,9,0.9,72,,,803330,0,0
51023,Botetourt County,flood,13,8,0.8,78,,,53000,0,0
51023,Botetourt County,hail,14,13,1.3,60,1.25,,0,0,0
51023,Botetourt County,lightning,4,4,0.4,94,,,100000,0,0
51023,Botetourt County,thunderstorm_wind,77,45,4.5,81,65,,277000,0,0
51023,Botetourt County,tornado,1,1,0.1,22,,EF0,3500,0,0
51025,Brunswick County,flash_flood,21,8,0.8,68,,,0,0,0
51025,Brunswick County,flood,2,2,0.2,38,,,0,0,0
51025,Brunswick County,hail,5,5,0.5,26,1,,0,0,0
51025,Brunswick County,thunderstorm_wind,47,35,3.5,69,50,,94000,0,0
51025,Brunswick County,tornado,2,2,0.2,37,,EF1,20000,0,0
51027,Buchanan County,flash_flood,18,13,1.3,84,,,14828950,1,1
51027,Buchanan County,flood,10,9,0.9,81,,,72750,0,0
51027,Buchanan County,hail,10,6,0.6,31,2.5,,1000,0,0
51027,Buchanan County,thunderstorm_wind,43,24,2.4,47,50,,60400,0,1
51029,Buckingham County,flash_flood,8,6,0.6,57,,,60000,0,0
51029,Buckingham County,flood,5,3,0.3,50,,,0,0,0
51029,Buckingham County,hail,18,14,1.4,63,1.5,,0,0,0
51029,Buckingham County,lightning,4,4,0.4,94,,,50500,0,2
51029,Buckingham County,thunderstorm_wind,94,58,5.8,91,67,,250600,0,0
51031,Campbell County,flash_flood,35,18,1.8,92,,,630300,0,0
51031,Campbell County,flood,23,14,1.4,88,,,10000,0,0
51031,Campbell County,hail,22,12,1.2,57,2.5,,10000,0,0
51031,Campbell County,lightning,10,8,0.8,98,,,119300,0,0
51031,Campbell County,thunderstorm_wind,144,75,7.5,97,70,,724500,0,2
51031,Campbell County,tornado,4,3,0.3,51,,EF2,6275000,0,3
51033,Caroline County,flash_flood,10,9,0.9,72,,,0,0,0
51033,Caroline County,flood,5,5,0.5,66,,,0,0,0
51033,Caroline County,hail,6,2,0.2,11,4,,35000,0,0
51033,Caroline County,thunderstorm_wind,100,52,5.2,87,65,,310000,0,0
51033,Caroline County,tornado,2,2,0.2,37,,EF1,250000,0,0
51035,Carroll County,flash_flood,14,11,1.1,79,,,133000,0,0
51035,Carroll County,flood,6,6,0.6,71,,,229000,0,0
51035,Carroll County,hail,19,13,1.3,60,2.5,,1000000,0,0
51035,Carroll County,lightning,2,2,0.2,85,,,35000,0,0
51035,Carroll County,thunderstorm_wind,62,43,4.3,79,78,,316700,0,0
51035,Carroll County,tornado,1,1,0.1,22,,EF2,400000,0,0
51036,Charles City County,flash_flood,6,4,0.4,41,,,0,0,0
51036,Charles City County,flood,4,4,0.4,59,,,0,0,0
51036,Charles City County,hail,2,1,0.1,6,1.25,,0,0,0
51036,Charles City County,thunderstorm_wind,29,20,2.0,37,50,,54000,0,0
51036,Charles City County,tornado,1,1,0.1,22,,EF2,125000,0,0
51037,Charlotte County,flash_flood,5,3,0.3,31,,,1103310,2,0
51037,Charlotte County,flood,9,9,0.9,81,,,0,0,0
51037,Charlotte County,hail,9,7,0.7,36,1.25,,0,0,0
51037,Charlotte County,lightning,2,2,0.2,85,,,2000,0,1
51037,Charlotte County,thunderstorm_wind,108,54,5.4,89,60,,356600,0,0
51037,Charlotte County,tornado,1,1,0.1,22,,EF1,50000,0,0
51041,Chesterfield County,flash_flood,81,34,3.4,98,,,115000,0,0
51041,Chesterfield County,flood,6,6,0.6,71,,,0,0,0
51041,Chesterfield County,hail,44,16,1.6,68,3,,4000,0,0
51041,Chesterfield County,lightning,9,8,0.8,98,,,135000,0,0
51041,Chesterfield County,thunderstorm_wind,151,63,6.3,93,52,,363750,0,0
51041,Chesterfield County,tornado,2,1,0.1,22,,EF2,1020000,1,1
51043,Clarke County,flash_flood,4,3,0.3,31,,,0,0,0
51043,Clarke County,flood,19,12,1.2,86,,,0,0,0
51043,Clarke County,hail,10,5,0.5,26,1.75,,0,0,0
51043,Clarke County,lightning,1,1,0.1,66,,,2000,0,0
51043,Clarke County,thunderstorm_wind,73,41,4.1,77,65,,214000,0,1
51043,Clarke County,tornado,2,2,0.2,37,,EF0,25000,0,0
51045,Craig County,flash_flood,4,3,0.3,31,,,112000,0,0
51045,Craig County,flood,5,5,0.5,66,,,59650,0,0
51045,Craig County,hail,4,4,0.4,21,1.25,,0,0,0
51045,Craig County,thunderstorm_wind,19,12,1.2,20,55,,75500,0,0
51045,Craig County,tornado,1,1,0.1,22,,EF1,124000,0,0
51047,Culpeper County,flash_flood,10,6,0.6,57,,,0,0,0
51047,Culpeper County,flood,73,38,3.8,98,,,150000,0,0
51047,Culpeper County,hail,10,7,0.7,36,1.75,,0,0,0
51047,Culpeper County,thunderstorm_wind,118,63,6.3,93,70,,762750,0,0
51047,Culpeper County,tornado,1,1,0.1,22,,EF0,250000,0,5
51049,Cumberland County,flash_flood,2,2,0.2,21,,,0,0,0
51049,Cumberland County,flood,4,4,0.4,59,,,0,0,0
51049,Cumberland County,hail,5,5,0.5,26,1,,0,0,0
51049,Cumberland County,thunderstorm_wind,44,28,2.8,56,72,,226000,0,0
51051,Dickenson County,flash_flood,15,10,1.0,75,,,45550,0,0
51051,Dickenson County,flood,19,12,1.2,86,,,266750,0,0
51051,Dickenson County,hail,8,3,0.3,16,2,,15000,0,0
51051,Dickenson County,thunderstorm_wind,48,21,2.1,39,60,,57500,1,0
51053,Dinwiddie County,flash_flood,19,11,1.1,79,,,0,0,0
51053,Dinwiddie County,flood,3,3,0.3,50,,,0,0,0
51053,Dinwiddie County,hail,3,3,0.3,16,1.25,,0,0,0
51053,Dinwiddie County,lightning,1,1,0.1,66,,,3000,0,0
51053,Dinwiddie County,thunderstorm_wind,55,37,3.7,72,50,,94000,0,0
51053,Dinwiddie County,tornado,3,2,0.2,37,,EF1,493000,0,0
51057,Essex County,flash_flood,4,3,0.3,31,,,0,0,0
51057,Essex County,flood,4,4,0.4,59,,,0,0,0
51057,Essex County,hail,3,2,0.2,11,1,,0,0,0
51057,Essex County,thunderstorm_wind,34,24,2.4,47,52,,77000,0,0
51057,Essex County,tornado,1,1,0.1,22,,EF3,4500000,0,25
51059,Fairfax County,flash_flood,103,29,2.9,97,,,50000,0,0
51059,Fairfax County,flood,246,82,8.2,100,,,50000,0,0
51059,Fairfax County,hail,39,21,2.1,79,1.75,,0,0,0
51059,Fairfax County,thunderstorm_wind,386,134,13.4,100,78,,4267000,2,0
51059,Fairfax County,tornado,5,4,0.4,62,,EF0,220000,0,0
51061,Fauquier County,flash_flood,14,7,0.7,62,,,0,0,0
51061,Fauquier County,flood,71,34,3.4,97,,,0,0,0
51061,Fauquier County,hail,13,7,0.7,36,1.75,,0,0,0
51061,Fauquier County,thunderstorm_wind,238,96,9.6,99,80,,2806000,0,0
51061,Fauquier County,tornado,4,2,0.2,37,,EF0,0,0,0
51063,Floyd County,flash_flood,9,7,0.7,62,,,197100,0,0
51063,Floyd County,flood,2,2,0.2,38,,,14000,0,0
51063,Floyd County,hail,16,11,1.1,53,1.75,,5000,0,0
51063,Floyd County,lightning,2,1,0.1,66,,,10000,0,0
51063,Floyd County,thunderstorm_wind,37,29,2.9,58,70,,76300,0,0
51065,Fluvanna County,flash_flood,5,4,0.4,41,,,0,0,0
51065,Fluvanna County,flood,3,3,0.3,50,,,0,0,0
51065,Fluvanna County,hail,4,3,0.3,16,1,,0,0,0
51065,Fluvanna County,thunderstorm_wind,58,33,3.3,65,56,,209000,0,0
51065,Fluvanna County,tornado,3,2,0.2,37,,EF1,350000,0,0
51067,Franklin County,flash_flood,34,15,1.5,88,,,377900,0,0
51067,Franklin County,flood,18,16,1.6,90,,,2328000,0,0
51067,Franklin County,hail,25,14,1.4,63,1.75,,20000,0,0
51067,Franklin County,lightning,7,7,0.7,98,,,137500,0,2
51067,Franklin County,thunderstorm_wind,137,73,7.3,96,60,,512400,0,1
51067,Franklin County,tornado,1,1,0.1,22,,EF3,650000,0,0
51069,Frederick County,flash_flood,2,2,0.2,21,,,0,0,0
51069,Frederick County,flood,82,29,2.9,96,,,0,0,0
51069,Frederick County,hail,19,7,0.7,36,1.75,,0,0,0
51069,Frederick County,thunderstorm_wind,127,62,6.2,93,70,,694000,0,0
51071,Giles County,flash_flood,7,6,0.6,57,,,25000,0,0
51071,Giles County,flood,27,16,1.6,90,,,1096000,0,0
51071,Giles County,hail,9,6,0.6,31,1.75,,0,0,0
51071,Giles County,lightning,1,1,0.1,66,,,10000,0,0
51071,Giles County,thunderstorm_wind,39,28,2.8,56,80,,217700,0,1
51073,Gloucester County,flash_flood,2,2,0.2,21,,,0,0,0
51073,Gloucester County,flood,1,1,0.1,20,,,0,0,0
51073,Gloucester County,hail,5,4,0.4,21,1.25,,0,0,0
51073,Gloucester County,thunderstorm_wind,28,18,1.8,32,65,,126000,0,0
51073,Gloucester County,tornado,5,4,0.4,62,,EF1,184000,0,0
51075,Goochland County,flash_flood,1,1,0.1,11,,,0,0,0
51075,Goochland County,flood,3,3,0.3,50,,,0,0,0
51075,Goochland County,hail,1,1,0.1,6,1.75,,0,0,0
51075,Goochland County,thunderstorm_wind,92,47,4.7,83,56,,243000,0,2
51075,Goochland County,tornado,2,1,0.1,22,,EF1,125000,0,0
51077,Grayson County,flash_flood,17,10,1.0,75,,,23101040,1,0
51077,Grayson County,flood,11,10,1.0,83,,,2886200,0,0
51077,Grayson County,hail,11,7,0.7,36,1.75,,1000,0,0
51077,Grayson County,thunderstorm_wind,22,18,1.8,32,70,,45100,0,0
51077,Grayson County,tornado,2,2,0.2,37,,EF1,120000,0,0
51079,Greene County,flash_flood,38,12,1.2,81,,,4777000,0,0
51079,Greene County,flood,57,25,2.5,95,,,0,0,0
51079,Greene County,hail,8,6,0.6,31,1.25,,0,0,0
51079,Greene County,thunderstorm_wind,65,41,4.1,77,61,,101000,0,0
51081,Greensville County,flash_flood,2,2,0.2,21,,,0,0,0
51081,Greensville County,flood,2,2,0.2,38,,,450000,0,0
51081,Greensville County,hail,6,6,0.6,31,1.5,,11000,0,0
51081,Greensville County,thunderstorm_wind,18,14,1.4,23,50,,40000,0,0
51081,Greensville County,tornado,3,1,0.1,22,,EF1,23000,0,0
51083,Halifax County,flash_flood,18,12,1.2,81,,,3015630,0,0
51083,Halifax County,flood,44,30,3.0,96,,,820000,0,0
51083,Halifax County,hail,32,18,1.8,73,3,,0,0,0
51083,Halifax County,lightning,6,6,0.6,97,,,55300,0,1
51083,Halifax County,thunderstorm_wind,201,93,9.3,99,100,,1149350,0,0
51083,Halifax County,tornado,3,3,0.3,51,,EF2,615000,0,0
51085,Hanover County,flash_flood,25,18,1.8,92,,,27000,0,0
51085,Hanover County,flood,7,5,0.5,66,,,3000,0,0
51085,Hanover County,hail,13,9,0.9,45,2,,0,0,0
51085,Hanover County,lightning,2,2,0.2,85,,,6000,0,0
51085,Hanover County,thunderstorm_wind,106,53,5.3,88,61,,193850,0,0
51085,Hanover County,tornado,3,2,0.2,37,,EF1,45000,0,0
51087,Henrico County,flash_flood,49,28,2.8,97,,,10000,0,0
51087,Henrico County,flood,5,4,0.4,59,,,0,0,0
51087,Henrico County,hail,36,13,1.3,60,2.4,,3540,0,0
51087,Henrico County,lightning,3,3,0.3,91,,,9000,0,0
51087,Henrico County,thunderstorm_wind,123,48,4.8,85,58,,457500,2,2
51089,Henry County,flash_flood,22,14,1.4,86,,,11190080,0,0
51089,Henry County,flood,6,4,0.4,59,,,1000,0,0
51089,Henry County,hail,19,12,1.2,57,2,,17500,0,0
51089,Henry County,lightning,5,5,0.5,96,,,61000,0,1
51089,Henry County,thunderstorm_wind,212,93,9.3,99,80,,1101000,0,0
51091,Highland County,flood,10,5,0.5,66,,,0,0,0
51091,Highland County,hail,2,1,0.1,6,2.5,,0,0,0
51091,Highland County,thunderstorm_wind,23,16,1.6,27,65,,209500,0,0
51093,Isle of Wight County,flash_flood,29,12,1.2,81,,,0,0,0
51093,Isle of Wight County,flood,4,4,0.4,59,,,1200000,0,0
51093,Isle of Wight County,hail,8,5,0.5,26,1.75,,0,0,0
51093,Isle of Wight County,lightning,2,2,0.2,85,,,25000,0,0
51093,Isle of Wight County,thunderstorm_wind,64,41,4.1,77,63,,220000,0,1
51093,Isle of Wight County,tornado,5,5,0.5,72,,EF0,170000,0,0
51095,James City County,flash_flood,11,9,0.9,72,,,0,0,0
51095,James City County,flood,3,3,0.3,50,,,100000,0,0
51095,James City County,hail,1,1,0.1,6,1,,0,0,0
51095,James City County,thunderstorm_wind,40,25,2.5,49,56,,76500,0,0
51095,James City County,tornado,2,2,0.2,37,,EF1,250000,0,0
51097,King and Queen County,flash_flood,2,2,0.2,21,,,0,0,0
51097,King and Queen County,flood,5,5,0.5,66,,,0,0,0
51097,King and Queen County,hail,4,3,0.3,16,1.75,,0,0,0
51097,King and Queen County,thunderstorm_wind,25,22,2.2,42,50,,79000,0,0
51097,King and Queen County,tornado,2,2,0.2,37,,EF1,510000,0,0
51099,King George County,flash_flood,5,2,0.2,21,,,0,0,0
51099,King George County,flood,17,9,0.9,81,,,0,0,0
51099,King George County,hail,2,2,0.2,11,1,,0,0,0
51099,King George County,thunderstorm_wind,92,50,5.0,86,61,,160500,0,0
51099,King George County,tornado,1,1,0.1,22,,EF1,0,0,0
51101,King William County,flash_flood,9,8,0.8,68,,,0,0,0
51101,King William County,flood,6,5,0.5,66,,,0,0,0
51101,King William County,hail,3,2,0.2,11,1.75,,0,0,0
51101,King William County,lightning,1,1,0.1,66,,,1000,0,0
51101,King William County,thunderstorm_wind,51,33,3.3,65,65,,165000,0,0
51101,King William County,tornado,1,1,0.1,22,,EF0,50000,0,0
51103,Lancaster County,flash_flood,24,7,0.7,62,,,75000,0,0
51103,Lancaster County,flood,2,2,0.2,38,,,0,0,0
51103,Lancaster County,hail,1,1,0.1,6,1,,0,0,0
51103,Lancaster County,thunderstorm_wind,33,25,2.5,49,65,,116000,0,0
51103,Lancaster County,tornado,5,5,0.5,72,,EF2,3557000,0,5
51105,Lee County,flash_flood,5,4,0.4,41,,,5000,0,0
51105,Lee County,flood,4,4,0.4,59,,,0,0,0
51105,Lee County,hail,9,5,0.5,26,1.5,,0,0,0
51105,Lee County,thunderstorm_wind,42,26,2.6,51,78,,0,0,0
51105,Lee County,tornado,2,1,0.1,22,,EF1,0,0,0
51107,Loudoun County,flash_flood,15,7,0.7,62,,,0,0,0
51107,Loudoun County,flood,67,28,2.8,96,,,0,0,0
51107,Loudoun County,hail,56,18,1.8,73,3,,110000,0,0
51107,Loudoun County,lightning,1,1,0.1,66,,,336000,0,0
51107,Loudoun County,thunderstorm_wind,281,115,11.5,100,70,,1923000,0,0
51107,Loudoun County,tornado,4,4,0.4,62,,EF1,6280000,0,0
51109,Louisa County,flash_flood,9,5,0.5,49,,,0,0,0
51109,Louisa County,flood,6,6,0.6,71,,,0,0,0
51109,Louisa County,hail,10,7,0.7,36,3,,3000,0,0
51109,Louisa County,lightning,1,1,0.1,66,,,0,1,1
51109,Louisa County,thunderstorm_wind,90,52,5.2,87,77,,338000,0,0
51109,Louisa County,tornado,4,3,0.3,51,,EF2,330000,0,0
51111,Lunenburg County,flash_flood,12,7,0.7,62,,,0,0,0
51111,Lunenburg County,flood,3,3,0.3,50,,,0,0,0
51111,Lunenburg County,hail,2,2,0.2,11,1.75,,0,0,0
51111,Lunenburg County,thunderstorm_wind,50,35,3.5,69,54,,122000,1,0
51111,Lunenburg County,tornado,1,1,0.1,22,,EF0,20000,0,0
51113,Madison County,flash_flood,13,6,0.6,57,,,107000,1,0
51113,Madison County,flood,79,33,3.3,97,,,0,0,0
51113,Madison County,hail,6,5,0.5,26,1.75,,0,0,0
51113,Madison County,thunderstorm_wind,99,52,5.2,87,70,,317500,0,0
51115,Mathews County,flash_flood,4,4,0.4,41,,,0,0,0
51115,Mathews County,flood,1,1,0.1,20,,,0,0,0
51115,Mathews County,hail,3,2,0.2,11,1.25,,0,0,0
51115,Mathews County,thunderstorm_wind,19,14,1.4,23,70,,69500,0,0
51117,Mecklenburg County,flash_flood,26,13,1.3,84,,,5500,1,0
51117,Mecklenburg County,flood,6,6,0.6,71,,,25000,0,0
51117,Mecklenburg County,hail,14,6,0.6,31,3,,0,0,0
51117,Mecklenburg County,lightning,1,1,0.1,66,,,2000,0,0
51117,Mecklenburg County,thunderstorm_wind,78,53,5.3,88,69,,179000,0,0
51117,Mecklenburg County,tornado,4,4,0.4,62,,EF1,520000,0,0
51119,Middlesex County,flood,2,2,0.2,38,,,0,0,0
51119,Middlesex County,hail,3,3,0.3,16,1,,0,0,0
51119,Middlesex County,thunderstorm_wind,26,18,1.8,32,65,,96000,0,0
51119,Middlesex County,tornado,4,3,0.3,51,,EF1,325000,0,0
51121,Montgomery County,flash_flood,21,14,1.4,86,,,706000,0,0
51121,Montgomery County,flood,12,7,0.7,75,,,33000,0,0
51121,Montgomery County,hail,13,10,1.0,50,1,,4000,0,0
51121,Montgomery County,lightning,2,2,0.2,85,,,2500,0,0
51121,Montgomery County,thunderstorm_wind,84,50,5.0,86,78,,302700,0,2
51121,Montgomery County,tornado,3,2,0.2,37,,EF1,123000,0,0
51125,Nelson County,flash_flood,26,13,1.3,84,,,510000,0,0
51125,Nelson County,flood,57,26,2.6,95,,,20000,0,0
51125,Nelson County,hail,14,9,0.9,45,1.75,,0,0,0
51125,Nelson County,thunderstorm_wind,110,64,6.4,94,61,,229500,1,0
51125,Nelson County,tornado,1,1,0.1,22,,EF1,0,0,0
51127,New Kent County,flash_flood,11,8,0.8,68,,,0,0,0
51127,New Kent County,flood,4,4,0.4,59,,,0,0,0
51127,New Kent County,hail,4,3,0.3,16,1,,0,0,0
51127,New Kent County,thunderstorm_wind,39,25,2.5,49,50,,177000,0,0
51127,New Kent County,tornado,1,1,0.1,22,,EF0,50000,0,0
51131,Northampton County,flash_flood,7,5,0.5,49,,,0,0,0
51131,Northampton County,flood,3,3,0.3,50,,,500000,0,0
51131,Northampton County,hail,2,2,0.2,11,1,,0,0,0
51131,Northampton County,thunderstorm_wind,22,16,1.6,27,56,,55000,0,1
51133,Northumberland County,flash_flood,13,8,0.8,68,,,120000,0,0
51133,Northumberland County,flood,2,2,0.2,38,,,0,0,0
51133,Northumberland County,hail,3,3,0.3,16,1,,0,0,0
51133,Northumberland County,thunderstorm_wind,46,32,3.2,63,54,,128000,0,0
51133,Northumberland County,tornado,5,4,0.4,62,,EF2,1419500,0,0
51135,Nottoway County,flash_flood,10,7,0.7,62,,,0,0,0
51135,Nottoway County,flood,3,3,0.3,50,,,0,0,0
51135,Nottoway County,hail,4,3,0.3,16,1.25,,0,0,0
51135,Nottoway County,lightning,1,1,0.1,66,,,200,0,0
51135,Nottoway County,thunderstorm_wind,47,27,2.7,53,54,,101000,1,2
51135,Nottoway County,tornado,1,1,0.1,22,,EF1,150000,0,0
51137,Orange County,flash_flood,9,7,0.7,62,,,0,0,0
51137,Orange County,flood,71,24,2.4,94,,,0,0,0
51137,Orange County,hail,14,9,0.9,45,1.75,,0,0,0
51137,Orange County,lightning,1,1,0.1,66,,,100000,0,0
51137,Orange County,thunderstorm_wind,159,76,7.6,97,70,,345500,0,1
51137,Orange County,tornado,2,2,0.2,37,,EF1,0,0,0
51139,Page County,flash_flood,9,6,0.6,57,,,5000,0,0
51139,Page County,flood,28,20,2.0,93,,,0,0,0
51139,Page County,hail,5,5,0.5,26,1.25,,0,0,0
51139,Page County,thunderstorm_wind,79,38,3.8,73,65,,349000,0,0
51139,Page County,tornado,1,1,0.1,22,,EF0,50000,0,0
51141,Patrick County,flash_flood,20,14,1.4,86,,,668620,0,0
51141,Patrick County,flood,8,6,0.6,71,,,250000,0,0
51141,Patrick County,hail,17,16,1.6,68,1.75,,0,0,0
51141,Patrick County,lightning,1,1,0.1,66,,,2000,0,0
51141,Patrick County,thunderstorm_wind,68,45,4.5,81,60,,204100,0,0
51141,Patrick County,tornado,1,1,0.1,22,,EF1,205000,0,0
51143,Pittsylvania County,flash_flood,17,13,1.3,84,,,3040000,1,0
51143,Pittsylvania County,flood,19,13,1.3,87,,,16000,0,0
51143,Pittsylvania County,hail,43,25,2.5,84,1.75,,200,0,0
51143,Pittsylvania County,lightning,6,5,0.5,96,,,41500,0,0
51143,Pittsylvania County,thunderstorm_wind,228,98,9.8,99,78,,1199100,0,1
51143,Pittsylvania County,tornado,5,3,0.3,51,,EF2,1909730,0,1
51145,Powhatan County,flash_flood,8,4,0.4,41,,,0,0,0
51145,Powhatan County,flood,3,3,0.3,50,,,0,0,0
51145,Powhatan County,hail,1,1,0.1,6,1,,0,0,0
51145,Powhatan County,thunderstorm_wind,43,29,2.9,58,52,,95000,0,0
51145,Powhatan County,tornado,3,3,0.3,51,,EF0,113000,0,0
51147,Prince Edward County,flash_flood,19,11,1.1,79,,,0,0,0
51147,Prince Edward County,flood,4,4,0.4,59,,,0,0,0
51147,Prince Edward County,hail,10,4,0.4,21,2,,5000,0,0
51147,Prince Edward County,lightning,1,1,0.1,66,,,20000,0,0
51147,Prince Edward County,thunderstorm_wind,86,35,3.5,69,60,,171000,0,0
51149,Prince George County,flash_flood,32,16,1.6,90,,,0,0,0
51149,Prince George County,flood,6,6,0.6,71,,,0,0,0
51149,Prince George County,hail,7,4,0.4,21,1.25,,0,0,0
51149,Prince George County,lightning,1,1,0.1,66,,,10000,0,0
51149,Prince George County,thunderstorm_wind,73,36,3.6,70,65,,178250,0,0
51149,Prince George County,tornado,1,1,0.1,22,,EF1,30000,0,0
51153,Prince William County,flash_flood,25,10,1.0,75,,,50000,0,0
51153,Prince William County,flood,165,57,5.7,99,,,200000,0,0
51153,Prince William County,hail,17,8,0.8,41,2.25,,0,0,0
51153,Prince William County,lightning,1,1,0.1,66,,,0,0,5
51153,Prince William County,thunderstorm_wind,171,84,8.4,98,72,,5927500,1,0
51155,Pulaski County,flash_flood,6,6,0.6,57,,,593820,0,0
51155,Pulaski County,flood,17,17,1.7,91,,,14058000,0,0
51155,Pulaski County,hail,9,7,0.7,36,1,,0,0,0
51155,Pulaski County,thunderstorm_wind,42,29,2.9,58,80,,202000,0,0
51155,Pulaski County,tornado,2,2,0.2,37,,EF1,700000,0,0
51157,Rappahannock County,flash_flood,5,3,0.3,31,,,0,0,0
51157,Rappahannock County,flood,28,14,1.4,88,,,0,0,0
51157,Rappahannock County,hail,4,3,0.3,16,1.75,,0,0,0
51157,Rappahannock County,thunderstorm_wind,81,43,4.3,79,60,,285000,0,0
51159,Richmond County,flash_flood,49,17,1.7,91,,,10000,0,0
51159,Richmond County,flood,7,6,0.6,71,,,0,0,0
51159,Richmond County,hail,7,6,0.6,31,2,,0,0,0
51159,Richmond County,lightning,1,1,0.1,66,,,2000,0,0
51159,Richmond County,thunderstorm_wind,67,39,3.9,74,50,,208000,0,0
51159,Richmond County,tornado,2,2,0.2,37,,EF2,3302000,0,0
51161,Roanoke County,flash_flood,19,13,1.3,84,,,2631400,0,0
51161,Roanoke County,flood,17,10,1.0,83,,,7000,0,0
51161,Roanoke County,hail,22,16,1.6,68,1.75,,0,0,0
51161,Roanoke County,lightning,2,2,0.2,85,,,60000,0,0
51161,Roanoke County,thunderstorm_wind,101,52,5.2,87,63,,378850,0,0
51163,Rockbridge County,flash_flood,12,7,0.7,62,,,65000,0,0
51163,Rockbridge County,flood,8,4,0.4,59,,,5000,0,0
51163,Rockbridge County,hail,17,12,1.2,57,1.25,,0,0,0
51163,Rockbridge County,lightning,1,1,0.1,66,,,1000,0,0
51163,Rockbridge County,thunderstorm_wind,74,44,4.4,80,70,,506600,0,0
51163,Rockbridge County,tornado,1,1,0.1,22,,EF0,8000,0,0
51165,Rockingham County,flash_flood,29,14,1.4,86,,,0,0,0
51165,Rockingham County,flood,65,33,3.3,97,,,0,0,0
51165,Rockingham County,hail,16,8,0.8,41,1.75,,0,0,0
51165,Rockingham County,thunderstorm_wind,159,75,7.5,97,70,,653000,0,0
51165,Rockingham County,tornado,1,1,0.1,22,,EF0,30000,0,0
51167,Russell County,flash_flood,5,5,0.5,49,,,0,0,0
51167,Russell County,flood,5,5,0.5,66,,,691000,0,0
51167,Russell County,hail,2,2,0.2,11,1,,0,0,0
51167,Russell County,thunderstorm_wind,25,20,2.0,37,61,,0,0,0
51169,Scott County,flash_flood,5,5,0.5,49,,,1000,0,0
51169,Scott County,flood,4,4,0.4,59,,,1000,0,0
51169,Scott County,hail,3,3,0.3,16,1,,0,0,0
51169,Scott County,thunderstorm_wind,30,23,2.3,44,55,,0,0,0
51169,Scott County,tornado,1,1,0.1,22,,EF1,0,0,0
51171,Shenandoah County,flash_flood,8,6,0.6,57,,,0,0,0
51171,Shenandoah County,flood,81,24,2.4,94,,,0,0,0
51171,Shenandoah County,hail,8,6,0.6,31,1.5,,0,0,0
51171,Shenandoah County,thunderstorm_wind,94,52,5.2,87,70,,769000,1,0
51173,Smyth County,flash_flood,11,8,0.8,68,,,7108000,0,0
51173,Smyth County,flood,14,10,1.0,83,,,172000,0,0
51173,Smyth County,hail,17,7,0.7,36,2,,0,0,0
51173,Smyth County,thunderstorm_wind,68,41,4.1,77,70,,3358600,0,0
51175,Southampton County,flash_flood,18,7,0.7,62,,,0,0,0
51175,Southampton County,flood,3,3,0.3,50,,,1500000,0,0
51175,Southampton County,hail,14,7,0.7,36,1.75,,0,0,0
51175,Southampton County,lightning,1,1,0.1,66,,,10000,0,0
51175,Southampton County,thunderstorm_wind,57,42,4.2,78,74,,201250,0,0
51175,Southampton County,tornado,6,6,0.6,79,,EF2,8114000,0,0
51177,Spotsylvania County,flash_flood,6,5,0.5,49,,,0,0,0
51177,Spotsylvania County,flood,23,11,1.1,85,,,10000,0,0
51177,Spotsylvania County,hail,10,6,0.6,31,1.75,,0,0,0
51177,Spotsylvania County,thunderstorm_wind,151,68,6.8,95,78,,1706000,0,0
51179,Stafford County,flash_flood,3,3,0.3,31,,,0,0,0
51179,Stafford County,flood,62,18,1.8,92,,,0,0,0
51179,Stafford County,hail,22,10,1.0,50,2.25,,0,0,0
51179,Stafford County,thunderstorm_wind,128,50,5.0,86,78,,964000,1,1
51179,Stafford County,tornado,1,1,0.1,22,,EF1,250000,0,0
51181,Surry County,flash_flood,21,11,1.1,79,,,65000,0,0
51181,Surry County,flood,2,2,0.2,38,,,100000,0,0
51181,Surry County,hail,1,1,0.1,6,2,,0,0,0
51181,Surry County,thunderstorm_wind,29,21,2.1,39,52,,46000,0,0
51181,Surry County,tornado,2,2,0.2,37,,EF1,17000,0,0
51183,Sussex County,flash_flood,23,10,1.0,75,,,100000,0,0
51183,Sussex County,flood,3,3,0.3,50,,,100000,0,0
51183,Sussex County,hail,2,2,0.2,11,2,,0,0,0
51183,Sussex County,thunderstorm_wind,54,31,3.1,62,50,,146500,0,0
51183,Sussex County,tornado,2,2,0.2,37,,EF1,2615000,3,8
51185,Tazewell County,flash_flood,20,11,1.1,79,,,450000,0,0
51185,Tazewell County,flood,24,17,1.7,91,,,2012600,0,0
51185,Tazewell County,hail,13,10,1.0,50,1.75,,0,0,0
51185,Tazewell County,thunderstorm_wind,56,31,3.1,62,60,,380100,0,0
51187,Warren County,flash_flood,10,6,0.6,57,,,0,0,0
51187,Warren County,flood,42,20,2.0,93,,,0,0,0
51187,Warren County,hail,3,3,0.3,16,1.25,,0,0,0
51187,Warren County,thunderstorm_wind,62,41,4.1,77,65,,404000,0,0
51191,Washington County,flash_flood,11,9,0.9,72,,,105001000,0,0
51191,Washington County,flood,6,6,0.6,71,,,0,0,0
51191,Washington County,hail,8,6,0.6,31,1.25,,0,0,0
51191,Washington County,thunderstorm_wind,39,32,3.2,63,52,,0,0,0
51193,Westmoreland County,flash_flood,24,10,1.0,75,,,0,0,0
51193,Westmoreland County,flood,3,3,0.3,50,,,0,0,0
51193,Westmoreland County,hail,3,1,0.1,6,1.25,,0,0,0
51193,Westmoreland County,thunderstorm_wind,44,30,3.0,60,50,,150000,0,0
51193,Westmoreland County,tornado,2,2,0.2,37,,EF1,905000,0,0
51195,Wise County,flash_flood,18,8,0.8,68,,,6000,0,0
51195,Wise County,flood,8,6,0.6,71,,,213000,0,0
51195,Wise County,hail,2,2,0.2,11,1,,0,0,0
51195,Wise County,thunderstorm_wind,31,23,2.3,44,55,,0,0,0
51197,Wythe County,flash_flood,6,6,0.6,57,,,186500,0,0
51197,Wythe County,flood,14,11,1.1,85,,,1016500,0,0
51197,Wythe County,hail,12,8,0.8,41,1,,0,0,0
51197,Wythe County,lightning,1,1,0.1,66,,,200,0,0
51197,Wythe County,thunderstorm_wind,26,18,1.8,32,65,,255000,0,0
51199,York County,flash_flood,16,14,1.4,86,,,0,0,0
51199,York County,flood,3,3,0.3,50,,,200000,0,0
51199,York County,hail,4,3,0.3,16,1.25,,0,0,0
51199,York County,thunderstorm_wind,32,20,2.0,37,62,,56500,0,0
51199,York County,tornado,1,1,0.1,22,,EF0,150000,0,0
51510,Alexandria city,flash_flood,35,16,1.6,90,,,0,0,0
51510,Alexandria city,flood,13,10,1.0,83,,,0,0,0
51510,Alexandria city,hail,1,1,0.1,6,1.25,,0,0,0
51510,Alexandria city,thunderstorm_wind,22,19,1.9,34,70,,10161000,0,0
51520,Bristol city,flash_flood,1,1,0.1,11,,,0,0,0
51520,Bristol city,flood,1,1,0.1,20,,,0,0,0
51520,Bristol city,hail,1,1,0.1,6,1,,0,0,0
51520,Bristol city,thunderstorm_wind,4,3,0.3,7,52,,0,0,0
51530,Buena Vista city,flash_flood,1,1,0.1,11,,,0,0,0
51530,Buena Vista city,hail,1,1,0.1,6,1,,0,0,0
51530,Buena Vista city,thunderstorm_wind,4,4,0.4,9,55,,24000,0,0
51540,Charlottesville city,flash_flood,3,2,0.2,21,,,0,0,0
51540,Charlottesville city,flood,2,2,0.2,38,,,0,0,0
51540,Charlottesville city,hail,1,1,0.1,6,1,,0,0,0
51540,Charlottesville city,thunderstorm_wind,8,8,0.8,13,52,,26000,0,0
51550,Chesapeake city,flash_flood,22,20,2.0,94,,,0,0,0
51550,Chesapeake city,flood,5,5,0.5,66,,,20725000,0,0
51550,Chesapeake city,hail,16,6,0.6,31,2,,1000,0,0
51550,Chesapeake city,lightning,4,4,0.4,94,,,1076000,0,0
51550,Chesapeake city,thunderstorm_wind,50,37,3.7,72,57,,189000,0,0
51550,Chesapeake city,tornado,4,3,0.3,51,,EF2,4085000,0,0
51570,Colonial Heights city,flash_flood,12,7,0.7,62,,,65000,0,0
51570,Colonial Heights city,flood,2,2,0.2,38,,,0,0,0
51570,Colonial Heights city,hail,1,1,0.1,6,1,,0,0,0
51570,Colonial Heights city,thunderstorm_wind,13,11,1.1,18,50,,43000,0,0
51580,Covington city,flash_flood,2,2,0.2,21,,,3000000,0,0
51580,Covington city,flood,1,1,0.1,20,,,0,0,0
51580,Covington city,hail,2,1,0.1,6,1,,0,0,0
51580,Covington city,lightning,1,1,0.1,66,,,25000,0,0
51580,Covington city,thunderstorm_wind,3,3,0.3,7,55,,5000,0,0
51590,Danville city,flash_flood,5,5,0.5,49,,,10821560,2,0
51590,Danville city,flood,15,14,1.4,88,,,0,0,0
51590,Danville city,hail,6,5,0.5,26,1,,0,0,0
51590,Danville city,lightning,3,3,0.3,91,,,83000,0,0
51590,Danville city,thunderstorm_wind,33,28,2.8,56,65,,390400,0,0
51590,Danville city,tornado,1,1,0.1,22,,EF1,2600000,0,0
51595,Emporia city,flash_flood,1,1,0.1,11,,,0,0,0
51595,Emporia city,flood,2,2,0.2,38,,,200000,0,0
51595,Emporia city,thunderstorm_wind,5,4,0.4,9,50,,16000,0,0
51595,Emporia city,tornado,1,1,0.1,22,,EF0,100000,0,0
51600,Fairfax city,flood,2,2,0.2,38,,,0,0,0
51600,Fairfax city,thunderstorm_wind,3,3,0.3,7,52,,6000,0,0
51610,Falls Church city,hail,2,1,0.1,6,1,,0,0,0
51610,Falls Church city,thunderstorm_wind,5,5,0.5,10,61,,47000,0,0
51620,Franklin city,flash_flood,1,1,0.1,11,,,0,0,0
51620,Franklin city,flood,3,3,0.3,50,,,450000,0,0
51620,Franklin city,hail,5,5,0.5,26,1.75,,10000,0,0
51620,Franklin city,thunderstorm_wind,12,9,0.9,15,53,,129000,0,0
51630,Fredericksburg city,flood,7,7,0.7,75,,,25000,0,0
51630,Fredericksburg city,hail,1,1,0.1,6,1,,0,0,0
51630,Fredericksburg city,thunderstorm_wind,14,14,1.4,23,70,,2065500,0,0
51640,Galax city,flash_flood,5,5,0.5,49,,,2455000,0,0
51640,Galax city,flood,5,5,0.5,66,,,0,0,0
51640,Galax city,hail,4,4,0.4,21,1.5,,0,0,0
51640,Galax city,thunderstorm_wind,6,6,0.6,11,55,,32500,0,0
51650,Hampton city,flash_flood,16,14,1.4,86,,,0,0,0
51650,Hampton city,flood,4,4,0.4,59,,,2000000,0,0
51650,Hampton city,hail,11,3,0.3,16,1.75,,0,0,0
51650,Hampton city,thunderstorm_wind,22,18,1.8,32,55,,41000,0,0
51660,Harrisonburg city,flash_flood,3,3,0.3,31,,,0,0,0
51660,Harrisonburg city,flood,9,6,0.6,71,,,0,0,0
51660,Harrisonburg city,hail,2,1,0.1,6,1.75,,0,0,0
51660,Harrisonburg city,thunderstorm_wind,12,10,1.0,16,55,,280000,0,0
51670,Hopewell city,flash_flood,2,2,0.2,21,,,0,0,0
51670,Hopewell city,flood,2,2,0.2,38,,,0,0,0
51670,Hopewell city,hail,6,3,0.3,16,1.25,,0,0,0
51670,Hopewell city,thunderstorm_wind,5,4,0.4,9,50,,17000,0,0
51678,Lexington city,flash_flood,1,1,0.1,11,,,0,0,0
51678,Lexington city,hail,1,1,0.1,6,0.88,,0,0,0
51678,Lexington city,thunderstorm_wind,2,2,0.2,5,60,,5600,0,0
51680,Lynchburg city,flash_flood,13,9,0.9,72,,,18230000,0,0
51680,Lynchburg city,flood,4,3,0.3,50,,,1500,0,0
51680,Lynchburg city,hail,8,6,0.6,31,1.75,,0,0,0
51680,Lynchburg city,lightning,6,5,0.5,96,,,30600,0,0
51680,Lynchburg city,thunderstorm_wind,37,26,2.6,51,60,,183500,0,0
51680,Lynchburg city,tornado,1,1,0.1,22,,EF2,9600000,0,2
51683,Manassas city,flash_flood,1,1,0.1,11,,,0,0,0
51683,Manassas city,flood,3,3,0.3,50,,,0,0,0
51683,Manassas city,hail,1,1,0.1,6,1,,0,0,0
51683,Manassas city,lightning,1,1,0.1,66,,,0,0,1
51683,Manassas city,thunderstorm_wind,14,13,1.3,21,60,,156500,0,0
51685,Manassas Park city,hail,1,1,0.1,6,1,,0,0,0
51690,Martinsville city,flash_flood,9,8,0.8,68,,,888910,0,0
51690,Martinsville city,flood,1,1,0.1,20,,,0,0,0
51690,Martinsville city,lightning,2,2,0.2,85,,,5500,0,0
51690,Martinsville city,thunderstorm_wind,26,23,2.3,44,55,,229500,0,0
51700,Newport News city,flash_flood,21,10,1.0,75,,,0,0,0
51700,Newport News city,flood,2,2,0.2,38,,,200000,0,0
51700,Newport News city,hail,10,6,0.6,31,1.25,,0,0,0
51700,Newport News city,lightning,1,1,0.1,66,,,2000,0,0
51700,Newport News city,thunderstorm_wind,34,21,2.1,39,55,,109000,0,0
51700,Newport News city,tornado,1,1,0.1,22,,EF0,50000,0,0
51710,Norfolk city,flash_flood,55,28,2.8,97,,,0,0,0
51710,Norfolk city,flood,3,3,0.3,50,,,19000000,0,0
51710,Norfolk city,hail,10,4,0.4,21,1.25,,0,0,0
51710,Norfolk city,thunderstorm_wind,36,26,2.6,51,80,,50126500,0,1
51720,Norton city,flash_flood,2,2,0.2,21,,,3000,0,0
51720,Norton city,flood,1,1,0.1,20,,,5000,0,0
51720,Norton city,thunderstorm_wind,2,2,0.2,5,52,,0,0,0
51730,Petersburg city,flash_flood,33,13,1.3,84,,,5120000,0,0
51730,Petersburg city,flood,2,2,0.2,38,,,0,0,0
51730,Petersburg city,thunderstorm_wind,8,7,0.7,12,50,,9000,0,0
51735,Poquoson city,thunderstorm_wind,1,1,0.1,3,50,,0,0,0
51740,Portsmouth city,flash_flood,10,10,1.0,75,,,0,0,0
51740,Portsmouth city,flood,3,3,0.3,50,,,3000000,0,0
51740,Portsmouth city,hail,1,1,0.1,6,1,,0,0,0
51740,Portsmouth city,lightning,2,2,0.2,85,,,105000,0,0
51740,Portsmouth city,thunderstorm_wind,15,10,1.0,16,70,,83000,0,1
51750,Radford city,flash_flood,1,1,0.1,11,,,50000,0,0
51750,Radford city,flood,8,8,0.8,78,,,0,0,0
51750,Radford city,thunderstorm_wind,11,10,1.0,16,60,,91700,0,0
51760,Richmond city,flash_flood,59,27,2.7,96,,,15000,0,0
51760,Richmond city,flood,2,2,0.2,38,,,0,0,0
51760,Richmond city,hail,3,2,0.2,11,1,,0,0,0
51760,Richmond city,lightning,1,1,0.1,66,,,10000,0,0
51760,Richmond city,thunderstorm_wind,30,10,1.0,16,50,,82000,0,0
51760,Richmond city,tornado,5,1,0.1,22,,EF1,35000,0,0
51770,Roanoke city,flash_flood,10,8,0.8,68,,,652500,0,0
51770,Roanoke city,flood,16,13,1.3,87,,,38000,1,0
51770,Roanoke city,hail,2,2,0.2,11,2,,10000,0,0
51770,Roanoke city,lightning,2,2,0.2,85,,,404200,0,0
51770,Roanoke city,thunderstorm_wind,5,4,0.4,9,55,,33500,0,0
51775,Salem city,flash_flood,3,2,0.2,21,,,220000,0,0
51775,Salem city,flood,8,7,0.7,75,,,250000,0,0
51775,Salem city,hail,3,3,0.3,16,1.75,,0,0,0
51775,Salem city,thunderstorm_wind,10,8,0.8,13,60,,105250,0,0
51775,Salem city,tornado,1,1,0.1,22,,EF1,1170000,0,0
51790,Staunton city,flash_flood,3,2,0.2,21,,,0,0,0
51790,Staunton city,flood,6,2,0.2,38,,,0,0,0
51790,Staunton city,hail,5,3,0.3,16,2.5,,0,0,0
51790,Staunton city,thunderstorm_wind,8,8,0.8,13,85,,1277000,0,0
51800,Suffolk city,flash_flood,16,11,1.1,79,,,0,0,0
51800,Suffolk city,flood,3,3,0.3,50,,,1360000,0,0
51800,Suffolk city,hail,7,6,0.6,31,1,,2000,0,0
51800,Suffolk city,lightning,1,1,0.1,66,,,15000,0,0
51800,Suffolk city,thunderstorm_wind,53,34,3.4,67,63,,138000,0,2
51800,Suffolk city,tornado,8,5,0.5,72,,EF1,4900000,0,0
51810,Virginia Beach city,flash_flood,51,24,2.4,95,,,0,0,0
51810,Virginia Beach city,flood,7,7,0.7,75,,,5000000,0,0
51810,Virginia Beach city,hail,13,9,0.9,45,1.75,,0,0,0
51810,Virginia Beach city,lightning,2,2,0.2,85,,,12000,0,0
51810,Virginia Beach city,thunderstorm_wind,60,38,3.8,73,70,,239000,0,2
51810,Virginia Beach city,tornado,2,2,0.2,37,,EF3,24000000,0,0
51820,Waynesboro city,flood,7,4,0.4,59,,,0,0,0
51820,Waynesboro city,hail,2,2,0.2,11,2,,0,0,0
51820,Waynesboro city,thunderstorm_wind,10,10,1.0,16,56,,40000,0,0
51820,Waynesboro city,tornado,1,1,0.1,22,,EF1,200000,0,0
51830,Williamsburg city,flash_flood,1,1,0.1,11,,,0,0,0
51830,Williamsburg city,flood,1,1,0.1,20,,,0,0,0
51830,Williamsburg city,hail,1,1,0.1,6,1,,0,0,0
51830,Williamsburg city,lightning,1,1,0.1,66,,,2000,0,0
51830,Williamsburg city,thunderstorm_wind,7,6,0.6,11,50,,15000,1,1
51840,Winchester city,flash_flood,2,2,0.2,21,,,0,0,0
51840,Winchester city,thunderstorm_wind,11,10,1.0,16,65,,202000,0,0
53001,Adams County,flood,2,1,0.1,20,,,205000,0,0
53001,Adams County,hail,1,1,0.1,6,1.5,,0,0,0
53001,Adams County,thunderstorm_wind,4,2,0.2,5,63,,53000,1,0
53003,Asotin County,flash_flood,5,5,0.5,49,,,1644000,0,0
53003,Asotin County,hail,4,3,0.3,16,1.25,,0,0,0
53003,Asotin County,lightning,2,2,0.2,85,,,11000,0,0
53003,Asotin County,thunderstorm_wind,4,4,0.4,9,52,,32000,0,0
53005,Benton County,flash_flood,2,2,0.2,21,,,0,0,0
53005,Benton County,flood,1,1,0.1,20,,,0,0,0
53005,Benton County,hail,3,3,0.3,16,1,,0,0,0
53005,Benton County,thunderstorm_wind,5,3,0.3,7,63,,0,0,0
53005,Benton County,tornado,2,2,0.2,37,,EF0,20000,0,0
53007,Chelan County,flash_flood,22,10,1.0,75,,,369000,0,0
53007,Chelan County,flood,10,8,0.8,78,,,521250,0,0
53007,Chelan County,hail,1,1,0.1,6,1,,0,0,0
53007,Chelan County,thunderstorm_wind,6,6,0.6,11,62,,2500,0,0
53009,Clallam County,flood,3,3,0.3,50,,,6221000,0,0
53011,Clark County,flood,7,5,0.5,66,,,0,0,0
53011,Clark County,thunderstorm_wind,4,4,0.4,9,74,,43000,0,0
53011,Clark County,tornado,4,4,0.4,62,,EF0,44000,0,0
53013,Columbia County,flash_flood,1,1,0.1,11,,,0,0,0
53013,Columbia County,flood,1,1,0.1,20,,,0,0,0
53013,Columbia County,hail,1,1,0.1,6,1.25,,0,0,0
53013,Columbia County,thunderstorm_wind,1,1,0.1,3,61,,0,0,0
53015,Cowlitz County,flood,10,10,1.0,83,,,250025000,0,0
53015,Cowlitz County,hail,1,1,0.1,6,0.25,,0,0,0
53015,Cowlitz County,lightning,1,1,0.1,66,,,0,0,1
53015,Cowlitz County,thunderstorm_wind,1,1,0.1,3,68,,0,0,0
53015,Cowlitz County,tornado,1,1,0.1,22,,EF0,0,0,0
53017,Douglas County,flash_flood,5,4,0.4,41,,,1018500,0,0
53017,Douglas County,flood,1,1,0.1,20,,,2000,0,0
53017,Douglas County,hail,4,4,0.4,21,1,,10000,0,0
53017,Douglas County,thunderstorm_wind,4,3,0.3,7,56,,10000,0,0
53017,Douglas County,tornado,1,1,0.1,22,,EF0,0,0,0
53019,Ferry County,flash_flood,1,1,0.1,11,,,5000,0,0
53019,Ferry County,flood,17,15,1.5,89,,,6530000,0,0
53019,Ferry County,hail,2,2,0.2,11,1,,0,0,0
53019,Ferry County,lightning,1,1,0.1,66,,,1000,0,0
53019,Ferry County,thunderstorm_wind,10,7,0.7,12,61,,161500,0,0
53021,Franklin County,flood,2,2,0.2,38,,,3000000,0,0
53021,Franklin County,lightning,1,1,0.1,66,,,12000,0,4
53021,Franklin County,thunderstorm_wind,4,3,0.3,7,61,,0,1,0
53023,Garfield County,flash_flood,1,1,0.1,11,,,0,0,0
53023,Garfield County,flood,1,1,0.1,20,,,0,0,0
53023,Garfield County,hail,2,2,0.2,11,1.25,,0,0,0
53023,Garfield County,thunderstorm_wind,2,2,0.2,5,57,,300,0,0
53025,Grant County,flash_flood,2,2,0.2,21,,,100500,0,0
53025,Grant County,flood,2,2,0.2,38,,,50500,0,0
53025,Grant County,thunderstorm_wind,2,2,0.2,5,59,,6000,0,0
53025,Grant County,tornado,1,1,0.1,22,,EF0,0,0,0
53027,Grays Harbor County,flood,3,3,0.3,50,,,3509000,2,0
53027,Grays Harbor County,tornado,1,1,0.1,22,,EF1,0,0,0
53031,Jefferson County,flood,1,1,0.1,20,,,554000,0,0
53033,King County,flood,1,1,0.1,20,,,474000,0,0
53035,Kitsap County,tornado,1,1,0.1,22,,EF2,1180000,0,0
53037,Kittitas County,flood,1,1,0.1,20,,,0,0,0
53037,Kittitas County,tornado,1,1,0.1,22,,EF0,0,0,0
53039,Klickitat County,flood,1,1,0.1,20,,,0,0,0
53039,Klickitat County,hail,6,5,0.5,26,1.75,,0,0,0
53039,Klickitat County,thunderstorm_wind,4,3,0.3,7,58,,0,0,0
53041,Lewis County,flood,3,3,0.3,50,,,3426000,0,0
53043,Lincoln County,flood,5,4,0.4,59,,,801300,0,0
53043,Lincoln County,hail,1,1,0.1,6,1,,0,0,0
53043,Lincoln County,thunderstorm_wind,4,3,0.3,7,39,,105000,0,0
53043,Lincoln County,tornado,2,2,0.2,37,,EF0,0,0,0
53045,Mason County,flood,2,2,0.2,38,,,13600,0,0
53045,Mason County,tornado,1,1,0.1,22,,EF1,150000,0,0
53047,Okanogan County,flash_flood,11,7,0.7,62,,,1479000,0,0
53047,Okanogan County,flood,26,16,1.6,90,,,18920510,0,0
53047,Okanogan County,hail,4,4,0.4,21,1,,0,0,0
53047,Okanogan County,thunderstorm_wind,18,7,0.7,12,65,,478000,0,0
53049,Pacific County,flood,4,3,0.3,50,,,990000,0,0
53049,Pacific County,thunderstorm_wind,2,2,0.2,5,58,,0,0,0
53049,Pacific County,tornado,1,1,0.1,22,,EF0,0,0,0
53051,Pend Oreille County,flash_flood,1,1,0.1,11,,,1000,0,0
53051,Pend Oreille County,flood,4,4,0.4,59,,,8301500,0,0
53051,Pend Oreille County,hail,3,3,0.3,16,1,,0,0,0
53051,Pend Oreille County,thunderstorm_wind,10,8,0.8,13,60,,9500,0,0
53055,San Juan County,flood,1,1,0.1,20,,,475000,0,0
53057,Skagit County,flash_flood,1,1,0.1,11,,,103400,0,0
53057,Skagit County,flood,2,2,0.2,38,,,15000000,1,0
53059,Skamania County,hail,1,1,0.1,6,1.25,,0,0,0
53059,Skamania County,thunderstorm_wind,1,1,0.1,3,70,,0,0,0
53061,Snohomish County,flash_flood,1,1,0.1,11,,,0,0,0
53061,Snohomish County,flood,3,3,0.3,50,,,2749000,0,0
53063,Spokane County,flash_flood,4,2,0.2,21,,,190000,0,0
53063,Spokane County,flood,23,12,1.2,86,,,9854000,0,0
53063,Spokane County,hail,6,6,0.6,31,2.75,,200000,0,0
53063,Spokane County,lightning,3,3,0.3,91,,,205250,0,0
53063,Spokane County,thunderstorm_wind,46,17,1.7,29,61,,5025400,0,0
53063,Spokane County,tornado,5,4,0.4,62,,EF0,50000,0,0
53065,Stevens County,flash_flood,1,1,0.1,11,,,2000,0,0
53065,Stevens County,flood,9,5,0.5,66,,,2505500,0,0
53065,Stevens County,hail,7,5,0.5,26,2,,10200,0,0
53065,Stevens County,lightning,1,1,0.1,66,,,5000,0,0
53065,Stevens County,thunderstorm_wind,14,13,1.3,21,58,,54000,0,0
53067,Thurston County,flood,2,2,0.2,38,,,126000,0,0
53067,Thurston County,thunderstorm_wind,1,1,0.1,3,61,,700000,0,0
53067,Thurston County,tornado,1,1,0.1,22,,,0,0,0
53069,Wahkiakum County,flood,20,20,2.0,93,,,0,0,0
53069,Wahkiakum County,hail,1,1,0.1,6,1,,0,0,0
53071,Walla Walla County,flood,9,8,0.8,78,,,8930000,0,0
53071,Walla Walla County,hail,2,1,0.1,6,1,,0,0,0
53071,Walla Walla County,thunderstorm_wind,4,4,0.4,9,61,,1000,0,0
53073,Whatcom County,flood,2,2,0.2,38,,,42500000,1,0
53075,Whitman County,flash_flood,2,2,0.2,21,,,1120000,0,0
53075,Whitman County,flood,19,8,0.8,78,,,90500,0,0
53075,Whitman County,hail,5,4,0.4,21,1.5,,0,0,0
53075,Whitman County,thunderstorm_wind,11,4,0.4,9,67,,213500,0,0
53077,Yakima County,flood,11,8,0.8,78,,,320000,0,0
53077,Yakima County,thunderstorm_wind,1,1,0.1,3,61,,0,0,0
54001,Barbour County,flash_flood,15,7,0.7,62,,,45500,0,0
54001,Barbour County,flood,23,11,1.1,85,,,45150,0,0
54001,Barbour County,hail,7,5,0.5,26,1.25,,0,0,0
54001,Barbour County,thunderstorm_wind,48,30,3.0,60,55,,77500,0,0
54001,Barbour County,tornado,1,1,0.1,22,,EF1,20000,0,0
54003,Berkeley County,flash_flood,5,5,0.5,49,,,0,0,0
54003,Berkeley County,flood,77,37,3.7,98,,,0,0,0
54003,Berkeley County,hail,27,13,1.3,60,1.5,,0,0,0
54003,Berkeley County,thunderstorm_wind,99,52,5.2,87,61,,303500,0,0
54003,Berkeley County,tornado,3,2,0.2,37,,EF0,175000,0,0
54005,Boone County,flash_flood,27,17,1.7,91,,,102250,0,0
54005,Boone County,flood,9,6,0.6,71,,,31250,0,0
54005,Boone County,hail,8,6,0.6,31,1.75,,5000,0,0
54005,Boone County,thunderstorm_wind,105,49,4.9,85,78,,261900,0,0
54007,Braxton County,flash_flood,17,14,1.4,86,,,85100,0,0
54007,Braxton County,flood,6,6,0.6,71,,,408150,0,0
54007,Braxton County,hail,3,3,0.3,16,1,,0,0,0
54007,Braxton County,thunderstorm_wind,44,21,2.1,39,60,,96600,0,0
54009,Brooke County,flash_flood,10,8,0.8,68,,,703000,0,0
54009,Brooke County,flood,6,5,0.5,66,,,1216000,0,0
54009,Brooke County,hail,6,4,0.4,21,2,,0,0,0
54009,Brooke County,thunderstorm_wind,36,20,2.0,37,60,,96500,0,1
54011,Cabell County,flash_flood,33,25,2.5,96,,,1474500,2,0
54011,Cabell County,flood,27,22,2.2,94,,,166000,0,0
54011,Cabell County,hail,26,10,1.0,50,2.25,,3000,0,0
54011,Cabell County,thunderstorm_wind,58,36,3.6,70,70,,277150,0,0
54011,Cabell County,tornado,2,1,0.1,22,,EF1,115000,0,0
54013,Calhoun County,flash_flood,13,13,1.3,84,,,349250,0,0
54013,Calhoun County,flood,3,2,0.2,38,,,3000,0,0
54013,Calhoun County,hail,4,4,0.4,21,1,,0,0,0
54013,Calhoun County,thunderstorm_wind,18,15,1.5,25,87,,52000,0,0
54015,Clay County,flash_flood,19,18,1.8,92,,,8124100,0,0
54015,Clay County,flood,7,6,0.6,71,,,9035000,0,0
54015,Clay County,hail,3,3,0.3,16,1.75,,0,0,0
54015,Clay County,thunderstorm_wind,46,28,2.8,56,61,,119750,0,0
54017,Doddridge County,flash_flood,15,13,1.3,84,,,1509000,0,0
54017,Doddridge County,flood,10,10,1.0,83,,,11500,0,0
54017,Doddridge County,hail,4,3,0.3,16,1.5,,10500,0,0
54017,Doddridge County,thunderstorm_wind,33,23,2.3,44,60,,46950,0,0
54019,Fayette County,flash_flood,17,15,1.5,88,,,10822250,0,0
54019,Fayette County,flood,16,14,1.4,88,,,2030250,1,0
54019,Fayette County,hail,20,11,1.1,53,3,,250000,0,0
54019,Fayette County,thunderstorm_wind,52,28,2.8,56,96,,166000,0,0
54019,Fayette County,tornado,1,1,0.1,22,,EF2,100000,0,1
54021,Gilmer County,flash_flood,10,8,0.8,68,,,83000,0,0
54021,Gilmer County,flood,10,10,1.0,83,,,14400,0,0
54021,Gilmer County,hail,5,4,0.4,21,1.5,,0,0,0
54021,Gilmer County,thunderstorm_wind,42,20,2.0,37,65,,139150,0,0
54023,Grant County,flash_flood,11,5,0.5,49,,,0,0,0
54023,Grant County,flood,14,9,0.9,81,,,1000,0,0
54023,Grant County,hail,5,2,0.2,11,1.75,,0,0,0
54023,Grant County,thunderstorm_wind,52,32,3.2,63,70,,83000,0,0
54025,Greenbrier County,flash_flood,19,12,1.2,81,,,40995000,16,0
54025,Greenbrier County,flood,53,19,1.9,92,,,64560,0,0
54025,Greenbrier County,hail,12,7,0.7,36,1.75,,4000,0,0
54025,Greenbrier County,thunderstorm_wind,97,44,4.4,80,65,,408700,0,0
54025,Greenbrier County,tornado,1,1,0.1,22,,EF0,50000,0,0
54027,Hampshire County,flash_flood,11,5,0.5,49,,,100000,0,0
54027,Hampshire County,flood,25,16,1.6,90,,,0,0,0
54027,Hampshire County,hail,9,6,0.6,31,2,,0,0,0
54027,Hampshire County,lightning,1,1,0.1,66,,,3000,0,0
54027,Hampshire County,thunderstorm_wind,98,49,4.9,85,89,,656500,0,0
54027,Hampshire County,tornado,2,1,0.1,22,,EF0,300000,0,0
54029,Hancock County,flash_flood,6,6,0.6,57,,,395000,0,0
54029,Hancock County,flood,2,2,0.2,38,,,880000,0,0
54029,Hancock County,hail,8,5,0.5,26,1.5,,0,0,0
54029,Hancock County,thunderstorm_wind,48,27,2.7,53,55,,123500,0,0
54029,Hancock County,tornado,1,1,0.1,22,,EF2,0,0,1
54031,Hardy County,flash_flood,6,3,0.3,31,,,0,0,0
54031,Hardy County,flood,8,6,0.6,71,,,10000,0,0
54031,Hardy County,hail,2,2,0.2,11,1.25,,0,0,0
54031,Hardy County,thunderstorm_wind,73,46,4.6,82,70,,1018000,0,0
54033,Harrison County,flash_flood,44,27,2.7,96,,,2088000,0,0
54033,Harrison County,flood,20,16,1.6,90,,,173900,0,0
54033,Harrison County,hail,12,9,0.9,45,1.25,,0,0,0
54033,Harrison County,lightning,1,1,0.1,66,,,2000,0,0
54033,Harrison County,thunderstorm_wind,109,46,4.6,82,87,,321150,0,1
54033,Harrison County,tornado,1,1,0.1,22,,EF1,300000,0,0
54035,Jackson County,flash_flood,22,16,1.6,90,,,1474500,1,0
54035,Jackson County,flood,14,11,1.1,85,,,24000,0,0
54035,Jackson County,hail,18,13,1.3,60,1.75,,6000,0,0
54035,Jackson County,lightning,1,1,0.1,66,,,10000,0,0
54035,Jackson County,thunderstorm_wind,41,28,2.8,56,60,,72500,0,0
54035,Jackson County,tornado,1,1,0.1,22,,EF1,20000,0,2
54037,Jefferson County,flood,47,30,3.0,96,,,0,0,0
54037,Jefferson County,hail,18,8,0.8,41,2.5,,0,0,0
54037,Jefferson County,thunderstorm_wind,103,59,5.9,91,65,,443500,1,1
54037,Jefferson County,tornado,3,3,0.3,51,,EF1,150000,0,1
54039,Kanawha County,flash_flood,73,46,4.6,99,,,5808950,0,0
54039,Kanawha County,flood,66,29,2.9,96,,,62271450,6,0
54039,Kanawha County,hail,53,19,1.9,75,4.25,,500000,0,0
54039,Kanawha County,lightning,2,2,0.2,85,,,10500,0,0
54039,Kanawha County,thunderstorm_wind,250,84,8.4,98,87,,1502350,0,0
54039,Kanawha County,tornado,8,3,0.3,51,,EF2,1125000,0,0
54041,Lewis County,flash_flood,14,13,1.3,84,,,63000,0,0
54041,Lewis County,flood,5,5,0.5,66,,,11650,0,0
54041,Lewis County,hail,16,8,0.8,41,1.75,,0,0,0
54041,Lewis County,thunderstorm_wind,56,27,2.7,53,61,,180700,0,0
54043,Lincoln County,flash_flood,24,16,1.6,90,,,1567000,0,0
54043,Lincoln County,flood,45,25,2.5,95,,,72250,0,0
54043,Lincoln County,hail,6,4,0.4,21,1.75,,25000,0,0
54043,Lincoln County,thunderstorm_wind,50,36,3.6,70,61,,180800,0,0
54043,Lincoln County,tornado,1,1,0.1,22,,EF0,30000,0,0
54045,Logan County,flash_flood,15,11,1.1,79,,,87000,0,0
54045,Logan County,flood,22,11,1.1,85,,,20900,0,0
54045,Logan County,hail,10,4,0.4,21,2,,50000,0,0
54045,Logan County,thunderstorm_wind,53,29,2.9,58,60,,146000,0,0
54047,McDowell County,flash_flood,14,12,1.2,81,,,6433700,3,0
54047,McDowell County,flood,24,17,1.7,91,,,5127950,0,0
54047,McDowell County,hail,12,6,0.6,31,2,,175000,0,0
54047,McDowell County,thunderstorm_wind,60,32,3.2,63,87,,158450,0,0
54049,Marion County,flash_flood,63,19,1.9,93,,,1318500,0,0
54049,Marion County,flood,9,5,0.5,66,,,7000,0,0
54049,Marion County,hail,10,8,0.8,41,1.75,,0,0,0
54049,Marion County,thunderstorm_wind,69,33,3.3,65,65,,401000,0,0
54049,Marion County,tornado,1,1,0.1,22,,EF0,0,0,0
54051,Marshall County,flash_flood,15,11,1.1,79,,,7192000,0,0
54051,Marshall County,flood,16,11,1.1,85,,,15000,0,0
54051,Marshall County,hail,8,4,0.4,21,1.75,,0,0,0
54051,Marshall County,thunderstorm_wind,39,24,2.4,47,61,,144300,0,0
54051,Marshall County,tornado,1,1,0.1,22,,EF2,600000,0,0
54053,Mason County,flash_flood,7,5,0.5,49,,,25000,0,0
54053,Mason County,flood,30,27,2.7,96,,,73350,0,0
54053,Mason County,hail,20,14,1.4,63,1.75,,200,0,0
54053,Mason County,lightning,1,1,0.1,66,,,8000,0,0
54053,Mason County,thunderstorm_wind,61,38,3.8,73,55,,106400,0,0
54055,Mercer County,flash_flood,29,11,1.1,79,,,3323000,0,0
54055,Mercer County,flood,33,21,2.1,93,,,120000,0,0
54055,Mercer County,hail,18,12,1.2,57,3,,50000,0,0
54055,Mercer County,lightning,4,4,0.4,94,,,16500,0,1
54055,Mercer County,thunderstorm_wind,36,22,2.2,42,60,,187000,0,0
54057,Mineral County,flash_flood,7,5,0.5,49,,,0,0,0
54057,Mineral County,flood,18,13,1.3,87,,,0,0,0
54057,Mineral County,hail,6,5,0.5,26,1,,0,0,0
54057,Mineral County,thunderstorm_wind,57,39,3.9,74,60,,133000,0,0
54059,Mingo County,flash_flood,18,14,1.4,86,,,605500,0,0
54059,Mingo County,flood,20,11,1.1,85,,,5077500,0,0
54059,Mingo County,hail,11,7,0.7,36,1.75,,20000,0,0
54059,Mingo County,lightning,1,1,0.1,66,,,5000,0,0
54059,Mingo County,thunderstorm_wind,53,26,2.6,51,61,,190500,0,0
54061,Monongalia County,flash_flood,39,14,1.4,86,,,75000,0,0
54061,Monongalia County,flood,5,5,0.5,66,,,30000,0,0
54061,Monongalia County,hail,32,17,1.7,70,2,,6000,0,0
54061,Monongalia County,thunderstorm_wind,135,44,4.4,80,60,,805000,0,0
54061,Monongalia County,tornado,4,3,0.3,51,,EF1,102000,0,0
54063,Monroe County,flash_flood,8,7,0.7,62,,,660000,0,0
54063,Monroe County,flood,9,9,0.9,81,,,60000,0,0
54063,Monroe County,hail,9,8,0.8,41,1.5,,0,0,0
54063,Monroe County,thunderstorm_wind,29,19,1.9,34,60,,210500,0,0
54065,Morgan County,flash_flood,3,2,0.2,21,,,0,0,0
54065,Morgan County,flood,41,24,2.4,94,,,0,0,0
54065,Morgan County,hail,10,8,0.8,41,1.75,,0,0,0
54065,Morgan County,thunderstorm_wind,65,39,3.9,74,65,,708500,0,0
54067,Nicholas County,flash_flood,8,7,0.7,62,,,22015750,0,0
54067,Nicholas County,flood,4,4,0.4,59,,,4004150,0,0
54067,Nicholas County,hail,23,8,0.8,41,2.25,,0,0,0
54067,Nicholas County,thunderstorm_wind,34,20,2.0,37,87,,163700,0,0
54067,Nicholas County,tornado,1,1,0.1,22,,EF1,0,0,0
54069,Ohio County,flash_flood,21,14,1.4,86,,,3540000,9,0
54069,Ohio County,flood,6,5,0.5,66,,,31000,0,0
54069,Ohio County,hail,8,6,0.6,31,1.25,,0,0,0
54069,Ohio County,thunderstorm_wind,59,27,2.7,53,70,,509100,0,0
54071,Pendleton County,flash_flood,8,6,0.6,57,,,0,0,0
54071,Pendleton County,flood,17,12,1.2,86,,,0,0,0
54071,Pendleton County,hail,8,7,0.7,36,1.25,,0,0,0
54071,Pendleton County,thunderstorm_wind,31,19,1.9,34,65,,115000,0,1
54073,Pleasants County,flash_flood,2,2,0.2,21,,,12000,0,0
54073,Pleasants County,flood,5,5,0.5,66,,,9000,0,0
54073,Pleasants County,hail,1,1,0.1,6,0.75,,0,0,0
54073,Pleasants County,thunderstorm_wind,14,10,1.0,16,50,,27700,0,0
54075,Pocahontas County,flash_flood,7,4,0.4,41,,,214000,0,0
54075,Pocahontas County,flood,22,16,1.6,90,,,367750,0,0
54075,Pocahontas County,hail,8,6,0.6,31,1.5,,0,0,0
54075,Pocahontas County,thunderstorm_wind,31,17,1.7,29,56,,74750,0,0
54075,Pocahontas County,tornado,1,1,0.1,22,,,0,0,0
54077,Preston County,flash_flood,19,7,0.7,62,,,32000,0,0
54077,Preston County,flood,5,3,0.3,50,,,252500,0,0
54077,Preston County,hail,30,12,1.2,57,2.5,,141000,0,0
54077,Preston County,thunderstorm_wind,116,45,4.5,81,65,,544000,1,2
54077,Preston County,tornado,2,2,0.2,37,,EF1,350000,0,0
54079,Putnam County,flash_flood,30,18,1.8,92,,,3741700,0,0
54079,Putnam County,flood,31,18,1.8,92,,,47050,0,0
54079,Putnam County,hail,43,12,1.2,57,3.25,,763500,0,0
54079,Putnam County,lightning,1,1,0.1,66,,,1000000,0,0
54079,Putnam County,thunderstorm_wind,144,57,5.7,90,70,,676750,0,0
54079,Putnam County,tornado,3,2,0.2,37,,EF1,28000,0,0
54081,Raleigh County,flash_flood,14,12,1.2,81,,,59250,0,0
54081,Raleigh County,flood,28,15,1.5,89,,,56550,0,0
54081,Raleigh County,hail,14,9,0.9,45,1.5,,0,0,0
54081,Raleigh County,lightning,2,2,0.2,85,,,20000,0,2
54081,Raleigh County,thunderstorm_wind,79,36,3.6,70,60,,275700,0,1
54083,Randolph County,flash_flood,10,7,0.7,62,,,1056450,0,0
54083,Randolph County,flood,34,21,2.1,93,,,91400,0,0
54083,Randolph County,hail,10,6,0.6,31,1.25,,25000,0,0
54083,Randolph County,thunderstorm_wind,33,19,1.9,34,61,,101500,0,0
54085,Ritchie County,flash_flood,20,16,1.6,90,,,181500,0,0
54085,Ritchie County,flood,9,8,0.8,78,,,38500,1,0
54085,Ritchie County,hail,12,6,0.6,31,1.75,,25500,0,0
54085,Ritchie County,thunderstorm_wind,71,44,4.4,80,52,,120450,0,0
54087,Roane County,flash_flood,16,15,1.5,88,,,66250,0,0
54087,Roane County,flood,18,16,1.6,90,,,2535900,1,0
54087,Roane County,hail,8,4,0.4,21,2.3,,0,0,0
54087,Roane County,thunderstorm_wind,51,29,2.9,58,50,,74850,1,0
54089,Summers County,flash_flood,7,7,0.7,62,,,1240000,0,0
54089,Summers County,flood,5,5,0.5,66,,,0,0,0
54089,Summers County,hail,5,5,0.5,26,1.25,,0,0,0
54089,Summers County,lightning,2,2,0.2,85,,,31000,0,0
54089,Summers County,thunderstorm_wind,38,23,2.3,44,91,,508000,0,0
54091,Taylor County,flash_flood,11,8,0.8,68,,,10000,0,0
54091,Taylor County,flood,4,4,0.4,59,,,308000,0,0
54091,Taylor County,hail,13,6,0.6,31,2.75,,4150000,0,0
54091,Taylor County,thunderstorm_wind,46,27,2.7,53,65,,153400,0,0
54093,Tucker County,flash_flood,15,8,0.8,68,,,8000,0,0
54093,Tucker County,flood,2,1,0.1,20,,,0,0,0
54093,Tucker County,hail,10,4,0.4,21,1.75,,0,0,0
54093,Tucker County,thunderstorm_wind,24,16,1.6,27,55,,82500,0,0
54095,Tyler County,flash_flood,6,6,0.6,57,,,32500,0,0
54095,Tyler County,flood,33,26,2.6,95,,,73750,0,0
54095,Tyler County,hail,8,5,0.5,26,1,,0,0,0
54095,Tyler County,lightning,1,1,0.1,66,,,1000000,0,0
54095,Tyler County,thunderstorm_wind,41,24,2.4,47,50,,77000,0,0
54097,Upshur County,flash_flood,18,13,1.3,84,,,87250,0,0
54097,Upshur County,flood,21,12,1.2,86,,,40400,0,0
54097,Upshur County,hail,15,9,0.9,45,2,,0,0,0
54097,Upshur County,thunderstorm_wind,95,42,4.2,78,66,,114050,0,0
54099,Wayne County,flash_flood,25,17,1.7,91,,,201700,0,0
54099,Wayne County,flood,35,21,2.1,93,,,70950,0,0
54099,Wayne County,hail,9,7,0.7,36,1,,0,0,0
54099,Wayne County,thunderstorm_wind,75,42,4.2,78,70,,158050,0,0
54099,Wayne County,tornado,3,3,0.3,51,,EF1,34000,0,0
54101,Webster County,flash_flood,12,12,1.2,81,,,4036750,0,0
54101,Webster County,flood,14,9,0.9,81,,,5005850,0,0
54101,Webster County,hail,5,4,0.4,21,1.25,,0,0,0
54101,Webster County,thunderstorm_wind,45,30,3.0,60,60,,115650,0,0
54103,Wetzel County,flash_flood,19,11,1.1,79,,,2373000,1,0
54103,Wetzel County,flood,5,3,0.3,50,,,1000,0,0
54103,Wetzel County,hail,9,5,0.5,26,1.5,,0,0,0
54103,Wetzel County,thunderstorm_wind,48,27,2.7,53,70,,347000,0,0
54105,Wirt County,flash_flood,8,5,0.5,49,,,3000,0,0
54105,Wirt County,flood,6,5,0.5,66,,,12500,0,0
54105,Wirt County,hail,6,4,0.4,21,2,,10000,0,0
54105,Wirt County,thunderstorm_wind,21,15,1.5,25,78,,87500,0,0
54107,Wood County,flash_flood,24,18,1.8,92,,,42500,0,0
54107,Wood County,flood,29,19,1.9,92,,,157600,4,0
54107,Wood County,hail,28,13,1.3,60,2,,100000,0,0
54107,Wood County,lightning,2,2,0.2,85,,,450,0,0
54107,Wood County,thunderstorm_wind,107,50,5.0,86,60,,227500,0,0
54107,Wood County,tornado,1,1,0.1,22,,EF1,15000,0,1
54109,Wyoming County,flash_flood,7,5,0.5,49,,,211250,0,0
54109,Wyoming County,flood,14,7,0.7,75,,,31750,0,0
54109,Wyoming County,hail,11,6,0.6,31,2,,20000,0,0
54109,Wyoming County,thunderstorm_wind,26,16,1.6,27,50,,47000,0,0
55001,Adams County,flash_flood,4,4,0.4,41,,,901000,0,0
55001,Adams County,flood,10,10,1.0,83,,,754000,0,0
55001,Adams County,hail,31,16,1.6,68,2,,30000,0,0
55001,Adams County,lightning,1,1,0.1,66,,,10000,0,0
55001,Adams County,thunderstorm_wind,41,22,2.2,42,70,,6430000,0,0
55003,Ashland County,flash_flood,10,6,0.6,57,,,4000,1,0
55003,Ashland County,flood,4,4,0.4,59,,,0,1,0
55003,Ashland County,hail,15,11,1.1,53,2,,0,0,0
55003,Ashland County,lightning,1,1,0.1,66,,,0,0,3
55003,Ashland County,thunderstorm_wind,31,16,1.6,27,70,,0,0,0
55003,Ashland County,tornado,1,1,0.1,22,,EF1,0,0,0
55005,Barron County,hail,26,14,1.4,63,3,,550000,0,0
55005,Barron County,thunderstorm_wind,36,20,2.0,37,80,,2253000,0,0
55005,Barron County,tornado,5,5,0.5,72,,EF2,10150000,1,25
55007,Bayfield County,flash_flood,28,9,0.9,72,,,2364000,0,2
55007,Bayfield County,flood,4,4,0.4,59,,,16000,1,1
55007,Bayfield County,hail,36,19,1.9,75,2.5,,0,0,0
55007,Bayfield County,thunderstorm_wind,84,26,2.6,51,78,,20000,0,0
55009,Brown County,flash_flood,6,6,0.6,57,,,551000,0,0
55009,Brown County,flood,7,7,0.7,75,,,1126500,0,0
55009,Brown County,hail,28,11,1.1,53,2.5,,0,0,0
55009,Brown County,lightning,2,2,0.2,85,,,55000,0,0
55009,Brown County,thunderstorm_wind,74,37,3.7,72,65,,176000,1,0
55009,Brown County,tornado,3,3,0.3,51,,EF0,50000,0,0
55011,Buffalo County,flash_flood,7,5,0.5,49,,,5192000,0,0
55011,Buffalo County,flood,9,8,0.8,78,,,558000,0,0
55011,Buffalo County,hail,35,19,1.9,75,2.5,,1737000,0,0
55011,Buffalo County,thunderstorm_wind,33,23,2.3,44,63,,264510,0,0
55011,Buffalo County,tornado,6,3,0.3,51,,EF1,936000,0,0
55013,Burnett County,flash_flood,5,4,0.4,41,,,30000,0,0
55013,Burnett County,flood,3,3,0.3,50,,,0,0,0
55013,Burnett County,hail,49,28,2.8,88,2,,10000,0,0
55013,Burnett County,thunderstorm_wind,42,20,2.0,37,65,,132000,0,0
55013,Burnett County,tornado,2,2,0.2,37,,EF1,0,0,0
55015,Calumet County,flash_flood,5,5,0.5,49,,,30000,0,0
55015,Calumet County,flood,3,3,0.3,50,,,355000,0,0
55015,Calumet County,hail,14,10,1.0,50,1.25,,0,0,0
55015,Calumet County,lightning,2,2,0.2,85,,,100000,0,0
55015,Calumet County,thunderstorm_wind,25,17,1.7,29,69,,5500,0,0
55015,Calumet County,tornado,2,2,0.2,37,,EF0,0,0,0
55017,Chippewa County,flash_flood,7,7,0.7,62,,,1007000,0,0
55017,Chippewa County,flood,1,1,0.1,20,,,0,0,0
55017,Chippewa County,hail,26,18,1.8,73,3,,0,0,0
55017,Chippewa County,lightning,1,1,0.1,66,,,60000,0,0
55017,Chippewa County,thunderstorm_wind,52,30,3.0,60,65,,81000,0,0
55017,Chippewa County,tornado,7,5,0.5,72,,EF3,3025000,0,3
55019,Clark County,flash_flood,6,5,0.5,49,,,1815000,0,0
55019,Clark County,flood,11,9,0.9,81,,,111000,0,0
55019,Clark County,hail,31,23,2.3,82,2,,11000,0,0
55019,Clark County,thunderstorm_wind,72,34,3.4,67,65,,624400,0,0
55019,Clark County,tornado,21,6,0.6,79,,EF2,2782000,0,0
55021,Columbia County,flash_flood,8,7,0.7,62,,,193260,0,0
55021,Columbia County,flood,33,31,3.1,97,,,247500,0,0
55021,Columbia County,hail,28,17,1.7,70,1.75,,0,0,0
55021,Columbia County,lightning,1,1,0.1,66,,,1000,0,0
55021,Columbia County,thunderstorm_wind,64,32,3.2,63,78,,531500,0,0
55021,Columbia County,tornado,4,3,0.3,51,,EF1,502000,0,0
55023,Crawford County,flash_flood,14,9,0.9,72,,,6440000,0,0
55023,Crawford County,flood,50,30,3.0,96,,,10284000,0,0
55023,Crawford County,hail,12,8,0.8,41,1.75,,24000,0,0
55023,Crawford County,thunderstorm_wind,20,13,1.3,21,60,,435000,0,0
55023,Crawford County,tornado,1,1,0.1,22,,EF0,5000,0,0
55025,Dane County,flash_flood,14,12,1.2,81,,,3507000,1,0
55025,Dane County,flood,12,12,1.2,86,,,34871000,0,0
55025,Dane County,hail,195,40,4.0,96,2.5,,1000,0,0
55025,Dane County,lightning,6,5,0.5,96,,,1154000,0,2
55025,Dane County,thunderstorm_wind,117,48,4.8,85,70,,501500,0,0
55025,Dane County,tornado,12,9,0.9,92,,EF1,4560000,0,0
55027,Dodge County,flash_flood,4,3,0.3,31,,,34000,0,0
55027,Dodge County,flood,13,10,1.0,83,,,33000,0,0
55027,Dodge County,hail,52,20,2.0,77,2,,14000,0,0
55027,Dodge County,lightning,1,1,0.1,66,,,15000,0,0
55027,Dodge County,thunderstorm_wind,77,36,3.6,70,71,,376000,0,0
55027,Dodge County,tornado,10,3,0.3,51,,EF2,7461000,0,1
55029,Door County,flash_flood,1,1,0.1,11,,,20000,0,0
55029,Door County,hail,16,9,0.9,45,1.75,,0,0,0
55029,Door County,lightning,1,1,0.1,66,,,150000,0,0
55029,Door County,thunderstorm_wind,43,24,2.4,47,71,,431000,0,0
55029,Door County,tornado,2,2,0.2,37,,EF1,0,0,0
55031,Douglas County,flash_flood,10,6,0.6,57,,,0,0,0
55031,Douglas County,flood,4,3,0.3,50,,,150000,0,0
55031,Douglas County,hail,38,20,2.0,77,3,,0,0,0
55031,Douglas County,lightning,1,1,0.1,66,,,100000,0,0
55031,Douglas County,thunderstorm_wind,57,27,2.7,53,65,,20000,0,0
55031,Douglas County,tornado,2,2,0.2,37,,EF1,0,0,0
55033,Dunn County,flash_flood,2,2,0.2,21,,,0,0,0
55033,Dunn County,flood,1,1,0.1,20,,,0,0,0
55033,Dunn County,hail,28,18,1.8,73,2,,0,0,0
55033,Dunn County,lightning,1,1,0.1,66,,,0,1,1
55033,Dunn County,thunderstorm_wind,44,28,2.8,56,75,,423000,0,0
55033,Dunn County,tornado,4,3,0.3,51,,EF1,250000,0,0
55035,Eau Claire County,flash_flood,5,4,0.4,41,,,660000,0,0
55035,Eau Claire County,flood,1,1,0.1,20,,,0,0,0
55035,Eau Claire County,hail,27,11,1.1,53,4,,0,0,0
55035,Eau Claire County,thunderstorm_wind,30,20,2.0,37,74,,374000,0,2
55035,Eau Claire County,tornado,7,3,0.3,51,,EF1,0,0,0
55037,Florence County,hail,5,5,0.5,26,2,,0,0,0
55037,Florence County,thunderstorm_wind,11,8,0.8,13,56,,0,0,0
55037,Florence County,tornado,2,2,0.2,37,,EF1,0,0,0
55039,Fond du Lac County,flash_flood,4,4,0.4,41,,,65000,0,0
55039,Fond du Lac County,flood,8,7,0.7,75,,,160000,0,0
55039,Fond du Lac County,hail,23,14,1.4,63,3,,0,0,0
55039,Fond du Lac County,lightning,1,1,0.1,66,,,10000,0,0
55039,Fond du Lac County,thunderstorm_wind,53,28,2.8,56,96,,7949000,0,0
55039,Fond du Lac County,tornado,13,3,0.3,51,,EF1,107000,0,0
55041,Forest County,hail,10,6,0.6,31,1.75,,0,0,0
55041,Forest County,thunderstorm_wind,14,11,1.1,18,61,,2500,0,0
55041,Forest County,tornado,1,1,0.1,22,,EF1,0,0,0
55043,Grant County,flash_flood,30,14,1.4,86,,,2838000,0,0
55043,Grant County,flood,37,22,2.2,94,,,43000,0,0
55043,Grant County,hail,40,20,2.0,77,2.75,,200000,0,0
55043,Grant County,lightning,4,3,0.3,91,,,65000,0,0
55043,Grant County,thunderstorm_wind,99,29,2.9,58,70,,1537000,0,0
55043,Grant County,tornado,7,7,0.7,85,,EF3,685000,0,0
55045,Green County,flash_flood,1,1,0.1,11,,,10000,0,0
55045,Green County,flood,17,14,1.4,88,,,439000,0,0
55045,Green County,hail,38,16,1.6,68,3,,0,0,0
55045,Green County,thunderstorm_wind,31,20,2.0,37,70,,145000,0,0
55045,Green County,tornado,8,5,0.5,72,,EF1,2170000,0,0
55047,Green Lake County,flood,7,6,0.6,71,,,23000,0,0
55047,Green Lake County,hail,10,7,0.7,36,1.5,,0,0,0
55047,Green Lake County,thunderstorm_wind,27,16,1.6,27,87,,418000,0,0
55047,Green Lake County,tornado,2,1,0.1,22,,EF1,0,0,0
55049,Iowa County,flash_flood,2,2,0.2,21,,,6000,0,0
55049,Iowa County,flood,6,6,0.6,71,,,38000,0,0
55049,Iowa County,hail,26,15,1.5,66,2.5,,20000,0,0
55049,Iowa County,thunderstorm_wind,39,24,2.4,47,87,,521500,0,0
55049,Iowa County,tornado,6,4,0.4,62,,EF1,685000,0,0
55051,Iron County,flash_flood,3,3,0.3,31,,,1000,1,0
55051,Iron County,hail,19,10,1.0,50,1.5,,0,0,0
55051,Iron County,thunderstorm_wind,15,10,1.0,16,70,,15000,0,0
55051,Iron County,tornado,2,2,0.2,37,,EF1,0,0,0
55053,Jackson County,flash_flood,4,4,0.4,41,,,353000,0,0
55053,Jackson County,flood,34,25,2.5,95,,,993000,0,0
55053,Jackson County,hail,21,11,1.1,53,1.75,,133000,0,0
55053,Jackson County,lightning,1,1,0.1,66,,,30000,0,0
55053,Jackson County,thunderstorm_wind,51,24,2.4,47,60,,396600,0,0
55053,Jackson County,tornado,4,3,0.3,51,,EF2,55000,0,0
55055,Jefferson County,flash_flood,3,3,0.3,31,,,951000,0,0
55055,Jefferson County,flood,25,23,2.3,94,,,84000,0,0
55055,Jefferson County,hail,43,20,2.0,77,2.5,,8000,0,0
55055,Jefferson County,lightning,1,1,0.1,66,,,150000,0,0
55055,Jefferson County,thunderstorm_wind,55,30,3.0,60,70,,368500,0,0
55055,Jefferson County,tornado,17,8,0.8,89,,EF1,450000,0,0
55057,Juneau County,flash_flood,3,3,0.3,31,,,29260000,0,0
55057,Juneau County,flood,31,30,3.0,96,,,4000,0,0
55057,Juneau County,hail,31,17,1.7,70,3,,123000,0,0
55057,Juneau County,lightning,1,1,0.1,66,,,55000,0,0
55057,Juneau County,thunderstorm_wind,36,22,2.2,42,65,,241000,0,0
55057,Juneau County,tornado,3,2,0.2,37,,EF2,875000,0,0
55059,Kenosha County,flash_flood,6,6,0.6,57,,,382000,0,0
55059,Kenosha County,flood,17,15,1.5,89,,,4073000,0,0
55059,Kenosha County,hail,17,10,1.0,50,2.9,,0,0,0
55059,Kenosha County,lightning,1,1,0.1,66,,,0,0,1
55059,Kenosha County,thunderstorm_wind,30,21,2.1,39,65,,167500,0,0
55059,Kenosha County,tornado,2,2,0.2,37,,EF1,253000,0,0
55061,Kewaunee County,flood,15,15,1.5,89,,,121500,0,0
55061,Kewaunee County,hail,7,6,0.6,31,1.75,,0,0,0
55061,Kewaunee County,lightning,2,2,0.2,85,,,125000,0,1
55061,Kewaunee County,thunderstorm_wind,19,14,1.4,23,61,,0,0,0
55061,Kewaunee County,tornado,1,1,0.1,22,,EF0,25000,0,0
55063,La Crosse County,flash_flood,5,4,0.4,41,,,4563000,0,0
55063,La Crosse County,flood,38,35,3.5,97,,,2989000,0,0
55063,La Crosse County,hail,63,20,2.0,77,4,,48724200,0,0
55063,La Crosse County,lightning,5,5,0.5,96,,,382000,0,0
55063,La Crosse County,thunderstorm_wind,96,34,3.4,67,65,,941500,0,0
55063,La Crosse County,tornado,4,3,0.3,51,,EF1,300000,0,0
55065,Lafayette County,flash_flood,5,5,0.5,49,,,503500,0,0
55065,Lafayette County,flood,18,12,1.2,86,,,88000,0,0
55065,Lafayette County,hail,20,9,0.9,45,2.5,,2000,0,0
55065,Lafayette County,thunderstorm_wind,48,32,3.2,63,87,,710500,0,1
55065,Lafayette County,tornado,6,3,0.3,51,,EF2,2316000,0,0
55067,Langlade County,flash_flood,1,1,0.1,11,,,318500,0,0
55067,Langlade County,flood,1,1,0.1,20,,,2000,0,0
55067,Langlade County,hail,11,10,1.0,50,1,,0,0,0
55067,Langlade County,thunderstorm_wind,30,19,1.9,34,87,,503000,0,1
55069,Lincoln County,flood,2,2,0.2,38,,,2000,0,0
55069,Lincoln County,hail,22,16,1.6,68,1.75,,0,0,0
55069,Lincoln County,thunderstorm_wind,45,24,2.4,47,70,,27000,0,3
55069,Lincoln County,tornado,2,2,0.2,37,,EF1,0,0,0
55071,Manitowoc County,flash_flood,2,2,0.2,21,,,28000,0,0
55071,Manitowoc County,flood,4,3,0.3,50,,,372000,0,0
55071,Manitowoc County,hail,24,14,1.4,63,1.75,,15000,0,0
55071,Manitowoc County,lightning,1,1,0.1,66,,,400000,0,0
55071,Manitowoc County,thunderstorm_wind,50,25,2.5,49,70,,50000,0,0
55071,Manitowoc County,tornado,2,2,0.2,37,,EF1,75000,0,0
55073,Marathon County,flash_flood,3,3,0.3,31,,,68000,0,0
55073,Marathon County,flood,3,2,0.2,38,,,12500,0,0
55073,Marathon County,hail,58,32,3.2,91,3,,0,0,0
55073,Marathon County,thunderstorm_wind,75,38,3.8,73,70,,561500,0,3
55073,Marathon County,tornado,12,8,0.8,89,,EF2,145000,0,0
55075,Marinette County,flash_flood,1,1,0.1,11,,,130500,0,0
55075,Marinette County,flood,1,1,0.1,20,,,0,1,1
55075,Marinette County,hail,22,14,1.4,63,2.5,,0,0,0
55075,Marinette County,thunderstorm_wind,29,19,1.9,34,61,,135000,0,0
55075,Marinette County,tornado,4,1,0.1,22,,EF2,4000000,0,0
55077,Marquette County,flood,5,4,0.4,59,,,2008000,0,0
55077,Marquette County,hail,12,9,0.9,45,1.5,,0,0,0
55077,Marquette County,thunderstorm_wind,33,20,2.0,37,87,,640000,0,0
55077,Marquette County,tornado,4,2,0.2,37,,EF1,80000,0,0
55078,Menominee County,flood,1,1,0.1,20,,,0,1,0
55078,Menominee County,hail,1,1,0.1,6,1.75,,0,0,0
55078,Menominee County,lightning,1,1,0.1,66,,,25000,0,0
55078,Menominee County,thunderstorm_wind,6,6,0.6,11,61,,5000,0,0
55078,Menominee County,tornado,3,3,0.3,51,,EF1,0,0,0
55079,Milwaukee County,flash_flood,11,11,1.1,79,,,65977000,1,0
55079,Milwaukee County,flood,16,14,1.4,88,,,92000,3,0
55079,Milwaukee County,hail,69,25,2.5,84,1.75,,0,0,0
55079,Milwaukee County,lightning,4,4,0.4,94,,,448000,0,0
55079,Milwaukee County,thunderstorm_wind,57,31,3.1,62,71,,264500,0,0
55079,Milwaukee County,tornado,1,1,0.1,22,,EF0,0,0,0
55081,Monroe County,flash_flood,10,9,0.9,72,,,30325000,0,0
55081,Monroe County,flood,9,8,0.8,78,,,3050000,0,0
55081,Monroe County,hail,28,19,1.9,75,1.5,,5000,0,0
55081,Monroe County,lightning,2,2,0.2,85,,,40000,0,0
55081,Monroe County,thunderstorm_wind,53,26,2.6,51,65,,695000,0,0
55081,Monroe County,tornado,6,5,0.5,72,,EF2,858000,0,2
55083,Oconto County,flash_flood,1,1,0.1,11,,,335000,0,0
55083,Oconto County,flood,15,14,1.4,88,,,480000,0,0
55083,Oconto County,hail,24,14,1.4,63,1.5,,0,0,0
55083,Oconto County,lightning,2,2,0.2,85,,,95000,0,0
55083,Oconto County,thunderstorm_wind,38,21,2.1,39,70,,758500,0,0
55083,Oconto County,tornado,3,2,0.2,37,,EF1,0,0,0
55085,Oneida County,flood,1,1,0.1,20,,,0,0,0
55085,Oneida County,hail,29,16,1.6,68,2,,50000,0,0
55085,Oneida County,lightning,2,2,0.2,85,,,306000,1,0
55085,Oneida County,thunderstorm_wind,41,23,2.3,44,61,,210000,0,0
55085,Oneida County,tornado,2,2,0.2,37,,EF0,400000,0,0
55087,Outagamie County,flash_flood,4,4,0.4,41,,,591500,0,0
55087,Outagamie County,hail,59,18,1.8,73,4.5,,0,0,0
55087,Outagamie County,lightning,2,2,0.2,85,,,105000,0,0
55087,Outagamie County,thunderstorm_wind,76,30,3.0,60,65,,144000,0,0
55087,Outagamie County,tornado,13,6,0.6,79,,EF1,362500,0,0
55089,Ozaukee County,flash_flood,6,5,0.5,49,,,511000,0,0
55089,Ozaukee County,flood,15,10,1.0,83,,,917000,0,0
55089,Ozaukee County,hail,23,7,0.7,36,2.75,,0,0,0
55089,Ozaukee County,thunderstorm_wind,18,13,1.3,21,70,,109500,0,0
55091,Pepin County,flash_flood,2,2,0.2,21,,,20000,0,0
55091,Pepin County,flood,1,1,0.1,20,,,0,0,0
55091,Pepin County,hail,8,6,0.6,31,2.5,,0,0,0
55091,Pepin County,thunderstorm_wind,19,12,1.2,20,65,,835200,0,0
55091,Pepin County,tornado,2,2,0.2,37,,EF1,500000,0,0
55093,Pierce County,flash_flood,2,2,0.2,21,,,0,0,0
55093,Pierce County,hail,25,16,1.6,68,3,,0,0,0
55093,Pierce County,thunderstorm_wind,34,16,1.6,27,71,,586000,0,0
55093,Pierce County,tornado,7,5,0.5,72,,EF1,0,0,0
55095,Polk County,flood,1,1,0.1,20,,,18000,0,0
55095,Polk County,hail,25,15,1.5,66,2.75,,500000,0,0
55095,Polk County,thunderstorm_wind,43,20,2.0,37,80,,327000,0,0
55095,Polk County,tornado,7,6,0.6,79,,EF1,0,0,0
55097,Portage County,flash_flood,2,2,0.2,21,,,500000,0,0
55097,Portage County,flood,2,2,0.2,38,,,106000,0,0
55097,Portage County,hail,29,17,1.7,70,2,,0,0,0
55097,Portage County,lightning,1,1,0.1,66,,,10000,0,0
55097,Portage County,thunderstorm_wind,45,27,2.7,53,75,,10000,0,0
55097,Portage County,tornado,2,2,0.2,37,,EF0,5000,0,0
55099,Price County,flash_flood,11,6,0.6,57,,,177000,0,0
55099,Price County,flood,3,2,0.2,38,,,122000,0,0
55099,Price County,hail,36,18,1.8,73,2,,0,0,0
55099,Price County,thunderstorm_wind,51,23,2.3,44,62,,175000,0,0
55099,Price County,tornado,2,2,0.2,37,,EF0,0,0,0
55101,Racine County,flash_flood,2,2,0.2,21,,,301000,0,0
55101,Racine County,flood,11,10,1.0,83,,,23534000,0,0
55101,Racine County,hail,25,12,1.2,57,2.75,,20000,0,0
55101,Racine County,thunderstorm_wind,35,18,1.8,32,70,,282000,0,0
55101,Racine County,tornado,1,1,0.1,22,,EF0,0,0,0
55103,Richland County,flash_flood,5,5,0.5,49,,,2942000,0,0
55103,Richland County,flood,7,6,0.6,71,,,916000,0,0
55103,Richland County,hail,18,11,1.1,53,1.75,,190000,0,0
55103,Richland County,thunderstorm_wind,22,15,1.5,25,67,,172000,0,0
55105,Rock County,flash_flood,8,8,0.8,68,,,101000,0,0
55105,Rock County,flood,35,26,2.6,95,,,93000,0,0
55105,Rock County,hail,57,24,2.4,83,2.75,,50000,0,0
55105,Rock County,lightning,1,1,0.1,66,,,100000,0,0
55105,Rock County,thunderstorm_wind,74,40,4.0,76,70,,608000,0,0
55105,Rock County,tornado,11,9,0.9,92,,EF2,32672000,0,1
55107,Rusk County,flash_flood,1,1,0.1,11,,,0,0,0
55107,Rusk County,hail,14,8,0.8,41,2,,0,0,0
55107,Rusk County,thunderstorm_wind,19,12,1.2,20,87,,176000,0,0
55107,Rusk County,tornado,3,3,0.3,51,,EF3,940000,0,0
55109,St. Croix County,flash_flood,2,2,0.2,21,,,8000000,1,0
55109,St. Croix County,hail,75,25,2.5,84,3,,0,0,0
55109,St. Croix County,lightning,1,1,0.1,66,,,0,0,2
55109,St. Croix County,thunderstorm_wind,31,17,1.7,29,74,,842000,0,0
55109,St. Croix County,tornado,3,3,0.3,51,,EF2,175000,0,0
55111,Sauk County,flash_flood,7,5,0.5,49,,,553500,0,0
55111,Sauk County,flood,19,14,1.4,88,,,6444000,0,0
55111,Sauk County,hail,27,14,1.4,63,1.75,,0,0,0
55111,Sauk County,thunderstorm_wind,50,35,3.5,69,70,,311000,0,0
55111,Sauk County,tornado,1,1,0.1,22,,EF0,5000,0,0
55113,Sawyer County,flash_flood,12,6,0.6,57,,,8250,0,0
55113,Sawyer County,flood,5,4,0.4,59,,,302000,0,0
55113,Sawyer County,hail,70,26,2.6,85,2.5,,0,0,0
55113,Sawyer County,lightning,2,2,0.2,85,,,1000,0,4
55113,Sawyer County,thunderstorm_wind,72,29,2.9,58,70,,51000,1,3
55115,Shawano County,flash_flood,1,1,0.1,11,,,0,0,0
55115,Shawano County,flood,1,1,0.1,20,,,0,0,0
55115,Shawano County,hail,16,12,1.2,57,1.75,,0,0,0
55115,Shawano County,thunderstorm_wind,43,28,2.8,56,74,,100800,0,0
55115,Shawano County,tornado,13,6,0.6,79,,EF1,100000,0,0
55117,Sheboygan County,flash_flood,4,3,0.3,31,,,33000,0,0
55117,Sheboygan County,flood,8,6,0.6,71,,,72000,0,0
55117,Sheboygan County,hail,21,13,1.3,60,1.75,,0,0,0
55117,Sheboygan County,thunderstorm_wind,37,23,2.3,44,87,,1678500,0,0
55117,Sheboygan County,tornado,2,1,0.1,22,,EF1,0,0,0
55119,Taylor County,flash_flood,2,2,0.2,21,,,2000,0,0
55119,Taylor County,hail,30,14,1.4,63,2.5,,202000,0,0
55119,Taylor County,thunderstorm_wind,24,16,1.6,27,61,,241000,0,0
55119,Taylor County,tornado,2,2,0.2,37,,EF1,35000,0,0
55121,Trempealeau County,flash_flood,9,7,0.7,62,,,3704000,0,0
55121,Trempealeau County,flood,54,48,4.8,99,,,1934000,0,0
55121,Trempealeau County,hail,58,24,2.4,83,3.5,,5106000,0,0
55121,Trempealeau County,lightning,2,2,0.2,85,,,205000,0,0
55121,Trempealeau County,thunderstorm_wind,56,27,2.7,53,65,,1032000,0,2
55121,Trempealeau County,tornado,8,6,0.6,79,,EF1,1319000,0,1
55123,Vernon County,flash_flood,14,11,1.1,79,,,38646000,1,0
55123,Vernon County,flood,54,30,3.0,96,,,13804000,2,0
55123,Vernon County,hail,28,17,1.7,70,1.75,,5000,0,0
55123,Vernon County,lightning,1,1,0.1,66,,,75000,0,0
55123,Vernon County,thunderstorm_wind,64,26,2.6,51,70,,639000,0,2
55123,Vernon County,tornado,5,5,0.5,72,,EF1,346000,0,0
55125,Vilas County,flood,1,1,0.1,20,,,1000,0,0
55125,Vilas County,hail,33,14,1.4,63,1.75,,0,0,0
55125,Vilas County,thunderstorm_wind,53,27,2.7,53,65,,200500,0,0
55125,Vilas County,tornado,2,1,0.1,22,,EF1,0,0,0
55127,Walworth County,flash_flood,4,4,0.4,41,,,10026000,0,0
55127,Walworth County,flood,6,6,0.6,71,,,79000,0,0
55127,Walworth County,hail,46,18,1.8,73,2.5,,1000,0,0
55127,Walworth County,thunderstorm_wind,57,33,3.3,65,70,,493000,0,0
55127,Walworth County,tornado,14,8,0.8,89,,EF1,1193000,0,0
55129,Washburn County,flash_flood,8,3,0.3,31,,,520000,0,0
55129,Washburn County,flood,2,2,0.2,38,,,50000,0,0
55129,Washburn County,hail,45,19,1.9,75,2,,10000,0,0
55129,Washburn County,thunderstorm_wind,43,22,2.2,42,61,,15000,0,0
55131,Washington County,flash_flood,4,3,0.3,31,,,5404000,0,0
55131,Washington County,flood,4,3,0.3,50,,,2001000,0,0
55131,Washington County,hail,45,22,2.2,81,2.5,,1000,0,0
55131,Washington County,lightning,4,3,0.3,91,,,975000,1,0
55131,Washington County,thunderstorm_wind,40,26,2.6,51,70,,231600,0,0
55131,Washington County,tornado,1,1,0.1,22,,EF0,15000,0,0
55133,Waukesha County,flash_flood,6,4,0.4,41,,,98007000,0,1
55133,Waukesha County,flood,10,9,0.9,81,,,1086000,0,0
55133,Waukesha County,hail,98,27,2.7,87,2,,0,0,0
55133,Waukesha County,lightning,4,4,0.4,94,,,2621000,0,0
55133,Waukesha County,thunderstorm_wind,91,44,4.4,80,70,,616000,0,0
55133,Waukesha County,tornado,8,5,0.5,72,,EF1,0,0,0
55135,Waupaca County,flash_flood,3,3,0.3,31,,,260000,0,0
55135,Waupaca County,flood,2,2,0.2,38,,,88500,0,0
55135,Waupaca County,hail,31,19,1.9,75,1.75,,0,0,0
55135,Waupaca County,lightning,2,2,0.2,85,,,270000,0,0
55135,Waupaca County,thunderstorm_wind,51,27,2.7,53,69,,538500,0,1
55135,Waupaca County,tornado,7,4,0.4,62,,EF1,600000,0,0
55137,Waushara County,flash_flood,2,2,0.2,21,,,0,0,0
55137,Waushara County,flood,3,3,0.3,50,,,34000,0,0
55137,Waushara County,hail,17,11,1.1,53,1.88,,0,0,0
55137,Waushara County,thunderstorm_wind,48,26,2.6,51,65,,212500,0,0
55137,Waushara County,tornado,6,6,0.6,79,,EF1,745000,0,0
55139,Winnebago County,flash_flood,1,1,0.1,11,,,0,0,0
55139,Winnebago County,flood,2,2,0.2,38,,,4000,0,0
55139,Winnebago County,hail,14,10,1.0,50,1,,0,0,0
55139,Winnebago County,lightning,1,1,0.1,66,,,2000,0,0
55139,Winnebago County,thunderstorm_wind,46,23,2.3,44,70,,5000,1,0
55139,Winnebago County,tornado,4,2,0.2,37,,EF0,5000,0,0
55141,Wood County,flash_flood,4,4,0.4,41,,,125500,0,0
55141,Wood County,flood,2,2,0.2,38,,,51000,0,0
55141,Wood County,hail,43,19,1.9,75,3,,0,0,0
55141,Wood County,lightning,1,1,0.1,66,,,300000,0,0
55141,Wood County,thunderstorm_wind,44,25,2.5,49,61,,407500,0,0
56001,Albany County,flash_flood,14,9,0.9,72,,,91380,0,0
56001,Albany County,flood,2,2,0.2,38,,,0,0,0
56001,Albany County,hail,44,21,2.1,79,3,,0,0,0
56001,Albany County,lightning,1,1,0.1,66,,,0,0,1
56001,Albany County,thunderstorm_wind,39,20,2.0,37,78,,10000,0,0
56001,Albany County,tornado,9,8,0.8,89,,EF3,0,0,0
56003,Big Horn County,flash_flood,1,1,0.1,11,,,10000,0,0
56003,Big Horn County,flood,6,6,0.6,71,,,0,0,0
56003,Big Horn County,hail,8,8,0.8,41,1.75,,0,0,0
56003,Big Horn County,thunderstorm_wind,38,35,3.5,69,78,,101000,0,0
56003,Big Horn County,tornado,1,1,0.1,22,,EF0,0,0,0
56005,Campbell County,flash_flood,1,1,0.1,11,,,0,0,0
56005,Campbell County,flood,1,1,0.1,20,,,0,0,0
56005,Campbell County,hail,188,78,7.8,100,3,,0,0,0
56005,Campbell County,thunderstorm_wind,152,78,7.8,97,72,,7000,0,0
56005,Campbell County,tornado,7,4,0.4,62,,EF3,50000,0,10
56007,Carbon County,flash_flood,2,2,0.2,21,,,0,0,0
56007,Carbon County,flood,1,1,0.1,20,,,0,0,0
56007,Carbon County,hail,13,6,0.6,31,2,,0,0,0
56007,Carbon County,thunderstorm_wind,92,40,4.0,76,70,,0,0,0
56007,Carbon County,tornado,2,2,0.2,37,,EF1,0,0,0
56009,Converse County,flash_flood,2,2,0.2,21,,,10000,0,0
56009,Converse County,hail,60,33,3.3,91,4,,0,0,0
56009,Converse County,thunderstorm_wind,32,21,2.1,39,71,,0,0,0
56009,Converse County,tornado,6,5,0.5,72,,EF3,0,0,0
56011,Crook County,flash_flood,3,2,0.2,21,,,0,0,0
56011,Crook County,flood,5,5,0.5,66,,,1000,0,0
56011,Crook County,hail,169,74,7.4,99,3.25,,2200,0,0
56011,Crook County,thunderstorm_wind,84,46,4.6,82,70,,0,0,1
56011,Crook County,tornado,7,5,0.5,72,,EF2,0,0,0
56013,Fremont County,flash_flood,6,5,0.5,49,,,95000,0,0
56013,Fremont County,flood,28,17,1.7,91,,,3330000,1,0
56013,Fremont County,hail,25,21,2.1,79,2,,3000500,0,0
56013,Fremont County,thunderstorm_wind,70,52,5.2,87,83,,40000,1,0
56013,Fremont County,tornado,2,2,0.2,37,,EF0,0,0,0
56015,Goshen County,flash_flood,19,13,1.3,84,,,30000,0,0
56015,Goshen County,hail,183,77,7.7,100,4.5,,0,0,0
56015,Goshen County,thunderstorm_wind,37,26,2.6,51,78,,55000,0,0
56015,Goshen County,tornado,13,7,0.7,85,,EF2,697000,0,2
56017,Hot Springs County,flash_flood,1,1,0.1,11,,,0,0,0
56017,Hot Springs County,hail,10,10,1.0,50,2.25,,1000000,0,0
56017,Hot Springs County,thunderstorm_wind,9,9,0.9,15,64,,25000,0,0
56017,Hot Springs County,tornado,1,1,0.1,22,,EF0,50000,0,0
56019,Johnson County,flash_flood,3,3,0.3,31,,,0,0,0
56019,Johnson County,flood,5,3,0.3,50,,,0,0,0
56019,Johnson County,hail,44,37,3.7,94,2.75,,10000,0,0
56019,Johnson County,thunderstorm_wind,30,26,2.6,51,70,,6000,0,0
56019,Johnson County,tornado,4,4,0.4,62,,EF2,12000,0,0
56021,Laramie County,flash_flood,39,27,2.7,96,,,60000,0,0
56021,Laramie County,hail,387,101,10.1,100,4.25,,1401000,0,0
56021,Laramie County,thunderstorm_wind,102,55,5.5,89,78,,26000,0,0
56021,Laramie County,tornado,18,10,1.0,94,,EF2,0,0,0
56023,Lincoln County,flash_flood,3,3,0.3,31,,,225000,0,0
56023,Lincoln County,flood,6,5,0.5,66,,,0,0,0
56023,Lincoln County,hail,5,5,0.5,26,1.5,,0,0,0
56023,Lincoln County,thunderstorm_wind,10,9,0.9,15,60,,2000,0,0
56025,Natrona County,flash_flood,6,5,0.5,49,,,2866000,0,0
56025,Natrona County,hail,43,30,3.0,89,2.5,,1000,0,0
56025,Natrona County,thunderstorm_wind,45,37,3.7,72,75,,0,0,0
56025,Natrona County,tornado,5,4,0.4,62,,EF1,100000,0,0
56027,Niobrara County,flash_flood,1,1,0.1,11,,,0,0,0
56027,Niobrara County,hail,94,51,5.1,98,4.25,,0,0,0
56027,Niobrara County,thunderstorm_wind,19,19,1.9,34,70,,0,0,0
56027,Niobrara County,tornado,5,4,0.4,62,,EF1,0,0,0
56029,Park County,flash_flood,3,3,0.3,31,,,20000,0,0
56029,Park County,flood,8,5,0.5,66,,,25020000,0,0
56029,Park County,hail,11,11,1.1,53,1.75,,5000,0,0
56029,Park County,lightning,2,2,0.2,85,,,60000,0,0
56029,Park County,thunderstorm_wind,15,12,1.2,20,82,,202000,0,0
56029,Park County,tornado,1,1,0.1,22,,EF0,0,0,0
56031,Platte County,flash_flood,15,10,1.0,75,,,10000,0,0
56031,Platte County,flood,3,3,0.3,50,,,0,0,0
56031,Platte County,hail,144,60,6.0,99,4.25,,0,0,0
56031,Platte County,thunderstorm_wind,43,28,2.8,56,69,,0,0,0
56031,Platte County,tornado,8,6,0.6,79,,,0,0,0
56033,Sheridan County,flash_flood,1,1,0.1,11,,,0,0,0
56033,Sheridan County,flood,2,2,0.2,38,,,125000,0,0
56033,Sheridan County,hail,70,34,3.4,92,2.75,,0,0,0
56033,Sheridan County,thunderstorm_wind,32,22,2.2,42,70,,0,0,0
56035,Sublette County,flash_flood,2,2,0.2,21,,,0,0,0
56035,Sublette County,flood,3,2,0.2,38,,,0,0,0
56035,Sublette County,hail,4,4,0.4,21,1.75,,0,0,0
56035,Sublette County,thunderstorm_wind,25,19,1.9,34,62,,21000,0,0
56035,Sublette County,tornado,3,3,0.3,51,,EF1,21000,0,0
56037,Sweetwater County,flash_flood,4,4,0.4,41,,,750000,0,0
56037,Sweetwater County,flood,1,1,0.1,20,,,0,0,0
56037,Sweetwater County,hail,3,3,0.3,16,1,,0,0,0
56037,Sweetwater County,thunderstorm_wind,37,29,2.9,58,68,,0,0,0
56037,Sweetwater County,tornado,4,4,0.4,62,,EF0,1000,0,0
56039,Teton County,flood,2,2,0.2,38,,,10000,0,0
56039,Teton County,hail,4,4,0.4,21,1,,0,0,0
56039,Teton County,lightning,2,2,0.2,85,,,0,1,2
56039,Teton County,thunderstorm_wind,12,11,1.1,18,87,,251000,0,0
56039,Teton County,tornado,2,2,0.2,37,,EF2,1000,0,0
56041,Uinta County,hail,2,2,0.2,11,1,,0,0,0
56041,Uinta County,thunderstorm_wind,53,23,2.3,44,76,,5250,0,0
56043,Washakie County,flash_flood,3,3,0.3,31,,,0,0,0
56043,Washakie County,flood,5,4,0.4,59,,,100000,0,0
56043,Washakie County,hail,5,4,0.4,21,1.5,,0,0,0
56043,Washakie County,thunderstorm_wind,19,19,1.9,34,62,,12000,0,0
56043,Washakie County,tornado,1,1,0.1,22,,EF2,20000,0,0
56045,Weston County,flash_flood,2,2,0.2,21,,,25000,0,0
56045,Weston County,flood,3,3,0.3,50,,,10000,0,0
56045,Weston County,hail,98,53,5.3,98,2.75,,5000,0,0
56045,Weston County,thunderstorm_wind,72,39,3.9,74,74,,0,0,0
56045,Weston County,tornado,3,3,0.3,51,,EF0,0,0,0
96010,,flash_flood,8,5,0.5,49,,,518600,0,0
96010,,flood,1,1,0.1,20,,,0,0,0
96010,,hail,1,1,0.1,6,0.25,,1000,0,0
96010,,tornado,1,1,0.1,22,,EF0,0,0,0
96020,,flash_flood,2,2,0.2,21,,,0,0,0
96020,,flood,2,2,0.2,38,,,0,0,0
96030,,flash_flood,4,3,0.3,31,,,6000,0,0
96030,,flood,1,1,0.1,20,,,0,0,0
97002,,flash_flood,81,51,5.1,99,,,5350000,1,3
97002,,flood,10,9,0.9,81,,,135000,0,0
97002,,lightning,4,3,0.3,91,,,120000,0,0
97002,,thunderstorm_wind,10,4,0.4,9,60,,427000,0,0
97003,,flash_flood,2,2,0.2,21,,,255000,0,0
98002,,flash_flood,2,2,0.2,21,,,5000,0,0
98002,,thunderstorm_wind,2,2,0.2,5,45,,10000,1,0
98003,,thunderstorm_wind,2,2,0.2,5,35,,63300,0,0
98006,,flash_flood,10,9,0.9,72,,,34500,0,0
98006,,flood,6,4,0.4,59,,,500,0,0
98006,,lightning,1,1,0.1,66,,,50000,0,0
98006,,thunderstorm_wind,1,1,0.1,3,49,,100000,0,0
98007,,flood,1,1,0.1,20,,,0,0,0
99001,,flash_flood,13,12,1.2,81,,,750787500,0,0
99001,,flood,4,4,0.4,59,,,2000,0,0
99001,,hail,4,4,0.4,21,0.75,,6100,0,0
99003,,flash_flood,8,7,0.7,62,,,750041000,2,1
99003,,flood,18,13,1.3,87,,,4900,0,0
99003,,hail,2,2,0.2,11,0.25,,1500,0,0
99003,,lightning,1,1,0.1,66,,,500,0,0
99003,,thunderstorm_wind,5,4,0.4,9,40,,3900,0,0
99003,,tornado,1,1,0.1,22,,EF1,0,0,0
99005,,flash_flood,6,4,0.4,41,,,750026500,0,0
99005,,flood,13,10,1.0,83,,,4000,0,0
99005,,lightning,1,1,0.1,66,,,100,0,0
99005,,thunderstorm_wind,8,3,0.3,7,43,,41200,0,0
99005,,tornado,1,1,0.1,22,,EF0,40000,0,0
99007,,flash_flood,8,4,0.4,41,,,750225000,0,0
99007,,flood,2,2,0.2,38,,,1000,0,0
99007,,thunderstorm_wind,2,2,0.2,5,30,,29500,0,0
99009,,flash_flood,5,4,0.4,41,,,750023000,0,0
99009,,flood,2,2,0.2,38,,,5000,0,0
99009,,lightning,1,1,0.1,66,,,8500,0,0
99009,,thunderstorm_wind,2,2,0.2,5,35,,8500,0,0
99011,,flash_flood,4,2,0.2,21,,,750016500,4,0
99011,,flood,3,3,0.3,50,,,1000,0,0
99011,,hail,1,1,0.1,6,0.25,,100,0,0
99011,,thunderstorm_wind,2,2,0.2,5,30,,51200,0,0
99013,,flash_flood,15,7,0.7,62,,,750254400,2,1
99013,,flood,15,8,0.8,78,,,57000,0,0
99013,,lightning,1,1,0.1,66,,,1000,0,0
99013,,thunderstorm_wind,2,2,0.2,5,35,,8500,0,0
99013,,tornado,2,2,0.2,37,,EF1,7500,0,0
99015,,flash_flood,5,5,0.5,49,,,750000000,0,0
99015,,flood,4,3,0.3,50,,,0,0,0
99015,,thunderstorm_wind,1,1,0.1,3,50,,0,0,0
99017,,flash_flood,3,3,0.3,31,,,750251000,0,0
99017,,flood,3,3,0.3,50,,,11400,0,0
99017,,lightning,1,1,0.1,66,,,100,0,0
99019,,flash_flood,8,7,0.7,62,,,750283300,0,1
99019,,flood,2,2,0.2,38,,,1000,0,0
99019,,hail,2,2,0.2,11,0.25,,10100,0,0
99019,,thunderstorm_wind,3,3,0.3,7,40,,32000,0,1
99021,,flash_flood,39,17,1.7,91,,,750394400,0,0
99021,,flood,30,21,2.1,93,,,53600,0,0
99021,,lightning,1,1,0.1,66,,,1000,0,0
99021,,thunderstorm_wind,7,7,0.7,12,43,,13100,0,0
99021,,tornado,1,1,0.1,22,,EF0,0,0,0
99023,,flash_flood,6,6,0.6,57,,,751018500,0,0
99023,,flood,22,13,1.3,87,,,76300,0,0
99023,,lightning,3,3,0.3,91,,,6100,0,0
99023,,thunderstorm_wind,6,6,0.6,11,43,,6800,0,0
99025,,flash_flood,29,14,1.4,86,,,752504300,0,0
99025,,flood,24,13,1.3,87,,,35400,0,0
99025,,lightning,1,1,0.1,66,,,20000,0,0
99025,,thunderstorm_wind,6,4,0.4,9,35,,16500,0,0
99027,,flash_flood,4,4,0.4,41,,,750256000,0,0
99027,,flood,5,4,0.4,59,,,11400,0,0
99027,,thunderstorm_wind,1,1,0.1,3,35,,5000,0,0
99029,,flash_flood,11,9,0.9,72,,,750519100,0,0
99029,,flood,6,5,0.5,66,,,5300,0,0
99029,,thunderstorm_wind,1,1,0.1,3,30,,20000,0,0
99031,,flash_flood,33,15,1.5,88,,,750280600,0,0
99031,,flood,42,26,2.6,95,,,42100,0,0
99031,,lightning,3,2,0.2,85,,,49000,0,1
99031,,thunderstorm_wind,3,2,0.2,5,43,,26100,0,0
99033,,flash_flood,5,5,0.5,49,,,750253500,0,0
99033,,flood,9,8,0.8,78,,,12000,0,0
99033,,thunderstorm_wind,4,3,0.3,7,39,,4800,0,0
99035,,flash_flood,9,7,0.7,62,,,750084400,0,0
99035,,flood,5,4,0.4,59,,,15400,0,0
99037,,flash_flood,9,7,0.7,62,,,750266100,0,0
99037,,flood,10,7,0.7,75,,,23000,0,0
99039,,flash_flood,3,3,0.3,31,,,1000000,0,0
99039,,flood,2,2,0.2,38,,,0,0,0
99039,,hail,2,1,0.1,6,0.25,,1000,0,0
99039,,thunderstorm_wind,8,6,0.6,11,35,,19100,0,0
99041,,flash_flood,8,8,0.8,68,,,526500,0,0
99041,,flood,3,3,0.3,50,,,1600,0,0
99041,,thunderstorm_wind,4,3,0.3,7,40,,10200,0,0
99043,,flash_flood,6,5,0.5,49,,,507000,0,0
99043,,flood,6,6,0.6,71,,,3500,0,0
99043,,hail,2,2,0.2,11,0.5,,100,0,0
99043,,lightning,1,1,0.1,66,,,1000,0,0
99045,,flash_flood,6,6,0.6,57,,,250520000,1,0
99045,,flood,1,1,0.1,20,,,3500,0,0
99045,,thunderstorm_wind,1,1,0.1,3,22,,1000,0,0
99047,,flash_flood,8,8,0.8,68,,,1022500,0,0
99047,,flood,2,2,0.2,38,,,0,0,0
99047,,hail,3,3,0.3,16,1,,100,0,0
99047,,thunderstorm_wind,1,1,0.1,3,35,,2000,0,0
99049,,flash_flood,3,2,0.2,21,,,506100,0,0
99049,,lightning,1,1,0.1,66,,,10000,0,0
99051,,flash_flood,8,6,0.6,57,,,1030000,0,0
99051,,flood,6,5,0.5,66,,,14000,0,0
99053,,flash_flood,32,18,1.8,92,,,1138700,0,0
99053,,flood,13,11,1.1,85,,,38600,0,0
99053,,lightning,1,1,0.1,66,,,0,0,3
99054,,flash_flood,2,2,0.2,21,,,1000000,0,0
99054,,flood,2,2,0.2,38,,,1000,0,0
99054,,thunderstorm_wind,1,1,0.1,3,26,,3000,0,0
99055,,flash_flood,4,3,0.3,31,,,500500,0,0
99055,,flood,4,4,0.4,59,,,5500,0,0
99057,,flash_flood,7,6,0.6,57,,,500400,0,0
99057,,flood,12,6,0.6,71,,,1800,0,0
99057,,thunderstorm_wind,4,4,0.4,9,43,,4300,0,0
99059,,flash_flood,2,2,0.2,21,,,505000,0,0
99059,,flood,4,4,0.4,59,,,1000,0,0
99061,,flash_flood,43,24,2.4,95,,,1326200,0,0
99061,,flood,37,25,2.5,95,,,15500,0,0
99061,,hail,1,1,0.1,6,0.25,,250,0,0
99061,,thunderstorm_wind,4,4,0.4,9,35,,2700,0,0
99063,,flash_flood,3,3,0.3,31,,,1000000,0,0
99063,,flood,4,3,0.3,50,,,400,0,0
99063,,thunderstorm_wind,2,2,0.2,5,35,,2200,0,0
99065,,flash_flood,7,6,0.6,57,,,2010400,0,0
99065,,flood,8,7,0.7,75,,,22000,0,0
99065,,lightning,2,2,0.2,85,,,1600,0,0
99065,,thunderstorm_wind,3,3,0.3,7,35,,7500,0,0
99067,,flash_flood,8,5,0.5,49,,,2513500,0,0
99067,,flood,12,12,1.2,86,,,17500,0,0
99069,,flash_flood,27,12,1.2,81,,,1097800,0,0
99069,,flood,11,7,0.7,75,,,37700,0,0
99069,,thunderstorm_wind,1,1,0.1,3,30,,1000,0,0
99071,,flash_flood,2,2,0.2,21,,,510000,0,0
99071,,flood,8,6,0.6,71,,,0,0,0
99071,,lightning,1,1,0.1,66,,,0,0,3
99071,,thunderstorm_wind,2,2,0.2,5,30,,6500,0,0
99073,,flash_flood,5,4,0.4,41,,,1000000,0,0
99073,,flood,6,5,0.5,66,,,5200,0,0
99075,,flash_flood,4,2,0.2,21,,,10400,0,0
99075,,hail,2,2,0.2,11,0.5,,500100,0,0
99075,,lightning,1,1,0.1,66,,,0,1,0
99077,,flash_flood,5,5,0.5,49,,,21500,1,1
99077,,flood,1,1,0.1,20,,,400,0,0
99079,,flood,7,6,0.6,71,,,32500,0,0
99079,,hail,1,1,0.1,6,0.25,,1000,0,0
99079,,lightning,2,2,0.2,85,,,1100,0,0
99079,,thunderstorm_wind,2,2,0.2,5,35,,21000,0,0
99079,,tornado,1,1,0.1,22,,EF0,100000,0,0
99081,,flash_flood,3,3,0.3,31,,,5500,0,0
99081,,flood,5,5,0.5,66,,,0,0,0
99081,,thunderstorm_wind,7,5,0.5,10,35,,9700,0,0
99083,,hail,3,3,0.3,16,0.75,,200,0,0
99083,,thunderstorm_wind,2,2,0.2,5,35,,15000,0,0
99085,,flash_flood,14,9,0.9,72,,,7600,0,0
99085,,flood,7,6,0.6,71,,,9400,0,0
99085,,lightning,1,1,0.1,66,,,1000,0,0
99085,,tornado,1,1,0.1,22,,EF0,40000,0,0
99087,,flash_flood,1,1,0.1,11,,,1000,0,0
99087,,flood,4,4,0.4,59,,,800,0,0
99089,,flash_flood,16,9,0.9,72,,,15500,0,0
99089,,flood,4,2,0.2,38,,,1000,0,0
99091,,flash_flood,4,4,0.4,41,,,33500,0,0
99091,,flood,15,12,1.2,86,,,31200,0,0
99091,,tornado,1,1,0.1,22,,EF0,10000,0,0
99095,,flash_flood,7,6,0.6,57,,,1009400,0,0
99095,,flood,2,2,0.2,38,,,1000000,0,0
99095,,thunderstorm_wind,3,3,0.3,7,48,,3700,0,0
99097,,flash_flood,16,7,0.7,62,,,7003600,0,0
99097,,flood,20,12,1.2,86,,,29600,0,0
99097,,hail,2,1,0.1,6,0.25,,1000,0,0
99097,,lightning,1,1,0.1,66,,,100,0,0
99097,,thunderstorm_wind,5,5,0.5,10,43,,3150,0,0
99099,,flash_flood,1,1,0.1,11,,,0,0,0
99099,,flood,7,7,0.7,75,,,11500,0,0
99099,,thunderstorm_wind,7,5,0.5,10,35,,7100,0,0
99101,,flash_flood,3,3,0.3,31,,,11000,0,0
99101,,flood,4,3,0.3,50,,,500,0,0
99101,,lightning,2,2,0.2,85,,,1000,0,0
99101,,thunderstorm_wind,3,3,0.3,7,50,,10000,0,0
99103,,flash_flood,54,39,3.9,98,,,75400,1,3
99103,,flood,45,33,3.3,97,,,56400,0,0
99103,,thunderstorm_wind,1,1,0.1,3,30,,500,0,0
99105,,flash_flood,9,7,0.7,62,,,63000,0,0
99105,,flood,6,5,0.5,66,,,32000,0,0
99105,,lightning,1,1,0.1,66,,,1000,0,0
99105,,thunderstorm_wind,2,2,0.2,5,35,,2000,0,0
99107,,flash_flood,10,8,0.8,68,,,50000,0,0
99107,,flood,2,1,0.1,20,,,1200,0,0
99107,,lightning,2,2,0.2,85,,,8500,0,0
99107,,thunderstorm_wind,1,1,0.1,3,35,,0,0,0
99109,,flash_flood,18,10,1.0,75,,,133500,0,0
99109,,flood,6,6,0.6,71,,,4500,0,0
99109,,thunderstorm_wind,2,2,0.2,5,44,,4000,0,0
99111,,flash_flood,2,2,0.2,21,,,6100,0,1
99111,,flood,3,3,0.3,50,,,400,0,0
99111,,hail,1,1,0.1,6,0.25,,1000,0,0
99111,,thunderstorm_wind,1,1,0.1,3,52,,6000,0,0
99113,,flash_flood,23,10,1.0,75,,,500115400,0,1
99113,,flood,30,16,1.6,90,,,9900,1,0
99113,,thunderstorm_wind,5,5,0.5,10,52,,1014000,0,0
99115,,flash_flood,3,1,0.1,11,,,1900,0,0
99115,,flood,1,1,0.1,20,,,1100,0,0
99117,,flash_flood,2,2,0.2,21,,,1010000,1,0
99117,,flood,3,3,0.3,50,,,0,0,0
99117,,thunderstorm_wind,1,1,0.1,3,35,,7500,0,0
99119,,flash_flood,18,10,1.0,75,,,22600,0,0
99119,,flood,12,8,0.8,78,,,2400,0,0
99119,,thunderstorm_wind,1,1,0.1,3,35,,5000,0,0
99121,,flash_flood,5,5,0.5,49,,,12700,0,0
99121,,flood,4,4,0.4,59,,,7000,0,0
99121,,thunderstorm_wind,3,3,0.3,7,35,,4200,0,0
99123,,flash_flood,9,5,0.5,49,,,231500,0,0
99123,,flood,10,10,1.0,83,,,10900,0,0
99123,,lightning,1,1,0.1,66,,,0,2,3
99123,,thunderstorm_wind,1,1,0.1,3,26,,1200,0,0
99125,,flash_flood,7,5,0.5,49,,,53500,0,0
99125,,flood,10,8,0.8,78,,,13000,0,0
99125,,thunderstorm_wind,4,3,0.3,7,35,,2500,0,0
99127,,flash_flood,109,41,4.1,99,,,255000,1,2
99127,,flood,154,75,7.5,100,,,107200,0,0
99127,,lightning,3,3,0.3,91,,,18000,0,0
99127,,thunderstorm_wind,13,11,1.1,18,40,,167050,0,0
99129,,flash_flood,7,5,0.5,49,,,73500,0,0
99131,,flash_flood,23,7,0.7,62,,,98500,2,0
99131,,flood,22,15,1.5,89,,,18000,1,0
99131,,hail,1,1,0.1,6,0.25,,500,0,0
99131,,lightning,1,1,0.1,66,,,1000,0,0
99131,,thunderstorm_wind,4,4,0.4,9,35,,2750,0,1
99133,,flash_flood,1,1,0.1,11,,,0,0,0
99133,,flood,6,5,0.5,66,,,1100,0,0
99133,,thunderstorm_wind,1,1,0.1,3,30,,1100,0,0
99135,,flash_flood,1,1,0.1,11,,,3000,0,0
99135,,flood,3,3,0.3,50,,,5700,0,0
99135,,hail,1,1,0.1,6,0.25,,500,0,0
99135,,thunderstorm_wind,1,1,0.1,3,35,,1000,0,0
99137,,flash_flood,22,10,1.0,75,,,2500112600,10,0
99137,,flood,14,9,0.9,81,,,47000,0,0
99137,,lightning,1,1,0.1,66,,,5000,0,0
99137,,thunderstorm_wind,5,5,0.5,10,35,,47000,1,1
99139,,flash_flood,3,3,0.3,31,,,5000,0,0
99139,,flood,9,8,0.8,78,,,4500,0,0
99139,,thunderstorm_wind,2,2,0.2,5,35,,9500,0,0
99139,,tornado,1,1,0.1,22,,EF0,0,0,0
99141,,flash_flood,13,10,1.0,75,,,750285000,3,0
99141,,flood,9,8,0.8,78,,,7200,0,0
99141,,hail,2,2,0.2,11,0.5,,500,0,0
99141,,lightning,1,1,0.1,66,,,0,0,1
99141,,thunderstorm_wind,6,5,0.5,10,35,,8700,0,0
99143,,flash_flood,15,13,1.3,84,,,750038100,1,0
99143,,flood,16,13,1.3,87,,,7400,0,0
99143,,thunderstorm_wind,2,2,0.2,5,35,,2500,0,0
99145,,flash_flood,17,6,0.6,57,,,121600,0,0
99145,,flood,12,9,0.9,81,,,25000,0,0
99145,,lightning,1,1,0.1,66,,,0,0,0
99145,,thunderstorm_wind,3,3,0.3,7,40,,16500,0,0
99147,,flash_flood,2,1,0.1,11,,,0,0,0
99147,,thunderstorm_wind,1,1,0.1,3,30,,3000,0,0
99149,,lightning,2,2,0.2,85,,,0,1,1
99149,,thunderstorm_wind,2,1,0.1,3,40,,0,0,0
99151,,flash_flood,12,8,0.8,68,,,76100,1,0
99151,,flood,4,4,0.4,59,,,400,0,0
99151,,thunderstorm_wind,2,2,0.2,5,38,,1100,0,0
99153,,flash_flood,17,7,0.7,62,,,97500,1,1
99153,,flood,13,11,1.1,85,,,9600,0,0
99153,,thunderstorm_wind,2,2,0.2,5,43,,3500,0,0
