county_fips,state,claims_all_years,claims_since_2016,paid_all_years_usd,paid_since_2016_usd,years_with_claims,share_in_high_risk_zone,worst_year,worst_year_claims,national_percentile
01001,AL,77,13,1368206.0,192327.0,20,62.0,1990,17,51.0
01003,AL,19745,3380,652456115.0,124778699.0,47,87.0,2004,5411,99.0
01005,AL,34,3,694851.0,16798.0,8,62.0,1990,19,37.0
01007,AL,12,3,32985.0,86.0,11,83.0,1985,2,22.0
01009,AL,27,5,813740.0,55327.0,18,67.0,2015,4,33.0
01011,AL,3,0,62115.0,0.0,2,0.0,2009,2,8.0
01013,AL,3,0,9900.0,0.0,2,67.0,1979,2,8.0
01015,AL,129,24,706258.0,274246.0,38,67.0,1979,16,60.0
01017,AL,24,7,921468.0,68843.0,9,46.0,2003,9,31.0
01019,AL,27,15,386576.0,216388.0,14,70.0,2019,11,33.0
01021,AL,10,2,78492.0,36267.0,7,20.0,1990,4,19.0
01023,AL,53,5,562809.0,119243.0,19,51.0,1980,8,44.0
01025,AL,31,10,894585.0,586841.0,10,65.0,2018,10,36.0
01027,AL,1,0,0.0,0.0,1,100.0,1985,1,2.0
01031,AL,590,6,17678787.0,43436.0,27,31.0,1998,334,85.0
01033,AL,143,37,1919354.0,840298.0,33,71.0,1991,20,62.0
01035,AL,3,0,62490.0,0.0,2,67.0,1979,2,8.0
01037,AL,10,1,186064.0,0.0,8,20.0,2015,2,19.0
01039,AL,37,2,396563.0,0.0,7,81.0,1998,27,38.0
01041,AL,2,0,0.0,0.0,2,100.0,1998,1,5.0
01043,AL,30,9,563596.0,180399.0,11,63.0,2015,8,35.0
01045,AL,144,2,3639021.0,0.0,17,48.0,1994,68,62.0
01047,AL,196,16,1954231.0,154360.0,26,59.0,1990,99,68.0
01049,AL,40,8,1038204.0,395654.0,14,57.0,1995,13,40.0
01051,AL,66,12,1091776.0,434507.0,29,67.0,2009,15,48.0
01053,AL,384,50,13756683.0,2825305.0,29,70.0,1998,126,79.0
01055,AL,129,18,815060.0,153893.0,34,54.0,2004,19,60.0
01059,AL,4,2,52093.0,45012.0,2,100.0,2019,2,10.0
01061,AL,154,7,2777444.0,168763.0,12,59.0,1998,52,63.0
01063,AL,111,29,1067925.0,705214.0,15,60.0,1991,37,57.0
01065,AL,115,14,670842.0,247177.0,22,54.0,1980,19,58.0
01067,AL,19,5,466508.0,295217.0,8,63.0,1998,7,28.0
01069,AL,194,35,4107331.0,656440.0,31,54.0,2009,52,68.0
01071,AL,69,8,664062.0,120141.0,21,58.0,2003,14,49.0
01073,AL,2880,362,47277556.0,11373085.0,48,59.0,2003,311,95.0
01075,AL,14,0,66572.0,0.0,6,21.0,1983,6,23.0
01077,AL,141,17,1400360.0,331484.0,29,74.0,2003,27,62.0
01079,AL,46,12,792486.0,235824.0,16,61.0,2015,7,42.0
01081,AL,61,16,501287.0,317208.0,24,46.0,1981,9,47.0
01083,AL,59,7,670826.0,226034.0,23,25.0,2003,11,46.0
01085,AL,11,2,126452.0,5282.0,6,64.0,1990,6,20.0
01087,AL,5,3,55962.0,31549.0,5,20.0,2021,1,11.0
01089,AL,778,137,11359124.0,3295043.0,45,60.0,1999,226,87.0
01091,AL,40,7,186508.0,58945.0,15,68.0,1991,12,40.0
01093,AL,11,0,169535.0,0.0,6,18.0,2015,4,20.0
01095,AL,41,14,1033984.0,450711.0,16,24.0,2015,10,40.0
01097,AL,15112,744,362220150.0,12106547.0,49,76.0,2005,3628,99.0
01099,AL,24,1,110938.0,0.0,9,62.0,1990,9,31.0
01101,AL,417,77,6659255.0,1744800.0,45,59.0,2009,89,80.0
01103,AL,200,29,3019338.0,377733.0,36,60.0,2013,26,68.0
01105,AL,2,0,7315.0,0.0,1,50.0,1990,2,5.0
01107,AL,116,32,1152634.0,564649.0,20,88.0,1991,27,58.0
01111,AL,1,1,15829.0,15829.0,1,0.0,2017,1,2.0
01113,AL,60,26,1082934.0,959625.0,21,57.0,2017,11,46.0
01115,AL,96,11,1377595.0,657174.0,29,48.0,2003,16,55.0
01117,AL,797,195,19194692.0,10335148.0,37,61.0,2021,153,87.0
01119,AL,17,5,257159.0,123517.0,9,82.0,2019,3,26.0
01121,AL,107,28,2092570.0,1067748.0,27,60.0,2013,13,57.0
01123,AL,6,1,57533.0,21233.0,6,33.0,2008,1,13.0
01125,AL,298,77,3396931.0,1690805.0,39,60.0,2021,43,75.0
01127,AL,64,11,678254.0,243031.0,16,61.0,2009,16,48.0
01129,AL,15,4,114716.0,9441.0,8,87.0,2004,3,24.0
01131,AL,21,0,124097.0,0.0,10,52.0,1990,11,29.0
01133,AL,11,7,129638.0,84638.0,5,64.0,2021,7,20.0
02020,AK,80,12,267896.0,12431.0,32,42.0,2012,10,52.0
02050,AK,45,4,305527.0,7895.0,15,71.0,1991,8,42.0
02090,AK,244,31,2518165.0,509856.0,38,70.0,2008,47,72.0
02110,AK,101,73,4938391.0,4557045.0,21,30.0,2024,34,56.0
02122,AK,82,9,693523.0,107379.0,17,56.0,2012,23,52.0
02130,AK,11,3,129452.0,7916.0,6,55.0,2015,4,20.0
02170,AK,87,10,2150651.0,545986.0,25,56.0,2012,31,53.0
02180,AK,25,10,1521097.0,896403.0,5,84.0,2022,10,32.0
02185,AK,1,0,55782.0,0.0,1,100.0,2013,1,2.0
02188,AK,11,9,97392.0,93767.0,4,73.0,2024,5,20.0
02220,AK,6,1,20130.0,0.0,4,67.0,2009,2,13.0
02261,AK,8,0,68030.0,0.0,5,62.0,2006,4,16.0
02270,AK,2,0,13411.0,0.0,2,50.0,2010,1,5.0
02280,AK,1,1,0.0,0.0,1,100.0,2020,1,2.0
02290,AK,72,1,3341499.0,0.0,8,90.0,2013,33,50.0
04001,AZ,10,3,18328.0,8485.0,10,40.0,1999,1,19.0
04003,AZ,114,14,623266.0,124441.0,33,61.0,1999,10,58.0
04005,AZ,295,99,5240715.0,2017467.0,33,53.0,1993,41,75.0
04007,AZ,154,33,3486832.0,1240469.0,20,67.0,1993,35,63.0
04009,AZ,42,11,351289.0,218097.0,17,21.0,1978,12,41.0
04011,AZ,142,1,2156926.0,13190.0,13,9.0,1983,74,62.0
04012,AZ,112,2,1052057.0,53515.0,21,15.0,1983,71,58.0
04013,AZ,2630,278,26117738.0,5914716.0,48,45.0,1978,317,95.0
04015,AZ,162,16,1846243.0,609755.0,36,60.0,1983,43,64.0
04017,AZ,106,12,971193.0,126009.0,29,35.0,1978,37,56.0
04019,AZ,583,106,7871477.0,1645855.0,47,57.0,1983,77,84.0
04021,AZ,150,34,3463067.0,1946354.0,38,38.0,1983,18,63.0
04023,AZ,161,16,1286258.0,47446.0,32,70.0,1983,40,64.0
04025,AZ,466,128,6238832.0,2932018.0,38,61.0,1993,80,82.0
04027,AZ,123,8,1048823.0,221780.0,21,80.0,1993,54,59.0
05001,AR,89,26,1433472.0,492014.0,20,82.0,2011,24,53.0
05003,AR,61,23,824798.0,600693.0,20,66.0,2016,13,47.0
05005,AR,115,12,2813610.0,175860.0,16,83.0,2008,65,58.0
05007,AR,336,160,9172667.0,6192986.0,37,63.0,2017,57,77.0
05009,AR,35,6,484500.0,269865.0,12,80.0,2011,13,37.0
05011,AR,59,15,1414531.0,949544.0,15,81.0,2009,20,46.0
05013,AR,9,1,148394.0,17963.0,4,44.0,2013,3,18.0
05015,AR,7,5,9023.0,3087.0,2,86.0,2022,5,15.0
05017,AR,153,44,4105769.0,1108706.0,27,29.0,2011,45,63.0
05019,AR,32,10,890988.0,450953.0,10,78.0,2009,9,36.0
05021,AR,180,56,3808884.0,1787246.0,24,85.0,2017,35,66.0
05023,AR,37,19,1226323.0,779165.0,12,89.0,2017,11,38.0
05025,AR,4,0,58297.0,0.0,4,100.0,1984,1,10.0
05027,AR,14,0,89566.0,0.0,12,21.0,1991,2,23.0
05029,AR,27,9,279413.0,113994.0,10,89.0,2003,9,33.0
05031,AR,409,105,7923223.0,4150927.0,37,72.0,2016,73,80.0
05033,AR,71,19,1544277.0,843322.0,21,70.0,2015,19,50.0
05035,AR,885,57,12790452.0,3252837.0,36,68.0,1987,215,88.0
05037,AR,61,4,2245755.0,595487.0,19,64.0,2003,16,47.0
05039,AR,1,0,7084.0,0.0,1,0.0,2003,1,2.0
05041,AR,206,77,3564589.0,2265557.0,29,74.0,1994,31,68.0
05043,AR,40,8,655368.0,234888.0,11,70.0,2009,14,40.0
05045,AR,321,122,7652867.0,4647048.0,34,74.0,2011,93,76.0
05047,AR,48,5,716057.0,65295.0,15,31.0,2004,12,43.0
05049,AR,61,22,1660667.0,929222.0,9,41.0,2008,19,47.0
05051,AR,270,41,4304382.0,662606.0,36,66.0,2008,35,73.0
05053,AR,16,6,145456.0,91043.0,7,69.0,2009,6,25.0
05055,AR,235,22,1046727.0,214310.0,35,80.0,1990,78,71.0
05057,AR,9,5,617724.0,72657.0,5,56.0,2015,4,18.0
05059,AR,20,4,294207.0,196079.0,11,65.0,1997,3,29.0
05061,AR,26,3,162079.0,30358.0,13,58.0,1998,4,32.0
05063,AR,187,8,2280784.0,196531.0,19,82.0,2008,68,67.0
05065,AR,71,6,2409286.0,240039.0,10,77.0,2008,38,50.0
05067,AR,174,33,3082985.0,941946.0,27,75.0,1982,30,65.0
05069,AR,596,141,13807719.0,6873193.0,43,80.0,2019,84,85.0
05071,AR,6,1,34108.0,7668.0,5,17.0,2015,2,13.0
05073,AR,5,1,101875.0,0.0,5,100.0,2023,1,11.0
05075,AR,48,16,886756.0,494408.0,15,69.0,2011,18,43.0
05077,AR,59,31,1281809.0,1027247.0,17,41.0,2022,12,46.0
05079,AR,29,9,700965.0,544053.0,14,76.0,2011,5,34.0
05081,AR,3,0,81504.0,0.0,2,0.0,2009,2,8.0
05083,AR,7,0,78179.0,0.0,5,57.0,2009,3,15.0
05085,AR,89,14,1302307.0,329020.0,19,51.0,2009,32,53.0
05087,AR,7,0,112499.0,0.0,3,57.0,2011,5,15.0
05089,AR,9,5,1112379.0,1008053.0,5,78.0,2024,5,18.0
05091,AR,140,35,2715013.0,1583595.0,28,66.0,1998,52,61.0
05093,AR,91,23,2152771.0,780616.0,27,38.0,1997,26,54.0
05095,AR,170,18,3807109.0,132207.0,21,85.0,2011,79,65.0
05097,AR,57,6,1425219.0,126428.0,11,33.0,2010,34,45.0
05099,AR,1,0,5209.0,0.0,1,0.0,2010,1,2.0
05101,AR,7,1,119094.0,15480.0,7,100.0,2017,1,15.0
05103,AR,91,15,1520443.0,434095.0,16,71.0,2009,21,54.0
05105,AR,30,15,1132336.0,875480.0,5,87.0,2019,14,35.0
05107,AR,456,32,3712611.0,811859.0,39,62.0,1980,77,82.0
05109,AR,10,0,377039.0,0.0,6,30.0,2010,4,19.0
05111,AR,68,21,1685917.0,807998.0,22,32.0,2013,9,49.0
05113,AR,23,4,191764.0,11641.0,11,57.0,2013,8,30.0
05115,AR,64,9,969986.0,159115.0,22,36.0,1998,11,48.0
05117,AR,87,25,2702337.0,478495.0,9,91.0,2011,46,53.0
05119,AR,1719,362,30183027.0,12520543.0,47,64.0,2009,220,93.0
05121,AR,234,117,9497478.0,6850717.0,18,67.0,2017,98,71.0
05123,AR,27,2,446887.0,2863.0,15,52.0,2014,5,33.0
05125,AR,275,70,7645051.0,4082257.0,34,57.0,2009,43,73.0
05127,AR,10,2,1019487.0,499263.0,8,10.0,1990,2,19.0
05131,AR,421,137,18962386.0,13772642.0,44,63.0,2019,89,80.0
05133,AR,19,5,773771.0,166730.0,11,84.0,2015,7,28.0
05135,AR,113,25,3511203.0,1693314.0,11,68.0,2008,53,58.0
05137,AR,8,0,196684.0,0.0,3,12.0,2008,5,16.0
05139,AR,137,17,2068853.0,840790.0,30,54.0,1991,31,61.0
05141,AR,18,1,588002.0,5377.0,8,22.0,1982,5,27.0
05143,AR,434,187,13576782.0,8137089.0,29,61.0,2011,105,81.0
05145,AR,134,22,2959198.0,760247.0,19,70.0,2011,34,61.0
05147,AR,72,22,1588266.0,512563.0,13,88.0,2011,17,50.0
05149,AR,12,2,147131.0,82594.0,7,58.0,1998,3,22.0
06001,CA,568,123,4481523.0,2266817.0,47,31.0,1998,103,84.0
06003,CA,5,2,45997.0,12484.0,2,0.0,1998,3,11.0
06005,CA,78,21,1510668.0,1003068.0,15,64.0,1997,22,51.0
06007,CA,335,71,7200790.0,2647941.0,26,65.0,1998,59,77.0
06009,CA,74,34,2253391.0,1426848.0,17,61.0,2006,15,50.0
06011,CA,160,25,2950769.0,878676.0,13,29.0,1998,61,64.0
06013,CA,1202,178,12846533.0,5582010.0,47,52.0,1982,141,90.0
06015,CA,37,4,454598.0,11297.0,17,73.0,1997,7,38.0
06017,CA,207,64,4033345.0,2166815.0,29,41.0,1997,40,69.0
06019,CA,278,23,2231106.0,406022.0,39,44.0,1995,68,73.0
06021,CA,195,20,2421497.0,775485.0,19,77.0,1998,96,68.0
06023,CA,201,20,3112255.0,885806.0,35,70.0,1995,42,68.0
06025,CA,103,2,560324.0,34256.0,15,30.0,1983,25,56.0
06027,CA,4,0,11669.0,0.0,4,0.0,2012,1,10.0
06029,CA,280,69,1515473.0,481549.0,43,56.0,1998,76,73.0
06031,CA,10,6,150801.0,140701.0,6,50.0,2023,3,19.0
06033,CA,1432,171,14096160.0,2573749.0,36,85.0,1998,477,91.0
06035,CA,52,22,1045614.0,882024.0,7,87.0,2017,22,44.0
06037,CA,9101,888,72392458.0,16587383.0,49,27.0,1998,1399,98.0
06039,CA,63,15,698721.0,395345.0,26,54.0,2017,6,48.0
06041,CA,3301,269,53962592.0,7557949.0,49,62.0,1982,626,96.0
06045,CA,183,15,4701033.0,604790.0,23,77.0,2005,89,66.0
06047,CA,499,242,14514377.0,10260877.0,33,96.0,2023,203,83.0
06051,CA,46,4,404734.0,46060.0,10,37.0,1997,16,42.0
06053,CA,1492,252,42136084.0,15803460.0,35,77.0,1995,704,92.0
06055,CA,1361,29,29784713.0,405663.0,33,85.0,1995,446,91.0
06057,CA,63,20,1145373.0,552393.0,19,56.0,2017,15,48.0
06059,CA,3830,218,21104126.0,2942414.0,48,51.0,1995,621,96.0
06061,CA,627,32,16092150.0,693404.0,38,47.0,1995,297,85.0
06063,CA,57,16,1132329.0,419854.0,12,79.0,1997,18,45.0
06065,CA,1635,194,21201067.0,5738851.0,48,27.0,1980,340,92.0
06067,CA,3863,417,38723792.0,6379247.0,49,75.0,1995,1340,96.0
06069,CA,129,78,3808156.0,3160773.0,10,80.0,2017,39,60.0
06071,CA,864,121,10222752.0,4015879.0,47,44.0,1980,110,88.0
06073,CA,2442,661,48067690.0,32370640.0,47,34.0,1980,257,95.0
06075,CA,147,18,2662809.0,842241.0,16,63.0,1982,45,63.0
06077,CA,421,109,8159473.0,2800048.0,38,47.0,1997,80,80.0
06079,CA,613,138,8596191.0,4223497.0,35,49.0,1995,159,85.0
06081,CA,1110,240,20111765.0,10293433.0,47,48.0,1998,236,90.0
06083,CA,1309,405,31356454.0,23468763.0,42,49.0,1995,339,91.0
06085,CA,1630,260,24548736.0,8588018.0,46,75.0,1998,536,92.0
06087,CA,1633,397,24752862.0,13494997.0,45,53.0,1998,292,92.0
06089,CA,256,70,4505708.0,2861002.0,30,61.0,1997,40,72.0
06091,CA,26,7,592282.0,117932.0,5,96.0,1997,8,32.0
06093,CA,67,1,469534.0,5808.0,13,66.0,1997,28,49.0
06095,CA,594,67,10955023.0,1706931.0,40,54.0,2005,94,85.0
06097,CA,7402,973,131759077.0,33173071.0,46,84.0,1995,1731,98.0
06099,CA,242,26,4678560.0,337281.0,23,62.0,1998,73,71.0
06101,CA,199,42,3046665.0,504293.0,21,38.0,1998,37,68.0
06103,CA,428,39,5573240.0,1752307.0,32,62.0,1983,86,80.0
06105,CA,23,1,72552.0,19628.0,7,43.0,1996,10,30.0
06107,CA,365,130,4317459.0,3250786.0,40,71.0,2023,107,78.0
06109,CA,20,11,308820.0,267444.0,10,10.0,2023,9,29.0
06111,CA,1331,173,15950330.0,3260967.0,46,38.0,1998,237,91.0
06113,CA,340,41,3304084.0,626864.0,27,73.0,1995,132,77.0
06115,CA,319,26,8325024.0,350580.0,25,36.0,1997,129,76.0
08001,CO,154,20,597614.0,112982.0,35,36.0,1984,17,63.0
08003,CO,18,1,4195.0,0.0,11,56.0,1979,7,27.0
08005,CO,204,56,1036856.0,197311.0,39,21.0,2013,36,68.0
08007,CO,10,7,122741.0,122589.0,5,90.0,2025,5,19.0
08013,CO,1783,54,49585537.0,558962.0,40,50.0,2013,1520,93.0
08014,CO,20,5,178936.0,154511.0,15,10.0,2015,3,29.0
08015,CO,7,1,307142.0,0.0,5,43.0,1995,2,15.0
08019,CO,29,2,42939.0,6656.0,18,52.0,2013,5,34.0
08021,CO,5,1,0.0,0.0,4,40.0,2001,2,11.0
08023,CO,3,1,10317.0,0.0,3,33.0,2021,1,8.0
08025,CO,1,0,0.0,0.0,1,0.0,2011,1,2.0
08027,CO,1,0,769.0,0.0,1,100.0,1997,1,2.0
08029,CO,19,1,86062.0,0.0,10,21.0,1984,5,28.0
08031,CO,242,41,719425.0,76206.0,44,19.0,2015,47,71.0
08035,CO,70,20,661330.0,144040.0,20,9.0,2015,11,49.0
08037,CO,35,8,269526.0,91538.0,11,31.0,1984,9,37.0
08039,CO,2,0,0.0,0.0,2,0.0,2015,1,5.0
08041,CO,856,119,5973678.0,456047.0,47,38.0,2013,207,88.0
08043,CO,72,5,343587.0,173954.0,20,46.0,1996,23,50.0
08045,CO,30,5,93717.0,16713.0,14,40.0,1981,7,35.0
08047,CO,4,0,1462.0,0.0,3,50.0,1995,2,10.0
08049,CO,7,1,46179.0,0.0,6,43.0,1998,2,15.0
08051,CO,40,1,86884.0,0.0,14,30.0,1984,11,40.0
08053,CO,1,0,0.0,0.0,1,100.0,1999,1,2.0
08055,CO,5,1,1116.0,0.0,5,40.0,1982,1,11.0
08059,CO,477,51,2541032.0,466554.0,46,45.0,2013,63,82.0
08065,CO,1,0,2582.0,0.0,1,100.0,2011,1,2.0
08067,CO,67,30,1258832.0,772448.0,20,42.0,2025,20,49.0
08069,CO,547,23,15042858.0,370040.0,38,54.0,2013,293,84.0
08071,CO,4,1,10992.0,0.0,3,50.0,1998,2,10.0
08073,CO,6,1,4362.0,0.0,4,67.0,1999,2,13.0
08075,CO,74,1,846931.0,5436.0,15,64.0,1997,24,50.0
08077,CO,61,3,292673.0,11413.0,19,49.0,1983,23,47.0
08083,CO,19,13,19603.0,745.0,7,74.0,2019,10,28.0
08085,CO,6,2,60127.0,35999.0,6,50.0,2013,1,13.0
08087,CO,42,2,432575.0,0.0,16,60.0,2013,7,41.0
08089,CO,139,7,1699849.0,16792.0,15,94.0,1999,104,61.0
08091,CO,6,0,33726.0,0.0,2,0.0,1982,5,13.0
08093,CO,3,0,343.0,0.0,3,33.0,2009,1,8.0
08095,CO,2,0,7402.0,0.0,2,50.0,2007,1,5.0
08097,CO,31,2,235562.0,2573.0,14,23.0,1995,9,36.0
08099,CO,25,0,29726.0,0.0,10,32.0,1979,10,32.0
08101,CO,99,14,332050.0,33450.0,29,28.0,1980,13,55.0
08103,CO,9,0,31031.0,0.0,8,56.0,1983,2,18.0
08105,CO,11,3,14318.0,10287.0,7,36.0,2019,3,20.0
08107,CO,36,2,414729.0,0.0,15,56.0,2011,11,38.0
08109,CO,2,1,5442.0,0.0,2,50.0,2025,1,5.0
08111,CO,1,0,1144.0,0.0,1,0.0,1980,1,2.0
08113,CO,18,2,132604.0,17002.0,9,50.0,2007,6,27.0
08117,CO,30,5,20324.0,4585.0,15,27.0,1995,7,35.0
08119,CO,10,1,12025.0,0.0,9,30.0,2004,2,19.0
08123,CO,194,15,5505478.0,140874.0,34,65.0,2013,104,68.0
08125,CO,5,2,139805.0,136507.0,4,20.0,2020,2,11.0
09001,CT,12618,1232,280216730.0,35876850.0,48,76.0,2012,3225,99.0
09003,CT,1917,168,15212633.0,1972668.0,49,56.0,2011,291,93.0
09005,CT,479,33,7131946.0,1228567.0,38,55.0,2011,131,82.0
09007,CT,2242,125,37526704.0,2162899.0,47,75.0,2012,570,94.0
09009,CT,9596,327,167812350.0,7959991.0,49,75.0,2011,1861,98.0
09011,CT,2155,100,30905267.0,1977478.0,47,69.0,2012,678,94.0
09013,CT,167,18,1792425.0,245928.0,31,48.0,2005,35,65.0
09015,CT,74,15,1832623.0,548324.0,22,49.0,2005,16,50.0
10001,DE,375,53,3456412.0,677818.0,38,81.0,2008,64,79.0
10003,DE,1571,225,49757810.0,9998868.0,47,67.0,2003,263,92.0
10005,DE,4307,321,35461088.0,2708423.0,49,90.0,2012,1486,96.0
11001,DC,494,223,5536285.0,2031728.0,39,14.0,2020,63,83.0
12001,FL,308,142,8779311.0,6389380.0,40,53.0,2017,88,75.0
12003,FL,95,25,2768806.0,1043825.0,12,75.0,2012,24,55.0
12005,FL,9002,2831,336557991.0,143646109.0,49,46.0,1995,3026,98.0
12007,FL,184,99,4198844.0,3361315.0,25,70.0,2017,89,66.0
12009,FL,5685,1509,68824606.0,33276642.0,49,39.0,2008,1362,97.0
12011,FL,35037,8541,458074338.0,349667202.0,49,87.0,1999,6520,100.0
12013,FL,142,9,2069984.0,66921.0,19,78.0,1998,53,62.0
12015,FL,11690,8924,472822801.0,460969741.0,49,96.0,2024,6242,99.0
12017,FL,7075,3917,381730536.0,320650486.0,45,98.0,2024,1779,98.0
12019,FL,1744,916,75371829.0,63945263.0,42,70.0,2017,793,93.0
12021,FL,14761,12696,1126969918.0,1113134096.0,48,93.0,2022,7895,99.0
12023,FL,338,63,7504370.0,1318585.0,30,64.0,2012,89,77.0
12027,FL,453,232,16976998.0,14423114.0,26,82.0,2022,150,81.0
12029,FL,916,337,21373364.0,14714779.0,29,95.0,1996,215,88.0
12031,FL,6060,3087,214354916.0,176113664.0,48,49.0,2017,2050,97.0
12033,FL,16497,2742,723181954.0,105191987.0,48,76.0,2004,4992,99.0
12035,FL,2153,1751,78126022.0,76114066.0,37,67.0,2017,754,94.0
12037,FL,2866,927,45959050.0,20420178.0,36,97.0,2018,820,95.0
12039,FL,39,4,323953.0,121509.0,17,33.0,1994,6,39.0
12041,FL,214,22,2243700.0,247824.0,24,79.0,1998,62,69.0
12043,FL,56,8,393826.0,103535.0,16,82.0,2008,15,45.0
12045,FL,1717,1010,93887426.0,82299018.0,32,74.0,2018,971,93.0
12047,FL,116,2,1613643.0,2747.0,16,61.0,1998,21,58.0
12049,FL,129,78,6132227.0,5455814.0,20,55.0,2022,54,60.0
12051,FL,132,34,741700.0,297467.0,26,71.0,2005,49,61.0
12053,FL,3243,1678,137367371.0,107121988.0,41,92.0,2024,1057,96.0
12055,FL,202,113,2595687.0,1926462.0,25,57.0,2017,69,68.0
12057,FL,18548,11552,1177057318.0,1110081507.0,49,86.0,2024,10268,99.0
12059,FL,165,20,2834939.0,919408.0,15,79.0,1998,60,65.0
12061,FL,3349,353,66131955.0,11311860.0,46,60.0,2004,2226,96.0
12063,FL,72,25,847343.0,376575.0,22,54.0,2018,15,50.0
12065,FL,18,2,87982.0,0.0,13,83.0,2010,2,27.0
12067,FL,207,3,2483437.0,21912.0,20,72.0,1998,49,69.0
12069,FL,469,286,7259960.0,5941319.0,36,70.0,2017,108,82.0
12071,FL,48455,39225,3950592461.0,3875755908.0,49,95.0,2022,28853,100.0
12073,FL,1015,89,11840943.0,1779263.0,41,60.0,1994,181,89.0
12075,FL,1314,657,54904705.0,46687305.0,33,97.0,2024,312,91.0
12077,FL,9,1,131633.0,0.0,6,67.0,1994,3,18.0
12079,FL,84,4,1471553.0,89026.0,13,83.0,2009,25,52.0
12081,FL,11383,7282,646824545.0,620114365.0,48,92.0,2024,6127,98.0
12083,FL,248,104,5977027.0,4834742.0,38,49.0,2017,64,72.0
12085,FL,2629,262,40243725.0,4528920.0,48,59.0,2004,1069,95.0
12086,FL,62015,7801,855042401.0,259105637.0,49,90.0,1999,13393,100.0
12087,FL,27423,8926,708877288.0,321544332.0,49,98.0,2005,9186,100.0
12089,FL,845,359,12648954.0,9022663.0,42,52.0,2017,178,88.0
12091,FL,8221,445,282147615.0,12624423.0,46,57.0,1995,2949,98.0
12093,FL,295,28,1921426.0,241019.0,22,73.0,2004,112,75.0
12095,FL,2270,1331,73140494.0,69061071.0,49,57.0,2022,909,94.0
12097,FL,1031,653,25104942.0,23996001.0,40,72.0,2022,397,89.0
12099,FL,10754,1171,72026325.0,16782097.0,49,48.0,2004,1926,98.0
12101,FL,14537,6553,691246116.0,571214614.0,49,92.0,2024,4919,99.0
12103,FL,51759,30493,3732054975.0,3551992874.0,49,94.0,2024,26360,100.0
12105,FL,1666,851,45629128.0,37329482.0,46,61.0,2004,418,92.0
12107,FL,621,414,10645265.0,8835362.0,30,84.0,2017,188,85.0
12109,FL,7637,6370,250219477.0,242215474.0,47,84.0,2016,3456,98.0
12111,FL,3988,377,84406652.0,12363874.0,48,74.0,2004,2440,96.0
12113,FL,10437,1448,519732343.0,35095754.0,47,77.0,2004,4274,98.0
12115,FL,14410,9720,853655681.0,819459247.0,49,87.0,2024,7844,99.0
12117,FL,1560,955,54269735.0,49076648.0,46,59.0,2022,614,92.0
12119,FL,123,62,1454022.0,879088.0,25,50.0,2024,36,59.0
12121,FL,364,62,8292677.0,3070980.0,25,62.0,2012,74,78.0
12123,FL,693,415,37351112.0,33348315.0,26,96.0,2024,194,86.0
12125,FL,31,7,499791.0,185190.0,8,71.0,1998,9,36.0
12127,FL,12571,8555,581719710.0,530555669.0,49,63.0,2022,4067,99.0
12129,FL,1553,316,33307013.0,10377381.0,27,97.0,2005,477,92.0
12131,FL,3174,294,68412524.0,6030590.0,42,41.0,1995,953,96.0
12133,FL,184,39,4555706.0,2670888.0,18,78.0,1994,57,66.0
13001,GA,28,12,561106.0,355863.0,12,54.0,2023,6,34.0
13003,GA,2,0,1640.0,0.0,2,0.0,1980,1,5.0
13005,GA,1,1,0.0,0.0,1,100.0,2024,1,2.0
13007,GA,40,9,642095.0,212573.0,13,82.0,1998,15,40.0
13009,GA,7,1,85159.0,4223.0,7,14.0,2021,1,15.0
13011,GA,2,1,53458.0,53458.0,2,50.0,2020,1,5.0
13013,GA,11,4,345711.0,218139.0,8,9.0,2003,3,20.0
13015,GA,49,20,906851.0,414775.0,17,45.0,2025,10,43.0
13017,GA,22,2,179440.0,20451.0,12,41.0,1998,4,30.0
13019,GA,8,5,155897.0,83213.0,5,62.0,2024,3,16.0
13021,GA,154,55,3846944.0,1688306.0,33,37.0,1994,33,63.0
13023,GA,1,1,6203.0,6203.0,1,0.0,2020,1,2.0
13025,GA,23,4,425656.0,43418.0,4,100.0,2009,18,30.0
13027,GA,16,6,443162.0,228443.0,9,56.0,2013,4,25.0
13029,GA,283,189,5739009.0,5503940.0,35,70.0,2024,81,74.0
13031,GA,183,96,4859655.0,4217060.0,26,78.0,2024,75,66.0
13033,GA,2,2,61825.0,61825.0,2,50.0,2021,1,5.0
13035,GA,47,25,1594876.0,1220507.0,10,64.0,2024,19,43.0
13037,GA,5,0,100706.0,0.0,4,80.0,1998,2,11.0
13039,GA,345,217,6274989.0,4989523.0,27,55.0,2017,153,77.0
13043,GA,6,5,124028.0,120490.0,3,83.0,2024,4,13.0
13045,GA,60,9,5488660.0,695705.0,20,48.0,2009,20,46.0
13047,GA,319,74,5406381.0,1678643.0,27,70.0,2009,84,76.0
13049,GA,39,7,1131312.0,372249.0,10,69.0,2012,13,39.0
13051,GA,5462,2095,82025958.0,46362638.0,49,64.0,1999,1163,97.0
13053,GA,2,0,2420.0,0.0,1,0.0,1979,2,5.0
13055,GA,52,6,1686962.0,173574.0,7,79.0,2009,35,44.0
13057,GA,73,16,5597697.0,78554.0,19,34.0,2009,39,50.0
13059,GA,38,14,203003.0,106447.0,21,53.0,1998,5,39.0
13063,GA,286,73,3286519.0,1850438.0,40,59.0,2005,33,74.0
13065,GA,5,2,1100.0,1100.0,5,100.0,2016,1,11.0
13067,GA,2029,333,66164962.0,9591683.0,49,62.0,2009,723,94.0
13069,GA,41,16,721094.0,233979.0,13,56.0,2009,10,40.0
13071,GA,64,10,1288318.0,219255.0,24,58.0,2005,15,48.0
13073,GA,158,89,2083550.0,1677535.0,27,50.0,2024,36,64.0
13075,GA,9,3,150042.0,14951.0,6,89.0,2009,3,18.0
13077,GA,38,11,461496.0,130970.0,19,16.0,2005,5,39.0
13081,GA,70,45,2166802.0,2108675.0,16,70.0,2020,22,49.0
13083,GA,9,2,108696.0,0.0,7,33.0,1995,3,18.0
13085,GA,3,0,4141.0,0.0,2,100.0,2004,2,8.0
13087,GA,204,8,4789204.0,63109.0,18,74.0,1994,101,68.0
13089,GA,1998,334,29190689.0,5285474.0,47,59.0,2009,468,94.0
13091,GA,1,1,0.0,0.0,1,0.0,2017,1,2.0
13093,GA,19,7,293142.0,112329.0,7,95.0,2015,5,28.0
13095,GA,1255,71,28390738.0,1363095.0,40,87.0,1994,540,91.0
13097,GA,215,19,6995969.0,114361.0,31,45.0,2009,91,69.0
13099,GA,40,7,902055.0,268109.0,14,82.0,2015,10,40.0
13101,GA,1,1,50711.0,50711.0,1,0.0,2024,1,2.0
13103,GA,77,49,1123095.0,947961.0,19,60.0,2024,32,51.0
13105,GA,5,0,13732.0,0.0,4,0.0,1983,2,11.0
13107,GA,6,3,4777.0,2091.0,5,67.0,2024,2,13.0
13109,GA,7,6,260918.0,249587.0,2,71.0,2024,6,15.0
13111,GA,87,28,850397.0,344315.0,15,80.0,2015,28,53.0
13113,GA,162,50,1882423.0,665046.0,29,43.0,2005,32,64.0
13115,GA,382,27,3369964.0,511868.0,38,52.0,1979,107,79.0
13117,GA,66,27,928252.0,617604.0,19,21.0,2013,14,48.0
13119,GA,1,0,12218.0,0.0,1,0.0,2015,1,2.0
13121,GA,3092,632,94878844.0,25877410.0,49,58.0,2009,672,95.0
13123,GA,197,18,5191340.0,157907.0,16,71.0,2004,62,68.0
13127,GA,1995,1321,43249533.0,38303125.0,47,79.0,2017,884,93.0
13129,GA,41,16,1763132.0,1329222.0,17,56.0,2021,6,40.0
13131,GA,13,1,167999.0,2112.0,9,38.0,1998,2,23.0
13133,GA,2,2,5839.0,5839.0,2,0.0,2023,1,5.0
13135,GA,487,99,10342651.0,1836449.0,42,49.0,2009,213,83.0
13137,GA,22,16,1717215.0,1686915.0,8,68.0,2020,14,30.0
13139,GA,46,13,733454.0,605188.0,16,20.0,2013,13,42.0
13143,GA,1,0,40300.0,0.0,1,100.0,2009,1,2.0
13145,GA,11,3,118019.0,114931.0,6,64.0,2015,4,20.0
13147,GA,1,0,0.0,0.0,1,0.0,2009,1,2.0
13149,GA,3,0,3101.0,0.0,2,100.0,1985,2,8.0
13151,GA,76,42,1149633.0,873427.0,23,29.0,2024,16,51.0
13153,GA,161,33,1913069.0,413624.0,28,68.0,1994,74,64.0
13155,GA,1,1,1432.0,1432.0,1,100.0,2017,1,2.0
13157,GA,7,3,65723.0,16653.0,4,14.0,2004,3,15.0
13159,GA,9,3,128417.0,55016.0,5,56.0,2015,3,18.0
13161,GA,11,6,48325.0,21369.0,9,36.0,2017,2,20.0
13163,GA,2,1,11443.0,9143.0,2,50.0,2024,1,5.0
13165,GA,10,2,60817.0,2466.0,6,60.0,1998,4,19.0
13167,GA,2,1,36949.0,315.0,2,50.0,2024,1,5.0
13169,GA,10,2,97523.0,58769.0,8,50.0,2023,2,19.0
13171,GA,5,4,195644.0,180106.0,4,80.0,2024,2,11.0
13173,GA,5,5,35844.0,35844.0,4,100.0,2024,2,11.0
13175,GA,49,7,1296201.0,53798.0,11,90.0,1998,25,43.0
13177,GA,700,76,16691642.0,2316943.0,27,68.0,1998,257,86.0
13179,GA,173,125,2899658.0,2744487.0,29,74.0,2017,65,65.0
13183,GA,17,16,382969.0,382969.0,4,71.0,2024,13,26.0
13185,GA,134,61,4950251.0,2478668.0,26,46.0,2024,37,61.0
13187,GA,18,9,212792.0,180717.0,9,94.0,2021,6,27.0
13189,GA,1,1,0.0,0.0,1,0.0,2022,1,2.0
13191,GA,65,52,1045038.0,937152.0,14,80.0,2017,38,48.0
13193,GA,5,0,37710.0,0.0,5,40.0,2012,1,11.0
13195,GA,2,1,1448.0,1448.0,2,50.0,2019,1,5.0
13201,GA,16,2,333766.0,4164.0,7,56.0,2009,5,25.0
13205,GA,100,15,2105074.0,149635.0,25,85.0,1994,22,56.0
13207,GA,61,15,2987476.0,484280.0,14,80.0,1994,25,47.0
13209,GA,32,13,460932.0,265190.0,12,50.0,2020,7,36.0
13211,GA,1,1,0.0,0.0,1,0.0,2018,1,2.0
13213,GA,42,11,611827.0,257355.0,10,17.0,2018,9,41.0
13215,GA,242,45,2329944.0,860076.0,42,50.0,1990,35,71.0
13217,GA,45,16,736254.0,243943.0,18,44.0,2009,7,42.0
13219,GA,4,3,34830.0,30890.0,3,25.0,2024,2,10.0
13223,GA,54,11,887598.0,42799.0,12,37.0,2009,33,45.0
13225,GA,6,4,237379.0,226748.0,5,17.0,2025,2,13.0
13227,GA,14,7,162247.0,67097.0,9,43.0,2019,3,23.0
13229,GA,11,2,344847.0,0.0,7,36.0,2009,4,20.0
13231,GA,4,1,13441.0,12908.0,2,25.0,2015,3,10.0
13233,GA,143,19,981213.0,269006.0,21,53.0,1979,65,62.0
13235,GA,15,3,254324.0,56124.0,8,73.0,1994,4,24.0
13237,GA,5,2,21863.0,19493.0,4,20.0,2009,2,11.0
13239,GA,1,0,335.0,0.0,1,100.0,1987,1,2.0
13241,GA,31,13,401371.0,178260.0,13,77.0,2004,12,36.0
13243,GA,1,1,1035.0,1035.0,1,100.0,2020,1,2.0
13245,GA,571,139,5183537.0,1888703.0,43,62.0,1990,72,84.0
13247,GA,70,16,1499293.0,463587.0,25,36.0,2009,16,49.0
13251,GA,5,5,182290.0,182290.0,3,60.0,2024,3,11.0
13253,GA,80,15,1708017.0,372891.0,18,44.0,2002,20,52.0
13255,GA,24,9,153491.0,81633.0,16,33.0,2019,3,31.0
13257,GA,13,3,101529.0,7441.0,6,46.0,2009,8,23.0
13261,GA,16,5,125655.0,51597.0,8,50.0,2005,5,25.0
13263,GA,6,1,104131.0,13444.0,5,50.0,1994,2,13.0
13267,GA,26,16,398974.0,260220.0,11,73.0,2020,7,32.0
13269,GA,4,2,7004.0,0.0,4,25.0,2023,1,10.0
13271,GA,6,0,91966.0,0.0,4,100.0,1998,2,13.0
13273,GA,6,3,57849.0,48120.0,4,0.0,2018,2,13.0
13275,GA,63,11,2627056.0,783283.0,22,52.0,2012,13,48.0
13277,GA,90,15,3572199.0,100014.0,16,62.0,2012,20,54.0
13279,GA,36,16,458054.0,231310.0,13,92.0,2020,7,38.0
13281,GA,31,17,240889.0,99292.0,10,77.0,2018,8,36.0
13285,GA,76,17,1872294.0,691187.0,19,66.0,2003,23,51.0
13287,GA,1,1,0.0,0.0,1,100.0,2018,1,2.0
13289,GA,1,0,1563.0,0.0,1,0.0,2009,1,2.0
13291,GA,59,25,672401.0,264097.0,12,95.0,2020,15,46.0
13293,GA,26,6,343306.0,115234.0,12,73.0,1994,5,32.0
13295,GA,134,7,3555621.0,915615.0,23,62.0,2009,62,61.0
13297,GA,33,10,285751.0,154413.0,14,42.0,2015,8,37.0
13299,GA,44,14,286599.0,180074.0,19,84.0,2017,6,41.0
13303,GA,14,10,223834.0,213952.0,4,43.0,2020,7,23.0
13305,GA,7,1,56188.0,0.0,4,29.0,2013,3,15.0
13309,GA,10,5,82094.0,32078.0,4,80.0,1998,4,19.0
13311,GA,58,30,693377.0,612918.0,12,83.0,2021,18,46.0
13313,GA,93,19,5185711.0,3778803.0,20,54.0,2003,24,54.0
13321,GA,34,1,480591.0,2233.0,10,41.0,2009,15,37.0
15001,HI,796,81,22370781.0,3777838.0,46,71.0,2011,104,87.0
15003,HI,3045,842,68202545.0,43173659.0,49,65.0,2018,271,95.0
15007,HI,1495,351,47675471.0,12256489.0,45,61.0,1992,729,92.0
15009,HI,812,302,18385348.0,12250161.0,46,72.0,2026,151,87.0
16001,ID,131,53,498925.0,306510.0,35,40.0,2017,37,60.0
16003,ID,4,0,9388.0,0.0,4,0.0,2014,1,10.0
16005,ID,40,6,115008.0,7015.0,15,45.0,2009,8,40.0
16009,ID,34,2,618103.0,5319.0,11,71.0,1996,17,37.0
16011,ID,31,1,99483.0,0.0,12,58.0,1997,17,36.0
16013,ID,309,193,3871533.0,3240205.0,24,58.0,2017,153,75.0
16015,ID,1,1,35645.0,35645.0,1,0.0,2017,1,2.0
16017,ID,40,6,156037.0,11805.0,18,40.0,1997,12,40.0
16019,ID,17,4,39668.0,0.0,15,0.0,2014,2,26.0
16021,ID,3,1,8395.0,0.0,3,67.0,2002,1,8.0
16027,ID,28,7,99929.0,57897.0,10,21.0,1979,13,34.0
16029,ID,1,1,8023.0,8023.0,1,0.0,2017,1,2.0
16031,ID,2,0,63440.0,0.0,1,50.0,2005,2,5.0
16035,ID,8,0,36548.0,0.0,5,62.0,1996,3,16.0
16037,ID,1,0,1902.0,0.0,1,0.0,1997,1,2.0
16039,ID,11,7,108025.0,45670.0,3,91.0,2017,7,20.0
16041,ID,1,0,2525.0,0.0,1,0.0,2006,1,2.0
16043,ID,7,6,90130.0,90130.0,4,0.0,2023,4,15.0
16045,ID,4,1,19220.0,5397.0,4,75.0,2025,1,10.0
16047,ID,6,0,33879.0,0.0,4,33.0,1984,3,13.0
16049,ID,5,2,9891.0,0.0,4,80.0,1996,2,11.0
16051,ID,18,0,115665.0,0.0,8,28.0,1997,9,27.0
16053,ID,1,0,0.0,0.0,1,0.0,1980,1,2.0
16055,ID,91,11,746386.0,105618.0,23,57.0,1997,22,54.0
16057,ID,61,30,734015.0,507936.0,14,74.0,1996,21,47.0
16059,ID,24,5,267102.0,109560.0,13,58.0,2015,3,31.0
16063,ID,5,0,35511.0,0.0,4,100.0,2012,2,11.0
16065,ID,9,0,19923.0,0.0,6,22.0,1979,4,18.0
16067,ID,5,3,187291.0,21554.0,2,40.0,2017,3,11.0
16069,ID,6,0,30562.0,0.0,5,50.0,1984,2,13.0
16071,ID,1,1,0.0,0.0,1,100.0,2018,1,2.0
16075,ID,26,3,246820.0,22213.0,10,42.0,2010,10,32.0
16079,ID,108,2,925518.0,1883.0,15,85.0,1996,36,57.0
16081,ID,4,1,25465.0,14064.0,4,25.0,2023,1,10.0
16083,ID,16,5,24809.0,10384.0,9,50.0,1979,4,25.0
16085,ID,1,0,0.0,0.0,1,0.0,1997,1,2.0
16087,ID,23,8,990654.0,134078.0,7,74.0,1997,9,30.0
17001,IL,374,39,13250226.0,2021066.0,27,78.0,1993,92,79.0
17003,IL,437,42,3006969.0,602415.0,28,53.0,2011,85,81.0
17005,IL,6,5,282175.0,280101.0,3,67.0,2019,4,13.0
17007,IL,46,10,271254.0,94558.0,18,59.0,1999,6,42.0
17009,IL,32,1,378494.0,1623.0,10,62.0,1982,7,36.0
17011,IL,73,4,243930.0,20559.0,20,44.0,2013,19,50.0
17013,IL,1690,102,15671406.0,2137708.0,33,71.0,1993,434,93.0
17015,IL,57,2,746505.0,0.0,17,33.0,2010,18,45.0
17017,IL,167,6,892329.0,36020.0,21,41.0,1982,36,65.0
17019,IL,233,11,2062359.0,186358.0,33,66.0,2008,27,70.0
17021,IL,14,2,197744.0,13114.0,8,36.0,2002,4,23.0
17023,IL,18,4,208531.0,18581.0,8,33.0,2008,6,27.0
17025,IL,4,1,28581.0,7013.0,3,50.0,2015,2,10.0
17027,IL,29,4,610920.0,84559.0,14,79.0,2015,9,34.0
17029,IL,62,17,710406.0,300916.0,17,61.0,1999,17,47.0
17031,IL,15191,988,139032298.0,10728806.0,49,66.0,2008,2048,99.0
17033,IL,26,0,483076.0,0.0,6,62.0,2008,11,32.0
17035,IL,2,0,12611.0,0.0,2,50.0,2000,1,5.0
17037,IL,403,6,4516991.0,44861.0,24,64.0,1996,89,80.0
17039,IL,59,0,377137.0,0.0,11,42.0,1979,22,46.0
17041,IL,209,2,1158185.0,1590.0,24,83.0,1996,29,69.0
17043,IL,3579,170,54830101.0,3160388.0,49,63.0,1987,651,96.0
17045,IL,5,1,41921.0,3152.0,5,40.0,2020,1,11.0
17049,IL,4,1,52263.0,3257.0,4,50.0,2019,1,10.0
17051,IL,3,0,4323.0,0.0,3,33.0,2002,1,8.0
17053,IL,2,2,3539.0,3539.0,2,0.0,2020,1,5.0
17055,IL,60,7,549037.0,112374.0,20,38.0,2008,11,46.0
17057,IL,369,4,2739638.0,87233.0,20,80.0,1982,108,78.0
17059,IL,46,0,842389.0,0.0,10,72.0,2011,22,42.0
17061,IL,77,2,1513246.0,17291.0,13,78.0,1993,36,51.0
17063,IL,333,52,6270360.0,1493318.0,35,69.0,2013,61,76.0
17065,IL,5,0,37443.0,0.0,5,40.0,1981,1,11.0
17067,IL,288,23,5658087.0,348553.0,21,88.0,1993,108,74.0
17069,IL,16,0,209904.0,0.0,9,62.0,2011,4,25.0
17071,IL,412,46,10423882.0,820827.0,28,79.0,2008,136,80.0
17073,IL,237,6,1643329.0,82296.0,33,62.0,1979,61,71.0
17075,IL,840,206,14284906.0,5930381.0,24,94.0,2008,363,88.0
17077,IL,118,10,2077144.0,1027071.0,31,59.0,2008,29,59.0
17079,IL,10,1,160951.0,32000.0,7,40.0,2008,2,19.0
17081,IL,13,7,261523.0,190898.0,6,77.0,2018,5,23.0
17083,IL,1869,121,22365604.0,4769457.0,38,82.0,1993,417,93.0
17085,IL,343,12,3822471.0,241362.0,25,87.0,2011,72,77.0
17087,IL,3,1,19821.0,7697.0,2,33.0,2008,2,8.0
17089,IL,921,63,11224159.0,646509.0,44,64.0,1996,193,88.0
17091,IL,695,91,9777563.0,4037536.0,40,75.0,2008,118,86.0
17093,IL,174,5,3020941.0,90991.0,25,53.0,1996,62,65.0
17095,IL,40,2,362051.0,0.0,15,48.0,2013,9,40.0
17097,IL,2454,653,27648630.0,12734225.0,48,69.0,2017,428,95.0
17099,IL,679,26,12176970.0,307322.0,41,55.0,2008,111,85.0
17101,IL,23,7,272258.0,139371.0,11,57.0,2019,5,30.0
17103,IL,142,2,730450.0,0.0,28,42.0,1985,26,62.0
17105,IL,282,10,1960326.0,81439.0,19,87.0,2008,158,73.0
17107,IL,58,4,113428.0,0.0,13,28.0,1982,14,46.0
17109,IL,16,0,132983.0,0.0,10,19.0,1982,3,25.0
17111,IL,986,151,7310102.0,1906880.0,44,70.0,2013,165,89.0
17113,IL,184,23,1695863.0,369545.0,26,33.0,1982,35,66.0
17115,IL,208,6,1429045.0,11526.0,28,54.0,1983,43,69.0
17117,IL,47,1,272097.0,21626.0,12,34.0,1979,14,43.0
17119,IL,1087,131,7795605.0,2281957.0,43,50.0,1979,192,89.0
17121,IL,29,2,548341.0,13861.0,13,86.0,1993,8,34.0
17123,IL,81,8,708159.0,101800.0,23,70.0,1982,16,52.0
17125,IL,452,9,3128426.0,83482.0,24,43.0,1993,147,81.0
17127,IL,108,14,2382057.0,674077.0,16,57.0,2011,62,57.0
17129,IL,35,2,162371.0,13888.0,9,29.0,1994,12,37.0
17131,IL,61,1,1352332.0,3737.0,10,77.0,1993,32,47.0
17133,IL,689,11,22718011.0,603788.0,21,96.0,1993,632,86.0
17135,IL,22,0,258054.0,0.0,11,41.0,2008,3,30.0
17137,IL,242,5,1578194.0,250017.0,25,46.0,1982,63,71.0
17139,IL,20,1,120662.0,0.0,11,40.0,2008,6,29.0
17141,IL,307,29,3292131.0,561620.0,33,75.0,1996,75,75.0
17143,IL,2545,101,22648001.0,1063354.0,43,84.0,1982,575,95.0
17145,IL,11,4,64582.0,34465.0,9,55.0,2008,2,20.0
17147,IL,19,0,363756.0,0.0,8,53.0,2008,7,28.0
17149,IL,335,12,6865100.0,212210.0,21,74.0,1993,187,77.0
17151,IL,1,0,0.0,0.0,1,0.0,1983,1,2.0
17153,IL,29,5,131374.0,71208.0,13,38.0,1983,5,34.0
17155,IL,66,3,994598.0,81951.0,17,53.0,1985,13,48.0
17157,IL,182,20,2691328.0,166616.0,24,81.0,1993,89,66.0
17159,IL,25,0,198525.0,0.0,7,96.0,1993,11,32.0
17161,IL,2130,238,18789079.0,3801714.0,45,72.0,1979,397,94.0
17163,IL,1467,296,7805971.0,3735300.0,47,46.0,1993,299,92.0
17165,IL,28,9,457895.0,115877.0,10,71.0,2014,9,34.0
17167,IL,292,14,3709085.0,387557.0,33,54.0,1982,36,74.0
17169,IL,93,0,326830.0,0.0,13,29.0,1982,36,54.0
17171,IL,29,0,131801.0,0.0,8,79.0,1993,11,34.0
17173,IL,3,0,64185.0,0.0,3,0.0,2001,1,8.0
17175,IL,1,0,0.0,0.0,1,100.0,2007,1,2.0
17177,IL,193,89,3537656.0,2783041.0,26,68.0,2017,35,67.0
17179,IL,344,15,1918692.0,315438.0,29,51.0,1982,90,77.0
17181,IL,109,6,443119.0,71854.0,22,86.0,1993,43,57.0
17183,IL,98,16,2150682.0,557649.0,21,67.0,1994,22,55.0
17185,IL,10,0,30378.0,0.0,5,100.0,1985,4,19.0
17187,IL,26,2,163253.0,9819.0,13,77.0,2008,5,32.0
17189,IL,8,3,174306.0,123864.0,6,88.0,2011,2,16.0
17191,IL,12,2,71380.0,1968.0,7,67.0,2013,3,22.0
17193,IL,88,8,1397130.0,227526.0,26,66.0,2011,28,53.0
17195,IL,287,48,2175029.0,369426.0,32,64.0,1993,40,74.0
17197,IL,2288,151,20978628.0,1906890.0,46,66.0,1996,608,94.0
17199,IL,237,27,2076028.0,391505.0,28,59.0,1996,38,71.0
17201,IL,1729,232,26674173.0,6034923.0,43,69.0,2008,328,93.0
17203,IL,518,23,5048693.0,640823.0,19,74.0,1982,129,83.0
18001,IN,119,4,1212508.0,13907.0,24,73.0,2003,68,59.0
18003,IN,1672,31,15730814.0,339487.0,45,34.0,1982,560,93.0
18005,IN,505,33,14765476.0,1374937.0,34,85.0,2008,303,83.0
18009,IN,4,0,1516.0,0.0,4,0.0,2008,1,10.0
18011,IN,98,3,644702.0,59715.0,19,79.0,2013,49,55.0
18013,IN,160,35,4875432.0,1428968.0,29,83.0,2008,55,64.0
18015,IN,501,84,15108421.0,3229757.0,26,79.0,2008,174,83.0
18017,IN,63,1,840669.0,0.0,17,54.0,2003,15,48.0
18019,IN,860,208,17330075.0,8774767.0,42,70.0,1997,213,88.0
18021,IN,23,4,539387.0,92046.0,10,43.0,2008,9,30.0
18023,IN,25,0,371586.0,0.0,11,60.0,2004,6,32.0
18025,IN,134,11,2157615.0,454180.0,23,66.0,1990,48,61.0
18027,IN,11,2,183493.0,124529.0,7,64.0,2008,4,20.0
18029,IN,111,27,2034012.0,726329.0,25,74.0,1997,28,57.0
18031,IN,29,6,830733.0,282079.0,10,79.0,2008,11,34.0
18033,IN,67,3,1549656.0,68310.0,14,63.0,2009,29,49.0
18035,IN,243,19,2594401.0,145073.0,36,64.0,2003,37,71.0
18037,IN,17,10,381085.0,369301.0,10,47.0,2017,5,26.0
18039,IN,378,123,3787289.0,2586455.0,33,68.0,2018,112,79.0
18041,IN,16,6,131777.0,62802.0,9,62.0,2019,4,25.0
18043,IN,233,43,4400775.0,1682966.0,34,68.0,1997,37,70.0
18045,IN,7,0,33651.0,0.0,5,29.0,2005,2,15.0
18047,IN,46,14,745489.0,324752.0,19,52.0,2004,8,42.0
18049,IN,173,9,2083104.0,223034.0,17,46.0,2008,33,65.0
18051,IN,49,4,504441.0,52202.0,14,27.0,2011,14,43.0
18053,IN,135,3,1705144.0,7749.0,22,70.0,1998,37,61.0
18055,IN,10,4,140973.0,34075.0,7,20.0,2025,2,19.0
18057,IN,418,24,3821141.0,189213.0,35,68.0,2003,96,80.0
18059,IN,92,3,1010428.0,15314.0,23,78.0,2013,22,54.0
18061,IN,200,72,8485102.0,6592160.0,22,84.0,1997,49,68.0
18063,IN,77,6,695619.0,34298.0,17,61.0,2003,20,51.0
18065,IN,16,5,99330.0,18830.0,12,62.0,2010,3,25.0
18067,IN,488,19,9705420.0,729272.0,25,78.0,2013,115,83.0
18069,IN,111,2,1096528.0,6985.0,22,50.0,2015,30,57.0
18071,IN,96,9,996667.0,109716.0,23,64.0,2008,39,55.0
18073,IN,112,18,1579582.0,672514.0,18,76.0,2008,55,58.0
18075,IN,43,0,523388.0,0.0,10,77.0,2011,16,41.0
18077,IN,246,94,5513271.0,3248289.0,21,72.0,1997,66,72.0
18079,IN,9,0,102223.0,0.0,7,56.0,2009,3,18.0
18081,IN,454,40,12424970.0,713127.0,36,76.0,2008,274,81.0
18083,IN,81,9,984538.0,177850.0,25,47.0,1993,10,52.0
18085,IN,390,43,4287153.0,712737.0,35,67.0,2009,97,79.0
18087,IN,45,19,626682.0,460237.0,14,67.0,2018,17,42.0
18089,IN,2975,84,48680486.0,1132227.0,48,81.0,2008,920,95.0
18091,IN,143,13,817184.0,106189.0,30,64.0,1993,22,62.0
18093,IN,43,4,1000564.0,179287.0,17,60.0,2005,10,41.0
18095,IN,257,11,3217162.0,305427.0,33,62.0,2003,50,72.0
18097,IN,2186,115,17105826.0,1369140.0,49,71.0,2003,392,94.0
18099,IN,189,20,1555617.0,726640.0,20,85.0,1985,40,67.0
18101,IN,13,3,212056.0,79751.0,7,85.0,2005,5,23.0
18103,IN,29,1,196464.0,14508.0,10,62.0,1998,9,34.0
18105,IN,126,56,3792282.0,2912499.0,27,57.0,2021,25,60.0
18107,IN,25,4,373624.0,12414.0,9,80.0,2013,11,32.0
18109,IN,230,18,8595178.0,244417.0,28,56.0,2008,96,70.0
18111,IN,42,10,422360.0,165095.0,17,76.0,2003,10,41.0
18113,IN,226,48,2283143.0,1042965.0,29,80.0,2017,37,70.0
18115,IN,17,1,110874.0,3373.0,7,47.0,1997,10,26.0
18117,IN,113,5,1334430.0,16077.0,21,24.0,2008,19,58.0
18119,IN,146,16,3383556.0,410938.0,16,84.0,2008,58,63.0
18121,IN,20,3,348156.0,138121.0,12,50.0,2008,5,29.0
18123,IN,42,12,298445.0,172402.0,17,60.0,1981,8,41.0
18125,IN,1,0,44000.0,0.0,1,100.0,2005,1,2.0
18127,IN,186,19,2281831.0,267079.0,42,45.0,2008,29,67.0
18129,IN,144,13,2165170.0,249118.0,24,75.0,2011,44,62.0
18131,IN,172,19,2297618.0,499565.0,17,75.0,2009,53,65.0
18133,IN,23,3,499430.0,14818.0,13,65.0,2013,6,30.0
18135,IN,22,7,119580.0,83310.0,18,50.0,2003,2,30.0
18137,IN,19,15,117768.0,75648.0,7,89.0,2021,11,28.0
18139,IN,20,3,97867.0,14595.0,13,65.0,1998,3,29.0
18141,IN,180,54,1340857.0,874786.0,27,39.0,1982,37,66.0
18143,IN,12,3,209674.0,144842.0,10,50.0,1993,3,22.0
18145,IN,229,28,3041446.0,557347.0,29,76.0,2005,38,70.0
18147,IN,44,9,390161.0,193741.0,12,66.0,1997,26,41.0
18149,IN,22,15,357189.0,273550.0,7,59.0,2018,13,30.0
18151,IN,55,3,151420.0,6401.0,19,47.0,1996,13,45.0
18153,IN,1,0,42215.0,0.0,1,100.0,2013,1,2.0
18155,IN,110,26,1673447.0,654220.0,15,54.0,1997,45,57.0
18157,IN,217,9,3074577.0,134543.0,28,73.0,2003,41,70.0
18159,IN,97,1,1535747.0,6124.0,15,73.0,2013,45,55.0
18161,IN,3,0,50520.0,0.0,2,100.0,2003,2,8.0
18163,IN,820,72,7358419.0,1310556.0,43,53.0,1980,110,87.0
18165,IN,67,0,411142.0,0.0,10,64.0,2008,21,49.0
18167,IN,660,22,17210461.0,424388.0,35,85.0,2008,460,85.0
18169,IN,46,5,442934.0,102156.0,17,50.0,2013,9,42.0
18171,IN,2,0,1983.0,0.0,2,0.0,2015,1,5.0
18173,IN,77,8,641582.0,85477.0,25,52.0,2006,8,51.0
18175,IN,58,11,2744590.0,807764.0,15,59.0,2008,13,46.0
18177,IN,68,13,400642.0,87711.0,20,59.0,2006,13,49.0
18179,IN,42,3,726720.0,86388.0,15,69.0,2003,19,41.0
18181,IN,235,29,4285309.0,569784.0,26,69.0,2008,52,71.0
18183,IN,29,4,156630.0,47376.0,17,52.0,1982,4,34.0
19003,IA,5,0,212517.0,0.0,1,100.0,2008,5,11.0
19005,IA,17,7,101447.0,54317.0,8,71.0,2013,6,26.0
19007,IA,8,0,56314.0,0.0,5,50.0,2007,4,16.0
19009,IA,14,0,126927.0,0.0,5,64.0,2004,6,23.0
19011,IA,108,32,2031666.0,619726.0,16,74.0,2008,42,57.0
19013,IA,1472,223,25744486.0,5165262.0,28,82.0,2008,416,92.0
19015,IA,18,6,447510.0,56255.0,7,22.0,2010,5,27.0
19017,IA,643,48,14073473.0,755629.0,24,85.0,2008,367,85.0
19019,IA,375,27,3145548.0,261743.0,15,86.0,1999,136,79.0
19021,IA,1,0,0.0,0.0,1,0.0,1979,1,2.0
19023,IA,316,71,7076067.0,2217598.0,17,81.0,2008,148,76.0
19027,IA,13,0,360246.0,0.0,6,62.0,1996,4,23.0
19029,IA,57,1,337593.0,2271.0,15,67.0,1998,21,45.0
19031,IA,38,8,917169.0,176863.0,13,79.0,2014,10,39.0
19033,IA,216,13,3176873.0,73628.0,20,69.0,2008,89,70.0
19035,IA,140,28,1633284.0,828194.0,12,91.0,2013,39,61.0
19037,IA,41,21,498120.0,245568.0,13,71.0,2016,8,40.0
19041,IA,78,64,5481374.0,5453717.0,10,86.0,2024,59,51.0
19043,IA,212,33,3094495.0,529285.0,26,85.0,2008,37,69.0
19045,IA,180,31,1226874.0,304478.0,30,68.0,1979,21,66.0
19047,IA,88,0,1703401.0,0.0,12,18.0,1996,48,53.0
19049,IA,41,6,587770.0,314339.0,14,39.0,2008,9,40.0
19053,IA,7,0,24323.0,0.0,7,29.0,1993,1,15.0
19055,IA,105,19,4047829.0,442327.0,12,84.0,2008,25,56.0
19057,IA,352,108,8700092.0,2255526.0,29,81.0,2008,90,77.0
19059,IA,15,14,311028.0,311028.0,4,53.0,2024,10,24.0
19061,IA,252,24,2089340.0,218827.0,26,81.0,1999,55,72.0
19063,IA,19,6,81089.0,61311.0,9,84.0,1984,3,28.0
19065,IA,94,22,835625.0,384008.0,16,78.0,2010,18,55.0
19067,IA,264,47,4339962.0,578012.0,11,91.0,2008,115,73.0
19069,IA,2,1,41006.0,2903.0,2,50.0,2016,1,5.0
19071,IA,233,119,10594570.0,7904275.0,12,54.0,2019,117,70.0
19073,IA,4,0,6005.0,0.0,3,0.0,1996,2,10.0
19075,IA,13,0,31395.0,0.0,5,69.0,2013,5,23.0
19077,IA,10,2,156933.0,115997.0,7,60.0,2019,2,19.0
19079,IA,28,0,179800.0,0.0,6,71.0,2010,13,34.0
19081,IA,3,0,7979.0,0.0,2,0.0,1979,2,8.0
19083,IA,17,4,210804.0,92297.0,10,94.0,2013,4,26.0
19085,IA,192,23,3275411.0,904611.0,18,94.0,2007,72,67.0
19087,IA,1,0,0.0,0.0,1,0.0,2013,1,2.0
19089,IA,8,6,31849.0,31849.0,5,38.0,2016,3,16.0
19091,IA,39,1,231008.0,0.0,13,72.0,2007,17,39.0
19093,IA,8,2,35667.0,6658.0,3,88.0,2010,4,16.0
19095,IA,36,3,267014.0,27157.0,11,69.0,2014,12,38.0
19097,IA,42,11,365296.0,75204.0,17,38.0,2001,6,41.0
19099,IA,36,10,1329082.0,657877.0,8,31.0,2010,19,38.0
19103,IA,446,8,31388599.0,228504.0,25,65.0,2008,181,81.0
19105,IA,121,1,4062088.0,1430.0,14,53.0,2008,35,59.0
19107,IA,3,0,31712.0,0.0,3,100.0,1996,1,8.0
19109,IA,2,1,22662.0,21558.0,2,0.0,2019,1,5.0
19111,IA,141,18,3957224.0,504756.0,16,65.0,2008,41,62.0
19113,IA,1351,199,66080173.0,1257101.0,36,64.0,2008,639,91.0
19115,IA,120,3,4079853.0,20678.0,15,53.0,2008,53,59.0
19117,IA,5,0,19113.0,0.0,3,0.0,2007,2,11.0
19119,IA,75,13,1676349.0,421431.0,8,79.0,2014,38,51.0
19121,IA,7,0,98909.0,0.0,7,71.0,2014,1,15.0
19123,IA,11,0,134429.0,0.0,4,45.0,2010,6,20.0
19125,IA,26,1,486469.0,6316.0,10,65.0,2008,10,32.0
19127,IA,30,0,175226.0,0.0,12,30.0,2014,8,35.0
19129,IA,121,32,6157861.0,5523828.0,16,45.0,2019,31,59.0
19131,IA,24,8,467287.0,198390.0,7,38.0,2004,6,31.0
19133,IA,30,11,700670.0,217364.0,7,50.0,2011,13,35.0
19135,IA,1,0,355.0,0.0,1,0.0,1982,1,2.0
19137,IA,82,2,240235.0,7355.0,11,83.0,2007,26,52.0
19139,IA,354,39,5088811.0,520780.0,31,78.0,2008,80,77.0
19141,IA,4,3,144474.0,143375.0,3,0.0,2018,2,10.0
19143,IA,2,2,21352.0,21352.0,1,50.0,2024,2,5.0
19145,IA,3,1,6833.0,0.0,3,67.0,2008,1,8.0
19147,IA,4,2,37703.0,29870.0,3,25.0,2010,2,10.0
19149,IA,25,9,605550.0,379678.0,11,60.0,2014,9,32.0
19153,IA,1526,178,36585309.0,10641179.0,41,73.0,1993,454,92.0
19155,IA,867,89,10811752.0,2593485.0,37,62.0,1999,232,88.0
19161,IA,2,0,0.0,0.0,2,50.0,1991,1,5.0
19163,IA,2265,266,34212378.0,9148174.0,43,89.0,1990,379,94.0
19165,IA,15,1,257666.0,0.0,5,73.0,1993,10,24.0
19167,IA,43,32,3966145.0,3899901.0,8,72.0,2024,25,41.0
19169,IA,283,9,12923261.0,55312.0,21,66.0,2010,78,74.0
19171,IA,145,6,1372406.0,101694.0,15,94.0,1993,43,62.0
19173,IA,6,0,27871.0,0.0,3,67.0,2010,3,13.0
19175,IA,13,0,126542.0,0.0,8,15.0,2008,4,23.0
19177,IA,53,1,517757.0,1071.0,9,75.0,2008,26,44.0
19179,IA,119,7,2295128.0,87965.0,14,66.0,2010,41,59.0
19181,IA,23,2,247620.0,25145.0,11,70.0,2008,6,30.0
19183,IA,15,0,188706.0,0.0,6,60.0,2014,7,24.0
19187,IA,93,4,2654930.0,29108.0,15,57.0,2010,19,54.0
19189,IA,2,0,186.0,0.0,2,0.0,1993,1,5.0
19191,IA,31,28,364742.0,356849.0,6,52.0,2016,24,36.0
19193,IA,294,45,1922703.0,956887.0,32,77.0,1990,152,74.0
19195,IA,5,2,7347.0,4388.0,4,100.0,2004,2,11.0
19197,IA,2,1,2369.0,2369.0,2,0.0,2024,1,5.0
20001,KS,91,7,3155098.0,597691.0,8,87.0,2007,68,54.0
20003,KS,4,0,190554.0,0.0,1,75.0,2007,4,10.0
20005,KS,3,0,31391.0,0.0,3,67.0,1982,1,8.0
20007,KS,3,0,1219.0,0.0,2,100.0,1996,2,8.0
20009,KS,513,10,2332092.0,44127.0,15,11.0,1981,447,83.0
20011,KS,64,3,2438107.0,0.0,13,92.0,1998,19,48.0
20015,KS,505,89,12429809.0,3774259.0,32,74.0,1979,134,83.0
20017,KS,29,3,245338.0,12513.0,6,86.0,1998,14,34.0
20019,KS,1,0,439.0,0.0,1,0.0,1979,1,2.0
20021,KS,85,5,1538240.0,68607.0,16,93.0,2015,20,53.0
20027,KS,5,3,10746.0,10746.0,3,60.0,2011,2,11.0
20029,KS,2,2,35000.0,35000.0,2,100.0,2020,1,5.0
20031,KS,5,2,134622.0,134622.0,4,80.0,2019,2,11.0
20035,KS,142,10,2104752.0,571737.0,16,82.0,1998,78,62.0
20037,KS,145,7,1704121.0,59198.0,24,44.0,1994,30,62.0
20041,KS,86,3,174150.0,21273.0,11,87.0,1993,61,53.0
20043,KS,95,17,852506.0,159031.0,11,0.0,2011,59,55.0
20045,KS,150,39,1866594.0,1127969.0,26,60.0,1996,44,63.0
20047,KS,10,2,1669.0,0.0,8,100.0,1995,2,19.0
20049,KS,1,0,25000.0,0.0,1,100.0,2007,1,2.0
20051,KS,97,9,245801.0,35767.0,14,32.0,1984,39,55.0
20053,KS,7,0,54534.0,0.0,2,100.0,1993,5,15.0
20055,KS,13,3,33513.0,10019.0,8,23.0,1981,4,23.0
20057,KS,55,1,142660.0,21544.0,15,36.0,1997,14,45.0
20059,KS,28,10,681292.0,486068.0,10,71.0,2007,10,34.0
20061,KS,31,6,226670.0,23191.0,11,45.0,1993,14,36.0
20067,KS,1,0,1882.0,0.0,1,0.0,1981,1,2.0
20073,KS,6,1,18285.0,12790.0,5,67.0,1998,2,13.0
20077,KS,1,0,0.0,0.0,1,0.0,1992,1,2.0
20079,KS,403,10,3215748.0,127942.0,29,88.0,1993,176,80.0
20085,KS,4,0,103609.0,0.0,2,50.0,2005,3,10.0
20087,KS,49,3,1106831.0,538386.0,6,53.0,1993,22,43.0
20089,KS,1,0,11856.0,0.0,1,100.0,1993,1,2.0
20091,KS,1155,146,13140914.0,3864395.0,42,51.0,1982,160,90.0
20093,KS,1,0,0.0,0.0,1,100.0,2004,1,2.0
20095,KS,9,6,992565.0,986609.0,5,78.0,2016,3,18.0
20099,KS,100,16,1599171.0,624790.0,22,79.0,1986,31,56.0
20103,KS,208,13,2780189.0,355662.0,31,65.0,2005,30,69.0
20105,KS,2,1,4570.0,3295.0,2,50.0,2025,1,5.0
20107,KS,1,1,9184.0,9184.0,1,0.0,2024,1,2.0
20111,KS,64,9,969985.0,110908.0,17,61.0,1998,18,48.0
20113,KS,37,11,310229.0,231796.0,17,68.0,1993,5,38.0
20115,KS,18,7,272592.0,226371.0,7,83.0,2019,4,27.0
20117,KS,27,0,101685.0,0.0,11,89.0,1993,10,33.0
20119,KS,2,0,0.0,0.0,2,0.0,1993,1,5.0
20121,KS,27,12,1079301.0,505430.0,6,70.0,2007,12,33.0
20123,KS,16,3,153686.0,45117.0,11,19.0,1993,3,25.0
20125,KS,310,21,5569207.0,310121.0,28,74.0,2007,90,75.0
20131,KS,3,2,38614.0,36942.0,3,67.0,2026,1,8.0
20133,KS,100,21,1490797.0,319956.0,16,79.0,2007,42,56.0
20135,KS,2,0,0.0,0.0,2,100.0,2015,1,5.0
20139,KS,14,2,171482.0,35633.0,7,57.0,2007,7,23.0
20141,KS,8,0,167600.0,0.0,1,75.0,1993,8,16.0
20143,KS,39,5,167106.0,63004.0,9,87.0,1993,23,39.0
20145,KS,7,0,12501.0,0.0,5,57.0,1989,2,15.0
20149,KS,72,8,367154.0,82253.0,10,19.0,1993,51,50.0
20151,KS,12,0,2009.0,0.0,5,17.0,1978,5,22.0
20155,KS,108,29,1192274.0,633427.0,19,83.0,2007,28,57.0
20157,KS,9,2,98319.0,5840.0,4,44.0,2003,4,18.0
20159,KS,26,11,298362.0,64769.0,10,85.0,2019,10,32.0
20161,KS,404,66,9212591.0,4607808.0,31,33.0,1993,197,80.0
20165,KS,7,3,16046.0,7612.0,4,100.0,1993,3,15.0
20169,KS,240,12,4538261.0,62510.0,20,85.0,2007,122,71.0
20173,KS,983,152,14109889.0,3090977.0,44,65.0,1998,117,89.0
20175,KS,39,2,113977.0,63652.0,14,69.0,2003,11,39.0
20177,KS,351,52,3581222.0,340452.0,34,65.0,2005,74,77.0
20191,KS,208,63,3367140.0,1440630.0,24,75.0,1998,45,69.0
20193,KS,3,0,0.0,0.0,3,67.0,2002,1,8.0
20197,KS,7,2,33206.0,5000.0,6,86.0,1993,2,15.0
20201,KS,2,1,1761.0,1761.0,2,100.0,2026,1,5.0
20205,KS,72,15,1639935.0,601965.0,14,65.0,2007,31,50.0
20209,KS,434,30,10757311.0,1029344.0,35,46.0,1998,74,81.0
21001,KY,1,1,37186.0,37186.0,1,100.0,2017,1,2.0
21003,KY,11,7,596723.0,378295.0,7,18.0,2017,4,20.0
21005,KY,59,11,1363379.0,824375.0,19,66.0,2010,9,46.0
21007,KY,45,3,555015.0,61592.0,9,36.0,1979,13,42.0
21009,KY,21,5,192568.0,174281.0,10,19.0,1981,8,29.0
21011,KY,100,26,1405632.0,410076.0,18,66.0,2018,22,56.0
21013,KY,566,63,7318539.0,1273107.0,34,80.0,2011,119,84.0
21015,KY,39,11,372121.0,73663.0,14,62.0,1997,9,39.0
21017,KY,395,21,6412305.0,233454.0,25,72.0,2015,73,79.0
21019,KY,462,47,7004581.0,1784643.0,41,49.0,2002,59,82.0
21021,KY,15,8,168645.0,142053.0,11,53.0,2021,3,24.0
21023,KY,113,11,1952821.0,50505.0,12,81.0,1997,74,58.0
21025,KY,207,123,7600318.0,6220950.0,18,77.0,2022,72,69.0
21027,KY,27,4,325192.0,78049.0,9,52.0,2011,7,33.0
21029,KY,359,53,6086756.0,1861130.0,26,76.0,1997,196,78.0
21031,KY,34,4,606707.0,326993.0,9,82.0,1997,10,37.0
21033,KY,11,5,252864.0,72181.0,7,45.0,2016,4,20.0
21035,KY,28,12,1108680.0,1041686.0,19,61.0,2016,5,34.0
21037,KY,450,75,5826114.0,1992879.0,41,81.0,1997,194,81.0
21039,KY,3,1,15328.0,12820.0,3,33.0,2023,1,8.0
21041,KY,70,32,1612652.0,1087994.0,15,84.0,2025,23,49.0
21043,KY,449,39,8725654.0,642180.0,27,62.0,2003,105,81.0
21045,KY,24,11,2983259.0,1120857.0,5,75.0,2010,12,31.0
21047,KY,978,114,21286561.0,4606397.0,36,58.0,1997,156,89.0
21049,KY,288,77,6045917.0,3243867.0,30,70.0,2010,53,74.0
21051,KY,66,21,697080.0,445363.0,17,82.0,1989,21,48.0
21055,KY,15,2,369461.0,91987.0,5,100.0,2011,10,24.0
21057,KY,4,0,165869.0,0.0,3,50.0,1989,2,10.0
21059,KY,325,82,3542210.0,1617594.0,39,74.0,1997,89,76.0
21061,KY,1,0,436.0,0.0,1,0.0,1978,1,2.0
21063,KY,2,1,10004.0,0.0,2,50.0,2021,1,5.0
21065,KY,42,37,1096671.0,1055971.0,8,79.0,2021,25,41.0
21067,KY,453,29,5270991.0,805236.0,37,51.0,1992,54,81.0
21069,KY,49,8,942857.0,204889.0,12,22.0,2010,13,43.0
21071,KY,2615,525,36739013.0,16018783.0,46,64.0,1984,553,95.0
21073,KY,1518,187,31920628.0,14670850.0,34,78.0,1989,394,92.0
21075,KY,25,7,591013.0,293292.0,9,72.0,2006,8,32.0
21077,KY,33,25,458026.0,399127.0,8,94.0,2025,13,37.0
21079,KY,23,11,948057.0,751343.0,9,74.0,2025,6,30.0
21081,KY,2,0,4500.0,0.0,2,50.0,1984,1,5.0
21083,KY,80,19,1376062.0,440746.0,18,71.0,2006,26,52.0
21085,KY,6,5,155835.0,155835.0,3,50.0,2025,4,13.0
21087,KY,3,3,205082.0,205082.0,2,100.0,2025,2,8.0
21089,KY,713,157,10849266.0,4553319.0,41,71.0,1997,93,86.0
21091,KY,11,7,52668.0,25999.0,7,100.0,2025,3,20.0
21093,KY,474,166,9794228.0,5541181.0,33,69.0,1997,121,82.0
21095,KY,440,33,2325682.0,302448.0,37,75.0,1984,141,81.0
21097,KY,141,11,3548919.0,335851.0,17,83.0,1997,93,62.0
21099,KY,11,6,222284.0,64467.0,6,55.0,2010,4,20.0
21101,KY,380,82,6275522.0,2472327.0,28,94.0,2005,57,79.0
21103,KY,32,3,574523.0,169024.0,10,72.0,1997,14,36.0
21105,KY,13,0,6152.0,0.0,2,0.0,1983,7,23.0
21107,KY,72,27,1177263.0,892864.0,25,42.0,2025,9,50.0
21109,KY,23,6,184904.0,55930.0,11,70.0,2003,4,30.0
21111,KY,5548,653,98521619.0,29020946.0,48,77.0,1997,1560,97.0
21113,KY,176,31,4098766.0,1620342.0,19,61.0,2010,40,65.0
21115,KY,309,98,5220915.0,2453280.0,31,69.0,1984,84,75.0
21117,KY,286,70,2695920.0,1073242.0,31,69.0,1997,106,74.0
21119,KY,204,102,6590008.0,5801544.0,20,60.0,2022,65,68.0
21121,KY,120,24,892071.0,342215.0,26,41.0,1984,39,59.0
21123,KY,21,0,201813.0,0.0,6,71.0,2010,5,29.0
21125,KY,12,6,1135395.0,1101894.0,7,58.0,2021,5,22.0
21127,KY,32,11,467707.0,140367.0,15,62.0,2003,7,36.0
21129,KY,33,22,1307134.0,1236321.0,7,70.0,2021,12,37.0
21131,KY,54,7,362464.0,27557.0,13,83.0,1989,29,45.0
21133,KY,187,135,7700759.0,7371520.0,15,73.0,2022,91,67.0
21135,KY,116,3,1988618.0,20479.0,19,47.0,2010,45,58.0
21137,KY,27,2,362075.0,41566.0,13,41.0,1996,6,33.0
21139,KY,24,9,497443.0,270786.0,8,42.0,2011,10,31.0
21141,KY,35,12,499483.0,327194.0,12,69.0,2010,5,37.0
21145,KY,305,95,8520362.0,3923355.0,32,74.0,2011,67,75.0
21147,KY,1,1,1569.0,1569.0,1,100.0,2021,1,2.0
21149,KY,134,29,1980001.0,1155561.0,15,84.0,1997,44,61.0
21151,KY,119,40,2823382.0,1379178.0,23,49.0,2010,33,59.0
21153,KY,260,45,2772607.0,691186.0,26,35.0,1981,57,72.0
21155,KY,10,1,136282.0,0.0,7,40.0,2010,3,19.0
21157,KY,68,20,1197391.0,409273.0,18,60.0,2011,17,49.0
21159,KY,462,94,6573482.0,3063214.0,32,26.0,1984,125,82.0
21161,KY,16,2,178369.0,61392.0,9,50.0,2010,3,25.0
21163,KY,15,7,799884.0,607851.0,7,53.0,2025,4,24.0
21165,KY,17,17,1023479.0,1023479.0,3,65.0,2021,11,26.0
21167,KY,182,30,4761759.0,1470138.0,23,60.0,2010,35,66.0
21169,KY,7,0,17370.0,0.0,6,71.0,1984,2,15.0
21171,KY,2,2,1872.0,1872.0,2,50.0,2021,1,5.0
21173,KY,75,18,1822750.0,387674.0,18,69.0,2018,12,51.0
21175,KY,49,29,1101230.0,965361.0,14,53.0,2021,8,43.0
21177,KY,15,9,328733.0,242597.0,11,47.0,2023,2,24.0
21179,KY,122,32,3446249.0,1450296.0,14,70.0,2010,31,59.0
21181,KY,48,10,1851141.0,1438116.0,21,48.0,2021,6,43.0
21183,KY,15,4,179684.0,131254.0,11,73.0,2011,3,24.0
21185,KY,1082,363,27151054.0,15009541.0,37,81.0,1997,188,89.0
21187,KY,73,13,1418760.0,641862.0,11,93.0,1997,28,50.0
21189,KY,6,3,64961.0,64961.0,4,100.0,2015,2,13.0
21191,KY,180,22,5284406.0,466013.0,15,94.0,1997,141,66.0
21193,KY,594,129,9952030.0,5285555.0,29,81.0,1984,278,85.0
21195,KY,2473,520,55776218.0,24305166.0,48,64.0,1984,653,95.0
21197,KY,125,42,1754328.0,963368.0,25,76.0,2004,29,60.0
21199,KY,29,12,817710.0,387541.0,13,17.0,2010,7,34.0
21203,KY,19,12,615778.0,414765.0,7,53.0,2021,6,28.0
21205,KY,293,37,5014202.0,550644.0,20,88.0,2010,106,74.0
21207,KY,3,2,103712.0,96905.0,2,67.0,2019,2,8.0
21209,KY,79,18,1850990.0,374865.0,19,62.0,2015,26,52.0
21211,KY,31,13,368537.0,237569.0,14,45.0,2000,7,36.0
21213,KY,24,13,915352.0,500466.0,11,38.0,2025,8,31.0
21215,KY,52,10,773332.0,224717.0,23,87.0,2015,10,44.0
21217,KY,8,2,322173.0,186093.0,6,38.0,2015,3,16.0
21219,KY,11,11,139670.0,139670.0,4,64.0,2016,5,20.0
21221,KY,1,0,0.0,0.0,1,0.0,2011,1,2.0
21223,KY,43,11,700043.0,407944.0,10,65.0,1997,14,41.0
21225,KY,16,2,328061.0,71987.0,8,75.0,2011,6,25.0
21227,KY,124,34,2393655.0,1468279.0,25,48.0,2010,26,60.0
21229,KY,32,10,915247.0,374212.0,10,16.0,2010,10,36.0
21231,KY,1,1,3107.0,3107.0,1,0.0,2021,1,2.0
21233,KY,9,6,248059.0,234708.0,6,89.0,2025,3,18.0
21235,KY,30,5,212491.0,71325.0,10,70.0,1998,8,35.0
21237,KY,1,0,0.0,0.0,1,100.0,1989,1,2.0
21239,KY,508,134,16854430.0,10107189.0,23,75.0,1997,78,83.0
22001,LA,1481,754,36407378.0,27353420.0,45,63.0,2016,639,92.0
22003,LA,442,123,9438822.0,5995856.0,36,50.0,2020,55,81.0
22005,LA,6781,4357,349284306.0,323056300.0,48,77.0,2016,3947,98.0
22007,LA,883,64,5146060.0,1281366.0,37,57.0,1980,133,88.0
22009,LA,1560,160,11668437.0,3766782.0,47,66.0,1979,306,92.0
22011,LA,514,104,8669045.0,3664904.0,34,62.0,1989,73,83.0
22013,LA,41,6,485752.0,182094.0,17,83.0,2016,6,40.0
22015,LA,1098,370,25921505.0,13085466.0,44,78.0,2016,307,89.0
22017,LA,2426,392,41568530.0,12927314.0,47,72.0,1991,461,94.0
22019,LA,10377,4295,321535949.0,183222841.0,48,53.0,2020,1731,98.0
22021,LA,490,84,5256834.0,1890041.0,23,91.0,1991,258,83.0
22023,LA,3470,633,203089584.0,38904833.0,35,92.0,2005,1348,96.0
22025,LA,1627,210,14427867.0,5509009.0,36,66.0,1991,572,92.0
22027,LA,65,46,1836258.0,1634468.0,11,63.0,2016,42,48.0
22029,LA,1211,52,11276746.0,1120288.0,43,70.0,1983,168,90.0
22031,LA,39,9,812276.0,306739.0,14,79.0,2016,9,39.0
22033,LA,22558,13728,1311664167.0,1203650056.0,49,77.0,2016,11647,99.0
22035,LA,116,19,1986240.0,685735.0,29,42.0,2011,24,58.0
22037,LA,110,32,3110528.0,2228620.0,22,65.0,2016,20,57.0
22039,LA,286,171,6375102.0,5343019.0,32,53.0,2016,75,74.0
22041,LA,320,34,5434515.0,852511.0,34,57.0,2008,73,76.0
22043,LA,438,86,5303257.0,2433606.0,34,68.0,2016,55,81.0
22045,LA,2891,616,83189785.0,24946660.0,46,64.0,2005,756,95.0
22047,LA,618,190,13669945.0,10126793.0,36,59.0,2021,96,85.0
22049,LA,20,2,101000.0,11472.0,11,45.0,1983,5,29.0
22051,LA,135482,5670,3522392635.0,159653151.0,49,70.0,2005,65911,100.0
22053,LA,313,176,6195159.0,4844812.0,32,63.0,2016,97,76.0
22055,LA,6579,3430,266216738.0,230024992.0,49,54.0,2016,2592,98.0
22057,LA,6122,965,98850243.0,36215490.0,48,70.0,1985,1164,97.0
22059,LA,271,56,3423444.0,1773908.0,28,68.0,1991,38,73.0
22061,LA,56,9,594033.0,269656.0,23,70.0,1989,10,45.0
22063,LA,14639,8475,829771261.0,750072208.0,49,83.0,2016,7870,99.0
22065,LA,250,40,2651763.0,685085.0,37,73.0,2013,27,72.0
22067,LA,238,122,6859683.0,5457451.0,28,45.0,2016,79,71.0
22069,LA,541,153,9772102.0,5649347.0,32,70.0,2016,127,84.0
22071,LA,127238,4888,7191059596.0,117849656.0,49,73.0,2005,71538,100.0
22073,LA,6982,1988,162714501.0,96870723.0,49,70.0,2016,1765,98.0
22075,LA,6086,451,378350705.0,21136643.0,44,68.0,2005,3732,97.0
22077,LA,1890,278,24911724.0,9443756.0,48,80.0,2016,183,93.0
22079,LA,4224,708,67890738.0,25553446.0,49,66.0,2008,566,96.0
22081,LA,16,5,381799.0,186965.0,6,69.0,1990,7,25.0
22083,LA,473,144,11072462.0,5677929.0,38,45.0,2016,92,82.0
22085,LA,40,18,697972.0,521689.0,13,82.0,2016,11,40.0
22087,LA,23919,285,2234407885.0,2428627.0,48,54.0,2005,16719,100.0
22089,LA,7450,1513,156324211.0,57185043.0,49,73.0,1995,2031,98.0
22091,LA,65,37,2564374.0,2312327.0,16,58.0,2016,31,48.0
22093,LA,342,120,7523912.0,2473901.0,30,23.0,2014,73,77.0
22095,LA,8974,4008,653966680.0,388749349.0,45,66.0,2021,3652,98.0
22097,LA,970,365,21838415.0,13223642.0,47,54.0,2016,305,89.0
22099,LA,1458,543,27908352.0,21531771.0,47,62.0,2016,323,92.0
22101,LA,2532,324,36724887.0,10131831.0,47,61.0,2008,331,95.0
22103,LA,38336,4332,1764967301.0,151223642.0,49,71.0,2005,18281,100.0
22105,LA,4296,2841,176266183.0,154228881.0,49,62.0,2016,1696,96.0
22107,LA,161,0,2501362.0,0.0,28,73.0,2011,25,64.0
22109,LA,13404,749,296063652.0,10706369.0,49,78.0,2005,2920,99.0
22111,LA,379,159,8949140.0,6715560.0,26,77.0,2016,144,79.0
22113,LA,4799,1155,170730880.0,56884601.0,45,79.0,2005,1564,97.0
22115,LA,338,132,9391735.0,5716306.0,34,68.0,2016,68,77.0
22117,LA,672,255,15519066.0,10747163.0,41,58.0,2016,178,85.0
22119,LA,223,71,7118055.0,4506913.0,25,65.0,2016,65,70.0
22121,LA,285,106,7225482.0,5647064.0,34,15.0,1980,34,74.0
22123,LA,63,26,1770058.0,1237305.0,20,46.0,2016,25,48.0
22125,LA,370,52,4295726.0,2296819.0,31,60.0,1990,114,78.0
22127,LA,140,18,2365625.0,1038364.0,17,81.0,1991,43,61.0
23001,ME,147,23,1147092.0,360758.0,27,54.0,1987,66,63.0
23003,ME,358,22,4573455.0,471507.0,39,49.0,2008,79,78.0
23005,ME,504,111,5494383.0,2384703.0,42,57.0,2024,85,83.0
23007,ME,88,32,1802491.0,1318173.0,15,67.0,2023,25,53.0
23009,ME,89,43,1084380.0,897486.0,30,65.0,2024,33,53.0
23011,ME,441,62,7447891.0,2722584.0,33,69.0,1987,127,81.0
23013,ME,92,42,1821922.0,1559926.0,27,62.0,2024,26,54.0
23015,ME,148,71,3630632.0,3087025.0,27,61.0,2024,57,63.0
23017,ME,352,63,5824198.0,2772188.0,31,66.0,1987,117,77.0
23019,ME,238,7,1705139.0,58737.0,31,56.0,1987,64,71.0
23021,ME,87,5,1950757.0,94760.0,14,69.0,1987,34,53.0
23023,ME,85,19,1138539.0,448144.0,25,41.0,2024,16,53.0
23025,ME,138,37,2022678.0,1321210.0,21,39.0,1987,44,61.0
23027,ME,73,27,1510914.0,1020563.0,29,56.0,2024,11,50.0
23029,ME,30,12,85785.0,72917.0,15,63.0,2024,10,35.0
23031,ME,2666,724,44422938.0,26556697.0,46,51.0,2024,498,95.0
24001,MD,376,51,5356612.0,2079743.0,30,62.0,1996,181,79.0
24003,MD,2822,319,50295674.0,4620621.0,48,67.0,2003,1579,95.0
24005,MD,3365,280,63349667.0,4446344.0,48,65.0,2003,1536,96.0
24009,MD,559,73,8653257.0,912234.0,40,74.0,2003,246,84.0
24011,MD,77,4,1380956.0,100738.0,12,73.0,2011,25,51.0
24013,MD,138,27,1178803.0,324376.0,29,60.0,1996,37,61.0
24015,MD,702,82,13804242.0,2962186.0,36,63.0,2003,192,86.0
24017,MD,361,79,6416582.0,784208.0,34,47.0,2003,90,78.0
24019,MD,1142,224,20188938.0,4815297.0,38,94.0,2003,706,90.0
24021,MD,270,75,2073541.0,596592.0,36,52.0,1996,64,73.0
24023,MD,110,13,1124422.0,300339.0,20,57.0,1996,47,57.0
24025,MD,353,52,3904913.0,795482.0,40,55.0,2003,102,77.0
24027,MD,421,227,15749649.0,14613946.0,40,44.0,2018,121,80.0
24029,MD,341,17,8131847.0,828474.0,19,81.0,2003,250,77.0
24031,MD,775,233,4765802.0,1932967.0,47,25.0,1996,103,87.0
24033,MD,1153,434,7855782.0,3482807.0,48,35.0,2020,162,90.0
24035,MD,1073,99,14953847.0,1407750.0,43,77.0,2003,699,89.0
24037,MD,613,82,10667968.0,1091382.0,32,56.0,2003,265,85.0
24039,MD,1260,157,14675595.0,2216293.0,39,95.0,2012,689,91.0
24041,MD,676,75,13762820.0,2291729.0,28,76.0,2003,437,85.0
24043,MD,370,21,3927128.0,133619.0,33,71.0,1996,160,78.0
24045,MD,243,84,5928991.0,3465720.0,31,68.0,2012,68,71.0
24047,MD,2517,76,19321585.0,350578.0,48,78.0,2012,654,95.0
24510,MD,1062,191,26710067.0,4706043.0,45,53.0,1979,188,89.0
25001,MA,3183,536,42670486.0,14025727.0,49,78.0,1991,1362,96.0
25003,MA,388,17,3040907.0,85498.0,37,62.0,2011,100,79.0
25005,MA,1558,121,13698275.0,2061976.0,48,76.0,1991,491,92.0
25007,MA,160,13,1746153.0,161347.0,16,66.0,1991,79,64.0
25009,MA,5454,782,94015296.0,20870573.0,48,64.0,1991,763,97.0
25011,MA,114,7,3433415.0,57498.0,22,61.0,2011,42,58.0
25013,MA,279,19,2692519.0,334026.0,43,56.0,1984,39,73.0
25015,MA,215,24,2000913.0,288577.0,31,80.0,2011,49,69.0
25017,MA,3750,184,36417429.0,2416361.0,49,52.0,2010,658,96.0
25019,MA,601,57,17560881.0,965246.0,40,66.0,1991,162,85.0
25021,MA,3261,453,25840243.0,7948783.0,48,69.0,2010,476,96.0
25023,MA,10959,875,152664312.0,23303210.0,49,73.0,1991,3227,98.0
25025,MA,4367,282,28967247.0,5668288.0,49,62.0,1991,731,96.0
25027,MA,765,101,12583584.0,3408101.0,46,61.0,2005,138,87.0
26001,MI,15,6,26641.0,15927.0,12,47.0,1986,3,24.0
26003,MI,7,3,51924.0,15912.0,5,71.0,2022,3,15.0
26005,MI,69,12,1250103.0,822663.0,26,59.0,1997,7,49.0
26007,MI,17,6,57294.0,42068.0,12,71.0,1998,3,26.0
26009,MI,5,1,3514.0,2593.0,5,0.0,2014,1,11.0
26011,MI,119,55,1983709.0,1777202.0,20,54.0,2020,40,59.0
26013,MI,6,0,14325.0,0.0,2,17.0,1987,4,13.0
26015,MI,281,70,2995362.0,1426390.0,31,66.0,2004,49,73.0
26017,MI,515,86,2490221.0,1161230.0,32,43.0,1986,205,83.0
26019,MI,11,5,86664.0,35000.0,7,64.0,2019,3,20.0
26021,MI,310,73,4433772.0,1996862.0,39,43.0,2018,54,75.0
26023,MI,32,12,590479.0,314229.0,8,56.0,2018,11,36.0
26025,MI,60,13,226628.0,41282.0,27,40.0,2008,10,46.0
26027,MI,15,8,112345.0,95339.0,13,13.0,2015,2,24.0
26029,MI,9,8,183143.0,145626.0,5,22.0,2026,2,18.0
26031,MI,33,30,294122.0,294122.0,4,82.0,2026,29,37.0
26033,MI,6,3,122643.0,122643.0,6,17.0,2010,1,13.0
26035,MI,8,2,26830.0,0.0,6,62.0,2014,2,16.0
26037,MI,29,9,460366.0,201035.0,16,52.0,2013,5,34.0
26039,MI,1,1,23000.0,23000.0,1,0.0,2026,1,2.0
26041,MI,28,7,251118.0,190756.0,12,43.0,1986,13,34.0
26043,MI,6,0,14756.0,0.0,5,0.0,2002,2,13.0
26045,MI,149,19,702759.0,106690.0,26,68.0,1982,32,63.0
26047,MI,6,4,13550.0,0.0,5,50.0,2020,2,13.0
26049,MI,467,53,3204318.0,1031589.0,39,57.0,1985,83,82.0
26051,MI,31,11,1737767.0,1411446.0,6,26.0,2020,10,36.0
26053,MI,10,3,38343.0,15142.0,6,10.0,2002,4,19.0
26055,MI,57,29,669222.0,439842.0,19,42.0,2020,10,45.0
26057,MI,36,8,143750.0,31210.0,11,89.0,1986,16,38.0
26059,MI,13,8,150091.0,96428.0,9,77.0,2018,5,23.0
26061,MI,6,4,117086.0,96295.0,2,17.0,2018,4,13.0
26063,MI,49,12,228307.0,152925.0,12,33.0,1986,24,43.0
26065,MI,396,80,2384887.0,1492361.0,40,63.0,1981,71,79.0
26067,MI,37,14,292068.0,169159.0,13,89.0,2019,9,38.0
26069,MI,80,40,777548.0,727839.0,17,31.0,2020,17,52.0
26071,MI,3,0,0.0,0.0,2,33.0,1979,2,8.0
26073,MI,37,23,542744.0,497079.0,11,57.0,2017,20,38.0
26075,MI,41,8,216321.0,95313.0,20,54.0,2010,7,40.0
26077,MI,291,104,5145097.0,3856374.0,39,46.0,2008,46,74.0
26081,MI,673,101,10277896.0,2081934.0,45,77.0,2013,160,85.0
26085,MI,46,12,1187094.0,727278.0,14,33.0,2019,8,42.0
26087,MI,27,0,173581.0,0.0,12,52.0,2009,8,33.0
26089,MI,19,9,122136.0,104069.0,8,42.0,1986,5,28.0
26091,MI,60,3,345027.0,6912.0,20,65.0,1982,13,46.0
26093,MI,128,27,977482.0,176246.0,31,70.0,2004,38,60.0
26095,MI,1,0,5511.0,0.0,1,100.0,2001,1,2.0
26097,MI,6,3,8898.0,6641.0,4,50.0,1986,2,13.0
26099,MI,1436,177,8936137.0,2279595.0,48,62.0,1986,515,91.0
26101,MI,29,12,253386.0,130168.0,17,59.0,2020,6,34.0
26103,MI,21,9,233426.0,188881.0,14,33.0,2002,4,29.0
26105,MI,13,6,237710.0,191597.0,8,62.0,1986,4,23.0
26107,MI,63,12,1403566.0,134482.0,21,41.0,2013,14,48.0
26109,MI,48,25,246510.0,191016.0,14,42.0,2020,13,43.0
26111,MI,547,411,27807748.0,25440451.0,23,84.0,2020,237,84.0
26115,MI,1672,177,9857513.0,3998717.0,41,89.0,1985,559,93.0
26117,MI,9,3,36651.0,10477.0,5,67.0,2026,3,18.0
26121,MI,130,46,841802.0,518735.0,26,52.0,2020,23,60.0
26123,MI,152,36,3464425.0,844378.0,17,66.0,2014,56,63.0
26125,MI,580,138,5459497.0,2330542.0,48,39.0,1981,60,84.0
26127,MI,30,7,183478.0,104880.0,14,40.0,1986,7,35.0
26131,MI,9,1,4653.0,0.0,6,44.0,1986,3,18.0
26133,MI,66,18,1553882.0,432428.0,16,59.0,2014,32,48.0
26139,MI,335,73,3325544.0,758460.0,33,46.0,2013,61,77.0
26141,MI,1,0,0.0,0.0,1,100.0,1997,1,2.0
26143,MI,3,3,65310.0,65310.0,2,0.0,2026,2,8.0
26145,MI,791,264,11759059.0,8116979.0,43,78.0,1986,200,87.0
26147,MI,1184,284,5184246.0,2221515.0,43,57.0,1986,319,90.0
26149,MI,110,28,1637094.0,1000956.0,19,63.0,2018,24,57.0
26151,MI,14,0,112828.0,0.0,6,21.0,1987,6,23.0
26153,MI,2,1,10019.0,2010.0,2,0.0,2020,1,5.0
26155,MI,62,6,106288.0,9729.0,21,40.0,1981,21,47.0
26157,MI,133,14,1038146.0,159596.0,19,63.0,1986,54,61.0
26159,MI,31,10,221388.0,109743.0,20,58.0,2019,4,36.0
26161,MI,133,30,1641765.0,811002.0,29,65.0,2011,19,61.0
26163,MI,2888,691,13588823.0,6170694.0,49,69.0,1985,470,95.0
26165,MI,16,9,404364.0,384266.0,5,38.0,2026,9,25.0
27001,MN,95,3,754787.0,9820.0,10,66.0,2012,56,55.0
27003,MN,96,24,451139.0,196740.0,25,54.0,1997,14,55.0
27005,MN,92,2,1141159.0,53149.0,14,1.0,1998,38,54.0
27007,MN,3,1,11207.0,0.0,3,0.0,2009,1,8.0
27009,MN,46,3,179971.0,6280.0,9,85.0,1997,24,42.0
27011,MN,92,3,834294.0,31852.0,9,66.0,2010,30,54.0
27013,MN,92,32,1331814.0,752623.0,21,23.0,2024,14,54.0
27015,MN,35,6,493376.0,186527.0,9,51.0,1997,13,37.0
27017,MN,19,3,627171.0,84877.0,8,5.0,2012,9,28.0
27019,MN,70,2,214860.0,4618.0,17,79.0,1993,23,49.0
27021,MN,12,0,65401.0,0.0,6,8.0,2009,4,22.0
27023,MN,172,5,2522738.0,136042.0,14,36.0,1997,79,65.0
27025,MN,37,6,421727.0,292984.0,14,68.0,1986,14,38.0
27027,MN,1358,4,13681174.0,65296.0,28,39.0,1997,460,91.0
27029,MN,15,0,234519.0,0.0,6,7.0,2001,4,24.0
27031,MN,15,4,64492.0,40852.0,9,0.0,1994,3,24.0
27033,MN,43,29,469632.0,415069.0,6,77.0,2024,23,41.0
27035,MN,13,6,71715.0,22513.0,11,38.0,2018,2,23.0
27037,MN,181,43,3882467.0,1857310.0,33,53.0,2001,21,66.0
27039,MN,32,6,446485.0,94560.0,13,44.0,2019,6,36.0
27041,MN,16,0,281302.0,0.0,8,19.0,2011,6,25.0
27043,MN,12,5,70446.0,16615.0,7,42.0,2018,4,22.0
27045,MN,99,8,753114.0,63565.0,14,81.0,2000,23,55.0
27047,MN,45,8,901735.0,453738.0,20,33.0,1993,7,42.0
27049,MN,209,37,2686110.0,658224.0,22,84.0,2001,48,69.0
27051,MN,3,0,62420.0,0.0,3,0.0,2011,1,8.0
27053,MN,682,55,4592123.0,398943.0,46,36.0,1987,114,86.0
27055,MN,78,7,1048483.0,24764.0,20,88.0,2001,28,51.0
27057,MN,28,1,291698.0,0.0,7,0.0,2001,10,34.0
27059,MN,26,4,226363.0,76810.0,12,73.0,2001,7,32.0
27061,MN,12,1,121907.0,19113.0,11,8.0,2000,2,22.0
27063,MN,20,9,366147.0,349440.0,8,75.0,2024,8,29.0
27065,MN,21,10,172998.0,142227.0,6,43.0,2016,9,29.0
27067,MN,8,3,132326.0,23739.0,6,25.0,2025,2,16.0
27069,MN,247,2,1753372.0,0.0,15,45.0,1979,110,72.0
27071,MN,17,9,322358.0,278221.0,5,82.0,2022,9,26.0
27073,MN,45,3,224358.0,5155.0,9,78.0,1997,29,42.0
27075,MN,9,4,938269.0,680133.0,6,22.0,2019,3,18.0
27077,MN,5,1,128619.0,7798.0,2,40.0,2002,4,11.0
27079,MN,87,39,2580305.0,1674327.0,16,77.0,2024,23,53.0
27081,MN,3,1,7496.0,0.0,3,0.0,2019,1,8.0
27083,MN,63,5,163451.0,21069.0,18,65.0,1993,29,48.0
27085,MN,19,3,102507.0,2864.0,13,53.0,1997,3,28.0
27087,MN,10,1,149607.0,0.0,6,0.0,2001,3,19.0
27089,MN,1405,8,6777381.0,5389.0,21,56.0,1997,463,91.0
27093,MN,6,1,141584.0,12949.0,5,33.0,1984,2,13.0
27095,MN,24,2,118930.0,25893.0,12,54.0,2001,6,31.0
27097,MN,50,33,613364.0,524661.0,16,20.0,2020,12,44.0
27099,MN,730,15,10950417.0,329454.0,24,85.0,1978,168,86.0
27101,MN,15,9,165715.0,154425.0,5,87.0,2018,8,24.0
27103,MN,59,10,552979.0,141495.0,19,32.0,1997,8,46.0
27105,MN,83,14,209428.0,46527.0,15,81.0,2010,18,52.0
27107,MN,247,3,2450832.0,803.0,19,44.0,1997,108,72.0
27109,MN,719,19,5275284.0,718786.0,25,80.0,1978,462,86.0
27111,MN,109,4,1396418.0,5020.0,20,2.0,2011,46,57.0
27113,MN,25,2,57776.0,2567.0,10,32.0,1997,11,32.0
27115,MN,60,32,1356154.0,856380.0,12,43.0,2016,22,46.0
27117,MN,17,4,357394.0,136080.0,5,76.0,2010,10,26.0
27119,MN,1455,30,36277998.0,223943.0,29,63.0,1997,1019,91.0
27121,MN,7,0,38098.0,0.0,5,29.0,2013,2,15.0
27123,MN,145,15,1349127.0,16839.0,31,28.0,2001,22,62.0
27125,MN,2,0,8241.0,0.0,2,0.0,1997,1,5.0
27127,MN,3,0,143452.0,0.0,2,100.0,1997,2,8.0
27129,MN,6,3,69690.0,10332.0,4,17.0,2019,2,13.0
27131,MN,78,28,3576414.0,864619.0,14,60.0,2024,14,51.0
27133,MN,29,4,162111.0,19090.0,10,86.0,2014,9,34.0
27135,MN,279,0,3367854.0,0.0,6,90.0,2002,266,73.0
27137,MN,183,15,1792271.0,549357.0,30,49.0,2012,57,66.0
27139,MN,117,4,1132890.0,7409.0,18,74.0,2014,26,58.0
27141,MN,59,18,478317.0,278483.0,17,68.0,2001,14,46.0
27143,MN,12,4,66215.0,17440.0,7,25.0,2019,3,22.0
27145,MN,111,23,1082248.0,277749.0,22,53.0,1997,24,57.0
27147,MN,90,18,2046344.0,440845.0,14,64.0,2010,53,54.0
27149,MN,2,0,7926.0,0.0,2,100.0,1997,1,5.0
27151,MN,12,2,143998.0,0.0,6,75.0,1997,7,22.0
27153,MN,13,3,126636.0,29835.0,7,38.0,2001,3,23.0
27155,MN,146,5,1065205.0,140960.0,22,60.0,1997,45,63.0
27157,MN,162,21,3337163.0,455366.0,15,70.0,2010,36,64.0
27159,MN,7,0,32464.0,0.0,4,29.0,2009,3,15.0
27161,MN,9,6,111206.0,98385.0,6,11.0,2016,3,18.0
27163,MN,533,54,5349246.0,691249.0,35,71.0,2001,142,84.0
27165,MN,16,12,1132825.0,974051.0,4,44.0,2024,7,25.0
27167,MN,495,1,7405010.0,0.0,15,16.0,1997,407,83.0
27169,MN,115,2,3774390.0,10278.0,17,83.0,2007,66,58.0
27171,MN,223,7,1999980.0,5380.0,31,69.0,1986,45,70.0
27173,MN,146,5,1922208.0,40831.0,13,29.0,1997,62,63.0
28001,MS,187,10,1430571.0,60311.0,27,68.0,1979,55,67.0
28003,MS,67,3,4346661.0,161835.0,12,39.0,2010,38,49.0
28005,MS,24,1,194534.0,14681.0,9,8.0,1979,10,31.0
28007,MS,26,5,455466.0,145726.0,13,42.0,2001,10,32.0
28009,MS,3,0,798.0,0.0,3,100.0,1982,1,8.0
28011,MS,994,88,19697086.0,3022502.0,39,66.0,2011,201,89.0
28013,MS,38,9,807240.0,540694.0,18,68.0,1991,7,39.0
28015,MS,16,5,268443.0,150822.0,9,62.0,1991,5,25.0
28017,MS,3,1,8170.0,0.0,3,67.0,2021,1,8.0
28019,MS,17,4,154781.0,19485.0,13,76.0,2020,2,26.0
28021,MS,222,14,2359599.0,175439.0,30,56.0,2011,40,70.0
28023,MS,79,20,1304670.0,649541.0,16,63.0,2003,30,52.0
28025,MS,121,34,1318998.0,578739.0,23,67.0,2019,23,59.0
28027,MS,333,68,6534069.0,3709919.0,33,57.0,2016,51,76.0
28029,MS,37,7,239057.0,131302.0,16,38.0,1980,8,38.0
28031,MS,70,9,686696.0,179317.0,23,61.0,1990,15,49.0
28033,MS,280,39,6667060.0,1345248.0,42,47.0,2014,57,73.0
28035,MS,1754,164,12649843.0,4667896.0,47,77.0,1983,547,93.0
28037,MS,12,1,98730.0,53153.0,6,33.0,1979,4,22.0
28039,MS,65,10,385152.0,60936.0,21,75.0,2005,9,48.0
28041,MS,45,8,651043.0,288940.0,15,58.0,2009,8,42.0
28043,MS,320,9,3733715.0,136621.0,24,84.0,1983,94,76.0
28045,MS,9850,491,725152935.0,8775320.0,49,77.0,2005,5305,98.0
28047,MS,15797,972,1265931353.0,19449725.0,49,69.0,2005,8241,99.0
28049,MS,4715,445,70743042.0,12818188.0,49,66.0,1983,1458,97.0
28051,MS,117,9,1437504.0,371361.0,24,67.0,2001,36,58.0
28053,MS,343,26,3817926.0,641579.0,31,55.0,1982,55,77.0
28055,MS,127,26,1868694.0,639145.0,22,72.0,2019,19,60.0
28057,MS,3,0,51649.0,0.0,2,100.0,1999,2,8.0
28059,MS,11299,852,706941768.0,15723910.0,48,67.0,2005,5414,98.0
28061,MS,13,0,112374.0,0.0,9,46.0,2005,4,23.0
28063,MS,67,1,791811.0,4223.0,14,70.0,2011,13,49.0
28065,MS,6,1,5025.0,0.0,5,67.0,1990,2,13.0
28067,MS,248,52,2437925.0,1195738.0,37,54.0,2005,27,72.0
28071,MS,31,7,736691.0,500748.0,12,29.0,2010,8,36.0
28073,MS,399,46,5786649.0,809522.0,37,72.0,1999,67,80.0
28075,MS,290,42,3783181.0,789440.0,38,67.0,2003,66,74.0
28077,MS,43,6,645667.0,235676.0,20,49.0,1983,8,41.0
28079,MS,54,8,981994.0,608471.0,14,19.0,1983,34,45.0
28081,MS,174,47,3864849.0,2237979.0,29,73.0,2003,45,65.0
28083,MS,442,79,4363841.0,2305403.0,41,72.0,1983,174,81.0
28085,MS,75,8,514295.0,193096.0,23,55.0,1979,19,51.0
28087,MS,1186,67,7242328.0,527503.0,39,82.0,1983,253,90.0
28089,MS,1003,156,9427607.0,4076580.0,44,76.0,1983,178,89.0
28091,MS,685,76,7253306.0,1894843.0,41,46.0,1980,111,86.0
28093,MS,11,1,226736.0,0.0,8,55.0,2011,3,20.0
28095,MS,148,15,1417856.0,502684.0,27,82.0,1991,39,63.0
28099,MS,9,1,58493.0,10429.0,5,0.0,1983,3,18.0
28101,MS,12,0,120593.0,0.0,8,33.0,1979,3,22.0
28103,MS,15,6,155453.0,142252.0,6,67.0,1983,5,24.0
28105,MS,44,12,678064.0,568293.0,22,59.0,1979,8,41.0
28107,MS,87,15,1238218.0,351184.0,27,46.0,1991,25,53.0
28109,MS,803,99,16656179.0,3489616.0,38,61.0,2005,158,87.0
28111,MS,123,37,1704911.0,1315997.0,18,64.0,1990,27,59.0
28113,MS,189,12,4229791.0,410846.0,33,43.0,1979,20,67.0
28115,MS,3,1,48137.0,41323.0,3,0.0,2002,1,8.0
28117,MS,2,0,46011.0,0.0,2,0.0,2012,1,5.0
28119,MS,253,24,2331434.0,672852.0,27,58.0,1991,114,72.0
28121,MS,977,246,20878812.0,11503743.0,48,52.0,1983,193,89.0
28123,MS,33,14,1023111.0,794966.0,17,61.0,2017,5,37.0
28125,MS,238,25,2577129.0,685569.0,28,54.0,1979,49,71.0
28127,MS,246,9,2575491.0,547985.0,33,84.0,1990,56,72.0
28129,MS,11,1,78381.0,6033.0,8,45.0,1990,3,20.0
28131,MS,33,11,544441.0,387585.0,9,58.0,2019,8,37.0
28133,MS,191,36,1705142.0,817599.0,35,49.0,1991,32,67.0
28135,MS,102,12,766584.0,320427.0,27,72.0,1991,33,56.0
28137,MS,38,13,1476681.0,764835.0,16,42.0,2020,5,39.0
28139,MS,7,0,36752.0,0.0,4,86.0,1983,2,15.0
28141,MS,18,2,269386.0,66080.0,12,67.0,1991,3,27.0
28143,MS,449,7,4464722.0,93421.0,28,43.0,1983,99,81.0
28145,MS,19,1,503825.0,0.0,10,16.0,2004,5,28.0
28147,MS,233,31,2846883.0,849000.0,29,68.0,1994,30,70.0
28149,MS,2688,197,34879822.0,5393389.0,44,76.0,1983,376,95.0
28151,MS,1955,364,36237654.0,7657464.0,48,79.0,2008,421,93.0
28153,MS,53,10,849945.0,411611.0,21,36.0,1983,7,44.0
28155,MS,24,0,108563.0,0.0,7,4.0,1983,9,31.0
28157,MS,1394,100,18043393.0,2543618.0,41,53.0,1983,123,91.0
28159,MS,28,8,544669.0,380968.0,10,36.0,2023,8,34.0
28161,MS,39,4,363829.0,96962.0,11,8.0,1983,15,39.0
28163,MS,410,55,7198301.0,1513164.0,38,83.0,2011,109,80.0
29001,MO,21,9,530725.0,420327.0,10,71.0,2023,6,29.0
29003,MO,146,37,3848955.0,1226101.0,14,81.0,2007,35,63.0
29005,MO,146,21,4729305.0,2235487.0,12,95.0,1993,53,63.0
29007,MO,60,2,655710.0,503661.0,18,72.0,1981,14,46.0
29009,MO,53,5,2129459.0,134087.0,11,66.0,2008,12,44.0
29011,MO,17,1,269697.0,6888.0,8,59.0,2007,4,26.0
29013,MO,25,8,645960.0,125565.0,13,56.0,2007,6,32.0
29015,MO,38,2,312964.0,1288.0,10,87.0,1993,13,39.0
29017,MO,116,10,2290444.0,231476.0,16,76.0,2002,32,58.0
29019,MO,195,21,4062997.0,877151.0,30,66.0,1993,36,68.0
29021,MO,623,153,22457095.0,7677043.0,36,76.0,1993,135,85.0
29023,MO,517,92,10101940.0,2746463.0,36,85.0,2008,158,83.0
29025,MO,1,0,271.0,0.0,1,100.0,1998,1,2.0
29027,MO,316,28,4499471.0,1046336.0,29,86.0,1993,109,76.0
29029,MO,92,13,1707176.0,95011.0,21,50.0,2015,52,54.0
29031,MO,1074,29,11035544.0,1255841.0,35,81.0,1986,201,89.0
29033,MO,179,40,3661361.0,1069727.0,18,79.0,1993,39,66.0
29035,MO,123,33,5358978.0,4060454.0,16,73.0,2017,32,59.0
29037,MO,328,81,5390849.0,2828433.0,32,66.0,2017,54,76.0
29041,MO,57,15,744761.0,227488.0,9,96.0,2019,15,45.0
29043,MO,77,19,2932047.0,1370321.0,19,52.0,2015,18,51.0
29045,MO,106,30,7551401.0,5185398.0,10,77.0,1993,30,56.0
29047,MO,790,54,10726781.0,1461823.0,42,56.0,1982,207,87.0
29049,MO,7,1,66745.0,0.0,6,43.0,2015,2,15.0
29051,MO,416,68,7554005.0,2571275.0,35,83.0,1993,96,80.0
29053,MO,9,1,137114.0,40455.0,6,56.0,1993,3,18.0
29055,MO,124,46,6016905.0,3040360.0,19,63.0,2017,22,60.0
29059,MO,3,1,27938.0,0.0,2,33.0,2015,2,8.0
29061,MO,37,3,608571.0,25131.0,4,95.0,1993,33,38.0
29063,MO,6,0,69060.0,0.0,5,67.0,1993,2,13.0
29065,MO,5,1,26602.0,0.0,5,100.0,2017,1,11.0
29069,MO,57,11,399485.0,168467.0,27,70.0,2011,8,45.0
29071,MO,1096,180,30928725.0,8236592.0,36,84.0,2015,204,89.0
29073,MO,445,68,8009749.0,1776808.0,24,86.0,1993,103,81.0
29075,MO,2,2,35554.0,35554.0,2,0.0,2019,1,5.0
29077,MO,199,30,2956316.0,900563.0,39,43.0,2008,44,68.0
29079,MO,4,2,157554.0,155599.0,3,50.0,2019,2,10.0
29081,MO,6,1,156657.0,48195.0,5,100.0,1993,2,13.0
29083,MO,1,0,8414.0,0.0,1,0.0,1981,1,2.0
29085,MO,5,0,340500.0,0.0,1,100.0,1993,5,11.0
29087,MO,1254,266,34337783.0,8409200.0,18,97.0,2011,312,91.0
29089,MO,68,10,812920.0,269769.0,15,66.0,1993,22,49.0
29091,MO,75,50,3378672.0,2655197.0,10,80.0,2017,47,51.0
29093,MO,58,8,396395.0,116128.0,15,78.0,2002,28,46.0
29095,MO,2114,207,45713800.0,9254974.0,47,56.0,1982,442,94.0
29097,MO,175,54,2792819.0,1469400.0,28,57.0,2019,21,65.0
29099,MO,4592,382,69007135.0,12757172.0,48,78.0,1993,792,97.0
29101,MO,44,13,307126.0,74710.0,19,32.0,2008,8,41.0
29103,MO,4,0,1062028.0,0.0,2,50.0,2015,3,10.0
29105,MO,26,3,653763.0,28052.0,14,50.0,2015,10,32.0
29107,MO,18,0,275556.0,0.0,11,78.0,1993,4,27.0
29109,MO,34,20,657235.0,423081.0,9,59.0,2021,18,37.0
29111,MO,143,14,3510884.0,345053.0,16,61.0,2008,45,62.0
29113,MO,2252,321,33804808.0,6909945.0,41,88.0,1993,511,94.0
29115,MO,22,3,214700.0,9195.0,8,68.0,2008,6,30.0
29117,MO,24,4,316861.0,99643.0,12,58.0,2007,6,31.0
29119,MO,386,172,12573570.0,5387714.0,17,84.0,2019,63,79.0
29121,MO,2,0,8285.0,0.0,2,50.0,1996,1,5.0
29123,MO,155,10,2611858.0,370994.0,14,61.0,1999,59,64.0
29125,MO,101,17,2929751.0,847082.0,10,89.0,2013,23,56.0
29127,MO,535,20,10897864.0,673265.0,27,77.0,1993,141,84.0
29131,MO,28,1,553256.0,111660.0,13,21.0,1994,4,34.0
29133,MO,212,4,4340242.0,0.0,20,74.0,2011,119,69.0
29135,MO,27,1,261495.0,14102.0,5,89.0,1995,13,33.0
29137,MO,12,0,198881.0,0.0,6,100.0,2008,7,22.0
29139,MO,126,2,1294873.0,11636.0,13,97.0,1993,85,60.0
29141,MO,15,3,161897.0,10203.0,6,67.0,2015,6,24.0
29143,MO,202,20,2993122.0,395664.0,25,71.0,2011,46,68.0
29145,MO,209,96,5194525.0,2850456.0,23,71.0,2017,62,69.0
29147,MO,7,1,148619.0,10000.0,5,86.0,2007,2,15.0
29149,MO,39,2,465175.0,81188.0,14,95.0,1993,8,39.0
29151,MO,180,25,3136160.0,760830.0,22,77.0,1993,47,66.0
29153,MO,6,4,334857.0,274588.0,3,83.0,2017,4,13.0
29155,MO,127,7,746031.0,188784.0,25,80.0,1983,16,60.0
29157,MO,258,6,4970410.0,157847.0,13,97.0,1993,234,72.0
29159,MO,45,10,335444.0,220229.0,23,53.0,2022,5,42.0
29161,MO,305,38,11271708.0,3271118.0,26,70.0,2008,41,75.0
29163,MO,938,142,10072255.0,2836070.0,39,90.0,2008,128,88.0
29165,MO,368,44,12918708.0,952754.0,31,68.0,1993,113,78.0
29167,MO,10,3,105298.0,96206.0,8,60.0,2009,3,19.0
29169,MO,267,54,6789385.0,2982479.0,28,76.0,2013,72,73.0
29171,MO,1,1,3122.0,3122.0,1,0.0,2019,1,2.0
29173,MO,51,7,911289.0,246098.0,13,51.0,2008,9,44.0
29175,MO,3,0,1988.0,0.0,3,33.0,1999,1,8.0
29177,MO,191,6,2158003.0,77725.0,20,79.0,1993,136,67.0
29179,MO,134,23,2630975.0,1285468.0,15,87.0,2008,33,61.0
29181,MO,244,77,12367600.0,9037728.0,21,84.0,2017,66,72.0
29183,MO,9998,822,151769448.0,28827210.0,49,93.0,1993,2393,98.0
29186,MO,1160,14,6966444.0,225462.0,30,95.0,1993,293,90.0
29187,MO,94,26,2804330.0,952331.0,27,83.0,1993,13,55.0
29189,MO,12029,1289,264532211.0,82009843.0,49,79.0,1993,1967,99.0
29195,MO,16,2,272408.0,150006.0,10,81.0,1993,7,25.0
29201,MO,482,48,4367700.0,1079484.0,44,84.0,2011,99,82.0
29203,MO,18,3,157622.0,15400.0,7,89.0,2008,6,27.0
29205,MO,2,0,50573.0,0.0,2,100.0,2008,1,5.0
29207,MO,102,11,1064948.0,184006.0,25,76.0,2011,48,56.0
29209,MO,75,21,2071553.0,858854.0,13,59.0,2008,23,51.0
29211,MO,2,0,329.0,0.0,2,50.0,1996,1,5.0
29213,MO,400,72,18246321.0,2607150.0,17,83.0,2011,133,80.0
29215,MO,15,0,309713.0,0.0,10,47.0,1998,4,24.0
29217,MO,12,4,93357.0,38147.0,6,100.0,1994,5,22.0
29219,MO,102,5,2309700.0,1131128.0,10,91.0,1993,55,56.0
29221,MO,38,0,264816.0,0.0,13,76.0,1993,5,39.0
29223,MO,141,16,3138442.0,579970.0,18,77.0,2008,65,62.0
29225,MO,13,4,311225.0,55665.0,6,62.0,2008,4,23.0
29229,MO,8,2,93111.0,2511.0,6,38.0,2013,3,16.0
29510,MO,739,42,10122694.0,2614654.0,38,58.0,1993,280,86.0
30001,MT,12,0,2464.0,0.0,5,75.0,1984,8,22.0
30003,MT,16,0,245117.0,0.0,5,19.0,1978,7,25.0
30005,MT,50,1,69070.0,5292.0,12,24.0,1978,29,44.0
30007,MT,2,0,6500.0,0.0,1,0.0,2011,2,5.0
30009,MT,59,23,2711270.0,2394326.0,18,53.0,2022,20,46.0
30013,MT,257,18,854701.0,304435.0,27,57.0,1981,60,72.0
30017,MT,156,6,400061.0,6371.0,20,34.0,1979,65,64.0
30021,MT,7,2,144610.0,110015.0,5,29.0,2011,2,15.0
30023,MT,9,1,8284.0,4636.0,7,11.0,1984,3,18.0
30025,MT,1,0,0.0,0.0,1,0.0,1978,1,2.0
30027,MT,27,1,243625.0,0.0,10,48.0,2011,14,33.0
30029,MT,132,12,690321.0,34721.0,21,23.0,1997,61,61.0
30031,MT,76,13,340091.0,58342.0,21,28.0,1997,13,51.0
30033,MT,2,2,0.0,0.0,2,100.0,2016,1,5.0
30035,MT,8,0,32243.0,0.0,5,88.0,1997,3,16.0
30039,MT,7,0,16934.0,0.0,7,43.0,2011,1,15.0
30041,MT,17,2,55508.0,123.0,7,12.0,1978,5,26.0
30043,MT,5,0,6966.0,0.0,2,60.0,2011,4,11.0
30047,MT,12,0,20285.0,0.0,4,42.0,1997,9,22.0
30049,MT,102,40,431717.0,178216.0,17,25.0,2018,38,56.0
30051,MT,4,3,7075.0,6286.0,2,75.0,2018,3,10.0
30053,MT,39,3,447458.0,56662.0,12,64.0,1996,20,39.0
30057,MT,6,0,26091.0,0.0,5,0.0,1997,2,13.0
30059,MT,6,1,78058.0,0.0,5,33.0,1997,2,13.0
30061,MT,5,0,10768.0,0.0,1,40.0,1997,5,11.0
30063,MT,172,39,973326.0,346744.0,21,33.0,1997,70,65.0
30065,MT,60,0,1201833.0,0.0,6,47.0,2011,28,46.0
30067,MT,141,36,3285538.0,2517786.0,14,85.0,1997,64,62.0
30071,MT,39,4,134717.0,35629.0,7,18.0,1978,19,39.0
30075,MT,7,0,25382.0,0.0,2,14.0,1978,6,15.0
30077,MT,18,1,119585.0,53021.0,4,33.0,1981,11,27.0
30081,MT,36,2,115489.0,0.0,10,14.0,1997,20,38.0
30083,MT,8,3,94830.0,32196.0,5,25.0,2019,2,16.0
30085,MT,9,0,65078.0,0.0,4,78.0,2011,5,18.0
30087,MT,12,2,15452.0,3236.0,6,42.0,2014,4,22.0
30089,MT,9,0,223031.0,0.0,2,56.0,1997,7,18.0
30091,MT,1,0,73.0,0.0,1,0.0,1979,1,2.0
30093,MT,10,0,8245.0,0.0,6,70.0,2011,5,19.0
30095,MT,60,35,1343057.0,1280897.0,12,57.0,2022,33,46.0
30097,MT,10,2,419108.0,93110.0,4,30.0,1997,7,19.0
30099,MT,5,1,30662.0,28322.0,4,20.0,1991,2,11.0
30101,MT,1,0,416.0,0.0,1,0.0,1982,1,2.0
30105,MT,250,7,1493953.0,1621.0,13,28.0,2011,92,72.0
30107,MT,19,2,38369.0,18329.0,6,32.0,1979,11,28.0
30109,MT,3,0,77084.0,0.0,2,0.0,1978,2,8.0
30111,MT,272,46,2279636.0,1003907.0,29,32.0,1978,52,73.0
31001,NE,24,6,282462.0,251096.0,15,33.0,1978,5,31.0
31003,NE,15,4,406249.0,112017.0,4,93.0,2010,9,24.0
31011,NE,15,7,134804.0,103294.0,5,93.0,2019,6,24.0
31013,NE,2,0,0.0,0.0,1,50.0,2014,2,5.0
31015,NE,18,5,313327.0,180231.0,6,100.0,2011,7,27.0
31019,NE,64,48,7179571.0,7142529.0,13,83.0,2019,46,48.0
31021,NE,63,24,1627431.0,919228.0,8,79.0,2011,32,48.0
31023,NE,11,3,288577.0,83688.0,7,82.0,2019,3,20.0
31025,NE,410,92,8550387.0,5739241.0,24,51.0,2011,119,80.0
31027,NE,4,4,23727.0,23727.0,1,100.0,2019,4,10.0
31033,NE,27,0,76422.0,0.0,7,70.0,2010,19,33.0
31035,NE,1,1,1561.0,1561.0,1,0.0,2017,1,2.0
31037,NE,171,33,1840385.0,567286.0,20,82.0,2008,52,65.0
31039,NE,43,25,479478.0,440390.0,7,74.0,2019,25,41.0
31041,NE,11,7,83436.0,13553.0,5,55.0,2019,6,20.0
31043,NE,89,15,926491.0,367601.0,12,9.0,2011,65,53.0
31047,NE,89,32,508479.0,247967.0,11,76.0,2019,31,53.0
31049,NE,3,1,15883.0,3848.0,2,100.0,2010,2,8.0
31051,NE,3,1,32703.0,29883.0,2,0.0,1979,2,8.0
31053,NE,809,364,11690663.0,9234876.0,37,86.0,2019,285,87.0
31055,NE,1045,263,14466999.0,9325208.0,41,67.0,2019,225,89.0
31057,NE,1,0,3019.0,0.0,1,100.0,1984,1,2.0
31059,NE,2,0,25000.0,0.0,2,0.0,1984,1,5.0
31061,NE,2,0,1858.0,0.0,2,50.0,1980,1,5.0
31065,NE,3,2,4118.0,4118.0,2,33.0,2019,2,8.0
31067,NE,184,4,1740597.0,65015.0,13,89.0,1984,77,66.0
31069,NE,2,0,4926.0,0.0,2,0.0,2011,1,5.0
31079,NE,126,20,811541.0,410322.0,21,68.0,2005,33,60.0
31081,NE,15,0,76650.0,0.0,6,27.0,1980,9,24.0
31089,NE,6,4,4899.0,4899.0,4,83.0,2019,3,13.0
31093,NE,19,13,223329.0,221314.0,7,68.0,2019,11,28.0
31095,NE,10,0,14186.0,0.0,4,30.0,1984,5,19.0
31097,NE,3,1,1972.0,0.0,3,33.0,2001,1,8.0
31099,NE,4,0,6349.0,0.0,2,50.0,2014,2,10.0
31101,NE,7,2,38552.0,0.0,6,71.0,2002,2,15.0
31107,NE,26,12,759469.0,160637.0,6,77.0,2011,12,32.0
31109,NE,313,21,2991160.0,170558.0,37,67.0,2015,127,76.0
31111,NE,78,4,255380.0,2311.0,22,76.0,2011,19,51.0
31113,NE,1,0,0.0,0.0,1,0.0,1983,1,2.0
31119,NE,70,11,3407960.0,318621.0,18,76.0,2010,22,49.0
31121,NE,16,2,18992.0,0.0,9,62.0,1982,5,25.0
31125,NE,4,3,28953.0,28953.0,2,75.0,2019,3,10.0
31127,NE,49,0,453662.0,0.0,7,59.0,1993,16,43.0
31129,NE,5,1,11870.0,0.0,5,60.0,2019,1,11.0
31131,NE,27,2,415728.0,7040.0,11,74.0,2010,6,33.0
31137,NE,9,3,79046.0,37182.0,5,89.0,2019,3,18.0
31139,NE,12,7,197115.0,181009.0,6,75.0,2019,7,22.0
31141,NE,87,20,1455634.0,1000840.0,23,54.0,2019,13,53.0
31143,NE,6,2,28684.0,20000.0,6,83.0,1978,1,13.0
31145,NE,15,5,60099.0,24565.0,7,67.0,2007,6,24.0
31147,NE,85,11,2057469.0,132275.0,17,86.0,2010,13,53.0
31151,NE,194,7,1084710.0,22054.0,20,96.0,2015,86,68.0
31153,NE,848,223,21066746.0,14314415.0,34,73.0,1993,212,88.0
31155,NE,259,54,4310423.0,2214382.0,27,60.0,1993,56,72.0
31157,NE,52,4,177715.0,1331.0,14,63.0,2011,21,44.0
31159,NE,28,6,165696.0,48315.0,12,93.0,1993,6,34.0
31161,NE,1,1,1192.0,1192.0,1,0.0,2020,1,2.0
31167,NE,4,1,153405.0,150000.0,4,75.0,2008,1,10.0
31169,NE,25,3,325837.0,10716.0,9,76.0,2015,9,32.0
31173,NE,13,2,552055.0,541648.0,5,92.0,1984,8,23.0
31175,NE,8,3,110663.0,82117.0,4,62.0,2010,4,16.0
31177,NE,159,35,3096292.0,681026.0,16,84.0,2011,36,64.0
31179,NE,5,0,5444.0,0.0,5,80.0,2003,1,11.0
31181,NE,3,2,13326.0,11599.0,3,33.0,2019,1,8.0
31183,NE,2,0,7763.0,0.0,1,100.0,2010,2,5.0
31185,NE,9,2,30584.0,0.0,7,100.0,2021,2,18.0
32001,NV,7,3,24670.0,14820.0,5,29.0,2017,3,15.0
32003,NV,626,25,9289633.0,931145.0,43,39.0,1999,122,85.0
32005,NV,226,31,4300835.0,848116.0,23,71.0,1997,101,70.0
32007,NV,31,16,141900.0,113942.0,10,81.0,2017,15,36.0
32011,NV,1,0,588.0,0.0,1,100.0,2005,1,2.0
32013,NV,16,3,79258.0,19054.0,3,0.0,1984,12,25.0
32015,NV,3,0,1058.0,0.0,3,67.0,1998,1,8.0
32017,NV,4,1,0.0,0.0,4,50.0,2022,1,10.0
32019,NV,24,9,678570.0,403281.0,9,50.0,1997,8,31.0
32021,NV,1,0,2663.0,0.0,1,100.0,2008,1,2.0
32023,NV,136,72,1340827.0,1065596.0,27,96.0,2021,38,61.0
32027,NV,4,0,18853.0,0.0,1,0.0,1984,4,10.0
32029,NV,10,0,36034.0,0.0,4,40.0,1995,5,19.0
32031,NV,752,144,30871006.0,3199367.0,38,74.0,1997,307,86.0
32033,NV,8,2,1511.0,1121.0,7,88.0,1991,2,16.0
32510,NV,91,9,559389.0,85216.0,19,43.0,1997,26,54.0
33001,NH,108,0,924151.0,0.0,26,56.0,2005,18,57.0
33003,NH,290,47,2769420.0,975720.0,30,59.0,1998,44,74.0
33005,NH,247,20,6689560.0,423089.0,26,71.0,2005,80,72.0
33007,NH,95,17,669305.0,185088.0,26,54.0,1998,16,55.0
33009,NH,363,57,4720067.0,1028388.0,41,69.0,2011,99,78.0
33011,NH,629,38,9815602.0,590765.0,40,51.0,2006,165,85.0
33013,NH,299,11,6029560.0,107042.0,34,59.0,2006,89,75.0
33015,NH,2164,478,30324780.0,14326964.0,42,64.0,2006,265,94.0
33017,NH,137,7,2253852.0,100749.0,26,50.0,2006,39,61.0
33019,NH,62,18,1265191.0,903672.0,21,76.0,2023,13,47.0
34001,NJ,20908,530,474140623.0,10435953.0,49,96.0,2012,11429,99.0
34003,NJ,14466,2352,431325124.0,96390643.0,49,81.0,2011,3686,99.0
34005,NJ,2178,378,28926055.0,5600037.0,47,69.0,2011,424,94.0
34007,NJ,1297,152,8271051.0,1558759.0,49,62.0,2011,144,91.0
34009,NJ,28015,1556,404790468.0,24787652.0,49,99.0,2012,10138,100.0
34011,NJ,756,38,12438665.0,408771.0,41,81.0,2012,213,87.0
34013,NJ,5838,1182,162833656.0,51208533.0,49,73.0,2011,1543,97.0
34015,NJ,706,74,4736536.0,693577.0,45,68.0,2011,165,86.0
34017,NJ,5181,831,177227229.0,17014763.0,48,83.0,2012,2334,97.0
34019,NJ,1571,308,39132862.0,15306569.0,39,78.0,2011,302,92.0
34021,NJ,2430,223,48402811.0,11766280.0,46,68.0,2011,408,94.0
34023,NJ,5247,1017,162659662.0,51957248.0,49,72.0,2011,1114,97.0
34025,NJ,19975,493,896032008.0,7239122.0,49,81.0,2012,10109,99.0
34027,NJ,9460,442,199518649.0,8717050.0,48,85.0,2011,2971,98.0
34029,NJ,52878,633,2437742303.0,5864508.0,49,95.0,2012,37797,100.0
34031,NJ,14382,1007,315240873.0,39814589.0,49,91.0,2011,4042,99.0
34033,NJ,824,70,9110354.0,2046520.0,39,79.0,2012,150,87.0
34035,NJ,6501,1117,239528628.0,79758027.0,48,74.0,2011,1383,97.0
34037,NJ,192,12,1954080.0,290540.0,35,41.0,2011,58,67.0
34039,NJ,7500,1854,163333310.0,67234477.0,49,74.0,2011,1679,98.0
34041,NJ,1272,67,31883418.0,811127.0,37,69.0,2005,273,91.0
35001,NM,173,17,1434279.0,56217.0,41,51.0,2006,25,65.0
35003,NM,5,0,168085.0,0.0,2,0.0,2013,4,11.0
35005,NM,132,91,8181586.0,7962295.0,19,64.0,2024,82,61.0
35006,NM,28,4,610565.0,279836.0,11,79.0,2005,11,34.0
35007,NM,8,0,13050.0,0.0,7,62.0,2008,2,16.0
35009,NM,56,6,562922.0,119791.0,16,96.0,1988,15,45.0
35013,NM,208,31,4891552.0,205073.0,34,73.0,2006,66,69.0
35015,NM,51,2,332647.0,0.0,19,69.0,2004,18,44.0
35017,NM,9,1,114115.0,0.0,7,56.0,2006,2,18.0
35023,NM,3,0,27828.0,0.0,2,67.0,2006,2,8.0
35025,NM,207,22,931258.0,143385.0,30,55.0,1992,75,69.0
35027,NM,269,192,16978297.0,14830996.0,17,51.0,2025,88,73.0
35028,NM,10,0,30868.0,0.0,4,0.0,2001,7,19.0
35029,NM,4,1,151028.0,62607.0,3,0.0,1999,2,10.0
35031,NM,18,4,19132.0,5848.0,12,28.0,1990,4,27.0
35033,NM,60,60,459750.0,459750.0,4,33.0,2025,34,46.0
35035,NM,130,17,1539366.0,169057.0,27,74.0,2006,52,60.0
35037,NM,11,2,32634.0,20321.0,8,82.0,1996,2,20.0
35039,NM,31,1,299388.0,8560.0,18,61.0,2004,5,36.0
35041,NM,30,13,322424.0,285875.0,15,87.0,2021,8,35.0
35043,NM,50,8,359096.0,89082.0,25,36.0,1990,5,44.0
35045,NM,48,3,537443.0,34857.0,17,50.0,2013,12,43.0
35047,NM,136,119,808206.0,743488.0,15,23.0,2024,90,61.0
35049,NM,53,15,958495.0,625847.0,22,45.0,2018,9,44.0
35051,NM,15,1,157857.0,7844.0,7,60.0,2013,7,24.0
35053,NM,23,13,392740.0,374370.0,14,65.0,1999,3,30.0
35055,NM,24,2,51076.0,0.0,11,21.0,1979,13,31.0
35057,NM,1,0,4797.0,0.0,1,0.0,2015,1,2.0
35061,NM,125,43,982291.0,635415.0,34,81.0,2006,22,60.0
36001,NY,362,34,4506015.0,394694.0,41,56.0,2011,95,78.0
36003,NY,193,4,714840.0,32932.0,25,64.0,1996,79,67.0
36005,NY,1945,324,27350685.0,7154841.0,48,59.0,2012,547,93.0
36007,NY,3099,105,136861001.0,2458617.0,42,47.0,2011,1416,95.0
36009,NY,493,11,5071571.0,133629.0,38,65.0,1996,130,83.0
36011,NY,265,50,1517910.0,587901.0,39,60.0,1993,62,73.0
36013,NY,1803,43,9815185.0,1515008.0,39,79.0,1979,444,93.0
36015,NY,304,29,2614618.0,257577.0,25,47.0,1996,98,75.0
36017,NY,632,17,11281341.0,173102.0,31,65.0,2011,228,85.0
36019,NY,296,6,5160073.0,326207.0,32,52.0,2011,83,75.0
36021,NY,236,7,3012154.0,28082.0,35,61.0,2011,54,71.0
36023,NY,357,12,3437514.0,572410.0,26,67.0,2005,99,78.0
36025,NY,1290,26,39366089.0,225668.0,40,76.0,2006,445,91.0
36027,NY,763,139,13950418.0,2928172.0,42,60.0,2011,216,87.0
36029,NY,2483,127,12781817.0,2678254.0,48,44.0,1979,723,95.0
36031,NY,369,23,6280641.0,772493.0,33,45.0,2011,108,78.0
36033,NY,40,3,178511.0,32198.0,19,50.0,1998,6,40.0
36035,NY,116,15,873738.0,69408.0,26,59.0,2006,31,58.0
36037,NY,137,27,1833731.0,1085218.0,22,57.0,1998,35,61.0
36039,NY,578,22,18699575.0,477322.0,39,60.0,2011,235,84.0
36041,NY,35,13,719016.0,362537.0,13,54.0,2011,10,37.0
36043,NY,422,51,6132358.0,2431779.0,32,67.0,2013,158,80.0
36045,NY,250,92,2381708.0,1622681.0,37,60.0,2017,45,72.0
36047,NY,6304,718,327777720.0,11885696.0,48,51.0,2012,3583,97.0
36049,NY,38,4,425559.0,42528.0,17,55.0,1998,15,39.0
36051,NY,101,17,629338.0,186572.0,29,76.0,2014,13,56.0
36053,NY,313,42,4643753.0,570481.0,31,79.0,2013,102,76.0
36055,NY,827,199,4829066.0,1789883.0,48,65.0,2017,119,87.0
36057,NY,288,11,8774894.0,134977.0,27,61.0,2011,69,74.0
36059,NY,51516,2169,2264073666.0,42493109.0,49,70.0,2012,27136,100.0
36061,NY,1493,182,120608286.0,3656740.0,44,62.0,2012,670,92.0
36063,NY,179,44,764445.0,440927.0,41,59.0,2013,30,66.0
36065,NY,1069,306,16176369.0,7672285.0,44,67.0,2011,189,89.0
36067,NY,969,111,8580775.0,2427182.0,48,58.0,1993,190,89.0
36069,NY,263,63,3840994.0,866575.0,39,61.0,1993,52,73.0
36071,NY,2029,172,26594352.0,3082600.0,48,52.0,2011,589,94.0
36073,NY,41,15,153337.0,121603.0,18,41.0,2017,8,40.0
36075,NY,221,52,2462869.0,743602.0,39,58.0,1993,31,70.0
36077,NY,463,15,8956245.0,121860.0,30,66.0,2006,196,82.0
36079,NY,370,47,5436834.0,1440558.0,37,34.0,2011,70,78.0
36081,NY,14917,1299,693805317.0,31035176.0,49,59.0,2012,7716,99.0
36083,NY,460,44,5656081.0,1215401.0,43,77.0,2011,157,82.0
36085,NY,19419,473,278166624.0,6733622.0,49,29.0,2012,4136,99.0
36087,NY,3476,183,45205669.0,6615542.0,48,38.0,2011,502,96.0
36089,NY,95,19,1676090.0,1238377.0,29,64.0,1998,13,55.0
36091,NY,580,19,7955279.0,128013.0,41,73.0,2011,210,84.0
36093,NY,355,16,8226074.0,578836.0,30,56.0,2011,127,78.0
36095,NY,666,3,31015837.0,21844.0,26,73.0,2011,326,85.0
36097,NY,30,5,409911.0,302418.0,6,57.0,1993,11,35.0
36099,NY,108,28,977123.0,545983.0,22,54.0,1993,45,57.0
36101,NY,375,45,2107803.0,793044.0,41,49.0,1996,108,79.0
36103,NY,33916,1412,1099644363.0,44175028.0,49,75.0,2012,13306,100.0
36105,NY,940,34,16006225.0,357106.0,39,62.0,2006,237,88.0
36107,NY,1558,59,60382649.0,837046.0,33,79.0,2011,716,92.0
36109,NY,290,19,1884790.0,104065.0,31,37.0,1981,101,74.0
36111,NY,1276,38,29783815.0,1082092.0,45,61.0,2011,483,91.0
36113,NY,116,18,1807998.0,490971.0,38,45.0,2011,31,58.0
36115,NY,136,4,1417082.0,36308.0,30,43.0,2011,35,61.0
36117,NY,209,110,2409809.0,1920447.0,27,70.0,2019,62,69.0
36119,NY,12245,2775,272384404.0,130275532.0,49,53.0,2021,1829,99.0
36121,NY,113,17,974839.0,187751.0,23,69.0,1998,57,58.0
36123,NY,147,9,1028788.0,217452.0,26,59.0,2014,39,63.0
37001,NC,168,81,5115090.0,3897546.0,28,83.0,2025,53,65.0
37003,NC,6,2,41884.0,36973.0,4,50.0,2013,2,13.0
37005,NC,13,7,475389.0,385497.0,7,62.0,2024,4,23.0
37007,NC,3,0,21525.0,0.0,3,33.0,2014,1,8.0
37009,NC,183,91,7336924.0,6703383.0,25,64.0,2024,86,66.0
37011,NC,288,148,14752999.0,12385322.0,20,71.0,2024,137,74.0
37013,NC,9460,1498,125233092.0,26817363.0,43,92.0,1999,2500,98.0
37015,NC,423,175,12927277.0,5568251.0,20,67.0,2016,172,80.0
37017,NC,195,149,9057610.0,8246995.0,19,55.0,2018,95,68.0
37019,NC,9879,2914,99190764.0,52446071.0,49,91.0,1999,1784,98.0
37021,NC,1190,679,103790551.0,86052314.0,38,73.0,2024,506,90.0
37023,NC,131,77,11274261.0,9037090.0,13,60.0,2024,71,60.0
37025,NC,240,65,5312799.0,1210294.0,27,65.0,2008,59,71.0
37027,NC,85,36,1546983.0,1146848.0,22,62.0,2024,13,53.0
37029,NC,284,108,3395123.0,1792574.0,21,95.0,2016,81,74.0
37031,NC,8996,2737,123137347.0,67306810.0,48,74.0,2018,2521,98.0
37033,NC,1,0,0.0,0.0,1,100.0,1995,1,2.0
37035,NC,210,104,4835967.0,3548116.0,27,53.0,2020,41,69.0
37037,NC,41,31,2141124.0,1929325.0,12,71.0,2025,14,40.0
37039,NC,56,13,948517.0,450607.0,15,70.0,2015,14,45.0
37041,NC,282,35,5929601.0,533048.0,24,80.0,2003,146,73.0
37043,NC,35,14,169837.0,77524.0,8,86.0,2013,13,37.0
37045,NC,54,15,740447.0,296032.0,21,76.0,2010,10,45.0
37047,NC,712,503,24820132.0,22343103.0,32,68.0,2018,307,86.0
37049,NC,6126,2849,236321325.0,201601684.0,45,90.0,2018,2738,97.0
37051,NC,825,607,24794857.0,22770810.0,43,39.0,2016,329,87.0
37053,NC,2006,801,21739155.0,9935133.0,40,41.0,2016,537,94.0
37055,NC,18930,3323,225807754.0,60319060.0,49,83.0,2011,3462,99.0
37057,NC,103,44,1707627.0,1095390.0,27,62.0,2003,18,56.0
37059,NC,12,5,146848.0,34719.0,9,58.0,2020,3,22.0
37061,NC,542,383,52055079.0,49130536.0,26,37.0,2018,305,84.0
37063,NC,443,195,10746764.0,8360498.0,42,55.0,1996,76,81.0
37065,NC,795,377,28212269.0,16618145.0,33,66.0,2016,333,87.0
37067,NC,440,107,4699298.0,1598707.0,43,56.0,2018,39,81.0
37069,NC,23,2,249017.0,32053.0,11,74.0,1999,6,30.0
37071,NC,105,40,1335677.0,956781.0,30,72.0,2024,18,56.0
37073,NC,26,16,334327.0,213666.0,7,69.0,2016,16,32.0
37075,NC,7,2,14169.0,2217.0,4,43.0,2003,3,15.0
37077,NC,15,6,195670.0,130616.0,11,60.0,1996,3,24.0
37079,NC,82,57,2548423.0,1692646.0,13,46.0,2016,44,52.0
37081,NC,680,185,9376915.0,4337973.0,46,61.0,1979,75,86.0
37083,NC,54,13,763111.0,231784.0,17,50.0,1999,18,45.0
37085,NC,116,87,2498787.0,2215973.0,21,47.0,2018,44,58.0
37087,NC,730,424,35878153.0,27881132.0,25,86.0,2024,277,86.0
37089,NC,440,287,29263058.0,27673670.0,34,70.0,2024,216,81.0
37091,NC,159,31,3074743.0,1290483.0,21,30.0,2001,43,64.0
37093,NC,39,26,615585.0,586167.0,15,38.0,2018,12,39.0
37095,NC,1734,680,41886406.0,29558001.0,32,96.0,2019,508,93.0
37097,NC,60,27,1128475.0,311902.0,23,57.0,2003,12,46.0
37099,NC,97,49,1067403.0,333131.0,24,76.0,2024,32,55.0
37101,NC,311,191,11289521.0,9122735.0,29,67.0,2016,120,75.0
37103,NC,205,120,16851796.0,13902303.0,11,64.0,2018,101,68.0
37105,NC,63,32,1057139.0,796921.0,19,67.0,2018,13,48.0
37107,NC,835,437,44295455.0,33129863.0,27,79.0,1999,271,88.0
37109,NC,15,7,246442.0,112128.0,7,27.0,2020,5,24.0
37111,NC,111,69,8360712.0,8044396.0,21,62.0,2024,55,57.0
37113,NC,79,29,1968753.0,931219.0,14,66.0,2004,22,52.0
37115,NC,110,45,8768957.0,7893237.0,22,50.0,2024,41,57.0
37117,NC,42,10,621349.0,327305.0,12,43.0,2016,9,41.0
37119,NC,2881,445,60891356.0,20000262.0,47,71.0,2008,425,95.0
37121,NC,50,17,2663618.0,1884840.0,16,60.0,2024,15,44.0
37123,NC,6,2,101066.0,56927.0,5,33.0,2015,2,13.0
37125,NC,154,123,2835734.0,2647318.0,18,56.0,2016,54,63.0
37127,NC,735,206,33658122.0,6284871.0,30,79.0,1999,370,86.0
37129,NC,11182,2251,187262957.0,52425656.0,48,82.0,1996,3783,98.0
37131,NC,34,5,282596.0,41257.0,9,53.0,1999,10,37.0
37133,NC,4432,1065,70523219.0,31565487.0,44,86.0,1996,1445,97.0
37135,NC,568,304,35583812.0,27299804.0,32,75.0,2025,177,84.0
37137,NC,4330,1309,94627719.0,37906908.0,32,88.0,2011,1332,96.0
37139,NC,531,148,6490984.0,2945550.0,32,88.0,1999,115,84.0
37141,NC,5888,1519,117445916.0,69988439.0,44,82.0,1996,2067,97.0
37143,NC,160,24,975646.0,180481.0,16,81.0,2003,82,64.0
37145,NC,9,6,49652.0,26614.0,7,67.0,2017,3,18.0
37147,NC,1205,315,35940440.0,7706925.0,35,75.0,1999,597,90.0
37149,NC,79,61,4436027.0,4256961.0,17,52.0,2024,31,52.0
37151,NC,65,20,395181.0,205025.0,29,49.0,2018,9,48.0
37153,NC,25,13,318208.0,220150.0,13,60.0,2008,6,32.0
37155,NC,1430,1266,54534354.0,53889153.0,33,66.0,2018,759,91.0
37157,NC,108,18,725348.0,231223.0,24,32.0,1979,29,57.0
37159,NC,65,26,1114961.0,736409.0,20,37.0,2018,14,48.0
37161,NC,117,78,8022968.0,7219462.0,18,75.0,2024,50,58.0
37163,NC,148,97,6134255.0,5667805.0,21,49.0,2018,52,63.0
37165,NC,20,19,560118.0,527791.0,4,40.0,2018,16,29.0
37167,NC,66,28,2978546.0,2579815.0,16,70.0,1997,14,48.0
37169,NC,18,5,246662.0,76229.0,8,33.0,2004,5,27.0
37171,NC,66,2,1167220.0,100081.0,13,42.0,1980,26,48.0
37173,NC,56,25,1207053.0,526706.0,21,84.0,2018,10,45.0
37175,NC,153,81,6264783.0,5735092.0,17,71.0,2024,62,63.0
37177,NC,588,234,8637856.0,4157050.0,27,95.0,2011,215,85.0
37179,NC,80,39,1378325.0,860586.0,24,41.0,2018,18,52.0
37181,NC,12,3,174497.0,35214.0,10,33.0,2020,2,22.0
37183,NC,1640,355,31238830.0,9396180.0,48,62.0,1996,369,92.0
37185,NC,4,0,0.0,0.0,4,75.0,2005,1,10.0
37187,NC,156,37,2654925.0,1067711.0,19,81.0,2003,52,64.0
37189,NC,462,249,16249502.0,13922754.0,34,71.0,2024,198,82.0
37191,NC,1193,646,46573944.0,34748517.0,31,73.0,2016,456,90.0
37193,NC,34,14,1379127.0,567429.0,21,56.0,2024,6,37.0
37195,NC,497,164,12613921.0,6348084.0,28,70.0,1999,182,83.0
37197,NC,6,1,6153.0,0.0,6,50.0,2017,1,13.0
37199,NC,146,90,8926078.0,8205407.0,18,72.0,2024,76,63.0
38001,ND,1,0,12872.0,0.0,1,100.0,1997,1,2.0
38003,ND,389,2,2667386.0,0.0,15,66.0,1993,83,79.0
38005,ND,420,0,11171472.0,0.0,18,4.0,2011,72,80.0
38007,ND,13,1,99601.0,18555.0,3,0.0,2011,11,23.0
38009,ND,3,0,1800.0,0.0,3,33.0,2009,1,8.0
38011,ND,10,0,11760.0,0.0,2,0.0,1978,6,19.0
38013,ND,3,0,4585.0,0.0,2,0.0,1979,2,8.0
38015,ND,698,2,15268696.0,0.0,19,63.0,2011,556,86.0
38017,ND,3345,52,24806720.0,157939.0,40,51.0,1997,1201,96.0
38019,ND,13,0,255841.0,0.0,8,0.0,1996,3,23.0
38021,ND,6,0,20331.0,0.0,4,0.0,2011,3,13.0
38027,ND,23,0,206482.0,0.0,9,0.0,1996,5,30.0
38029,ND,82,11,1048880.0,93855.0,14,60.0,2009,23,52.0
38031,ND,11,1,98119.0,12346.0,5,9.0,2011,5,20.0
38033,ND,2,0,0.0,0.0,2,0.0,1979,1,5.0
38035,ND,3114,107,75541409.0,476884.0,38,47.0,1997,2293,95.0
38037,ND,13,0,50957.0,0.0,5,0.0,1978,7,23.0
38039,ND,5,0,23044.0,0.0,3,0.0,2011,2,11.0
38041,ND,89,0,237952.0,0.0,6,87.0,1978,53,53.0
38045,ND,14,1,101670.0,0.0,8,43.0,2011,3,23.0
38047,ND,3,1,262577.0,7103.0,3,0.0,1978,1,8.0
38049,ND,61,0,647366.0,0.0,6,38.0,1979,36,47.0
38051,ND,2,0,7285.0,0.0,1,0.0,1997,2,5.0
38053,ND,2,1,0.0,0.0,2,50.0,2011,1,5.0
38055,ND,10,0,76662.0,0.0,8,0.0,1979,2,19.0
38057,ND,81,3,660422.0,17679.0,8,85.0,2009,39,52.0
38059,ND,216,7,2825281.0,60941.0,22,19.0,2011,88,70.0
38061,ND,4,0,2914.0,0.0,2,100.0,1989,3,10.0
38063,ND,52,0,1017479.0,0.0,14,31.0,2006,15,44.0
38065,ND,8,0,67712.0,0.0,6,50.0,1979,2,16.0
38067,ND,610,4,3719877.0,19551.0,22,27.0,1997,313,85.0
38069,ND,10,0,55786.0,0.0,3,0.0,1999,6,19.0
38071,ND,1103,0,37558922.0,0.0,17,7.0,1997,228,90.0
38073,ND,148,4,730695.0,10364.0,15,51.0,1979,42,63.0
38075,ND,33,0,123517.0,0.0,4,9.0,1979,28,37.0
38077,ND,223,3,2299422.0,14604.0,17,24.0,1997,124,70.0
38079,ND,4,0,58524.0,0.0,3,0.0,1998,2,10.0
38081,ND,7,0,89159.0,0.0,3,0.0,2011,4,15.0
38083,ND,5,0,139900.0,0.0,1,0.0,2009,5,11.0
38085,ND,2,0,374.0,0.0,2,0.0,1997,1,5.0
38089,ND,30,2,91846.0,18415.0,18,53.0,1978,6,35.0
38091,ND,8,0,134976.0,0.0,3,0.0,2004,5,16.0
38093,ND,127,2,757665.0,6522.0,13,14.0,2009,43,60.0
38095,ND,26,0,374072.0,0.0,6,0.0,2001,11,32.0
38097,ND,128,4,1496885.0,35611.0,15,67.0,1997,47,60.0
38099,ND,782,7,3076995.0,74427.0,24,45.0,1979,362,87.0
38101,ND,1107,13,69447110.0,100959.0,34,37.0,2011,640,90.0
38103,ND,2,0,80850.0,0.0,2,0.0,1996,1,5.0
38105,ND,19,3,247997.0,148073.0,11,26.0,1997,4,28.0
39001,OH,155,8,1413710.0,77746.0,18,59.0,1997,87,64.0
39003,OH,259,51,4106934.0,606183.0,31,40.0,2015,47,72.0
39005,OH,58,6,761659.0,69360.0,18,78.0,2011,15,46.0
39007,OH,146,10,1990244.0,274715.0,35,42.0,2006,19,63.0
39009,OH,416,30,5135069.0,959468.0,35,62.0,2004,110,80.0
39011,OH,124,25,2287297.0,1061175.0,21,69.0,2011,37,60.0
39013,OH,653,50,7663992.0,1133423.0,34,62.0,2004,260,85.0
39015,OH,149,11,1777845.0,201800.0,23,59.0,1997,94,63.0
39017,OH,474,75,4582506.0,1200730.0,38,55.0,1979,77,82.0
39019,OH,31,1,613661.0,0.0,10,74.0,2004,20,36.0
39021,OH,38,8,252288.0,32491.0,21,34.0,1999,5,39.0
39023,OH,134,33,4135463.0,1072889.0,32,48.0,2014,18,61.0
39025,OH,621,63,10171154.0,1694194.0,38,74.0,1997,321,85.0
39027,OH,16,9,206055.0,174810.0,10,50.0,2025,4,25.0
39029,OH,112,1,857327.0,7479.0,23,41.0,2004,39,58.0
39031,OH,60,5,216323.0,16091.0,18,42.0,1979,15,46.0
39033,OH,154,11,2797031.0,310853.0,22,73.0,2007,49,63.0
39035,OH,1730,172,35038729.0,6656338.0,49,52.0,2011,209,93.0
39037,OH,35,8,237584.0,56404.0,17,66.0,1989,5,37.0
39039,OH,330,1,2446175.0,0.0,25,43.0,1982,63,76.0
39041,OH,101,25,995242.0,298560.0,31,52.0,2005,9,56.0
39043,OH,1103,95,8301600.0,1286126.0,43,80.0,1985,178,90.0
39045,OH,299,67,2838837.0,988595.0,42,79.0,2008,35,75.0
39047,OH,20,7,24046.0,9795.0,14,40.0,2017,3,29.0
39049,OH,1337,253,7866000.0,2645558.0,48,45.0,1979,292,91.0
39051,OH,34,5,159756.0,21862.0,19,85.0,2009,4,37.0
39053,OH,176,8,1634251.0,64107.0,30,40.0,1997,23,65.0
39055,OH,73,12,1493049.0,760256.0,27,36.0,1994,10,50.0
39057,OH,153,22,1439579.0,481834.0,36,58.0,1989,15,63.0
39059,OH,372,9,8358963.0,130191.0,21,55.0,2004,155,78.0
39061,OH,1914,334,33519572.0,12679994.0,48,57.0,1997,238,93.0
39063,OH,2048,120,37662807.0,1582612.0,33,81.0,2007,910,94.0
39065,OH,17,2,293274.0,79421.0,7,76.0,2011,7,26.0
39067,OH,90,8,527423.0,113125.0,16,41.0,2004,30,54.0
39069,OH,163,1,1346214.0,0.0,21,35.0,1982,26,65.0
39071,OH,2,0,11992.0,0.0,2,100.0,1995,1,5.0
39073,OH,156,33,2129301.0,1060100.0,27,76.0,2004,30,64.0
39075,OH,120,4,657019.0,9740.0,21,42.0,1979,49,59.0
39077,OH,71,3,800698.0,25440.0,25,56.0,2006,13,50.0
39079,OH,192,6,2973298.0,286545.0,23,70.0,1997,44,67.0
39081,OH,396,26,3961477.0,353859.0,29,55.0,2004,202,79.0
39083,OH,65,15,263679.0,105776.0,20,54.0,1998,22,48.0
39085,OH,882,30,12440056.0,782367.0,47,62.0,2006,156,88.0
39087,OH,467,33,4661780.0,371297.0,35,51.0,1997,100,82.0
39089,OH,388,87,4391766.0,2898007.0,34,64.0,1979,89,79.0
39091,OH,115,10,1325675.0,203791.0,22,62.0,2003,20,58.0
39093,OH,538,81,7090511.0,2303615.0,43,61.0,2014,120,84.0
39095,OH,1194,38,7543937.0,171798.0,47,63.0,2006,161,90.0
39097,OH,22,6,149444.0,93737.0,8,41.0,1997,6,30.0
39099,OH,299,42,2794601.0,551015.0,38,18.0,1982,25,75.0
39101,OH,240,15,3207469.0,56357.0,27,82.0,2011,59,71.0
39103,OH,290,21,4650330.0,314051.0,40,57.0,2014,45,74.0
39105,OH,273,12,2499816.0,312313.0,30,40.0,2004,45,73.0
39107,OH,96,18,1347954.0,353965.0,16,60.0,2019,16,55.0
39109,OH,149,10,2111919.0,96912.0,28,55.0,2014,31,63.0
39111,OH,108,1,1174911.0,7635.0,20,65.0,2004,52,57.0
39113,OH,330,50,2007488.0,590662.0,39,61.0,1989,47,76.0
39115,OH,182,19,1988585.0,415939.0,24,62.0,2005,46,66.0
39117,OH,9,1,70269.0,7998.0,6,11.0,2011,3,18.0
39119,OH,173,32,2167305.0,933695.0,30,51.0,2005,31,65.0
39121,OH,171,9,2658153.0,103798.0,15,55.0,2004,109,65.0
39123,OH,1380,123,9384215.0,2299261.0,45,86.0,1982,351,91.0
39125,OH,34,6,238611.0,63321.0,15,32.0,1982,6,37.0
39127,OH,114,14,1691285.0,195834.0,19,55.0,1998,23,58.0
39129,OH,71,15,709501.0,153908.0,18,46.0,2005,24,50.0
39131,OH,105,8,1655246.0,57135.0,17,84.0,1997,40,56.0
39133,OH,85,11,863328.0,232015.0,29,27.0,2013,11,53.0
39135,OH,48,4,371766.0,21674.0,19,65.0,1999,12,43.0
39137,OH,460,6,9507128.0,39448.0,22,71.0,2007,193,82.0
39139,OH,329,2,9723858.0,32944.0,22,64.0,2007,102,76.0
39141,OH,125,5,1160922.0,109400.0,29,51.0,2005,19,60.0
39143,OH,141,9,763828.0,143115.0,32,55.0,1982,14,62.0
39145,OH,318,21,2654068.0,229189.0,34,39.0,1997,86,76.0
39147,OH,123,7,1745427.0,118735.0,20,73.0,2008,34,59.0
39149,OH,97,6,1565790.0,1087949.0,19,81.0,2003,17,55.0
39151,OH,454,54,8292953.0,931970.0,39,59.0,2011,87,81.0
39153,OH,815,117,12975247.0,2446503.0,46,55.0,2013,126,87.0
39155,OH,404,24,3712126.0,261561.0,41,60.0,2003,142,80.0
39157,OH,192,25,1175814.0,151528.0,32,58.0,2004,61,67.0
39159,OH,56,3,430094.0,82748.0,22,52.0,1997,16,45.0
39161,OH,36,8,230944.0,181245.0,13,33.0,1981,11,38.0
39163,OH,15,1,162547.0,11275.0,7,60.0,1997,5,24.0
39165,OH,209,44,2148621.0,886004.0,40,67.0,2008,30,69.0
39167,OH,1295,57,18269543.0,1145669.0,38,82.0,2004,472,91.0
39169,OH,175,22,2825757.0,2144395.0,25,53.0,1979,62,65.0
39171,OH,32,3,741781.0,2359.0,17,59.0,2011,5,36.0
39173,OH,210,13,1518085.0,94554.0,33,53.0,1982,40,69.0
39175,OH,126,20,2344685.0,359708.0,16,84.0,2007,61,60.0
40001,OK,25,5,1028627.0,109996.0,8,84.0,2011,10,32.0
40003,OK,37,1,232773.0,1932.0,10,92.0,1981,10,38.0
40005,OK,7,2,94800.0,50800.0,4,29.0,2015,4,15.0
40007,OK,1,0,0.0,0.0,1,0.0,2002,1,2.0
40009,OK,8,1,53749.0,9917.0,7,88.0,1988,2,16.0
40011,OK,7,0,105209.0,0.0,3,71.0,2007,5,15.0
40013,OK,26,1,1137312.0,27589.0,6,77.0,2015,12,32.0
40015,OK,44,6,1316735.0,198828.0,10,82.0,2000,11,41.0
40017,OK,232,28,3546293.0,1011259.0,32,51.0,2007,53,70.0
40019,OK,84,12,2529388.0,620903.0,26,58.0,2015,27,52.0
40021,OK,105,37,1939862.0,643460.0,17,77.0,2017,21,56.0
40023,OK,6,1,236494.0,70892.0,5,50.0,2015,2,13.0
40027,OK,400,45,7224626.0,1037034.0,41,56.0,2015,90,80.0
40029,OK,2,0,26697.0,0.0,2,50.0,2015,1,5.0
40031,OK,835,213,23351093.0,10088358.0,45,71.0,2016,136,88.0
40033,OK,17,3,160553.0,59622.0,5,71.0,2015,7,26.0
40035,OK,46,14,1311953.0,645061.0,14,74.0,2019,10,42.0
40037,OK,255,2,2878319.0,15210.0,21,87.0,2000,99,72.0
40039,OK,19,6,184084.0,97397.0,11,37.0,2019,4,28.0
40041,OK,115,37,1664832.0,862434.0,18,79.0,2019,29,58.0
40045,OK,3,0,10165.0,0.0,3,100.0,2009,1,8.0
40047,OK,81,6,422372.0,23795.0,25,49.0,1986,27,52.0
40049,OK,65,17,1386370.0,1008128.0,18,65.0,1987,17,48.0
40051,OK,229,7,4950559.0,153765.0,23,81.0,2007,56,70.0
40053,OK,9,0,110245.0,0.0,6,89.0,1995,2,18.0
40055,OK,4,3,35259.0,35259.0,3,0.0,2017,2,10.0
40057,OK,27,2,195378.0,80347.0,11,67.0,1987,5,33.0
40059,OK,2,0,8869.0,0.0,2,50.0,1993,1,5.0
40061,OK,6,0,131813.0,0.0,5,83.0,1990,2,13.0
40063,OK,2,0,9945.0,0.0,2,50.0,2007,1,5.0
40065,OK,7,2,6518.0,0.0,6,71.0,1983,2,15.0
40067,OK,6,0,80584.0,0.0,4,50.0,1993,2,13.0
40069,OK,4,0,222970.0,0.0,2,0.0,2015,3,10.0
40071,OK,344,32,3161799.0,404561.0,36,82.0,2008,59,77.0
40073,OK,288,3,5029412.0,23314.0,14,88.0,2007,66,74.0
40075,OK,22,6,515812.0,192549.0,12,18.0,2007,4,30.0
40077,OK,3,1,46010.0,30000.0,2,100.0,2015,2,8.0
40079,OK,43,13,1303706.0,449480.0,15,67.0,2015,9,41.0
40081,OK,27,1,76542.0,0.0,9,4.0,1979,11,33.0
40083,OK,460,12,4931685.0,740229.0,20,88.0,1995,111,82.0
40085,OK,1,0,9956.0,0.0,1,0.0,2010,1,2.0
40087,OK,49,6,731085.0,101596.0,13,71.0,2015,19,43.0
40089,OK,49,16,843364.0,375648.0,11,88.0,2015,13,43.0
40091,OK,3,1,104937.0,48273.0,3,67.0,2021,1,8.0
40093,OK,18,2,256605.0,3995.0,5,83.0,2008,11,27.0
40095,OK,8,0,23040.0,0.0,6,25.0,1991,2,16.0
40097,OK,122,30,3290292.0,919754.0,21,70.0,2009,26,59.0
40099,OK,7,1,132447.0,23627.0,5,57.0,1995,2,15.0
40101,OK,260,109,15780776.0,12648034.0,30,60.0,2019,51,72.0
40103,OK,4,2,22264.0,18956.0,4,50.0,1992,1,10.0
40105,OK,13,5,357000.0,253185.0,5,69.0,2008,5,23.0
40107,OK,2,0,4170.0,0.0,2,100.0,2013,1,5.0
40109,OK,1714,96,24769416.0,2554150.0,48,41.0,1993,190,93.0
40111,OK,110,29,3815663.0,1556475.0,22,81.0,2013,22,57.0
40113,OK,96,16,1171859.0,470334.0,27,81.0,1986,16,55.0
40115,OK,1161,73,30446625.0,3611825.0,28,87.0,2007,286,90.0
40117,OK,6,1,43148.0,9035.0,3,83.0,1986,4,13.0
40119,OK,100,10,1247878.0,518542.0,20,64.0,1995,33,56.0
40121,OK,26,6,409094.0,151397.0,12,58.0,2015,13,32.0
40123,OK,22,7,691475.0,598483.0,8,18.0,2015,9,30.0
40125,OK,153,10,2354476.0,179048.0,32,83.0,2007,33,63.0
40127,OK,1,1,0.0,0.0,1,0.0,2017,1,2.0
40131,OK,247,38,5871913.0,1765904.0,29,46.0,2019,32,72.0
40133,OK,44,11,1092130.0,608620.0,17,73.0,2015,11,41.0
40135,OK,46,12,1173618.0,751681.0,17,72.0,2010,11,42.0
40137,OK,91,13,918707.0,402112.0,26,54.0,2007,24,54.0
40139,OK,3,3,125348.0,125348.0,1,100.0,2024,3,8.0
40141,OK,5,0,65883.0,0.0,5,0.0,2000,1,11.0
40143,OK,3812,254,70980617.0,20317136.0,46,57.0,1984,1532,96.0
40145,OK,340,40,9639832.0,2688510.0,37,69.0,2008,48,77.0
40147,OK,372,38,8521597.0,2005107.0,20,87.0,1986,101,78.0
40149,OK,5,3,104609.0,104609.0,4,40.0,2019,2,11.0
40151,OK,11,0,118208.0,0.0,5,36.0,2000,3,20.0
40153,OK,46,3,187666.0,67166.0,18,91.0,1996,10,42.0
41001,OR,4,1,4733.0,0.0,3,25.0,2010,2,10.0
41003,OR,70,7,510588.0,12518.0,20,73.0,1996,23,49.0
41005,OR,816,78,24235263.0,3030898.0,38,67.0,1996,437,87.0
41007,OR,160,18,1982594.0,175152.0,31,64.0,2007,33,64.0
41009,OR,432,11,18660219.0,203997.0,26,70.0,2007,240,81.0
41011,OR,194,18,3213779.0,923441.0,34,57.0,1996,37,68.0
41013,OR,67,2,450510.0,0.0,6,85.0,1998,61,49.0
41015,OR,88,14,1339560.0,396015.0,19,56.0,2012,25,53.0
41017,OR,21,0,186223.0,0.0,13,33.0,1993,3,29.0
41019,OR,300,58,3883495.0,2112696.0,27,78.0,1996,81,75.0
41021,OR,1,0,1156.0,0.0,1,0.0,1980,1,2.0
41023,OR,12,0,52564.0,0.0,7,67.0,2010,3,22.0
41025,OR,56,4,564261.0,110872.0,10,46.0,1984,29,45.0
41027,OR,4,0,29616.0,0.0,1,0.0,1996,4,10.0
41029,OR,304,19,2475911.0,159365.0,35,67.0,1997,126,75.0
41031,OR,7,0,12739.0,0.0,1,0.0,1979,7,15.0
41033,OR,81,8,687550.0,130392.0,21,65.0,1997,30,52.0
41035,OR,10,1,207434.0,0.0,6,70.0,1997,5,19.0
41037,OR,10,2,150969.0,29028.0,5,0.0,1981,3,19.0
41039,OR,454,38,4191762.0,380645.0,38,73.0,1996,229,81.0
41041,OR,462,47,5716499.0,794629.0,36,76.0,1999,131,82.0
41043,OR,137,15,1732602.0,255836.0,14,66.0,1996,75,61.0
41045,OR,48,7,184366.0,107787.0,13,27.0,1979,11,43.0
41047,OR,400,25,6021816.0,284943.0,28,57.0,1996,165,80.0
41049,OR,8,1,15610.0,0.0,6,50.0,1982,3,16.0
41051,OR,348,29,4620408.0,158997.0,34,44.0,1996,132,77.0
41053,OR,78,8,821650.0,103548.0,22,68.0,2007,23,51.0
41055,OR,1,0,40726.0,0.0,1,0.0,1996,1,2.0
41057,OR,754,37,14965413.0,393891.0,37,85.0,1999,137,86.0
41059,OR,94,51,1759632.0,1477637.0,21,62.0,2020,35,55.0
41061,OR,21,6,165391.0,74217.0,14,43.0,2020,3,29.0
41063,OR,16,1,17497.0,0.0,9,62.0,2010,4,25.0
41065,OR,10,1,93778.0,0.0,5,30.0,1996,4,19.0
41067,OR,408,21,5416701.0,138034.0,43,64.0,1996,179,80.0
41069,OR,3,1,8765.0,0.0,3,33.0,2016,1,8.0
41071,OR,108,6,1219765.0,29086.0,18,75.0,2007,49,57.0
42001,PA,399,40,6611308.0,726924.0,36,69.0,2011,133,80.0
42003,PA,4821,836,81130383.0,21146199.0,49,60.0,2004,1221,97.0
42005,PA,435,49,6149007.0,1170035.0,35,59.0,2004,146,81.0
42007,PA,832,133,13281448.0,3308819.0,39,80.0,2004,260,88.0
42009,PA,1185,98,13267928.0,2196621.0,34,62.0,1996,354,90.0
42011,PA,1313,307,23544951.0,9242039.0,46,57.0,2006,182,91.0
42013,PA,1112,117,8508397.0,1854189.0,41,70.0,2004,302,90.0
42015,PA,898,109,24338749.0,3049741.0,33,60.0,2011,329,88.0
42017,PA,5252,565,147387652.0,21195699.0,47,72.0,2005,735,97.0
42019,PA,874,194,15367753.0,4119648.0,46,74.0,2004,267,88.0
42021,PA,798,42,3207370.0,737991.0,43,45.0,1996,215,87.0
42023,PA,73,2,531939.0,4646.0,12,67.0,1996,28,50.0
42025,PA,94,10,450788.0,76633.0,26,61.0,1996,22,55.0
42027,PA,337,38,2962458.0,341975.0,31,56.0,2004,90,77.0
42029,PA,1911,374,37458430.0,17265924.0,48,67.0,2021,215,93.0
42031,PA,188,8,2927506.0,432672.0,19,48.0,1996,57,67.0
42033,PA,531,46,5866059.0,973337.0,33,66.0,1996,130,84.0
42035,PA,899,34,8149483.0,515606.0,36,79.0,2004,252,88.0
42037,PA,2200,150,61259386.0,3771232.0,32,69.0,2011,798,94.0
42039,PA,330,37,1671228.0,319649.0,43,58.0,2004,47,76.0
42041,PA,1599,41,16815521.0,538992.0,43,58.0,2011,274,92.0
42043,PA,5245,215,84911682.0,3017690.0,44,77.0,2011,1836,97.0
42045,PA,3033,461,57106149.0,17144567.0,47,66.0,1999,509,95.0
42047,PA,316,21,8192609.0,384107.0,27,81.0,2014,79,76.0
42049,PA,511,73,5972695.0,1641192.0,42,51.0,1985,88,83.0
42051,PA,720,141,10063600.0,5506018.0,41,68.0,1996,132,86.0
42053,PA,14,3,193566.0,372.0,9,64.0,2014,4,23.0
42055,PA,188,14,1047610.0,111074.0,29,51.0,1996,44,67.0
42057,PA,16,2,362846.0,12670.0,4,88.0,2004,8,25.0
42059,PA,265,44,3482791.0,1026740.0,28,56.0,2004,51,73.0
42061,PA,531,45,8774657.0,401995.0,29,66.0,2004,160,84.0
42063,PA,384,102,2312426.0,1155661.0,37,62.0,2004,76,79.0
42065,PA,370,3,7709495.0,5560.0,24,56.0,1996,157,78.0
42067,PA,178,10,1115530.0,109456.0,19,71.0,1996,55,66.0
42069,PA,1368,96,20525733.0,1517384.0,44,74.0,1996,391,91.0
42071,PA,2105,195,32691048.0,5531786.0,43,61.0,2011,477,94.0
42073,PA,207,22,1903955.0,320532.0,38,71.0,2004,52,69.0
42075,PA,1005,63,15398929.0,1571177.0,33,44.0,1979,317,89.0
42077,PA,967,152,12435177.0,4021658.0,43,55.0,1979,131,89.0
42079,PA,4146,116,92602633.0,2700629.0,45,49.0,2011,899,96.0
42081,PA,3873,167,57708193.0,2792049.0,45,84.0,1996,960,96.0
42083,PA,157,2,1001688.0,2248.0,25,61.0,1999,42,64.0
42085,PA,120,15,880001.0,81677.0,32,52.0,2003,16,59.0
42087,PA,487,11,3852834.0,68189.0,23,54.0,1996,159,83.0
42089,PA,436,78,14550362.0,2645883.0,37,61.0,2006,71,81.0
42091,PA,6188,1125,184678159.0,67532751.0,49,62.0,2011,811,97.0
42093,PA,154,7,3161576.0,189672.0,21,53.0,2011,51,63.0
42095,PA,1560,167,46583291.0,3097848.0,43,70.0,2004,329,92.0
42097,PA,1721,19,24132596.0,245772.0,35,74.0,2011,418,93.0
42099,PA,749,18,7410994.0,201183.0,39,69.0,1996,196,86.0
42101,PA,1695,462,47524255.0,27212966.0,48,57.0,2020,251,93.0
42103,PA,219,6,2964546.0,29456.0,23,35.0,2006,69,70.0
42105,PA,90,24,1123816.0,642887.0,16,80.0,1996,32,54.0
42107,PA,1041,186,26136842.0,4656210.0,38,81.0,2006,365,89.0
42109,PA,904,11,11597731.0,78535.0,27,83.0,1996,227,88.0
42111,PA,393,59,2580223.0,802878.0,37,59.0,1996,122,79.0
42113,PA,134,18,3860220.0,1007681.0,14,84.0,2011,59,61.0
42115,PA,506,56,13263532.0,1897381.0,29,64.0,2011,151,83.0
42117,PA,230,70,3389414.0,2318251.0,25,59.0,1996,50,70.0
42119,PA,927,20,11736965.0,381092.0,26,82.0,1996,214,88.0
42121,PA,429,23,5899871.0,242301.0,30,37.0,1981,109,80.0
42123,PA,126,9,1061409.0,81550.0,28,56.0,1992,21,60.0
42125,PA,1127,302,21022416.0,11874860.0,47,69.0,1996,163,90.0
42127,PA,221,6,4699298.0,194131.0,25,57.0,2006,72,70.0
42129,PA,1573,350,21179219.0,7248452.0,48,59.0,1996,231,92.0
42131,PA,1189,25,27486796.0,746976.0,32,63.0,2011,325,90.0
42133,PA,1753,182,20613691.0,3778263.0,46,51.0,2011,414,93.0
44001,RI,830,75,4903730.0,1014913.0,42,71.0,2010,308,87.0
44003,RI,1300,113,21483231.0,2769949.0,45,73.0,2010,491,91.0
44005,RI,804,98,11819253.0,2804154.0,41,75.0,1991,222,87.0
44007,RI,1625,160,48871137.0,9828374.0,49,61.0,2010,476,92.0
44009,RI,2398,92,51249468.0,2095351.0,47,81.0,2012,857,94.0
45001,SC,2,2,27581.0,27581.0,2,100.0,2024,1,5.0
45003,SC,42,18,210939.0,83686.0,18,76.0,2024,7,41.0
45005,SC,6,3,282090.0,277668.0,5,50.0,2015,2,13.0
45007,SC,39,17,927192.0,524429.0,19,41.0,2013,6,39.0
45009,SC,33,17,1699644.0,1451443.0,7,52.0,2024,14,37.0
45011,SC,6,2,40536.0,25124.0,6,50.0,2024,1,13.0
45013,SC,4965,3610,80636200.0,72566078.0,47,81.0,2016,2698,97.0
45015,SC,618,248,8717361.0,5336332.0,39,71.0,2015,179,85.0
45017,SC,5,1,9562.0,0.0,5,80.0,1989,1,11.0
45019,SC,19285,3953,311965799.0,87889604.0,49,88.0,1989,9499,99.0
45021,SC,6,1,46078.0,5066.0,6,17.0,2024,1,13.0
45023,SC,8,2,88553.0,31846.0,7,38.0,2013,2,16.0
45025,SC,13,8,166444.0,154951.0,6,46.0,2018,7,23.0
45027,SC,43,19,540011.0,250602.0,8,47.0,2015,23,41.0
45029,SC,766,452,7219698.0,5721430.0,35,96.0,2016,310,87.0
45031,SC,109,46,1541984.0,815101.0,18,54.0,2018,26,57.0
45033,SC,102,95,4811355.0,4753255.0,12,37.0,2018,54,56.0
45035,SC,779,250,16758166.0,7455417.0,38,73.0,2015,387,87.0
45037,SC,18,6,365781.0,311654.0,10,44.0,2024,5,27.0
45039,SC,75,37,963664.0,549917.0,11,92.0,2024,20,51.0
45041,SC,399,201,6986985.0,4343501.0,36,53.0,2016,137,80.0
45043,SC,4746,1456,114313759.0,41741584.0,46,90.0,1989,1746,97.0
45045,SC,857,275,14547165.0,6106806.0,44,63.0,2024,176,88.0
45047,SC,43,24,721304.0,403966.0,9,65.0,2024,16,41.0
45049,SC,20,11,248712.0,209174.0,8,80.0,2023,5,29.0
45051,SC,12523,3711,338235099.0,173324833.0,48,77.0,1989,3286,99.0
45053,SC,113,80,2599824.0,2314076.0,22,50.0,2016,39,58.0
45055,SC,122,64,972587.0,646535.0,20,81.0,2024,34,59.0
45057,SC,34,15,513699.0,342849.0,15,56.0,2015,5,37.0
45059,SC,20,11,563397.0,530321.0,10,35.0,2024,5,29.0
45061,SC,16,7,183247.0,99381.0,9,31.0,2015,5,25.0
45063,SC,692,79,14118061.0,823280.0,46,78.0,2015,387,86.0
45065,SC,2,2,88141.0,88141.0,1,100.0,2024,2,5.0
45067,SC,491,410,20498307.0,19856936.0,27,63.0,2018,231,83.0
45069,SC,24,21,418164.0,413016.0,8,58.0,2018,13,31.0
45071,SC,39,6,281310.0,38161.0,14,62.0,1986,8,39.0
45073,SC,24,11,179375.0,98731.0,13,42.0,1994,4,31.0
45075,SC,122,51,3476956.0,2274962.0,21,53.0,2015,41,59.0
45077,SC,63,22,1663894.0,1190551.0,20,52.0,2024,13,48.0
45079,SC,1359,117,59742863.0,1080761.0,48,64.0,2015,826,91.0
45081,SC,11,2,28743.0,8614.0,6,45.0,2015,5,20.0
45083,SC,157,64,2587078.0,1678735.0,32,29.0,2024,37,64.0
45085,SC,292,77,7645013.0,1199586.0,32,59.0,2015,178,74.0
45087,SC,1,0,40524.0,0.0,1,100.0,1989,1,2.0
45089,SC,118,44,3355702.0,485597.0,19,52.0,2015,46,59.0
45091,SC,77,27,651098.0,227223.0,23,39.0,1979,14,51.0
46003,SD,2,2,94396.0,94396.0,1,50.0,2019,2,5.0
46005,SD,24,2,368084.0,41009.0,10,21.0,1997,14,31.0
46009,SD,2,2,24184.0,24184.0,1,0.0,2019,2,5.0
46011,SD,143,17,1214927.0,184685.0,20,47.0,1997,43,62.0
46013,SD,484,4,3267406.0,2614.0,21,35.0,2007,169,82.0
46015,SD,7,5,252857.0,110836.0,3,0.0,2020,5,15.0
46019,SD,13,0,14317.0,0.0,4,69.0,2008,6,23.0
46021,SD,1,1,165942.0,165942.0,1,0.0,2019,1,2.0
46023,SD,11,6,504260.0,193030.0,8,0.0,2019,4,20.0
46025,SD,15,1,192538.0,5069.0,9,13.0,1999,4,24.0
46027,SD,13,1,52953.0,2000.0,4,8.0,2011,10,23.0
46029,SD,472,38,6518106.0,785672.0,23,43.0,1997,198,82.0
46031,SD,1,0,450.0,0.0,1,0.0,1978,1,2.0
46033,SD,50,9,645518.0,84878.0,11,92.0,2007,24,44.0
46035,SD,30,17,2025913.0,1940842.0,10,33.0,2024,10,35.0
46037,SD,256,4,4021637.0,100000.0,14,34.0,1999,82,72.0
46043,SD,1,0,520.0,0.0,1,100.0,1997,1,2.0
46045,SD,6,1,3269.0,0.0,5,0.0,2011,2,13.0
46047,SD,1,0,25.0,0.0,1,0.0,1988,1,2.0
46049,SD,3,0,5206.0,0.0,1,0.0,1997,3,8.0
46051,SD,40,1,329139.0,15878.0,10,40.0,1997,12,40.0
46053,SD,3,1,167335.0,5337.0,2,0.0,2011,2,8.0
46055,SD,2,0,0.0,0.0,2,0.0,2008,1,5.0
46057,SD,347,69,4437181.0,910648.0,15,11.0,2011,107,77.0
46059,SD,8,3,121899.0,1091.0,4,25.0,2011,3,16.0
46061,SD,10,7,166928.0,136449.0,3,20.0,2019,7,19.0
46063,SD,1,0,0.0,0.0,1,100.0,1991,1,2.0
46065,SD,88,0,695172.0,0.0,8,51.0,2011,45,53.0
46067,SD,14,5,308702.0,213572.0,5,43.0,2001,4,23.0
46069,SD,1,0,0.0,0.0,1,0.0,1997,1,2.0
46077,SD,47,2,620897.0,17287.0,8,11.0,2011,24,43.0
46079,SD,291,146,7703908.0,6392627.0,12,58.0,2019,146,74.0
46081,SD,38,2,276733.0,11786.0,14,63.0,2008,12,39.0
46083,SD,39,13,2026462.0,671169.0,12,46.0,2014,12,39.0
46085,SD,16,13,392829.0,275574.0,3,88.0,2019,13,25.0
46087,SD,29,18,575857.0,534101.0,4,52.0,2019,11,34.0
46089,SD,3,0,14911.0,0.0,3,0.0,2007,1,8.0
46091,SD,13,0,155059.0,0.0,4,8.0,2011,8,23.0
46093,SD,23,2,52781.0,9919.0,13,70.0,2015,4,30.0
46099,SD,425,124,8830423.0,3823557.0,24,60.0,2010,94,80.0
46101,SD,59,13,759863.0,384641.0,9,88.0,1997,16,46.0
46103,SD,135,22,555583.0,233984.0,27,49.0,1997,18,61.0
46109,SD,51,9,597050.0,179796.0,14,51.0,2010,16,44.0
46111,SD,11,0,43055.0,0.0,4,91.0,1997,6,20.0
46115,SD,74,5,970159.0,95028.0,8,46.0,2011,29,50.0
46117,SD,117,0,2420336.0,0.0,5,48.0,2011,103,58.0
46119,SD,5,0,22793.0,0.0,2,0.0,1997,4,11.0
46121,SD,4,2,1937.0,575.0,3,100.0,1997,2,10.0
46125,SD,26,14,1054847.0,977658.0,6,73.0,2024,8,32.0
46127,SD,443,24,7511669.0,2481742.0,16,28.0,2011,366,81.0
46135,SD,62,16,1517736.0,1279103.0,8,52.0,2011,22,47.0
46137,SD,3,0,3427.0,0.0,1,0.0,1997,3,8.0
47001,TN,55,13,262029.0,69523.0,23,53.0,1998,20,45.0
47003,TN,30,7,332018.0,76641.0,13,47.0,2003,8,35.0
47005,TN,19,7,510825.0,194014.0,8,68.0,2010,8,28.0
47009,TN,60,34,1255943.0,334901.0,14,67.0,2020,15,46.0
47011,TN,203,21,2211679.0,313969.0,29,50.0,2003,34,68.0
47013,TN,60,30,710309.0,526010.0,21,63.0,2021,11,46.0
47015,TN,48,33,1369503.0,1311359.0,16,62.0,2024,11,43.0
47017,TN,19,2,520821.0,0.0,8,68.0,2010,9,28.0
47019,TN,288,112,5249295.0,4107349.0,26,85.0,1998,96,74.0
47021,TN,513,104,25285326.0,1828050.0,30,77.0,2010,209,83.0
47023,TN,2,0,41848.0,0.0,2,50.0,2010,1,5.0
47025,TN,30,4,479759.0,145659.0,13,60.0,2011,12,35.0
47027,TN,24,9,435695.0,98790.0,6,38.0,2010,13,31.0
47029,TN,82,53,5800956.0,5494047.0,14,83.0,2024,42,52.0
47031,TN,26,11,171064.0,109645.0,15,54.0,2024,3,32.0
47033,TN,10,1,424493.0,0.0,8,10.0,2010,3,19.0
47035,TN,4,3,7780.0,0.0,3,50.0,2019,2,10.0
47037,TN,4773,1006,184401693.0,36157946.0,49,72.0,2010,2315,97.0
47039,TN,111,94,1753994.0,1613857.0,6,94.0,2019,80,57.0
47041,TN,17,12,161148.0,123134.0,8,88.0,2021,4,26.0
47043,TN,71,28,4049533.0,2502796.0,24,58.0,2010,11,50.0
47045,TN,297,59,7312837.0,2969045.0,19,86.0,2011,86,75.0
47047,TN,26,4,731736.0,427551.0,17,42.0,2010,3,32.0
47051,TN,32,8,223240.0,58277.0,19,50.0,2019,4,36.0
47053,TN,224,17,3198576.0,252712.0,34,62.0,2010,54,70.0
47055,TN,30,10,457221.0,310961.0,18,63.0,2003,4,35.0
47057,TN,2,2,24508.0,24508.0,2,50.0,2019,1,5.0
47059,TN,35,13,1365200.0,1160804.0,14,29.0,2024,7,37.0
47061,TN,3,2,35750.0,35750.0,3,67.0,2018,1,8.0
47063,TN,26,7,275298.0,161548.0,18,38.0,2019,4,32.0
47065,TN,1748,177,30115010.0,4813033.0,46,66.0,2003,304,93.0
47067,TN,16,8,290998.0,111105.0,8,75.0,2015,4,25.0
47069,TN,3,0,12313.0,0.0,2,33.0,2010,2,8.0
47071,TN,209,89,3832704.0,2462760.0,21,76.0,2019,68,69.0
47073,TN,16,8,108238.0,92002.0,10,31.0,2019,5,25.0
47075,TN,89,10,1549238.0,192050.0,21,82.0,2010,52,53.0
47077,TN,18,11,550815.0,247864.0,8,56.0,2021,6,27.0
47079,TN,30,7,131562.0,36194.0,18,60.0,1998,6,35.0
47081,TN,54,32,4590178.0,3962258.0,9,48.0,2021,27,45.0
47083,TN,64,7,1639177.0,550333.0,13,39.0,1981,22,48.0
47085,TN,235,157,15663856.0,14434118.0,10,88.0,2021,107,71.0
47087,TN,18,7,1248468.0,153647.0,5,67.0,2010,10,27.0
47089,TN,24,8,268240.0,117226.0,13,54.0,2019,5,31.0
47091,TN,51,37,2226998.0,1898245.0,12,61.0,2024,33,44.0
47093,TN,597,114,7873130.0,2355347.0,40,51.0,2011,97,85.0
47095,TN,29,1,371017.0,2000.0,10,59.0,2011,11,34.0
47097,TN,323,11,4580531.0,219986.0,31,68.0,2011,58,76.0
47099,TN,35,0,715081.0,0.0,8,20.0,1998,10,37.0
47101,TN,19,2,477429.0,55939.0,7,47.0,2010,8,28.0
47103,TN,49,16,658676.0,444310.0,21,73.0,1990,14,43.0
47105,TN,45,8,509587.0,134185.0,17,11.0,2002,8,42.0
47107,TN,40,2,350922.0,12094.0,10,78.0,1994,16,40.0
47109,TN,17,4,815774.0,695669.0,9,65.0,2020,4,26.0
47111,TN,20,2,192837.0,12581.0,6,85.0,2010,14,29.0
47113,TN,173,17,3437834.0,738278.0,31,57.0,2010,52,65.0
47115,TN,117,30,1203406.0,344949.0,24,64.0,2003,27,58.0
47117,TN,50,6,526622.0,32677.0,16,62.0,2002,10,44.0
47119,TN,198,33,3298223.0,1014408.0,30,59.0,2010,54,68.0
47121,TN,3,1,17729.0,15213.0,3,33.0,1982,1,8.0
47123,TN,16,8,220261.0,207085.0,10,44.0,2020,4,25.0
47125,TN,313,80,10989303.0,3302753.0,31,37.0,2010,117,76.0
47129,TN,8,1,57954.0,37982.0,7,50.0,2003,2,16.0
47131,TN,190,53,3902884.0,2190865.0,33,76.0,1984,23,67.0
47133,TN,11,3,159413.0,40017.0,7,18.0,2021,3,20.0
47135,TN,112,34,2480434.0,943736.0,11,79.0,2010,37,58.0
47139,TN,43,5,637564.0,115358.0,7,84.0,2003,15,41.0
47141,TN,34,15,1113874.0,490684.0,16,18.0,2010,8,37.0
47143,TN,82,14,1687393.0,1006022.0,18,67.0,2003,20,52.0
47145,TN,40,7,522092.0,57561.0,18,48.0,1990,9,40.0
47147,TN,70,43,2125981.0,1407560.0,15,50.0,2017,23,49.0
47149,TN,452,72,7007638.0,1808961.0,39,49.0,2010,179,81.0
47153,TN,20,3,133966.0,42856.0,4,95.0,2009,14,29.0
47155,TN,349,62,4113925.0,1821272.0,34,64.0,1994,72,77.0
47157,TN,1014,132,24899618.0,5357502.0,46,33.0,2010,121,89.0
47159,TN,283,33,5412484.0,425839.0,31,63.0,2010,67,74.0
47161,TN,17,10,571725.0,303549.0,5,18.0,2013,6,26.0
47163,TN,197,44,1978928.0,669093.0,34,54.0,2013,29,68.0
47165,TN,704,177,14266086.0,4330482.0,40,52.0,2010,361,86.0
47167,TN,145,54,5162941.0,2034515.0,22,42.0,2010,59,62.0
47169,TN,26,4,272669.0,67104.0,8,38.0,2010,11,32.0
47171,TN,64,29,1277098.0,1124694.0,18,55.0,2024,17,48.0
47173,TN,9,4,200869.0,113453.0,8,44.0,2003,2,18.0
47175,TN,14,9,346246.0,339781.0,9,57.0,2019,6,23.0
47177,TN,28,5,311268.0,63642.0,14,50.0,1990,7,34.0
47179,TN,151,33,6046452.0,2607196.0,27,56.0,2012,31,63.0
47181,TN,71,18,1843279.0,564645.0,10,51.0,2010,22,50.0
47183,TN,17,2,73870.0,17598.0,11,35.0,1982,3,26.0
47185,TN,5,2,53377.0,47636.0,3,40.0,2015,3,11.0
47187,TN,1099,271,30751795.0,9707992.0,40,75.0,2010,439,89.0
47189,TN,573,153,11203641.0,4365344.0,35,54.0,2010,236,84.0
48001,TX,19,13,292990.0,222180.0,9,53.0,2016,7,28.0
48005,TX,328,48,5401938.0,1602590.0,38,56.0,2004,55,76.0
48007,TX,4122,2794,63715331.0,57234488.0,45,52.0,2017,2499,96.0
48009,TX,24,4,859400.0,124032.0,7,33.0,2015,8,31.0
48013,TX,36,3,515901.0,79255.0,17,36.0,2002,6,38.0
48015,TX,326,247,14066314.0,12356085.0,20,61.0,2016,126,76.0
48019,TX,215,15,5660674.0,697901.0,23,52.0,2002,104,69.0
48021,TX,331,139,9859329.0,4695654.0,25,45.0,2015,100,76.0
48023,TX,3,0,22602.0,0.0,3,33.0,1989,1,8.0
48025,TX,90,24,1259470.0,87770.0,23,48.0,2017,19,54.0
48027,TX,497,93,14387626.0,1838367.0,42,36.0,2010,118,83.0
48029,TX,2301,267,33633484.0,3753242.0,49,41.0,1998,412,94.0
48031,TX,43,0,2487093.0,0.0,10,37.0,2015,33,41.0
48035,TX,43,11,1494457.0,1075561.0,15,49.0,1991,8,41.0
48037,TX,242,54,5172703.0,1944526.0,40,56.0,2015,28,71.0
48039,TX,21417,6488,627266333.0,445520310.0,49,51.0,2017,5120,99.0
48041,TX,569,204,7612520.0,4151282.0,42,37.0,2016,74,84.0
48043,TX,12,2,52172.0,0.0,8,67.0,1999,3,22.0
48047,TX,185,2,1168251.0,1581.0,24,72.0,1982,66,67.0
48049,TX,533,28,9522299.0,614976.0,32,56.0,2002,117,84.0
48051,TX,62,12,1494599.0,737595.0,22,73.0,1994,11,47.0
48053,TX,626,367,24666939.0,19552717.0,37,81.0,2018,322,85.0
48055,TX,180,6,7325140.0,74990.0,14,64.0,2015,107,66.0
48057,TX,831,336,8011825.0,5589646.0,45,53.0,2017,270,88.0
48059,TX,6,2,46080.0,930.0,6,50.0,1983,1,13.0
48061,TX,7061,2375,184460671.0,135247749.0,49,24.0,2008,1599,98.0
48063,TX,3,0,6887.0,0.0,3,100.0,1983,1,8.0
48065,TX,3,0,36311.0,0.0,3,67.0,2015,1,8.0
48067,TX,30,4,773271.0,51835.0,12,30.0,2009,11,35.0
48071,TX,2094,1132,128720277.0,103476299.0,41,20.0,2017,728,94.0
48073,TX,66,34,624674.0,291388.0,23,59.0,2016,19,48.0
48075,TX,1,0,7800.0,0.0,1,0.0,1989,1,2.0
48077,TX,48,9,1679674.0,488875.0,13,58.0,1990,15,43.0
48083,TX,13,1,138505.0,6764.0,5,38.0,2002,7,23.0
48085,TX,357,82,5243870.0,1812659.0,45,37.0,2015,48,78.0
48087,TX,4,3,17316.0,16917.0,4,100.0,2021,1,10.0
48089,TX,83,49,4417756.0,3914507.0,22,52.0,2017,31,52.0
48091,TX,1218,45,60395403.0,641264.0,37,47.0,2002,329,90.0
48093,TX,12,2,73495.0,28869.0,8,75.0,1988,4,22.0
48095,TX,1,0,26345.0,0.0,1,0.0,2013,1,2.0
48097,TX,370,6,10449576.0,473574.0,23,69.0,2007,124,78.0
48099,TX,72,20,1111044.0,780549.0,20,21.0,2007,20,50.0
48105,TX,1,0,11662.0,0.0,1,100.0,2007,1,2.0
48107,TX,1,1,32519.0,32519.0,1,0.0,2017,1,2.0
48109,TX,1,1,63112.0,63112.0,1,0.0,2020,1,2.0
48111,TX,3,2,884.0,884.0,2,67.0,2016,2,8.0
48113,TX,3440,537,68453923.0,20683759.0,49,57.0,1991,344,96.0
48115,TX,10,1,142603.0,15000.0,6,90.0,1994,4,19.0
48117,TX,10,2,33018.0,21071.0,6,40.0,1990,5,19.0
48119,TX,1,0,2841.0,0.0,1,100.0,2002,1,2.0
48121,TX,556,115,10413044.0,3514746.0,45,43.0,2007,83,84.0
48123,TX,227,30,5809783.0,1309183.0,22,69.0,1998,57,70.0
48127,TX,10,2,474146.0,316470.0,6,40.0,2013,5,19.0
48129,TX,7,0,7175.0,0.0,5,100.0,2001,2,15.0
48131,TX,17,1,299157.0,41635.0,9,35.0,2002,5,26.0
48133,TX,171,78,5080149.0,2701611.0,18,61.0,2016,68,65.0
48135,TX,187,40,2366116.0,923610.0,39,78.0,2007,33,67.0
48139,TX,157,64,5973314.0,4780860.0,34,27.0,2018,37,64.0
48141,TX,779,103,6353640.0,2853810.0,47,71.0,2006,256,87.0
48143,TX,21,5,669650.0,150619.0,8,29.0,2015,8,29.0
48145,TX,9,1,177685.0,58641.0,7,78.0,1991,3,18.0
48147,TX,60,31,1735572.0,1341997.0,18,78.0,2018,16,46.0
48149,TX,133,83,8335145.0,6912339.0,17,59.0,2017,57,61.0
48151,TX,8,0,66590.0,0.0,4,38.0,1980,3,16.0
48157,TX,7388,5165,449720160.0,425897061.0,48,27.0,2017,3977,98.0
48159,TX,13,1,326267.0,6827.0,4,31.0,2015,10,23.0
48161,TX,17,6,587394.0,301732.0,11,18.0,2019,4,26.0
48163,TX,6,0,56860.0,0.0,4,17.0,2002,3,13.0
48165,TX,10,0,57753.0,0.0,6,70.0,2015,4,19.0
48167,TX,60613,10469,2448785940.0,860249728.0,49,69.0,2008,22606,100.0
48169,TX,1,0,11853.0,0.0,1,100.0,2002,1,2.0
48171,TX,13,3,90985.0,59053.0,10,31.0,2002,3,23.0
48175,TX,16,0,423704.0,0.0,8,38.0,2002,5,25.0
48177,TX,219,13,6395692.0,436440.0,23,74.0,1998,80,70.0
48179,TX,3,0,5051.0,0.0,3,67.0,2010,1,8.0
48181,TX,743,76,18234187.0,3030658.0,35,65.0,1986,152,86.0
48183,TX,239,60,3989953.0,2582950.0,40,46.0,1991,38,71.0
48185,TX,89,47,1389914.0,878722.0,17,57.0,2016,25,53.0
48187,TX,2455,39,107701712.0,580358.0,37,70.0,1998,876,95.0
48189,TX,13,2,34353.0,8362.0,8,69.0,1985,3,23.0
48191,TX,2,1,2761.0,1761.0,2,0.0,2007,1,5.0
48193,TX,2,0,5523.0,0.0,2,0.0,2013,1,5.0
48195,TX,1,0,966.0,0.0,1,0.0,1999,1,2.0
48199,TX,2388,1017,190306123.0,160615659.0,46,35.0,2017,851,94.0
48201,TX,170803,66111,8740385003.0,6116581606.0,49,44.0,2017,49785,100.0
48203,TX,258,114,5436027.0,3322588.0,26,64.0,2016,92,72.0
48205,TX,1,0,3535.0,0.0,1,0.0,1995,1,2.0
48207,TX,176,47,2310464.0,1513439.0,25,40.0,2018,38,65.0
48209,TX,1489,93,71422331.0,2722229.0,34,68.0,2015,731,92.0
48213,TX,84,27,2911277.0,767879.0,28,17.0,2015,20,52.0
48215,TX,4383,2474,117485311.0,97204706.0,49,22.0,2020,843,96.0
48217,TX,31,3,462578.0,162196.0,13,55.0,2015,6,36.0
48219,TX,15,6,131533.0,11356.0,10,67.0,2015,3,24.0
48221,TX,179,65,3562465.0,1925725.0,32,44.0,2016,40,66.0
48223,TX,36,5,304193.0,77188.0,15,50.0,2000,11,38.0
48225,TX,28,7,382770.0,292363.0,14,11.0,1993,6,34.0
48227,TX,30,8,479763.0,332560.0,14,47.0,1986,7,35.0
48229,TX,1,0,245314.0,0.0,1,100.0,2007,1,2.0
48231,TX,63,24,1627858.0,820872.0,29,40.0,2017,7,48.0
48233,TX,2,0,14515.0,0.0,1,0.0,2015,2,5.0
48235,TX,2,2,13410.0,13410.0,1,0.0,2021,2,5.0
48237,TX,6,4,284487.0,225901.0,4,17.0,2025,2,13.0
48239,TX,232,65,3387735.0,1189831.0,30,67.0,1994,66,70.0
48241,TX,228,123,7533975.0,6090316.0,33,30.0,2017,67,70.0
48245,TX,22637,10646,1185432240.0,1010008377.0,48,23.0,2017,7338,99.0
48247,TX,11,0,37056.0,0.0,9,82.0,2015,2,20.0
48249,TX,187,20,1628195.0,79316.0,30,43.0,2015,37,67.0
48251,TX,332,36,4913518.0,683322.0,36,53.0,2015,60,76.0
48253,TX,119,28,3942716.0,1424208.0,19,54.0,2007,30,59.0
48255,TX,15,3,104656.0,19770.0,9,40.0,1981,4,24.0
48257,TX,77,36,2067064.0,1442046.0,23,40.0,2024,9,51.0
48259,TX,227,28,3385000.0,186935.0,23,63.0,2002,53,70.0
48261,TX,1,1,59328.0,59328.0,1,0.0,2020,1,2.0
48265,TX,310,147,19629178.0,17999574.0,35,61.0,2025,125,75.0
48267,TX,18,8,389410.0,327374.0,4,67.0,1981,9,27.0
48271,TX,6,0,158781.0,0.0,4,17.0,2014,3,13.0
48273,TX,279,50,2158646.0,1137595.0,28,9.0,1980,103,73.0
48277,TX,130,80,2145959.0,1809957.0,32,69.0,2016,34,60.0
48279,TX,1,0,0.0,0.0,1,0.0,2013,1,2.0
48281,TX,43,25,754964.0,643196.0,13,49.0,2025,15,41.0
48283,TX,18,1,69353.0,0.0,6,50.0,2004,7,27.0
48285,TX,115,4,1496895.0,0.0,22,69.0,1981,33,58.0
48287,TX,25,16,648003.0,453007.0,7,24.0,2017,12,32.0
48289,TX,8,5,129758.0,98185.0,6,88.0,2025,2,16.0
48291,TX,3304,1270,109096630.0,80540510.0,46,40.0,2017,590,96.0
48293,TX,291,55,4585938.0,1134358.0,29,63.0,1991,35,74.0
48295,TX,6,1,237845.0,0.0,4,50.0,2008,2,13.0
48297,TX,56,1,928041.0,0.0,9,27.0,2002,42,45.0
48299,TX,692,419,19895107.0,17095306.0,35,84.0,2018,388,86.0
48303,TX,346,34,2736316.0,539141.0,43,76.0,1999,43,77.0
48305,TX,1,1,21727.0,21727.0,1,0.0,2022,1,2.0
48307,TX,1,1,18990.0,18990.0,1,0.0,2025,1,2.0
48309,TX,355,80,5149699.0,1998286.0,40,50.0,2007,48,78.0
48311,TX,2,0,642.0,0.0,1,100.0,2002,2,5.0
48313,TX,26,8,451898.0,236345.0,17,50.0,2018,3,32.0
48315,TX,46,16,689545.0,328479.0,16,17.0,2001,10,42.0
48317,TX,1,0,390.0,0.0,1,0.0,1980,1,2.0
48319,TX,5,2,119062.0,90000.0,4,20.0,2018,2,11.0
48321,TX,2137,604,24407941.0,13632354.0,41,66.0,2017,304,94.0
48323,TX,161,4,5477144.0,135583.0,19,59.0,2013,47,64.0
48325,TX,146,18,3642494.0,254947.0,24,52.0,2002,33,63.0
48327,TX,36,8,290147.0,144432.0,6,61.0,1980,11,38.0
48329,TX,145,14,1577870.0,345016.0,32,56.0,2010,23,62.0
48331,TX,15,2,200324.0,48347.0,10,53.0,2015,3,24.0
48335,TX,6,0,52900.0,0.0,3,50.0,1992,3,13.0
48337,TX,77,7,1457533.0,373995.0,18,55.0,2015,16,51.0
48339,TX,13010,6091,631400691.0,469032886.0,48,40.0,2017,2445,99.0
48343,TX,5,3,26907.0,23524.0,4,0.0,2016,2,11.0
48347,TX,241,23,4094043.0,2280071.0,26,42.0,1979,70,71.0
48349,TX,108,10,2587232.0,46625.0,26,69.0,2015,49,57.0
48351,TX,552,408,27722146.0,26115045.0,31,55.0,2017,260,84.0
48353,TX,56,18,1111827.0,753425.0,12,66.0,2018,14,45.0
48355,TX,8665,4331,186371843.0,157281343.0,49,56.0,2017,3736,98.0
48361,TX,12855,6922,1042333391.0,664969477.0,49,33.0,2017,4395,99.0
48363,TX,97,36,1394492.0,886964.0,28,53.0,2016,22,55.0
48365,TX,7,1,67166.0,9481.0,6,0.0,1989,2,15.0
48367,TX,278,48,4480529.0,1170628.0,31,62.0,1991,36,73.0
48373,TX,346,149,10056302.0,6302395.0,34,55.0,2024,70,77.0
48375,TX,387,12,5432642.0,1254974.0,33,37.0,1988,122,79.0
48377,TX,3,0,24032.0,0.0,1,100.0,2008,3,8.0
48379,TX,8,0,254885.0,0.0,5,75.0,2008,3,16.0
48381,TX,328,41,3313635.0,1650792.0,39,30.0,1988,50,76.0
48385,TX,59,3,672712.0,31901.0,14,71.0,1998,19,46.0
48389,TX,2,1,1020.0,1020.0,2,100.0,2016,1,5.0
48391,TX,122,50,1893912.0,1118577.0,30,40.0,2017,40,59.0
48395,TX,53,2,1452680.0,0.0,10,81.0,2004,43,44.0
48397,TX,61,26,1412667.0,1115023.0,25,44.0,2018,10,47.0
48399,TX,6,1,140237.0,101329.0,3,67.0,2014,3,13.0
48401,TX,62,10,382554.0,83543.0,26,47.0,1989,9,47.0
48403,TX,5,1,25639.0,0.0,5,0.0,2016,1,11.0
48405,TX,6,5,82283.0,31883.0,4,50.0,2017,2,13.0
48407,TX,491,150,10175660.0,6463575.0,32,68.0,1994,87,83.0
48409,TX,1980,489,19748802.0,8240188.0,46,46.0,2017,330,93.0
48411,TX,28,13,1268765.0,1142228.0,10,82.0,2025,10,34.0
48413,TX,1,0,0.0,0.0,1,0.0,2000,1,2.0
48415,TX,6,0,14106.0,0.0,3,33.0,1980,4,13.0
48417,TX,23,0,114125.0,0.0,10,87.0,2002,9,30.0
48419,TX,6,1,99026.0,0.0,6,83.0,2022,1,13.0
48423,TX,311,80,4696271.0,1983319.0,40,50.0,1989,33,75.0
48425,TX,33,5,618408.0,199267.0,14,73.0,2007,6,37.0
48427,TX,83,33,1927731.0,1316179.0,25,37.0,2008,16,52.0
48429,TX,68,17,896143.0,582528.0,12,76.0,1996,24,49.0
48433,TX,1,0,5952.0,0.0,1,100.0,1992,1,2.0
48435,TX,30,23,894365.0,876737.0,5,80.0,2018,21,35.0
48437,TX,1,1,9064.0,9064.0,1,0.0,2017,1,2.0
48439,TX,3562,451,61220960.0,11610260.0,49,53.0,1989,433,96.0
48441,TX,935,30,15624804.0,196595.0,42,82.0,2002,403,88.0
48443,TX,3,0,5159.0,0.0,1,0.0,1978,3,8.0
48445,TX,13,1,84444.0,0.0,9,54.0,2005,4,23.0
48447,TX,3,2,158552.0,157662.0,2,67.0,2017,2,8.0
48449,TX,6,6,248879.0,248879.0,4,33.0,2017,3,13.0
48451,TX,206,86,6450096.0,5277069.0,37,57.0,2025,66,68.0
48453,TX,4414,451,114510656.0,13424101.0,49,62.0,2013,715,97.0
48455,TX,140,30,2512011.0,861977.0,24,51.0,1991,19,61.0
48457,TX,187,60,3903086.0,1996723.0,28,52.0,1992,29,67.0
48459,TX,8,3,180912.0,89031.0,7,25.0,2025,2,16.0
48463,TX,93,5,2991381.0,33441.0,20,75.0,2002,54,54.0
48465,TX,158,10,3635810.0,177077.0,22,38.0,1998,72,64.0
48467,TX,40,21,1516653.0,1037787.0,17,52.0,2015,6,40.0
48469,TX,744,141,11207994.0,2488566.0,42,43.0,2017,113,86.0
48471,TX,392,210,15508897.0,12754696.0,34,60.0,2024,121,79.0
48473,TX,878,643,44044844.0,39005493.0,32,44.0,2017,334,88.0
48477,TX,71,43,1668211.0,1460673.0,21,27.0,2016,37,50.0
48479,TX,268,39,6785170.0,983818.0,32,64.0,2007,42,73.0
48481,TX,1165,646,51469381.0,41710999.0,34,77.0,2017,488,90.0
48483,TX,1,0,29964.0,0.0,1,100.0,2015,1,2.0
48485,TX,1295,47,19815467.0,1620951.0,42,71.0,1982,190,91.0
48487,TX,10,0,186914.0,0.0,5,20.0,1995,5,19.0
48489,TX,522,152,5144738.0,3206005.0,38,49.0,1980,59,84.0
48491,TX,740,79,21716613.0,3596318.0,45,49.0,2010,210,86.0
48493,TX,71,6,2019406.0,39493.0,20,51.0,1998,22,50.0
48497,TX,94,18,2456658.0,1192601.0,24,68.0,2015,27,55.0
48499,TX,11,4,154534.0,10415.0,7,55.0,2016,3,20.0
48501,TX,14,0,72632.0,0.0,8,93.0,2004,6,23.0
48503,TX,84,4,497996.0,67660.0,19,45.0,1990,25,52.0
48505,TX,7,3,97639.0,21222.0,5,29.0,2023,2,15.0
48507,TX,39,3,425208.0,157665.0,12,51.0,2007,11,39.0
49001,UT,1,0,3447.0,0.0,1,0.0,1983,1,2.0
49003,UT,18,3,292350.0,0.0,9,17.0,1986,7,27.0
49005,UT,42,7,132077.0,12684.0,19,31.0,2011,9,41.0
49007,UT,8,4,332489.0,302428.0,6,25.0,2016,2,16.0
49011,UT,185,21,1065110.0,131550.0,33,24.0,1984,70,67.0
49013,UT,6,0,9196.0,0.0,3,0.0,1983,4,13.0
49015,UT,4,0,12159.0,0.0,3,0.0,2006,2,10.0
49017,UT,1,1,7179.0,7179.0,1,0.0,2019,1,2.0
49019,UT,8,8,146466.0,146466.0,3,62.0,2022,5,16.0
49021,UT,23,9,194275.0,134014.0,14,4.0,2013,3,30.0
49023,UT,6,1,0.0,0.0,4,17.0,1983,3,13.0
49025,UT,8,4,81913.0,57699.0,7,38.0,2016,2,16.0
49027,UT,48,0,774494.0,0.0,4,2.0,1983,45,43.0
49029,UT,9,0,10887.0,0.0,3,0.0,2011,4,18.0
49031,UT,1,0,3672.0,0.0,1,0.0,1983,1,2.0
49033,UT,1,0,2842.0,0.0,1,100.0,2011,1,2.0
49035,UT,403,53,1709129.0,160453.0,41,12.0,1982,112,80.0
49039,UT,12,1,41176.0,0.0,7,17.0,1983,5,22.0
49041,UT,15,2,35504.0,0.0,7,20.0,1983,9,24.0
49043,UT,46,15,161658.0,76265.0,19,7.0,2023,8,42.0
49045,UT,7,2,62474.0,43317.0,6,29.0,2005,2,15.0
49047,UT,14,1,80456.0,0.0,10,21.0,1984,4,23.0
49049,UT,105,25,504943.0,58419.0,30,27.0,1983,19,56.0
49051,UT,12,5,39547.0,13158.0,8,8.0,1983,4,22.0
49053,UT,62,20,1194159.0,790593.0,26,29.0,2005,7,47.0
49055,UT,2,0,0.0,0.0,1,0.0,1983,2,5.0
49057,UT,88,30,317355.0,134160.0,27,32.0,2017,9,53.0
50001,VT,99,15,1530410.0,73311.0,21,69.0,2011,36,55.0
50003,VT,112,28,1533130.0,494559.0,25,55.0,2011,54,58.0
50005,VT,271,70,6074443.0,3345232.0,31,68.0,2011,70,73.0
50007,VT,256,71,3961928.0,1585318.0,33,62.0,2011,80,72.0
50009,VT,13,0,349646.0,0.0,5,62.0,2011,6,23.0
50011,VT,177,12,2441737.0,380082.0,28,51.0,2011,54,66.0
50013,VT,59,2,789179.0,22169.0,16,39.0,2011,35,46.0
50015,VT,174,78,5651200.0,4583155.0,24,61.0,2023,51,65.0
50017,VT,84,25,1873842.0,863235.0,25,65.0,2011,25,52.0
50019,VT,102,29,2589257.0,1758380.0,22,62.0,2011,23,56.0
50021,VT,284,69,4811285.0,1447122.0,33,77.0,2011,151,74.0
50023,VT,1234,466,49756894.0,28006995.0,36,87.0,2011,453,90.0
50025,VT,312,47,10875942.0,1476258.0,35,72.0,2011,180,75.0
50027,VT,511,159,24766262.0,10790679.0,34,72.0,2011,262,83.0
51001,VA,1113,84,11970960.0,975444.0,44,94.0,2012,271,90.0
51003,VA,123,16,1310114.0,227995.0,25,67.0,1987,33,59.0
51005,VA,213,28,2870610.0,655979.0,25,47.0,1996,71,69.0
51007,VA,7,2,123035.0,65697.0,5,100.0,2018,2,15.0
51009,VA,53,3,756454.0,116239.0,23,72.0,1996,12,44.0
51011,VA,9,0,256136.0,0.0,5,100.0,1996,3,18.0
51013,VA,215,85,1618472.0,1255904.0,33,19.0,2019,47,69.0
51015,VA,183,21,3002813.0,429052.0,25,70.0,1996,79,66.0
51017,VA,16,3,144053.0,0.0,8,81.0,1996,9,25.0
51019,VA,26,11,216194.0,105960.0,14,12.0,2020,7,32.0
51021,VA,50,12,950446.0,498003.0,16,92.0,2003,13,44.0
51023,VA,239,22,3737137.0,253083.0,27,72.0,1985,48,71.0
51025,VA,12,3,34708.0,9945.0,10,0.0,1978,2,22.0
51027,VA,359,53,4552607.0,2054865.0,30,35.0,1984,136,78.0
51029,VA,8,0,58019.0,0.0,4,100.0,1987,3,16.0
51031,VA,30,12,414971.0,164990.0,17,53.0,2018,5,35.0
51033,VA,8,1,42227.0,0.0,7,50.0,1985,2,16.0
51035,VA,21,8,239485.0,135745.0,10,29.0,2003,5,29.0
51036,VA,9,1,60932.0,8692.0,4,67.0,2003,5,18.0
51037,VA,2,1,1709.0,0.0,2,50.0,2020,1,5.0
51041,VA,265,64,3485833.0,978478.0,38,50.0,2004,50,73.0
51043,VA,34,2,540643.0,0.0,8,38.0,1996,21,37.0
51045,VA,94,5,1246446.0,70377.0,14,51.0,2004,36,55.0
51047,VA,43,10,721897.0,244050.0,18,49.0,1996,6,41.0
51049,VA,11,3,301715.0,171900.0,3,91.0,1996,7,20.0
51051,VA,118,5,513599.0,57647.0,20,36.0,1984,56,59.0
51053,VA,8,1,85451.0,6122.0,6,88.0,1996,2,16.0
51057,VA,241,5,5256655.0,7035.0,16,77.0,2003,104,71.0
51059,VA,1487,339,16402039.0,4179550.0,47,32.0,2011,333,92.0
51061,VA,31,11,175371.0,42901.0,21,29.0,1979,3,36.0
51063,VA,19,1,695083.0,0.0,8,63.0,2015,10,28.0
51065,VA,23,0,276616.0,0.0,8,70.0,1985,7,30.0
51067,VA,45,7,646772.0,34771.0,20,58.0,1992,6,42.0
51069,VA,57,16,552363.0,185107.0,23,40.0,2018,7,45.0
51071,VA,88,21,1733436.0,658519.0,18,72.0,2003,20,53.0
51073,VA,1378,36,28124100.0,419324.0,37,90.0,2003,758,91.0
51075,VA,18,2,156695.0,0.0,9,67.0,1985,7,27.0
51077,VA,6,1,11403.0,9384.0,4,17.0,1979,3,13.0
51079,VA,28,11,230825.0,161125.0,11,32.0,2018,7,34.0
51081,VA,5,3,49560.0,23415.0,4,60.0,2020,2,11.0
51083,VA,186,9,2338304.0,1217533.0,27,77.0,1979,46,67.0
51085,VA,39,11,596392.0,138753.0,16,41.0,2018,8,39.0
51087,VA,357,68,4202781.0,655126.0,42,54.0,2004,52,78.0
51089,VA,148,17,2490844.0,1021423.0,25,47.0,1987,37,63.0
51091,VA,6,0,54989.0,0.0,3,67.0,2003,3,13.0
51093,VA,183,21,5165894.0,499434.0,22,50.0,2006,47,66.0
51095,VA,370,18,6234036.0,97865.0,27,78.0,2003,150,78.0
51097,VA,22,1,614685.0,48056.0,6,82.0,2003,14,30.0
51099,VA,16,6,91377.0,2764.0,5,44.0,2020,6,25.0
51101,VA,89,2,2216619.0,22284.0,16,82.0,2003,50,53.0
51103,VA,396,14,5674034.0,74178.0,19,84.0,2003,154,79.0
51105,VA,49,1,733164.0,8314.0,14,55.0,2002,22,43.0
51107,VA,168,30,2016374.0,89804.0,38,41.0,1996,32,65.0
51109,VA,4,1,36477.0,0.0,4,25.0,2016,1,10.0
51113,VA,19,1,128126.0,6137.0,5,79.0,1996,9,28.0
51115,VA,1162,25,18820115.0,331921.0,33,93.0,2003,638,90.0
51117,VA,8,1,72397.0,4439.0,6,50.0,1987,3,16.0
51119,VA,234,6,2955147.0,85580.0,23,83.0,2003,100,71.0
51121,VA,181,38,3217574.0,2227944.0,23,65.0,1985,24,66.0
51125,VA,31,2,237967.0,5006.0,12,48.0,1996,10,36.0
51127,VA,36,2,567544.0,28412.0,12,53.0,2003,14,38.0
51131,VA,98,5,1100816.0,85840.0,19,77.0,2003,24,55.0
51133,VA,385,14,6482788.0,189539.0,28,72.0,2006,131,79.0
51135,VA,1,1,2599.0,2599.0,1,0.0,2021,1,2.0
51137,VA,20,9,279047.0,175055.0,14,15.0,2025,5,29.0
51139,VA,188,4,3590881.0,21993.0,16,63.0,1996,122,67.0
51141,VA,45,4,1060083.0,18425.0,9,87.0,1985,19,42.0
51143,VA,26,5,430663.0,184212.0,16,8.0,2018,4,32.0
51145,VA,1,0,4867.0,0.0,1,0.0,2014,1,2.0
51147,VA,40,7,460578.0,194984.0,11,68.0,1978,10,40.0
51149,VA,35,7,322294.0,94980.0,12,51.0,2003,12,37.0
51153,VA,483,99,5645665.0,919756.0,43,45.0,2011,58,82.0
51155,VA,99,41,2675542.0,2069748.0,20,83.0,2024,25,55.0
51157,VA,9,4,16786.0,1346.0,6,78.0,2025,3,18.0
51159,VA,56,4,1263318.0,71580.0,15,41.0,2003,21,45.0
51161,VA,583,83,6602195.0,1625579.0,37,72.0,1985,87,84.0
51163,VA,313,10,5130793.0,258399.0,21,73.0,1995,84,76.0
51165,VA,282,16,4466120.0,821581.0,19,68.0,1996,177,73.0
51167,VA,52,7,440938.0,196779.0,15,52.0,2002,13,44.0
51169,VA,36,5,394716.0,17232.0,15,39.0,2002,9,38.0
51171,VA,205,8,5676265.0,78842.0,17,73.0,1996,139,68.0
51173,VA,160,37,1145905.0,674788.0,30,64.0,2024,30,64.0
51175,VA,91,4,3352232.0,24468.0,9,76.0,1999,49,54.0
51177,VA,54,19,162735.0,56836.0,27,20.0,2003,6,45.0
51179,VA,164,51,1357556.0,461441.0,29,47.0,2003,35,65.0
51181,VA,70,4,2434246.0,326366.0,13,73.0,2003,35,49.0
51183,VA,34,1,143529.0,0.0,5,79.0,1999,16,37.0
51185,VA,480,74,7628425.0,3706088.0,37,54.0,1978,72,82.0
51187,VA,370,17,6778356.0,279912.0,23,77.0,1996,192,78.0
51191,VA,80,32,1670344.0,1151098.0,20,30.0,2002,13,52.0
51193,VA,230,23,6346696.0,267524.0,21,62.0,2003,91,70.0
51195,VA,348,36,2685111.0,834708.0,32,66.0,2002,81,77.0
51197,VA,31,14,386823.0,200536.0,15,48.0,2024,10,36.0
51199,VA,1569,12,32198818.0,43808.0,34,86.0,2003,938,92.0
51510,VA,404,199,7194638.0,4151794.0,37,41.0,2019,81,80.0
51520,VA,24,5,127744.0,38080.0,13,38.0,2018,4,31.0
51530,VA,276,0,3993154.0,0.0,12,58.0,1995,95,73.0
51540,VA,44,10,287321.0,124945.0,15,52.0,1979,10,41.0
51550,VA,2634,294,26986206.0,2907891.0,48,86.0,2009,602,95.0
51570,VA,79,8,1206381.0,166418.0,13,80.0,2003,24,52.0
51580,VA,206,60,1916661.0,1037317.0,17,58.0,1985,65,68.0
51590,VA,164,86,4955888.0,4074205.0,27,59.0,2018,72,65.0
51595,VA,18,6,34370.0,28309.0,11,78.0,2024,3,27.0
51600,VA,53,6,939666.0,5737.0,20,55.0,2011,18,44.0
51610,VA,74,31,471724.0,271424.0,17,45.0,2019,22,50.0
51620,VA,106,3,4979608.0,9264.0,13,67.0,2006,75,56.0
51630,VA,44,9,259108.0,144284.0,17,55.0,1979,6,41.0
51640,VA,2,0,3227.0,0.0,1,50.0,1979,2,5.0
51650,VA,5774,227,71914874.0,2796095.0,47,91.0,2003,2310,97.0
51660,VA,55,11,761720.0,445059.0,23,47.0,1996,15,45.0
51670,VA,18,6,170737.0,44862.0,7,50.0,2003,6,27.0
51678,VA,34,0,253384.0,0.0,7,62.0,1995,12,37.0
51680,VA,151,17,4076181.0,447086.0,23,68.0,1996,35,63.0
51683,VA,25,6,119372.0,25941.0,15,28.0,2011,7,32.0
51685,VA,5,1,9145.0,4890.0,5,20.0,1981,1,11.0
51700,VA,1064,106,23788940.0,4063562.0,41,66.0,2012,186,89.0
51710,VA,6008,495,68106933.0,6132652.0,49,78.0,2009,1504,97.0
51720,VA,46,12,303227.0,76097.0,13,46.0,1982,14,42.0
51730,VA,129,39,2054889.0,1452614.0,35,60.0,1999,19,60.0
51735,VA,4290,45,64810307.0,239183.0,43,98.0,2003,2046,96.0
51740,VA,1737,288,19779923.0,5564894.0,45,74.0,2009,379,93.0
51750,VA,6,3,492970.0,460730.0,4,67.0,2024,3,13.0
51760,VA,547,44,11849261.0,667234.0,39,72.0,1985,171,84.0
51770,VA,1184,72,20175454.0,1274620.0,40,78.0,1985,216,90.0
51775,VA,812,73,18850736.0,2463835.0,32,83.0,1985,152,87.0
51790,VA,57,18,786114.0,363950.0,12,75.0,2003,18,45.0
51800,VA,234,59,5190950.0,2393449.0,33,47.0,2016,47,71.0
51810,VA,6254,1785,103068588.0,56611046.0,49,73.0,2016,1494,97.0
51820,VA,367,11,5990385.0,27123.0,26,78.0,1996,136,78.0
51830,VA,18,0,84430.0,0.0,9,56.0,1989,5,27.0
51840,VA,17,8,100601.0,62919.0,9,47.0,1978,4,26.0
53001,WA,8,5,9901.0,2435.0,6,88.0,2023,2,16.0
53003,WA,4,1,54480.0,38815.0,4,50.0,2017,1,10.0
53005,WA,108,14,1461340.0,217192.0,21,69.0,1996,34,57.0
53007,WA,183,44,2960655.0,1869307.0,25,61.0,1995,39,66.0
53009,WA,101,4,1195970.0,158657.0,25,47.0,1999,9,56.0
53011,WA,162,9,2302955.0,26009.0,26,59.0,1996,64,64.0
53013,WA,56,16,491117.0,341645.0,9,77.0,1996,28,45.0
53015,WA,684,34,14873244.0,1117848.0,38,38.0,1980,168,86.0
53017,WA,4,0,50029.0,0.0,3,100.0,1995,2,10.0
53019,WA,4,3,53740.0,53740.0,3,50.0,2018,2,10.0
53021,WA,1,0,0.0,0.0,1,0.0,2012,1,2.0
53023,WA,2,0,95.0,0.0,1,50.0,1979,2,5.0
53025,WA,17,4,80819.0,71719.0,11,65.0,1998,4,26.0
53027,WA,921,60,13496946.0,1615890.0,38,79.0,2015,281,88.0
53029,WA,279,115,4015968.0,2496735.0,37,77.0,2006,46,73.0
53031,WA,53,12,623025.0,131906.0,26,70.0,1982,5,44.0
53033,WA,3382,469,65793237.0,16297029.0,48,70.0,2009,668,96.0
53035,WA,229,93,4159954.0,2244079.0,35,53.0,2022,74,70.0
53037,WA,254,38,3284412.0,963037.0,30,76.0,2009,70,72.0
53039,WA,20,1,286001.0,10816.0,5,70.0,1996,13,29.0
53041,WA,2102,116,80434474.0,5266791.0,37,82.0,2007,639,94.0
53043,WA,12,2,38768.0,0.0,5,83.0,1997,6,22.0
53045,WA,305,54,6096794.0,2079484.0,37,68.0,2007,67,75.0
53047,WA,89,23,478776.0,216164.0,21,48.0,2018,13,53.0
53049,WA,216,33,4144487.0,849636.0,37,44.0,1982,18,70.0
53051,WA,99,9,1553965.0,285925.0,7,40.0,1997,70,55.0
53053,WA,1105,151,25342580.0,4900885.0,45,62.0,2009,230,90.0
53055,WA,9,5,140442.0,114035.0,7,11.0,2018,2,18.0
53057,WA,1293,234,22139049.0,10654674.0,41,79.0,1990,272,91.0
53059,WA,15,0,333937.0,0.0,6,27.0,2006,6,24.0
53061,WA,1961,175,36558179.0,5726294.0,47,78.0,2006,329,93.0
53063,WA,62,14,1768635.0,1215102.0,21,39.0,1997,15,47.0
53065,WA,15,4,61426.0,6933.0,9,40.0,1997,3,24.0
53067,WA,387,71,6338904.0,2024095.0,39,64.0,1996,87,79.0
53069,WA,93,1,1728901.0,9563.0,17,82.0,1996,23,54.0
53071,WA,100,38,1850987.0,1144085.0,13,73.0,1996,49,56.0
53073,WA,1205,691,52166241.0,45156083.0,45,81.0,2021,329,90.0
53075,WA,58,6,660653.0,139260.0,11,62.0,1996,23,46.0
53077,WA,320,54,2784560.0,1013823.0,28,61.0,1996,107,76.0
54001,WV,373,2,3471327.0,5741.0,26,71.0,1996,148,79.0
54003,WV,310,28,4854896.0,858970.0,25,61.0,1996,154,75.0
54005,WV,469,15,3588924.0,497947.0,27,62.0,1978,123,82.0
54007,WV,40,6,509139.0,21469.0,17,50.0,2003,6,40.0
54009,WV,488,41,6355920.0,1047063.0,29,80.0,2004,196,83.0
54011,WV,806,186,11352831.0,5342626.0,42,60.0,1978,110,87.0
54013,WV,264,5,2361697.0,57671.0,21,64.0,1985,56,73.0
54015,WV,76,42,1644265.0,1440166.0,16,54.0,2016,40,51.0
54017,WV,52,6,476730.0,87966.0,13,46.0,1985,17,44.0
54019,WV,295,44,3092824.0,1364573.0,34,55.0,2001,80,75.0
54021,WV,455,4,5204670.0,29698.0,23,66.0,2008,68,81.0
54023,WV,155,4,2895552.0,11358.0,13,43.0,1996,96,64.0
54025,WV,943,358,25559257.0,14604218.0,25,78.0,2016,351,88.0
54027,WV,261,9,4197495.0,43116.0,15,81.0,1996,182,72.0
54029,WV,365,15,3944699.0,86078.0,22,60.0,2004,146,78.0
54031,WV,188,0,3447085.0,0.0,8,69.0,1996,152,67.0
54033,WV,773,29,5607406.0,419536.0,35,46.0,1978,141,87.0
54035,WV,311,17,4474584.0,501307.0,36,50.0,1998,65,75.0
54037,WV,143,18,1752702.0,106254.0,18,65.0,1996,76,62.0
54039,WV,2445,556,42833354.0,23466407.0,47,69.0,2003,483,95.0
54041,WV,288,9,2018893.0,188617.0,27,56.0,1985,100,74.0
54043,WV,344,24,4266585.0,163880.0,34,46.0,2003,80,77.0
54045,WV,2143,86,30479153.0,2961621.0,41,73.0,1978,458,94.0
54047,WV,1049,68,9671416.0,2579904.0,38,41.0,2002,319,89.0
54049,WV,371,65,5844120.0,1766643.0,37,50.0,2017,52,78.0
54051,WV,541,69,4282273.0,924519.0,32,61.0,2004,130,84.0
54053,WV,140,11,1075611.0,253504.0,29,40.0,1979,31,61.0
54055,WV,436,33,5222258.0,1455234.0,36,52.0,2001,82,81.0
54057,WV,192,7,1905803.0,518907.0,17,73.0,1996,108,67.0
54059,WV,1676,126,30156979.0,3273506.0,35,74.0,1984,790,93.0
54061,WV,361,33,3162840.0,651762.0,35,53.0,1980,82,78.0
54063,WV,89,22,1700056.0,718265.0,16,80.0,1996,37,53.0
54065,WV,204,12,3118469.0,195884.0,18,82.0,1996,127,68.0
54067,WV,216,74,8714986.0,5853785.0,21,68.0,2016,70,70.0
54069,WV,3120,189,33678185.0,7528192.0,31,82.0,2004,1033,95.0
54071,WV,67,2,442479.0,111576.0,11,63.0,1996,46,49.0
54073,WV,43,1,535902.0,10703.0,17,58.0,2004,17,41.0
54075,WV,706,16,15143449.0,500666.0,21,77.0,1996,388,86.0
54077,WV,99,7,825240.0,164987.0,20,58.0,1996,25,55.0
54079,WV,289,53,3295545.0,1564024.0,39,54.0,2003,44,74.0
54081,WV,474,21,4508139.0,325000.0,36,63.0,2001,105,82.0
54083,WV,536,32,4715990.0,384240.0,34,58.0,1996,264,84.0
54085,WV,65,2,440801.0,46893.0,16,55.0,1998,25,48.0
54087,WV,189,28,3260390.0,1255568.0,18,53.0,2013,31,67.0
54089,WV,312,90,5686910.0,1959209.0,21,83.0,1996,119,75.0
54091,WV,50,8,737463.0,298427.0,17,36.0,1981,7,44.0
54093,WV,368,2,7100780.0,0.0,12,81.0,1996,257,78.0
54095,WV,59,4,378307.0,116857.0,16,44.0,1996,10,46.0
54097,WV,382,5,2696199.0,83324.0,24,71.0,1996,136,79.0
54099,WV,469,40,4311365.0,1095645.0,40,54.0,2003,74,82.0
54101,WV,199,52,2424281.0,1695403.0,22,49.0,2016,50,68.0
54103,WV,498,42,6290405.0,1111092.0,28,82.0,2004,220,83.0
54105,WV,67,1,535008.0,0.0,15,78.0,1997,24,49.0
54107,WV,947,55,13244360.0,1157572.0,41,74.0,2004,182,88.0
54109,WV,923,52,13873136.0,1222047.0,35,63.0,2001,327,88.0
55001,WI,32,20,89665.0,42124.0,12,31.0,2020,9,36.0
55003,WI,11,5,489259.0,465094.0,7,82.0,2016,3,20.0
55005,WI,10,1,116138.0,0.0,6,30.0,2001,2,19.0
55007,WI,16,13,137019.0,124535.0,8,50.0,2016,5,25.0
55009,WI,373,121,2165552.0,1429184.0,32,76.0,1990,104,79.0
55011,WI,29,4,302613.0,59876.0,11,83.0,2001,11,34.0
55013,WI,36,11,279528.0,159828.0,15,53.0,2001,12,38.0
55015,WI,24,3,61949.0,30282.0,12,58.0,1993,9,31.0
55017,WI,46,12,336747.0,267314.0,20,50.0,2016,5,42.0
55019,WI,35,5,603486.0,209626.0,15,37.0,1993,5,37.0
55021,WI,179,57,2418444.0,1192732.0,26,75.0,2008,50,66.0
55023,WI,235,58,4485762.0,1567778.0,25,84.0,2008,49,71.0
55025,WI,333,121,8266978.0,5962826.0,38,44.0,2018,85,76.0
55027,WI,46,7,204545.0,82153.0,12,52.0,2008,16,42.0
55029,WI,65,33,567503.0,395777.0,16,63.0,1986,19,48.0
55031,WI,21,10,706833.0,632971.0,10,33.0,2020,6,29.0
55033,WI,9,1,52516.0,29093.0,8,67.0,2014,2,18.0
55035,WI,58,7,503765.0,168073.0,15,60.0,1993,19,46.0
55037,WI,1,0,4849.0,0.0,1,0.0,1996,1,2.0
55039,WI,523,129,7331811.0,2413638.0,28,85.0,2008,282,84.0
55041,WI,3,1,33259.0,0.0,3,0.0,2020,1,8.0
55043,WI,85,21,608528.0,320397.0,22,49.0,2001,13,53.0
55045,WI,36,13,291997.0,219916.0,14,72.0,2019,6,38.0
55047,WI,53,7,440717.0,68089.0,10,58.0,2008,19,44.0
55049,WI,24,1,215665.0,0.0,11,62.0,2008,7,31.0
55051,WI,2,0,10347.0,0.0,1,0.0,2014,2,5.0
55053,WI,29,4,444440.0,72324.0,7,72.0,2010,11,34.0
55055,WI,502,14,10904098.0,546359.0,24,88.0,2008,210,83.0
55057,WI,114,68,4194770.0,3540791.0,12,72.0,2018,59,58.0
55059,WI,333,95,4979655.0,2865379.0,35,70.0,2017,62,76.0
55061,WI,20,8,134510.0,58364.0,11,60.0,2019,6,29.0
55063,WI,215,48,1224196.0,412551.0,32,77.0,2001,59,69.0
55065,WI,61,4,562598.0,76342.0,10,87.0,1993,28,47.0
55067,WI,17,2,53368.0,472.0,7,82.0,2004,10,26.0
55069,WI,3,1,16929.0,16351.0,3,67.0,2023,1,8.0
55071,WI,35,9,468190.0,379548.0,19,51.0,1986,5,37.0
55073,WI,69,8,357038.0,64852.0,26,57.0,2010,14,49.0
55075,WI,22,9,224676.0,202135.0,11,45.0,2020,5,30.0
55077,WI,33,9,431853.0,146564.0,10,73.0,2008,12,37.0
55079,WI,2431,312,28186562.0,11337127.0,44,60.0,1998,688,95.0
55081,WI,97,47,1316093.0,1107736.0,20,61.0,2018,27,55.0
55083,WI,132,54,951796.0,697827.0,18,83.0,1986,53,61.0
55085,WI,4,3,14773.0,14773.0,2,0.0,2017,3,10.0
55087,WI,86,47,1111795.0,904934.0,22,70.0,2026,35,53.0
55089,WI,351,65,3867724.0,1470856.0,33,74.0,2008,97,77.0
55091,WI,75,6,659336.0,119906.0,20,95.0,2001,18,51.0
55093,WI,126,18,2811667.0,684641.0,25,85.0,2001,32,60.0
55095,WI,15,8,104731.0,81972.0,12,33.0,2025,2,24.0
55097,WI,22,4,166483.0,17521.0,9,77.0,2010,8,30.0
55099,WI,6,1,96559.0,24321.0,5,67.0,2003,2,13.0
55101,WI,178,40,2588973.0,1319317.0,31,75.0,2008,79,66.0
55103,WI,95,23,1181390.0,616028.0,20,73.0,2007,19,55.0
55105,WI,304,35,4115219.0,318906.0,27,65.0,2008,139,75.0
55107,WI,10,0,290058.0,0.0,6,40.0,1994,4,19.0
55109,WI,74,30,1516336.0,868558.0,22,41.0,2020,18,50.0
55111,WI,198,87,6837609.0,3611667.0,19,61.0,2018,77,68.0
55113,WI,8,5,69171.0,61290.0,5,50.0,2016,3,16.0
55115,WI,12,9,132544.0,129652.0,6,50.0,2019,5,22.0
55117,WI,52,8,551480.0,220664.0,23,21.0,1998,10,44.0
55121,WI,141,45,2599235.0,1505138.0,18,84.0,2010,28,62.0
55123,WI,178,66,4143057.0,2789152.0,26,62.0,2018,36,66.0
55127,WI,46,26,578359.0,534071.0,17,15.0,2020,11,42.0
55129,WI,24,6,840357.0,62977.0,6,75.0,2003,10,31.0
55131,WI,78,18,1170544.0,316654.0,27,71.0,2008,26,51.0
55133,WI,461,121,9194089.0,4726674.0,38,53.0,2008,112,82.0
55135,WI,144,78,1149315.0,980086.0,22,88.0,2026,69,62.0
55137,WI,24,13,225461.0,183258.0,11,33.0,2020,8,31.0
55139,WI,214,41,3673812.0,479198.0,34,61.0,2008,52,69.0
55141,WI,48,11,726927.0,373882.0,16,77.0,2010,17,43.0
56001,WY,16,4,121770.0,113600.0,12,44.0,2010,3,25.0
56003,WY,9,1,247621.0,140621.0,6,44.0,2014,3,18.0
56005,WY,22,0,38089.0,0.0,5,9.0,1978,12,30.0
56007,WY,34,0,116596.0,0.0,5,15.0,1984,21,37.0
56009,WY,13,3,112612.0,67832.0,10,46.0,2023,2,23.0
56013,WY,17,7,49942.0,37718.0,8,47.0,2010,6,26.0
56015,WY,12,5,51066.0,37104.0,7,42.0,2016,5,22.0
56017,WY,1,0,0.0,0.0,1,0.0,1998,1,2.0
56019,WY,6,0,21905.0,0.0,5,17.0,2015,2,13.0
56021,WY,192,15,969918.0,113245.0,30,32.0,1985,77,67.0
56023,WY,11,4,65568.0,29368.0,4,55.0,2023,4,20.0
56025,WY,57,7,247435.0,128327.0,24,47.0,1978,8,45.0
56027,WY,1,0,570.0,0.0,1,100.0,2000,1,2.0
56029,WY,19,2,349467.0,39192.0,12,63.0,1997,6,28.0
56031,WY,1,1,0.0,0.0,1,0.0,2019,1,2.0
56033,WY,74,16,292830.0,131141.0,18,61.0,1995,12,50.0
56035,WY,7,0,0.0,0.0,1,0.0,1997,7,15.0
56037,WY,22,1,901085.0,7436.0,12,91.0,1989,6,30.0
56039,WY,24,5,117237.0,84492.0,8,8.0,1997,11,31.0
56041,WY,6,1,10133.0,0.0,5,17.0,2003,2,13.0
56043,WY,5,1,0.0,0.0,5,60.0,2019,1,11.0
56045,WY,1,0,1174.0,0.0,1,100.0,2005,1,2.0
60010,AS,8,1,4743.0,0.0,4,25.0,2011,3,16.0
66010,GU,181,35,2352229.0,610440.0,23,68.0,2002,83,66.0
72001,PR,11,1,87173.0,33965.0,7,100.0,2003,3,20.0
72003,PR,32,12,456810.0,351443.0,12,91.0,1998,8,36.0
72011,PR,99,21,784730.0,479422.0,10,98.0,1998,59,55.0
72013,PR,994,66,11478807.0,3999836.0,33,83.0,1985,354,89.0
72021,PR,522,17,3467468.0,397695.0,35,56.0,1996,137,84.0
72027,PR,7,0,26283.0,0.0,7,43.0,2008,1,15.0
72031,PR,1064,52,4272303.0,886698.0,39,81.0,1998,374,89.0
72043,PR,28,1,52237.0,30894.0,9,89.0,1979,14,34.0
72049,PR,2,1,37480.0,32724.0,2,50.0,2017,1,5.0
72053,PR,474,2,1567815.0,15000.0,29,70.0,1979,63,82.0
72055,PR,120,2,309508.0,20952.0,18,58.0,2003,44,59.0
72057,PR,211,9,1352643.0,141743.0,29,65.0,1998,46,69.0
72059,PR,229,10,1930565.0,515397.0,24,86.0,1982,41,70.0
72061,PR,244,26,2765093.0,688101.0,35,31.0,1998,49,72.0
72069,PR,1057,30,3915719.0,875207.0,32,79.0,1979,290,89.0
72079,PR,27,0,106728.0,0.0,8,85.0,2008,7,33.0
72085,PR,32,2,98206.0,6167.0,12,69.0,1979,15,36.0
72087,PR,467,8,1191245.0,296402.0,26,31.0,1998,180,82.0
72091,PR,80,5,317221.0,94119.0,25,81.0,1981,18,52.0
72095,PR,91,0,88450.0,0.0,19,53.0,1998,22,54.0
72109,PR,128,3,604032.0,99086.0,25,72.0,1979,24,60.0
72113,PR,608,22,3056572.0,204080.0,33,81.0,1979,105,85.0
72137,PR,2038,83,17908872.0,2669012.0,35,52.0,1998,1097,94.0
72153,PR,130,14,1506306.0,175476.0,20,86.0,1998,40,60.0
78010,VI,1873,146,35432184.0,8265224.0,38,37.0,1995,332,93.0
78020,VI,29,5,646414.0,241444.0,7,69.0,1989,9,34.0
78030,VI,1386,158,37344259.0,9991212.0,39,67.0,1995,298,91.0
