sic,sic_title,sic_piece,naics,naics_title,relationship
0111,Wheat,,111140,Wheat Farming,one_to_one
0112,Rice,,111160,Rice Farming,one_to_one
0115,Corn,,111150,Corn Farming,partial
0116,Soybeans,,111110,Soybean Farming,one_to_one
0119,"Cash Grains, Not Elsewhere Classified",Combination Oilseed and Grain Farms,111191,Oilseed and Grain Combination Farming,partial
0119,"Cash Grains, Not Elsewhere Classified",Dry Pea and Bean Farms,111130,Dry Pea and Bean Farming,partial
0119,"Cash Grains, Not Elsewhere Classified","Oilseed, Except Soybean, Farms",111120,Oilseed (except Soybean) Farming,partial
0119,"Cash Grains, Not Elsewhere Classified",Other Farms,111199,All Other Grain Farming,partial
0119,"Cash Grains, Not Elsewhere Classified",Popcorn Farms,111150,Corn Farming,partial
0131,Cotton,,111920,Cotton Farming,one_to_one
0132,Tobacco,,111910,Tobacco Farming,one_to_one
0133,Sugarcane and Sugar Beets,Sugar Beets,111991,Sugar Beet Farming,partial
0133,Sugarcane and Sugar Beets,Sugarcane,111930,Sugarcane Farming,partial
0134,Irish Potatoes,,111211,Potato Farming,partial
0139,"Field Crops, Except Cash Grains, Not Elsewhere Classified",Hay Farms,111940,Hay Farming,partial
0139,"Field Crops, Except Cash Grains, Not Elsewhere Classified",Other Field Crop Farms,111998,All Other Miscellaneous Crop Farming,partial
0139,"Field Crops, Except Cash Grains, Not Elsewhere Classified",Other Field Crop Farms,112519,Other Aquaculture,partial
0139,"Field Crops, Except Cash Grains, Not Elsewhere Classified",Peanut Farming,111992,Peanut Farming,partial
0139,"Field Crops, Except Cash Grains, Not Elsewhere Classified",Sweet Potatoes and Yam Farms,111211,Potato Farming,partial
0139,"Field Crops, Except Cash Grains, Not Elsewhere Classified",Sweet Potatoes and Yam Farms,111219,Other Vegetable (except Potato) and Melon Farming,partial
0161,Vegetables and Melons,,111211,Potato Farming,partial
0161,Vegetables and Melons,,111219,Other Vegetable (except Potato) and Melon Farming,partial
0171,Berry Crops,Other Berry Farms,111334,Berry (except Strawberry) Farming,partial
0171,Berry Crops,Strawberry Farms,111333,Strawberry Farming,partial
0172,Grapes,,111332,Grape Vineyards,one_to_one
0173,Tree Nuts,,111335,Tree Nut Farming,one_to_one
0174,Citrus Fruits,Orange Groves and Farms,111310,Orange Groves,partial
0174,Citrus Fruits,Other Citrus Groves and Farms,111320,Citrus (except Orange) Groves,partial
0175,Deciduous Tree Fruits,Apple Orchards and Farms,111331,Apple Orchards,partial
0175,Deciduous Tree Fruits,Other Farms,111339,Other Noncitrus Fruit Farming,partial
0179,"Fruits and Tree Nuts, Not Elsewhere Classified",Combination Fruit and Tree Nut Farms,111336,Fruit and Tree Nut Combination Farming,partial
0179,"Fruits and Tree Nuts, Not Elsewhere Classified",Other Farms,111339,Other Noncitrus Fruit Farming,partial
0181,Ornamental Floriculture and Nursery Products,Floriculture Farming,111422,Floriculture Production,partial
0181,Ornamental Floriculture and Nursery Products,Nursery Farming,111421,Nursery and Tree Production,partial
0182,Food Crops Grown Under Cover,"Mushrooms, Growing Of",111411,Mushroom Production,partial
0182,Food Crops Grown Under Cover,Other Food Crops Grown Under Cover,111419,Other Food Crops Grown Under Cover,partial
0191,"General Farms, Primarily Crop",,111998,All Other Miscellaneous Crop Farming,partial
0191,"General Farms, Primarily Crop",,112519,Other Aquaculture,partial
0211,Beef Cattle Feedlots,,112112,Cattle Feedlots,one_to_one
0212,"Beef Cattle, Except Feedlots",,112111,Beef Cattle Ranching and Farming,partial
0213,Hogs,,112210,Hog and Pig Farming,one_to_one
0214,Sheep and Goats,Goat Farms,112420,Goat Farming,partial
0214,Sheep and Goats,Sheep Farms,112410,Sheep Farming,partial
0219,"General Livestock, Except Dairy and Poultry",,112990,All Other Animal Production,partial
0241,Dairy Farms,Dairy Farms,112120,Dairy Cattle and Milk Production,partial
0241,Dairy Farms,Dairy Heifer Replacement Farms,112111,Beef Cattle Ranching and Farming,partial
0251,"Broiler, Fryer, and Roaster Chickens",,112320,Broilers and Other Meat Type Chicken Production,one_to_one
0252,Chicken Eggs,,112310,Chicken Egg Production,one_to_one
0253,Turkeys and Turkey Eggs,,112330,Turkey Production,one_to_one
0254,Poultry Hatcheries,,112340,Poultry Hatcheries,one_to_one
0259,"Poultry and Eggs, Not Elsewhere Classified",,112390,Other Poultry Production,one_to_one
0271,Fur-Bearing Animals and Rabbits,,112930,Fur-Bearing Animal and Rabbit Production,one_to_one
0272,Horses and Other Equines,,112920,Horses and Other Equine Production,one_to_one
0273,Animal Aquaculture,Finfish Farms,112511,Finfish Farming and Fish Hatcheries,partial
0273,Animal Aquaculture,Other Animal Aquaculture,112519,Other Aquaculture,partial
0273,Animal Aquaculture,Shellfish Farms,112512,Shellfish Farming,partial
0279,"Animal Specialties, Not Elsewhere Classified",Alligator and Frog Production,112519,Other Aquaculture,partial
0279,"Animal Specialties, Not Elsewhere Classified",Bee Farms,112910,Apiculture,partial
0279,"Animal Specialties, Not Elsewhere Classified",Other,112990,All Other Animal Production,partial
0291,"General Farms, Primarily Livestock and Animal Specialties",,112990,All Other Animal Production,partial
0711,Soil Preparation Services,,115112,"Soil Preparation, Planting, and Cultivating",partial
0721,"Crop Planting, Cultivating, and Protecting",,115112,"Soil Preparation, Planting, and Cultivating",partial
0722,"Crop Harvesting, Primarily by Machine",,115113,"Crop Harvesting, Primarily by Machine",one_to_one
0723,"Crop Preparation Services for Market, Except Cotton Ginning",Custom Grain Grinding,311119,Other Animal Food Manufacturing,partial
0723,"Crop Preparation Services for Market, Except Cotton Ginning",Other,115114,Postharvest Crop Activities (except Cotton Ginning),partial
0724,Cotton Ginning,,115111,Cotton Ginning,one_to_one
0741,Veterinary Services for Livestock,,541940,Veterinary Services,partial
0742,Veterinary Services for Animal Specialties,,541940,Veterinary Services,partial
0751,"Livestock Services, Except Veterinary",Custom Slaughtering,311611,Animal (except Poultry) Slaughtering,partial
0751,"Livestock Services, Except Veterinary","Other Livestock Service, Except Veterinary",115210,Support Activities for Animal Production,partial
0752,"Animal Specialty Services, Except Veterinary",Horses and Equines Services and Animal Production Breeding,115210,Support Activities for Animal Production,partial
0752,"Animal Specialty Services, Except Veterinary",Pet Care Services,812910,Pet Care (except Veterinary) Services,partial
0761,Farm Labor Contractors and Crew Leaders,,115115,Farm Labor Contractors and Crew Leaders,one_to_one
0762,Farm Management Services,,115116,Farm Management Services,one_to_one
0781,Landscape Counseling and Planning,Horticulture Consulting,541690,Other Scientific and Technical Consulting Services,partial
0781,Landscape Counseling and Planning,Landscape Architectural Services,541320,Landscape Architectural Services,partial
0782,Lawn and Garden Services,,561730,Landscaping Services,partial
0783,Ornamental Shrub and Tree Services,,561730,Landscaping Services,partial
0811,Timber Tracts,Long Term Timber Farming,113110,Timber Tract Operations,partial
0811,Timber Tracts,Short Rotation Woody Crops,111421,Nursery and Tree Production,partial
0831,Forest Nurseries and Gathering of Forest Products,Maple Sap,111998,All Other Miscellaneous Crop Farming,partial
0831,Forest Nurseries and Gathering of Forest Products,Maple Sap,112519,Other Aquaculture,partial
0831,Forest Nurseries and Gathering of Forest Products,Other Forest Products,113210,Forest Nurseries and Gathering of Forest Products,partial
0851,Forestry Services,,115310,Support Activities for Forestry,one_to_one
0912,Finfish,,114111,Finfish Fishing,one_to_one
0913,Shellfish,,114112,Shellfish Fishing,one_to_one
0919,Miscellaneous Marine Products,Except Plant Aquaculture,114119,Other Marine Fishing,partial
0919,Miscellaneous Marine Products,Plant Aquaculture,111998,All Other Miscellaneous Crop Farming,partial
0919,Miscellaneous Marine Products,Plant Aquaculture,112519,Other Aquaculture,partial
0921,Fish Hatcheries and Preserves,Finfish Hatcheries,112511,Finfish Farming and Fish Hatcheries,partial
0921,Fish Hatcheries and Preserves,Shellfish Hatcheries,112512,Shellfish Farming,partial
0971,"Hunting and Trapping, and Game Propagation",,114210,Hunting and Trapping,one_to_one
1011,Iron Ores,,212210,Iron Ore Mining,one_to_one
1021,Copper Ores,,212230,"Copper, Nickel, Lead, and Zinc Mining",partial
1031,Lead and Zinc Ores,,212230,"Copper, Nickel, Lead, and Zinc Mining",partial
1041,Gold Ores,,212220,Gold Ore and Silver Ore Mining,partial
1044,Silver Ores,,212220,Gold Ore and Silver Ore Mining,partial
1061,"Ferroalloy Ores, Except Vanadium",Nickel Ore Mining,212230,"Copper, Nickel, Lead, and Zinc Mining",partial
1061,"Ferroalloy Ores, Except Vanadium",Other Ferroalloys (except nickel),212290,Other Metal Ore Mining,partial
1081,Metal Mining Services,Geophysical Surveying and Mapping,541360,Geophysical Surveying and Mapping Services,partial
1081,Metal Mining Services,Metal Mining (except geophysical surveying),213114,Support Activities for Metal Mining,partial
1081,Metal Mining Services,Metal Mining (except geophysical surveying),238910,Site Preparation Contractors,partial
1094,Uranium-Radium-Vanadium Ores,,212290,Other Metal Ore Mining,partial
1099,"Miscellaneous Metal Ores, Not Elsewhere Classified",,212290,Other Metal Ore Mining,partial
1221,Bituminous Coal and Lignite Surface Mining,,212114,Surface Coal Mining,partial
1222,Bituminous Coal Underground Mining,,212115,Underground Coal Mining,partial
1231,Anthracite Mining,,212114,Surface Coal Mining,partial
1231,Anthracite Mining,,212115,Underground Coal Mining,partial
1241,Coal Mining Services,,213113,Support Activities for Coal Mining,partial
1241,Coal Mining Services,,238910,Site Preparation Contractors,partial
1311,Crude Petroleum and Natural Gas,,211120,Crude Petroleum Extraction,partial
1311,Crude Petroleum and Natural Gas,,211130,Natural Gas Extraction,partial
1321,Natural Gas Liquids,,211130,Natural Gas Extraction,partial
1381,Drilling Oil and Gas Wells,,213111,Drilling Oil and Gas Wells,one_to_one
1382,Oil and Gas Field Exploration Services,Geophysical Mapping and Surveying,541360,Geophysical Surveying and Mapping Services,partial
1382,Oil and Gas Field Exploration Services,Other Oil and Gas Field Exploration Services,213112,Support Activities for Oil and Gas Operations,partial
1382,Oil and Gas Field Exploration Services,Other Oil and Gas Field Exploration Services,237120,Oil and Gas Pipeline and Related Structures Construction,partial
1382,Oil and Gas Field Exploration Services,Other Oil and Gas Field Exploration Services,238910,Site Preparation Contractors,partial
1389,"Oil and Gas Field Services, Not Elsewhere Classified",,213112,Support Activities for Oil and Gas Operations,partial
1389,"Oil and Gas Field Services, Not Elsewhere Classified",,237120,Oil and Gas Pipeline and Related Structures Construction,partial
1389,"Oil and Gas Field Services, Not Elsewhere Classified",,238910,Site Preparation Contractors,partial
1411,Dimension Stone,,212311,Dimension Stone Mining and Quarrying,one_to_one
1422,Crushed and Broken Limestone,,212312,Crushed and Broken Limestone Mining and Quarrying,one_to_one
1423,Crushed and Broken Granite,,212313,Crushed and Broken Granite Mining and Quarrying,one_to_one
1429,"Crushed and Broken Stone, Not Elsewhere Classified",,212319,Other Crushed and Broken Stone Mining and Quarrying,partial
1442,Construction Sand and Gravel,,212321,Construction Sand and Gravel Mining,one_to_one
1446,Industrial Sand,,212322,Industrial Sand Mining,one_to_one
1455,Kaolin and Ball Clay,,212323,"Kaolin, Clay, and Ceramic and Refractory Minerals Mining",partial
1459,"Clay, Ceramic, and Refractory Minerals, Not Elsewhere Classified",,212323,"Kaolin, Clay, and Ceramic and Refractory Minerals Mining",partial
1474,"Potash, Soda, and Borate Minerals",,212390,Other Nonmetallic Mineral Mining and Quarrying,partial
1475,Phosphate Rock,,212390,Other Nonmetallic Mineral Mining and Quarrying,partial
1479,"Chemical and Fertilizer Mineral Mining, Not Elsewhere Classified",,212390,Other Nonmetallic Mineral Mining and Quarrying,partial
1481,"Nonmetallic Minerals Services, Except Fuels",Except Geophysical Mapping and Surveying,213115,Support Activities for Nonmetallic Minerals (except Fuels) Mining,partial
1481,"Nonmetallic Minerals Services, Except Fuels",Except Geophysical Mapping and Surveying,238910,Site Preparation Contractors,partial
1481,"Nonmetallic Minerals Services, Except Fuels",Geophysical Surveying and Mapping Services,541360,Geophysical Surveying and Mapping Services,partial
1499,"Miscellaneous Nonmetallic Minerals, Except Fuels",Bituminous Limestone and Bituminous Sandstone,212319,Other Crushed and Broken Stone Mining and Quarrying,partial
1499,"Miscellaneous Nonmetallic Minerals, Except Fuels",Except Bituminous Limestone and Bituminous Sandstone,212390,Other Nonmetallic Mineral Mining and Quarrying,partial
1521,General Contractors-Single-Family Houses,,236115,New Single-Family Housing Construction (except For-Sale Builders),partial
1521,General Contractors-Single-Family Houses,,236117,New Housing For-Sale Builders,partial
1521,General Contractors-Single-Family Houses,,236118,Residential Remodelers,partial
1522,"General Contractors-Residential Buildings, Other Than Single-Family",Except Hotel and Motel Construction,236116,New Multifamily Housing Construction (except For-Sale Builders),partial
1522,"General Contractors-Residential Buildings, Other Than Single-Family",Except Hotel and Motel Construction,236117,New Housing For-Sale Builders,partial
1522,"General Contractors-Residential Buildings, Other Than Single-Family",Except Hotel and Motel Construction,236118,Residential Remodelers,partial
1522,"General Contractors-Residential Buildings, Other Than Single-Family",Except Hotel and Motel Construction,236220,Commercial and Institutional Building Construction,partial
1522,"General Contractors-Residential Buildings, Other Than Single-Family",Hotel and Motel Construction,236220,Commercial and Institutional Building Construction,partial
1531,Operative Builders,Commercial and Institutional Buildings,236220,Commercial and Institutional Building Construction,partial
1531,Operative Builders,Manufacturing and Light Industrial Buildings,236210,Industrial Building Construction,partial
1531,Operative Builders,Manufacturing and Light Industrial Buildings,236220,Commercial and Institutional Building Construction,partial
1531,Operative Builders,Multifamily Housing,236116,New Multifamily Housing Construction (except For-Sale Builders),partial
1531,Operative Builders,Multifamily Housing,236117,New Housing For-Sale Builders,partial
1531,Operative Builders,Multifamily Housing,236118,Residential Remodelers,partial
1531,Operative Builders,Multifamily Housing,236220,Commercial and Institutional Building Construction,partial
1531,Operative Builders,Single Family Housing,236115,New Single-Family Housing Construction (except For-Sale Builders),partial
1531,Operative Builders,Single Family Housing,236117,New Housing For-Sale Builders,partial
1531,Operative Builders,Single Family Housing,236118,Residential Remodelers,partial
1541,General Contractors-Industrial Buildings and Warehouses,Except Public Warehouse Construction,236210,Industrial Building Construction,partial
1541,General Contractors-Industrial Buildings and Warehouses,Except Public Warehouse Construction,236220,Commercial and Institutional Building Construction,partial
1541,General Contractors-Industrial Buildings and Warehouses,Public Warehouse Construction,236220,Commercial and Institutional Building Construction,partial
1542,"General Contractors-Nonresidential Buildings, Other than Industrial Buildings and Warehouses",,236220,Commercial and Institutional Building Construction,partial
1611,"Highway and Street Construction, Except Elevated Highways",,237310,"Highway, Street, and Bridge Construction",partial
1622,"Bridge, Tunnel, and Elevated Highway Construction",,237310,"Highway, Street, and Bridge Construction",partial
1622,"Bridge, Tunnel, and Elevated Highway Construction",,237990,Other Heavy and Civil Engineering Construction,partial
1623,"Water, Sewer, Pipeline, and Communications and Power Line Construction",Power and Communication Transmission Lines,237130,Power and Communication Line and Related Structures Construction,partial
1623,"Water, Sewer, Pipeline, and Communications and Power Line Construction","Water, Sewer and Pipelines",237110,Water and Sewer Line and Related Structures Construction,partial
1623,"Water, Sewer, Pipeline, and Communications and Power Line Construction","Water, Sewer and Pipelines",237120,Oil and Gas Pipeline and Related Structures Construction,partial
1629,"Heavy Construction, Not Elsewhere Classified",Industrial Nonbuilding Structures Construction,236210,Industrial Building Construction,partial
1629,"Heavy Construction, Not Elsewhere Classified",Industrial Nonbuilding Structures Construction,237120,Oil and Gas Pipeline and Related Structures Construction,partial
1629,"Heavy Construction, Not Elsewhere Classified",Industrial Nonbuilding Structures Construction,237130,Power and Communication Line and Related Structures Construction,partial
1629,"Heavy Construction, Not Elsewhere Classified",Nonbuilding Structures Except Industrial Construction,236210,Industrial Building Construction,partial
1629,"Heavy Construction, Not Elsewhere Classified",Nonbuilding Structures Except Industrial Construction,237110,Water and Sewer Line and Related Structures Construction,partial
1629,"Heavy Construction, Not Elsewhere Classified",Nonbuilding Structures Except Industrial Construction,237990,Other Heavy and Civil Engineering Construction,partial
1629,"Heavy Construction, Not Elsewhere Classified",Nonbuilding Structures Except Industrial Construction,238910,Site Preparation Contractors,partial
1629,"Heavy Construction, Not Elsewhere Classified",Nonbuilding Structures Except Industrial Construction,238990,All Other Specialty Trade Contractors,partial
1711,"Plumbing, Heating and Air-Conditioning",,238210,Electrical Contractors and Other Wiring Installation Contractors,partial
1711,"Plumbing, Heating and Air-Conditioning",,238220,"Plumbing, Heating, and Air-Conditioning Contractors",partial
1711,"Plumbing, Heating and Air-Conditioning",,238910,Site Preparation Contractors,partial
1721,Painting and Paper Hanging,,237310,"Highway, Street, and Bridge Construction",partial
1721,Painting and Paper Hanging,,238320,Painting and Wall Covering Contractors,partial
1731,Electrical Work,,238210,Electrical Contractors and Other Wiring Installation Contractors,partial
1741,"Masonry, Stone Setting, and Other Stone Work",,238140,Masonry Contractors,partial
1742,"Plastering, Drywall, Acoustical, and Insulation Work",,238140,Masonry Contractors,partial
1742,"Plastering, Drywall, Acoustical, and Insulation Work",,238310,Drywall and Insulation Contractors,partial
1743,"Terrazzo, Tile, Marble, and Mosaic Work",Except Fresco Work,238340,Tile and Terrazzo Contractors,partial
1743,"Terrazzo, Tile, Marble, and Mosaic Work",Fresco Work,238140,Masonry Contractors,partial
1743,"Terrazzo, Tile, Marble, and Mosaic Work",Fresco Work,238310,Drywall and Insulation Contractors,partial
1751,Carpentry Work,,238130,Framing Contractors,partial
1751,Carpentry Work,,238350,Finish Carpentry Contractors,partial
1752,"Floor Laying and Other Floor Work, Not Elsewhere Classified",,238310,Drywall and Insulation Contractors,partial
1752,"Floor Laying and Other Floor Work, Not Elsewhere Classified",,238330,Flooring Contractors,partial
1761,"Roofing, Siding, and Sheet Metal Work",,238160,Roofing Contractors,partial
1761,"Roofing, Siding, and Sheet Metal Work",,238170,Siding Contractors,partial
1761,"Roofing, Siding, and Sheet Metal Work",,238390,Other Building Finishing Contractors,partial
1771,Concrete Work,Except Stucco Construction,238110,Poured Concrete Foundation and Structure Contractors,partial
1771,Concrete Work,Except Stucco Construction,238990,All Other Specialty Trade Contractors,partial
1771,Concrete Work,Stucco Construction,238140,Masonry Contractors,partial
1771,Concrete Work,Stucco Construction,238310,Drywall and Insulation Contractors,partial
1781,Water Well Drilling,,237110,Water and Sewer Line and Related Structures Construction,partial
1791,Structural Steel Erection,,238120,Structural Steel and Precast Concrete Contractors,partial
1791,Structural Steel Erection,,238190,"Other Foundation, Structure, and Building Exterior Contractors",partial
1791,Structural Steel Erection,,238220,"Plumbing, Heating, and Air-Conditioning Contractors",partial
1791,Structural Steel Erection,,238310,Drywall and Insulation Contractors,partial
1793,Glass and Glazing Work,,238150,Glass and Glazing Contractors,partial
1794,Excavation Work,,238910,Site Preparation Contractors,partial
1795,Wrecking and Demolition Work,,238910,Site Preparation Contractors,partial
1796,"Installation or Erection of Building Equipment, Not Elsewhere",,238220,"Plumbing, Heating, and Air-Conditioning Contractors",partial
1796,"Installation or Erection of Building Equipment, Not Elsewhere",,238290,Other Building Equipment Contractors,partial
1799,"Special Trade Contractors, Not Elsewhere Classified",All Other Special Trade Contractors,236220,Commercial and Institutional Building Construction,partial
1799,"Special Trade Contractors, Not Elsewhere Classified",All Other Special Trade Contractors,237990,Other Heavy and Civil Engineering Construction,partial
1799,"Special Trade Contractors, Not Elsewhere Classified",All Other Special Trade Contractors,238190,"Other Foundation, Structure, and Building Exterior Contractors",partial
1799,"Special Trade Contractors, Not Elsewhere Classified",All Other Special Trade Contractors,238290,Other Building Equipment Contractors,partial
1799,"Special Trade Contractors, Not Elsewhere Classified",All Other Special Trade Contractors,238310,Drywall and Insulation Contractors,partial
1799,"Special Trade Contractors, Not Elsewhere Classified",All Other Special Trade Contractors,238390,Other Building Finishing Contractors,partial
1799,"Special Trade Contractors, Not Elsewhere Classified",All Other Special Trade Contractors,238910,Site Preparation Contractors,partial
1799,"Special Trade Contractors, Not Elsewhere Classified",All Other Special Trade Contractors,238990,All Other Specialty Trade Contractors,partial
1799,"Special Trade Contractors, Not Elsewhere Classified",Asbestos Abatement and Lead Paint Removal Contractors,562910,Remediation Services,partial
1799,"Special Trade Contractors, Not Elsewhere Classified",Paint and Wallpaper Stripping and Wallpaper Removal Contractors,237310,"Highway, Street, and Bridge Construction",partial
1799,"Special Trade Contractors, Not Elsewhere Classified",Paint and Wallpaper Stripping and Wallpaper Removal Contractors,238320,Painting and Wall Covering Contractors,partial
1799,"Special Trade Contractors, Not Elsewhere Classified",Tinted Glass Work,238150,Glass and Glazing Contractors,partial
2011,Meat Packing Plants,,311611,Animal (except Poultry) Slaughtering,partial
2013,Sausages and Other Prepared Meat Products,Except Lard Made From Purchased Material,311612,Meat Processed from Carcasses,partial
2013,Sausages and Other Prepared Meat Products,Lard Made From Purchased Material,311613,Rendering and Meat Byproduct Processing,partial
2015,Poultry Slaughtering and Processing,Egg Processing,311999,All Other Miscellaneous Food Manufacturing,partial
2015,Poultry Slaughtering and Processing,Poultry Processing,311615,Poultry Processing,partial
2021,Creamery Butter,,311512,Creamery Butter Manufacturing,one_to_one
2022,"Natural, Processed, and Imitation Cheese",,311513,Cheese Manufacturing,one_to_one
2023,"Dry, Condensed, and Evaporated Dairy Products",,311514,"Dry, Condensed, and Evaporated Dairy Product Manufacturing",partial
2024,Ice Cream and Frozen Desserts,,311520,Ice Cream and Frozen Dessert Manufacturing,one_to_one
2026,Fluid Milk,Except Ultra-High Temperature,311511,Fluid Milk Manufacturing,partial
2026,Fluid Milk,Ultra-High Temperature,311514,"Dry, Condensed, and Evaporated Dairy Product Manufacturing",partial
2032,Canned Specialties,Canned Pudding,311999,All Other Miscellaneous Food Manufacturing,partial
2032,Canned Specialties,Canned Specialties,311422,Specialty Canning,partial
2033,"Canned Fruits, Vegetables, Preserves, Jams, and Jellies",,311421,Fruit and Vegetable Canning,partial
2034,"Dried and Dehydrated Fruits, Vegetables, and Soup Mixes",Dried and Dehydrated Fruits and Vegetables,311423,Dried and Dehydrated Food Manufacturing,partial
2034,"Dried and Dehydrated Fruits, Vegetables, and Soup Mixes",Soup Mixes Made from Purchased Dried and Dehydrated Vegetables,311999,All Other Miscellaneous Food Manufacturing,partial
2034,"Dried and Dehydrated Fruits, Vegetables, and Soup Mixes",Vegetable Flours,311211,Flour Milling,partial
2035,"Pickled Fruits and Vegetables, Vegetable Sauces and Seasonings, and Salad Dressings",Pickled Fruits and Vegetables,311421,Fruit and Vegetable Canning,partial
2035,"Pickled Fruits and Vegetables, Vegetable Sauces and Seasonings, and Salad Dressings",Sauces and Salad Dressings,311941,"Mayonnaise, Dressing, and Other Prepared Sauce Manufacturing",partial
2037,"Frozen Fruits, Fruit Juices, and Vegetables",,311411,"Frozen Fruit, Juice, and Vegetable Manufacturing",one_to_one
2038,"Frozen Specialties, Not Elsewhere Classified",,311412,Frozen Specialty Food Manufacturing,one_to_one
2041,Flour and Other Grain Mill Products,,311211,Flour Milling,partial
2043,Cereal Breakfast Foods,Breakfast Cereal,311230,Breakfast Cereal Manufacturing,partial
2043,Cereal Breakfast Foods,Coffee Substitute,311920,Coffee and Tea Manufacturing,partial
2044,Rice Milling,,311212,Rice Milling,partial
2045,Prepared Flour Mixes and Doughs,,311824,"Dry Pasta, Dough, and Flour Mixes Manufacturing from Purchased Flour",partial
2046,Wet Corn Milling,,311221,Wet Corn Milling and Starch Manufacturing,partial
2046,Wet Corn Milling,Except Refining Purchased Oil,311221,Wet Corn Milling and Starch Manufacturing,partial
2046,Wet Corn Milling,Refining Purchased Oil,311225,Fats and Oils Refining and Blending,partial
2047,Dog and Cat Food,,311111,Dog and Cat Food Manufacturing,one_to_one
2048,"Prepared Feed and Feed Ingredients for Animals and Fowls, Except Dogs and Cats",Animal Slaughtering for Pet Food,311611,Animal (except Poultry) Slaughtering,partial
2048,"Prepared Feed and Feed Ingredients for Animals and Fowls, Except Dogs and Cats",Except Slaughtering Animals for Pet Food,311119,Other Animal Food Manufacturing,partial
2051,"Bread and Other Bakery Products, Except Cookies and Crackers",,311812,Commercial Bakeries,partial
2052,Cookies and Crackers,Cookie and Cracker,311821,Cookie and Cracker Manufacturing,partial
2052,Cookies and Crackers,"Pretzels, Except Soft",311919,Other Snack Food Manufacturing,partial
2052,Cookies and Crackers,Unleavened Bread and Soft Pretzels,311812,Commercial Bakeries,partial
2053,"Frozen Bakery Products, Except Bread",,311813,"Frozen Cakes, Pies, and Other Pastries Manufacturing",one_to_one
2061,"Cane Sugar, Except Refining",,311314,Cane Sugar Manufacturing,partial
2062,Cane Sugar Refining,,311314,Cane Sugar Manufacturing,partial
2063,Beet Sugar,,311313,Beet Sugar Manufacturing,one_to_one
2064,Candy and Other Confectionery Products,Chocolate Confectionery,311352,Confectionery Manufacturing from Purchased Chocolate,partial
2064,Candy and Other Confectionery Products,Nonchocolate Confectionery Manufacturing,311340,Nonchocolate Confectionery Manufacturing,partial
2066,Chocolate and Cocoa Products,Chocolate Products Made From Purchased Chocolate,311352,Confectionery Manufacturing from Purchased Chocolate,partial
2066,Chocolate and Cocoa Products,Chocolate and Confectionery Products Made From Cacao Beans,311351,Chocolate and Confectionery Manufacturing from Cacao Beans,partial
2067,Chewing Gum,,311340,Nonchocolate Confectionery Manufacturing,partial
2068,Salted and Roasted Nuts and Seeds,,311911,Roasted Nuts and Peanut Butter Manufacturing,partial
2074,Cottonseed Oil Mills,Cottonseed Processing,311224,Soybean and Other Oilseed Processing,partial
2074,Cottonseed Oil Mills,Processing Purchased Cottonseed Oil,311225,Fats and Oils Refining and Blending,partial
2075,Soybean Oil Mills,Processing Purchased Soybean Oil,311225,Fats and Oils Refining and Blending,partial
2075,Soybean Oil Mills,Soybean Processing,311224,Soybean and Other Oilseed Processing,partial
2076,"Vegetable Oil Mills, Except Corn, Cottonseed, and Soybean","Processing Purchased Vegetable Oils, except Corn, Cottonseed, and Soybeans",311225,Fats and Oils Refining and Blending,partial
2076,"Vegetable Oil Mills, Except Corn, Cottonseed, and Soybean","Vegetable Oilseed Processing, except Corn, Cottonseed, and Soybeans",311224,Soybean and Other Oilseed Processing,partial
2077,Animal and Marine Fats and Oils,Animal Fats and Oils,311613,Rendering and Meat Byproduct Processing,partial
2077,Animal and Marine Fats and Oils,Canned Marine Fats and Oils,311710,Seafood Product Preparation and Packaging,partial
2077,Animal and Marine Fats and Oils,Fresh and Frozen Marine Fats and Oils,311710,Seafood Product Preparation and Packaging,partial
2079,"Shortening, Table Oils, Margarine, and Other Edible Fats and Oils, Not Elsewhere Classified",Processing Fats and Oils from Purchased Fats and Oils,311225,Fats and Oils Refining and Blending,partial
2079,"Shortening, Table Oils, Margarine, and Other Edible Fats and Oils, Not Elsewhere Classified",Processing Soybean Oil from Soybeans Crushed in the Same Establishment,311224,Soybean and Other Oilseed Processing,partial
2079,"Shortening, Table Oils, Margarine, and Other Edible Fats and Oils, Not Elsewhere Classified","Processing Vegetable Oils, except Soybeans, from Oilseeds Crushed in the Same Establishment",311224,Soybean and Other Oilseed Processing,partial
2082,Malt Beverages,Except Malt Extract,312120,Breweries,partial
2082,Malt Beverages,Malt Extract,311942,Spice and Extract Manufacturing,partial
2083,Malt,,311213,Malt Manufacturing,one_to_one
2084,"Wines, Brandy, and Brandy Spirits",,312130,Wineries,partial
2085,Distilled and Blended Liquors,Applejack,312130,Wineries,partial
2085,Distilled and Blended Liquors,Except Applejack,312140,Distilleries,partial
2086,Bottled and Canned Soft Drinks and Carbonated Waters,Bottled Water,312112,Bottled Water Manufacturing,partial
2086,Bottled and Canned Soft Drinks and Carbonated Waters,Soft Drinks,312111,Soft Drink Manufacturing,partial
2087,"Flavoring Extracts and Flavoring Syrups, Not Elsewhere Classified",Coffee Flavoring and Syrups,311920,Coffee and Tea Manufacturing,partial
2087,"Flavoring Extracts and Flavoring Syrups, Not Elsewhere Classified","Flavoring Extracts, Except Coffee, and Natural Food Colorings",311942,Spice and Extract Manufacturing,partial
2087,"Flavoring Extracts and Flavoring Syrups, Not Elsewhere Classified","Flavoring Syrup and Concentrate, Except Coffee",311930,Flavoring Syrup and Concentrate Manufacturing,partial
2087,"Flavoring Extracts and Flavoring Syrups, Not Elsewhere Classified",Powdered Drink Mix,311999,All Other Miscellaneous Food Manufacturing,partial
2091,Canned and Cured Fish and Seafoods,,311710,Seafood Product Preparation and Packaging,partial
2092,Prepared Fresh or Frozen Fish and Seafoods,,311710,Seafood Product Preparation and Packaging,partial
2095,Roasted Coffee,,311920,Coffee and Tea Manufacturing,partial
2096,"Potato Chips, Corn Chips, and Similar Snacks",,311919,Other Snack Food Manufacturing,partial
2097,Manufactured Ice,,312113,Ice Manufacturing,one_to_one
2098,"Macaroni, Spaghetti, Vermicelli, and Noodles",,311824,"Dry Pasta, Dough, and Flour Mixes Manufacturing from Purchased Flour",partial
2099,"Food Preparations, Not Elsewhere Classified",Dry Pasta Packaged with Other Ingredients Made in Dry Pasta Plants,311824,"Dry Pasta, Dough, and Flour Mixes Manufacturing from Purchased Flour",partial
2099,"Food Preparations, Not Elsewhere Classified",Marshmallow Creme,311340,Nonchocolate Confectionery Manufacturing,partial
2099,"Food Preparations, Not Elsewhere Classified",Other,311999,All Other Miscellaneous Food Manufacturing,partial
2099,"Food Preparations, Not Elsewhere Classified",Peanut Butter,311911,Roasted Nuts and Peanut Butter Manufacturing,partial
2099,"Food Preparations, Not Elsewhere Classified",Perishable Prepared Food,311991,Perishable Prepared Food Manufacturing,partial
2099,"Food Preparations, Not Elsewhere Classified","Potatoes, Dried and Packaged with Other Ingredients Made in Dehydration Plants, and Bouillon",311423,Dried and Dehydrated Food Manufacturing,partial
2099,"Food Preparations, Not Elsewhere Classified",Reducing Maple Sap to Maple Syrup,111998,All Other Miscellaneous Crop Farming,partial
2099,"Food Preparations, Not Elsewhere Classified",Reducing Maple Sap to Maple Syrup,112519,Other Aquaculture,partial
2099,"Food Preparations, Not Elsewhere Classified","Rice, Uncooked and Packaged with Other Ingredients Made in Rice Mills",311212,Rice Milling,partial
2099,"Food Preparations, Not Elsewhere Classified",Spices and Extracts,311942,Spice and Extract Manufacturing,partial
2099,"Food Preparations, Not Elsewhere Classified",Tea,311920,Coffee and Tea Manufacturing,partial
2099,"Food Preparations, Not Elsewhere Classified",Tortillas,311830,Tortilla Manufacturing,partial
2099,"Food Preparations, Not Elsewhere Classified","Vinegar, Prepared Dips Except Dairy and Cider",311941,"Mayonnaise, Dressing, and Other Prepared Sauce Manufacturing",partial
2111,Cigarettes,,312230,Tobacco Manufacturing,partial
2121,Cigars,,312230,Tobacco Manufacturing,partial
2131,Chewing and Smoking Tobacco and Snuff,,312230,Tobacco Manufacturing,partial
2141,Tobacco Stemming and Redrying,Reconstituted Tobacco,312230,Tobacco Manufacturing,partial
2141,Tobacco Stemming and Redrying,Redrying and Stemming,312230,Tobacco Manufacturing,partial
2211,"Broadwoven Fabric Mills, Cotton",,313210,Broadwoven Fabric Mills,partial
2221,"Broadwoven Fabric Mills, Manmade Fiber and Silk",,313210,Broadwoven Fabric Mills,partial
2231,"Broadwoven Fabric Mills, Wool (Including Dyeing and Finishing)",Except Wool Finishing only,313210,Broadwoven Fabric Mills,partial
2231,"Broadwoven Fabric Mills, Wool (Including Dyeing and Finishing)",Wool Broadwoven Fabric Finishing only,313310,Textile and Fabric Finishing Mills,partial
2231,"Broadwoven Fabric Mills, Wool (Including Dyeing and Finishing)","Wool Finishing only, Except Broadwoven Fabric",313310,Textile and Fabric Finishing Mills,partial
2241,"Narrow Fabric and Other Smallware Mills: Cotton, Wool, Silk, and Manmade Fiber",,313220,Narrow Fabric Mills and Schiffli Machine Embroidery,partial
2251,"Women's Full-Length and Knee-Length Hosiery, Except Socks",Dyeing and Finishing Only,313310,Textile and Fabric Finishing Mills,partial
2251,"Women's Full-Length and Knee-Length Hosiery, Except Socks",Except Dyeing and Finishing Only,315120,Apparel Knitting Mills,partial
2252,"Hosiery, Not Elsewhere Classified",Dyeing and Finishing Only,313310,Textile and Fabric Finishing Mills,partial
2252,"Hosiery, Not Elsewhere Classified","Girls' Hosiery, Except Dyeing and Finishing Only",315120,Apparel Knitting Mills,partial
2252,"Hosiery, Not Elsewhere Classified","Socks, Except Dyeing and Finishing Only",315120,Apparel Knitting Mills,partial
2253,Knit Outerwear Mills,Bathrobes and Lounging Robes Made in Knitting Mills Except Dyeing and Finishing Only,315120,Apparel Knitting Mills,partial
2253,Knit Outerwear Mills,Dyeing and Finishing Only,313310,Textile and Fabric Finishing Mills,partial
2253,Knit Outerwear Mills,Except Dyeing and Finishing Only and Bathrobes and Lounging Robes,315120,Apparel Knitting Mills,partial
2254,Knit Underwear and Nightwear Mills,Dyeing and Finishing Only,313310,Textile and Fabric Finishing Mills,partial
2254,Knit Underwear and Nightwear Mills,Except Dyeing and Finishing Only,315120,Apparel Knitting Mills,partial
2257,Weft Knit Fabric Mills,Except Finishing,313240,Knit Fabric Mills,partial
2257,Weft Knit Fabric Mills,Finishing Only,313310,Textile and Fabric Finishing Mills,partial
2258,Lace and Warp Knit Fabric Mills,Except Finishing,313240,Knit Fabric Mills,partial
2258,Lace and Warp Knit Fabric Mills,Finishing Only,313310,Textile and Fabric Finishing Mills,partial
2259,"Knitting Mills, Not Elsewhere Classified",Finished Articles of Warp Knit Fabric,313240,Knit Fabric Mills,partial
2259,"Knitting Mills, Not Elsewhere Classified",Finished Articles of Weft Knit Fabric,313240,Knit Fabric Mills,partial
2259,"Knitting Mills, Not Elsewhere Classified",Girdles,315120,Apparel Knitting Mills,partial
2259,"Knitting Mills, Not Elsewhere Classified",Knit Gloves and Mittens,315120,Apparel Knitting Mills,partial
2259,"Knitting Mills, Not Elsewhere Classified","Knit Gloves and Mittens, Dyeing and Finishing Only",313310,Textile and Fabric Finishing Mills,partial
2261,Finishers of Broadwoven Fabrics of Cotton,,313310,Textile and Fabric Finishing Mills,partial
2262,Finishers of Broadwoven Fabrics of Manmade Fiber and Silk,,313310,Textile and Fabric Finishing Mills,partial
2269,"Finishers of Textiles, Not elsewhere Classified",,313310,Textile and Fabric Finishing Mills,partial
2273,Carpets and Rugs,,314110,Carpet and Rug Mills,one_to_one
2281,Yarn Spinning Mills,,313110,"Fiber, Yarn, and Thread Mills",partial
2282,"Yarn Texturizing, Throwing, Twisting, and Winding Mills",,313110,"Fiber, Yarn, and Thread Mills",partial
2284,Thread Mills,Except Finishing,313110,"Fiber, Yarn, and Thread Mills",partial
2284,Thread Mills,Finishing,313310,Textile and Fabric Finishing Mills,partial
2295,"Coated Fabrics, Not Rubberized",,313320,Fabric Coating Mills,partial
2296,Tire Cord and Fabrics,,314994,"Rope, Cordage, Twine, Tire Cord, and Tire Fabric Mills",partial
2297,Non-woven Fabrics,,313230,Nonwoven Fabric Mills,partial
2298,Cordage and Twine,,314994,"Rope, Cordage, Twine, Tire Cord, and Tire Fabric Mills",partial
2299,"Textile goods, Not Elsewhere Classified","Broadwoven Fabric of Jute, Linen, Hemp, and Ramie and Handwoven",313210,Broadwoven Fabric Mills,partial
2299,"Textile goods, Not Elsewhere Classified","Finishing Thread and Yarn of Flax, Hemp, Jute, Linen, and Ramie",313310,Textile and Fabric Finishing Mills,partial
2299,"Textile goods, Not Elsewhere Classified","Narrow Woven Fabric of Jute, Linen, Hemp, and Ramie",313220,Narrow Fabric Mills and Schiffli Machine Embroidery,partial
2299,"Textile goods, Not Elsewhere Classified",Nonwoven Felt,313230,Nonwoven Fabric Mills,partial
2299,"Textile goods, Not Elsewhere Classified",Recovery and Processing of Fibers and Waste,314999,All Other Miscellaneous Textile Product Mills,partial
2299,"Textile goods, Not Elsewhere Classified","Thread of Hemp, Linen, and Ramie",313110,"Fiber, Yarn, and Thread Mills",partial
2299,"Textile goods, Not Elsewhere Classified","Yarn of Flax, Hemp, Jute, and Ramie",313110,"Fiber, Yarn, and Thread Mills",partial
2311,"Men's and Boys' Suits, Coats, and Overcoats",Contractors,314999,All Other Miscellaneous Textile Product Mills,partial
2311,"Men's and Boys' Suits, Coats, and Overcoats",Contractors,315210,Cut and Sew Apparel Contractors,partial
2311,"Men's and Boys' Suits, Coats, and Overcoats",Except  Contractors,315250,Cut and Sew Apparel Manufacturing (except Contractors),partial
2321,"Men's and Boys' Shirts, Except Work Shirts",Contractors,314999,All Other Miscellaneous Textile Product Mills,partial
2321,"Men's and Boys' Shirts, Except Work Shirts",Contractors,315210,Cut and Sew Apparel Contractors,partial
2321,"Men's and Boys' Shirts, Except Work Shirts",Except  Contractors,315250,Cut and Sew Apparel Manufacturing (except Contractors),partial
2322,Men's and Boys' Underwear and Nightwear,Contractors,314999,All Other Miscellaneous Textile Product Mills,partial
2322,Men's and Boys' Underwear and Nightwear,Contractors,315210,Cut and Sew Apparel Contractors,partial
2322,Men's and Boys' Underwear and Nightwear,Except Contractors,315250,Cut and Sew Apparel Manufacturing (except Contractors),partial
2323,Men's and Boys' Neckwear,Contractors,314999,All Other Miscellaneous Textile Product Mills,partial
2323,Men's and Boys' Neckwear,Contractors,315210,Cut and Sew Apparel Contractors,partial
2323,Men's and Boys' Neckwear,Except Contractors,315990,Apparel Accessories and Other Apparel Manufacturing,partial
2325,Men's and Boys' Separate Trousers and Slacks,Contractors,314999,All Other Miscellaneous Textile Product Mills,partial
2325,Men's and Boys' Separate Trousers and Slacks,Contractors,315210,Cut and Sew Apparel Contractors,partial
2325,Men's and Boys' Separate Trousers and Slacks,Except  Contractors,315250,Cut and Sew Apparel Manufacturing (except Contractors),partial
2326,Men's and Boys' Work Clothing,Contractors,314999,All Other Miscellaneous Textile Product Mills,partial
2326,Men's and Boys' Work Clothing,Contractors,315210,Cut and Sew Apparel Contractors,partial
2326,Men's and Boys' Work Clothing,Except  Contractors,315250,Cut and Sew Apparel Manufacturing (except Contractors),partial
2329,"Men's and Boys' Clothing, Not Elsewhere Classified","Athletic Uniforms, Except Contractors",315250,Cut and Sew Apparel Manufacturing (except Contractors),partial
2329,"Men's and Boys' Clothing, Not Elsewhere Classified",Contractors,314999,All Other Miscellaneous Textile Product Mills,partial
2329,"Men's and Boys' Clothing, Not Elsewhere Classified",Contractors,315210,Cut and Sew Apparel Contractors,partial
2329,"Men's and Boys' Clothing, Not Elsewhere Classified",Except  Contractors,315250,Cut and Sew Apparel Manufacturing (except Contractors),partial
2331,"Women's, Misses', and Juniors' Blouses and Shirts",Contractors,314999,All Other Miscellaneous Textile Product Mills,partial
2331,"Women's, Misses', and Juniors' Blouses and Shirts",Contractors,315210,Cut and Sew Apparel Contractors,partial
2331,"Women's, Misses', and Juniors' Blouses and Shirts",Except Contractors,315250,Cut and Sew Apparel Manufacturing (except Contractors),partial
2335,"Women's, Misses', and Juniors' Dresses",Contractors,314999,All Other Miscellaneous Textile Product Mills,partial
2335,"Women's, Misses', and Juniors' Dresses",Contractors,315210,Cut and Sew Apparel Contractors,partial
2335,"Women's, Misses', and Juniors' Dresses",Except  Contractors,315250,Cut and Sew Apparel Manufacturing (except Contractors),partial
2337,"Women's, Misses', and Juniors' Suits, Skirts, and Coats",Contractors,314999,All Other Miscellaneous Textile Product Mills,partial
2337,"Women's, Misses', and Juniors' Suits, Skirts, and Coats",Contractors,315210,Cut and Sew Apparel Contractors,partial
2337,"Women's, Misses', and Juniors' Suits, Skirts, and Coats",Except  Contractors,315250,Cut and Sew Apparel Manufacturing (except Contractors),partial
2339,"Women's, Misses', and Juniors' Outerwear, Not Elsewhere Classified","All Other, Except Contractors",315250,Cut and Sew Apparel Manufacturing (except Contractors),partial
2339,"Women's, Misses', and Juniors' Outerwear, Not Elsewhere Classified","Athletic Uniforms, Except Contractors",315250,Cut and Sew Apparel Manufacturing (except Contractors),partial
2339,"Women's, Misses', and Juniors' Outerwear, Not Elsewhere Classified",Contractors,314999,All Other Miscellaneous Textile Product Mills,partial
2339,"Women's, Misses', and Juniors' Outerwear, Not Elsewhere Classified",Contractors,315210,Cut and Sew Apparel Contractors,partial
2339,"Women's, Misses', and Juniors' Outerwear, Not Elsewhere Classified","Scarves, Except Contractors",315990,Apparel Accessories and Other Apparel Manufacturing,partial
2341,"Women's, Misses', Children's, and Infants' Underwear and Nightwear",Boys' Contractors,314999,All Other Miscellaneous Textile Product Mills,partial
2341,"Women's, Misses', Children's, and Infants' Underwear and Nightwear",Boys' Contractors,315210,Cut and Sew Apparel Contractors,partial
2341,"Women's, Misses', Children's, and Infants' Underwear and Nightwear","Boys', Except Contractors",315250,Cut and Sew Apparel Manufacturing (except Contractors),partial
2341,"Women's, Misses', Children's, and Infants' Underwear and Nightwear","Infants', Except Contractors",315250,Cut and Sew Apparel Manufacturing (except Contractors),partial
2341,"Women's, Misses', Children's, and Infants' Underwear and Nightwear","Women's and Girls', Except Contractors",315250,Cut and Sew Apparel Manufacturing (except Contractors),partial
2341,"Women's, Misses', Children's, and Infants' Underwear and Nightwear","Women's, Girls' and Infants' Contractors",314999,All Other Miscellaneous Textile Product Mills,partial
2341,"Women's, Misses', Children's, and Infants' Underwear and Nightwear","Women's, Girls' and Infants' Contractors",315210,Cut and Sew Apparel Contractors,partial
2342,"Brassieres, Girdles, and Allied Garments",Contractors,314999,All Other Miscellaneous Textile Product Mills,partial
2342,"Brassieres, Girdles, and Allied Garments",Contractors,315210,Cut and Sew Apparel Contractors,partial
2342,"Brassieres, Girdles, and Allied Garments",Except contractors,315250,Cut and Sew Apparel Manufacturing (except Contractors),partial
2353,"Hats, Caps, and Millinery",Except Contractors,315990,Apparel Accessories and Other Apparel Manufacturing,partial
2353,"Hats, Caps, and Millinery",Men's and Boys' Contractors,314999,All Other Miscellaneous Textile Product Mills,partial
2353,"Hats, Caps, and Millinery",Men's and Boys' Contractors,315210,Cut and Sew Apparel Contractors,partial
2353,"Hats, Caps, and Millinery","Women's, Girls', and Infants' Contractors",314999,All Other Miscellaneous Textile Product Mills,partial
2353,"Hats, Caps, and Millinery","Women's, Girls', and Infants' Contractors",315210,Cut and Sew Apparel Contractors,partial
2361,"Girls', Children's, and Infants' Dresses, Blouses, and Shirts",Boys' Shirt Contractors,314999,All Other Miscellaneous Textile Product Mills,partial
2361,"Girls', Children's, and Infants' Dresses, Blouses, and Shirts",Boys' Shirt Contractors,315210,Cut and Sew Apparel Contractors,partial
2361,"Girls', Children's, and Infants' Dresses, Blouses, and Shirts","Boys' Shirts, Except Contractors",315250,Cut and Sew Apparel Manufacturing (except Contractors),partial
2361,"Girls', Children's, and Infants' Dresses, Blouses, and Shirts","Girls' Blouses and Shirts, Except Contractors",315250,Cut and Sew Apparel Manufacturing (except Contractors),partial
2361,"Girls', Children's, and Infants' Dresses, Blouses, and Shirts","Girls' Dresses, Except Contractors",315250,Cut and Sew Apparel Manufacturing (except Contractors),partial
2361,"Girls', Children's, and Infants' Dresses, Blouses, and Shirts",Girls' and Infants' Contractors,314999,All Other Miscellaneous Textile Product Mills,partial
2361,"Girls', Children's, and Infants' Dresses, Blouses, and Shirts",Girls' and Infants' Contractors,315210,Cut and Sew Apparel Contractors,partial
2361,"Girls', Children's, and Infants' Dresses, Blouses, and Shirts","Infants' Dresses, Blouses, and Shirts, Except Contractors",315250,Cut and Sew Apparel Manufacturing (except Contractors),partial
2369,"Girls', Children's, and Infants' Outerwear, Not Elsewhere Classified",Boys' Contractors,314999,All Other Miscellaneous Textile Product Mills,partial
2369,"Girls', Children's, and Infants' Outerwear, Not Elsewhere Classified",Boys' Contractors,315210,Cut and Sew Apparel Contractors,partial
2369,"Girls', Children's, and Infants' Outerwear, Not Elsewhere Classified","Boys' Outerwear, NEC, Except Contractors",315250,Cut and Sew Apparel Manufacturing (except Contractors),partial
2369,"Girls', Children's, and Infants' Outerwear, Not Elsewhere Classified","Boys' Robes, Except Contractors",315250,Cut and Sew Apparel Manufacturing (except Contractors),partial
2369,"Girls', Children's, and Infants' Outerwear, Not Elsewhere Classified","Boys' Suits and Coats, Except Contractors",315250,Cut and Sew Apparel Manufacturing (except Contractors),partial
2369,"Girls', Children's, and Infants' Outerwear, Not Elsewhere Classified","Boys' Trousers and Slacks, Except Contractors",315250,Cut and Sew Apparel Manufacturing (except Contractors),partial
2369,"Girls', Children's, and Infants' Outerwear, Not Elsewhere Classified",Girls' Contractors,314999,All Other Miscellaneous Textile Product Mills,partial
2369,"Girls', Children's, and Infants' Outerwear, Not Elsewhere Classified",Girls' Contractors,315210,Cut and Sew Apparel Contractors,partial
2369,"Girls', Children's, and Infants' Outerwear, Not Elsewhere Classified","Girls' Outerwear, NEC, Except Contractors",315250,Cut and Sew Apparel Manufacturing (except Contractors),partial
2369,"Girls', Children's, and Infants' Outerwear, Not Elsewhere Classified","Girls' Robes, Except Contractors",315250,Cut and Sew Apparel Manufacturing (except Contractors),partial
2369,"Girls', Children's, and Infants' Outerwear, Not Elsewhere Classified","Girls' Suits, Coats, Skirts, Etc., Except Contractors",315250,Cut and Sew Apparel Manufacturing (except Contractors),partial
2369,"Girls', Children's, and Infants' Outerwear, Not Elsewhere Classified","Infants' Outerwear, NEC, Except Contractors",315250,Cut and Sew Apparel Manufacturing (except Contractors),partial
2371,Fur Goods,Except Contractors,315250,Cut and Sew Apparel Manufacturing (except Contractors),partial
2371,Fur Goods,Men's and Boys' Contractors,314999,All Other Miscellaneous Textile Product Mills,partial
2371,Fur Goods,Men's and Boys' Contractors,315210,Cut and Sew Apparel Contractors,partial
2371,Fur Goods,"Women's, Girls', and Infants' Contractors",314999,All Other Miscellaneous Textile Product Mills,partial
2371,Fur Goods,"Women's, Girls', and Infants' Contractors",315210,Cut and Sew Apparel Contractors,partial
2381,"Dress and Work Gloves, Except Knit and All-Leather",Except Contractors,315990,Apparel Accessories and Other Apparel Manufacturing,partial
2381,"Dress and Work Gloves, Except Knit and All-Leather",Men's and Boys' Contractors,314999,All Other Miscellaneous Textile Product Mills,partial
2381,"Dress and Work Gloves, Except Knit and All-Leather",Men's and Boys' Contractors,315210,Cut and Sew Apparel Contractors,partial
2381,"Dress and Work Gloves, Except Knit and All-Leather","Women's, Girls', and Infants' Contractors",314999,All Other Miscellaneous Textile Product Mills,partial
2381,"Dress and Work Gloves, Except Knit and All-Leather","Women's, Girls', and Infants' Contractors",315210,Cut and Sew Apparel Contractors,partial
2384,Robes and Dressing Gowns,Men's Except Contractors,315250,Cut and Sew Apparel Manufacturing (except Contractors),partial
2384,Robes and Dressing Gowns,Men's and Boys' Contractors,314999,All Other Miscellaneous Textile Product Mills,partial
2384,Robes and Dressing Gowns,Men's and Boys' Contractors,315210,Cut and Sew Apparel Contractors,partial
2384,Robes and Dressing Gowns,Women's Except Contractors,315250,Cut and Sew Apparel Manufacturing (except Contractors),partial
2384,Robes and Dressing Gowns,Women's and Girls' Contractors,314999,All Other Miscellaneous Textile Product Mills,partial
2384,Robes and Dressing Gowns,Women's and Girls' Contractors,315210,Cut and Sew Apparel Contractors,partial
2385,Waterproof Outerwear,"Accessories such as Aprons, Bibs, and Miscellaneous Waterproof Items, Except Contractors",315990,Apparel Accessories and Other Apparel Manufacturing,partial
2385,Waterproof Outerwear,Infants' Waterproof Outerwear Except Contractors,315250,Cut and Sew Apparel Manufacturing (except Contractors),partial
2385,Waterproof Outerwear,Men's and Boys' Contractors,314999,All Other Miscellaneous Textile Product Mills,partial
2385,Waterproof Outerwear,Men's and Boys' Contractors,315210,Cut and Sew Apparel Contractors,partial
2385,Waterproof Outerwear,"Men's and Boys' Water Resistant or Water Repellent Nontailored Outerwear, except Rubber and Plastics and Contractors",315250,Cut and Sew Apparel Manufacturing (except Contractors),partial
2385,Waterproof Outerwear,Men's and Boys' Water Resistant or Water Repellent Tailored Overcoats,315250,Cut and Sew Apparel Manufacturing (except Contractors),partial
2385,Waterproof Outerwear,"Waterproof Rubber and Plastics Outerwear, Except Contractors",315250,Cut and Sew Apparel Manufacturing (except Contractors),partial
2385,Waterproof Outerwear,Women's and Girls' Contractors,314999,All Other Miscellaneous Textile Product Mills,partial
2385,Waterproof Outerwear,Women's and Girls' Contractors,315210,Cut and Sew Apparel Contractors,partial
2385,Waterproof Outerwear,"Women's and Girls' Water Resistant or Water Repellent Nontailored Outerwear, except Rubber and Plastics and Contractors",315250,Cut and Sew Apparel Manufacturing (except Contractors),partial
2385,Waterproof Outerwear,Women's and Girls' Water Resistant or Water Repellent Tailored Coats,315250,Cut and Sew Apparel Manufacturing (except Contractors),partial
2386,Leather and Sheep-Lined Clothing,Except Contractors,315250,Cut and Sew Apparel Manufacturing (except Contractors),partial
2386,Leather and Sheep-Lined Clothing,Men's and Boys' Contractors,314999,All Other Miscellaneous Textile Product Mills,partial
2386,Leather and Sheep-Lined Clothing,Men's and Boys' Contractors,315210,Cut and Sew Apparel Contractors,partial
2386,Leather and Sheep-Lined Clothing,"Women's, Girls', and Infants' Contractors",314999,All Other Miscellaneous Textile Product Mills,partial
2386,Leather and Sheep-Lined Clothing,"Women's, Girls', and Infants' Contractors",315210,Cut and Sew Apparel Contractors,partial
2387,Apparel belts,Except Contractors,315990,Apparel Accessories and Other Apparel Manufacturing,partial
2387,Apparel belts,Men's and Boys' Contractors,314999,All Other Miscellaneous Textile Product Mills,partial
2387,Apparel belts,Men's and Boys' Contractors,315210,Cut and Sew Apparel Contractors,partial
2387,Apparel belts,"Women's, Girls', and Infants' Contractors",314999,All Other Miscellaneous Textile Product Mills,partial
2387,Apparel belts,"Women's, Girls', and Infants' Contractors",315210,Cut and Sew Apparel Contractors,partial
2389,"Apparel and Accessories, Not Elsewhere Classified",Academic and Clerical Outerwear,315250,Cut and Sew Apparel Manufacturing (except Contractors),partial
2389,"Apparel and Accessories, Not Elsewhere Classified",Garters and Garter Belts,315250,Cut and Sew Apparel Manufacturing (except Contractors),partial
2389,"Apparel and Accessories, Not Elsewhere Classified","Handkerchiefs, Arm bands, etc.",315990,Apparel Accessories and Other Apparel Manufacturing,partial
2389,"Apparel and Accessories, Not Elsewhere Classified",Men's Contractors,314999,All Other Miscellaneous Textile Product Mills,partial
2389,"Apparel and Accessories, Not Elsewhere Classified",Men's Contractors,315210,Cut and Sew Apparel Contractors,partial
2389,"Apparel and Accessories, Not Elsewhere Classified",Women's Contractors,314999,All Other Miscellaneous Textile Product Mills,partial
2389,"Apparel and Accessories, Not Elsewhere Classified",Women's Contractors,315210,Cut and Sew Apparel Contractors,partial
2391,Curtains and Draperies,,314120,Curtain and Linen Mills,partial
2392,"House furnishing, Except Curtains and Draperies","Blanket, Laundry, and Garment Storage Bags",314910,Textile Bag and Canvas Mills,partial
2392,"House furnishing, Except Curtains and Draperies",Dust Rags,314999,All Other Miscellaneous Textile Product Mills,partial
2392,"House furnishing, Except Curtains and Draperies","Mops, Floor and Dust",339994,"Broom, Brush, and Mop Manufacturing",partial
2392,"House furnishing, Except Curtains and Draperies",Other Housefurnishings,314120,Curtain and Linen Mills,partial
2393,Textile Bags,,314910,Textile Bag and Canvas Mills,partial
2394,Canvas and Related Products,,314910,Textile Bag and Canvas Mills,partial
2395,"Pleating, Decorative and Novelty Stitching, and Tucking for the Trade",Men's and Boys' Apparel Contractors,314999,All Other Miscellaneous Textile Product Mills,partial
2395,"Pleating, Decorative and Novelty Stitching, and Tucking for the Trade",Men's and Boys' Apparel Contractors,315210,Cut and Sew Apparel Contractors,partial
2395,"Pleating, Decorative and Novelty Stitching, and Tucking for the Trade","Pleating and Stitching, Except Apparel Contractors",314999,All Other Miscellaneous Textile Product Mills,partial
2395,"Pleating, Decorative and Novelty Stitching, and Tucking for the Trade","Women's, Girls', and Infants' Apparel Contractors",314999,All Other Miscellaneous Textile Product Mills,partial
2395,"Pleating, Decorative and Novelty Stitching, and Tucking for the Trade","Women's, Girls', and Infants' Apparel Contractors",315210,Cut and Sew Apparel Contractors,partial
2396,"Automotive Trimmings, Apparel Findings, and Related Products",Apparel Findings and Trimmings,315990,Apparel Accessories and Other Apparel Manufacturing,partial
2396,"Automotive Trimmings, Apparel Findings, and Related Products",Other  Apparel  Products,314999,All Other Miscellaneous Textile Product Mills,partial
2396,"Automotive Trimmings, Apparel Findings, and Related Products",Printing and Embossing on Fabric Articles,323113,Commercial Screen Printing,partial
2396,"Automotive Trimmings, Apparel Findings, and Related Products",Textile Automotive Trimmings,336360,Motor Vehicle Seating and Interior Trim Manufacturing,partial
2397,Schiffli Machine Embroideries,,313220,Narrow Fabric Mills and Schiffli Machine Embroidery,partial
2399,"Fabricated Textile Products, Not Elsewhere Classified",Apparel and Apparel Accessories,315990,Apparel Accessories and Other Apparel Manufacturing,partial
2399,"Fabricated Textile Products, Not Elsewhere Classified",Other Fabricated Textile Products,314999,All Other Miscellaneous Textile Product Mills,partial
2399,"Fabricated Textile Products, Not Elsewhere Classified",Seat Belts and Seat and Tire Covers,336360,Motor Vehicle Seating and Interior Trim Manufacturing,partial
2411,Logging,,113310,Logging,one_to_one
2421,"Sawmills and Planing Mills, General",Kiln Drying,321999,All Other Miscellaneous Wood Product Manufacturing,partial
2421,"Sawmills and Planing Mills, General","Lumber Manufacturing from Purchased Lumber, Softwood Cut Stock, Wood Lath and Planing Mill Products",321912,"Cut Stock, Resawing Lumber, and Planing",partial
2421,"Sawmills and Planing Mills, General",Sawmills,321113,Sawmills,partial
2421,"Sawmills and Planing Mills, General",Softwood Flooring,321918,Other Millwork (including Flooring),partial
2426,Hardwood Dimension and Flooring Mills,Hardwood Dimension Lumber Made From Logs and Bolts,321113,Sawmills,partial
2426,Hardwood Dimension and Flooring Mills,Hardwood Flooring,321918,Other Millwork (including Flooring),partial
2426,Hardwood Dimension and Flooring Mills,Other Hardwood Dimension Except Flooring,321912,"Cut Stock, Resawing Lumber, and Planing",partial
2426,Hardwood Dimension and Flooring Mills,Wood Furniture Frames,337215,"Showcase, Partition, Shelving, and Locker Manufacturing",partial
2429,"Special Product Sawmills, Not Elsewhere Classified",Cooperage Stock,321920,Wood Container and Pallet Manufacturing,partial
2429,"Special Product Sawmills, Not Elsewhere Classified",Excelsior and Cooperage Headings,321999,All Other Miscellaneous Wood Product Manufacturing,partial
2429,"Special Product Sawmills, Not Elsewhere Classified","Shingle Mills, Shakes",321113,Sawmills,partial
2429,"Special Product Sawmills, Not Elsewhere Classified",Stave Manufacturing from Purchased Lumber,321912,"Cut Stock, Resawing Lumber, and Planing",partial
2431,Millwork,Except Wood Windows and Doors,321918,Other Millwork (including Flooring),partial
2431,Millwork,Wood Windows and Doors,321911,Wood Window and Door Manufacturing,partial
2434,Wood Kitchen Cabinets,,337110,Wood Kitchen Cabinet and Countertop Manufacturing,partial
2435,Hardwood Veneer and Plywood,,321211,Hardwood Veneer and Plywood Manufacturing,one_to_one
2436,Softwood Veneer and Plywood,,321212,Softwood Veneer and Plywood Manufacturing,one_to_one
2439,"Structural Wood Members, Not Elsewhere Classified",Except Trusses,321215,Engineered Wood Member Manufacturing,one_to_one
2439,"Structural Wood Members, Not Elsewhere Classified",Trusses,321215,Engineered Wood Member Manufacturing,one_to_one
2441,Nailed and Lock Corner Wood Boxes and Shook,,321920,Wood Container and Pallet Manufacturing,partial
2448,Wood Pallets and Skids,,321920,Wood Container and Pallet Manufacturing,partial
2449,"Wood Containers, Not Elsewhere Classified",,321920,Wood Container and Pallet Manufacturing,partial
2451,Mobile Homes,,321991,Manufactured Home (Mobile Home) Manufacturing,one_to_one
2452,Prefabricated Wood Buildings and Components,,321992,Prefabricated Wood Building Manufacturing,one_to_one
2491,Wood Preserving,,321114,Wood Preservation,one_to_one
2493,Reconstituted Wood Products,,321219,Reconstituted Wood Product Manufacturing,one_to_one
2499,"Wood Products, Not Elsewhere Classified",Mirror and Picture Frames,339999,All Other Miscellaneous Manufacturing,partial
2499,"Wood Products, Not Elsewhere Classified",Other Wood Products,321999,All Other Miscellaneous Wood Product Manufacturing,partial
2499,"Wood Products, Not Elsewhere Classified",Wood Cooling Towers,333414,Heating Equipment (except Warm Air Furnaces) Manufacturing,partial
2499,"Wood Products, Not Elsewhere Classified","Wood Tubs and Vats, Jewelry, Cigar Boxes, and Baskets, Except Fruit, Fish, and Bait",321920,Wood Container and Pallet Manufacturing,partial
2511,"Wood Household Furniture, Except Upholstered",Except Wood Box Spring Frames,337122,Nonupholstered Wood Household Furniture Manufacturing,partial
2511,"Wood Household Furniture, Except Upholstered",Wood Box Spring Frames,337215,"Showcase, Partition, Shelving, and Locker Manufacturing",partial
2512,"Wood Household Furniture, Upholstered",,337121,Upholstered Household Furniture Manufacturing,partial
2514,Metal Household Furniture,Except Upholstered and Metal Box Spring Frames,337126,Household Furniture (except Wood and Upholstered) Manufacturing,partial
2514,Metal Household Furniture,Metal Box Spring Frames,337215,"Showcase, Partition, Shelving, and Locker Manufacturing",partial
2514,Metal Household Furniture,Upholstered,337121,Upholstered Household Furniture Manufacturing,partial
2515,"Mattresses, Foundations, and Convertible Beds",Convertible Sofas,337121,Upholstered Household Furniture Manufacturing,partial
2515,"Mattresses, Foundations, and Convertible Beds",Mattresses and Foundations,337910,Mattress Manufacturing,partial
2517,"Wood Television, Radio, Phonograph, and Sewing Machine Cabinets",,321999,All Other Miscellaneous Wood Product Manufacturing,partial
2519,"Household Furniture, Not Elsewhere Classified",,337126,Household Furniture (except Wood and Upholstered) Manufacturing,partial
2521,Wood Office Furniture,,337211,Wood Office Furniture Manufacturing,one_to_one
2522,"Office Furniture, Except Wood",,337214,Office Furniture (except Wood) Manufacturing,one_to_one
2531,Public Building and Related Furniture,Blackboards,339940,Office Supplies (except Paper) Manufacturing,partial
2531,Public Building and Related Furniture,Furniture Made for Public Buildings,337127,Institutional Furniture Manufacturing,partial
2531,Public Building and Related Furniture,Seats for Motor Vehicles,336360,Motor Vehicle Seating and Interior Trim Manufacturing,partial
2541,"Wood Office and Store Fixtures, Partitions, Shelving, and Lockers","Custom Architectural Woodwork, Millwork and Fixtures",337212,Custom Architectural Woodwork and Millwork Manufacturing,partial
2541,"Wood Office and Store Fixtures, Partitions, Shelving, and Lockers","Except Countertops, Custom Architectural Woodwork, Millwork, and Fixtures",337215,"Showcase, Partition, Shelving, and Locker Manufacturing",partial
2541,"Wood Office and Store Fixtures, Partitions, Shelving, and Lockers",Wood Lunchroom Tables and Chairs,337127,Institutional Furniture Manufacturing,partial
2542,"Office and Store Fixtures, Partitions, Shelving, and Lockers, Except Wood",Except Lunchroom Tables and Chairs (except wood),337215,"Showcase, Partition, Shelving, and Locker Manufacturing",partial
2542,"Office and Store Fixtures, Partitions, Shelving, and Lockers, Except Wood",Lunchroom Tables and Chairs (except wood),337127,Institutional Furniture Manufacturing,partial
2591,Drapery Hardware and Window Blinds and Shades,,337920,Blind and Shade Manufacturing,one_to_one
2599,"Furniture and Fixtures, Not Elsewhere Classified",Except Hospital Beds,337127,Institutional Furniture Manufacturing,partial
2599,"Furniture and Fixtures, Not Elsewhere Classified",Hospital Beds,333248,All Other Industrial Machinery Manufacturing,partial
2599,"Furniture and Fixtures, Not Elsewhere Classified",Hospital Beds,333415,Air-Conditioning and Warm Air Heating Equipment and Commercial and Industrial Refrigeration Equipment Manufacturing,partial
2599,"Furniture and Fixtures, Not Elsewhere Classified",Hospital Beds,333994,Industrial Process Furnace and Oven Manufacturing,partial
2599,"Furniture and Fixtures, Not Elsewhere Classified",Hospital Beds,333998,All Other Miscellaneous General Purpose Machinery Manufacturing,partial
2599,"Furniture and Fixtures, Not Elsewhere Classified",Hospital Beds,337127,Institutional Furniture Manufacturing,partial
2599,"Furniture and Fixtures, Not Elsewhere Classified",Hospital Beds,339113,Surgical Appliance and Supplies Manufacturing,partial
2611,Pulp Mills,Pulp Mills Producing Newsprint,322120,Paper Mills,partial
2611,Pulp Mills,Pulp Mills Producing Paper,322120,Paper Mills,partial
2611,Pulp Mills,Pulp Mills Producing Paperboard,322130,Paperboard Mills,partial
2611,Pulp Mills,Pulp Producing Mills Only,322110,Pulp Mills,partial
2621,Paper Mills,Except Newsprint Mills,322120,Paper Mills,partial
2621,Paper Mills,Newsprint Mills,322120,Paper Mills,partial
2631,Paperboard Mills,,322130,Paperboard Mills,partial
2652,Setup Paperboard Boxes,,322219,Other Paperboard Container Manufacturing,partial
2653,Corrugated and Solid Fiber Boxes,,322211,Corrugated and Solid Fiber Box Manufacturing,partial
2655,"Fiber Cans, Tubes, Drums, and Similar Products",,322219,Other Paperboard Container Manufacturing,partial
2656,"Sanitary Food Containers, Except Folding",,322219,Other Paperboard Container Manufacturing,partial
2657,"Folding Paperboard Boxes, Including Sanitary",,322212,Folding Paperboard Box Manufacturing,one_to_one
2671,"Packaging Paper and Plastics Film, Coated and Laminated",Plastics Packaging Film and Sheet,326112,Plastics Packaging Film and Sheet (including Laminated) Manufacturing,partial
2671,"Packaging Paper and Plastics Film, Coated and Laminated","Single-Web Paper, Paper Multiweb Laminated Rolls and Sheets for Packaging Uses",322220,Paper Bag and Coated and Treated Paper Manufacturing,partial
2672,"Coated and Laminated Paper, Not Elsewhere Classified",,322220,Paper Bag and Coated and Treated Paper Manufacturing,partial
2673,"Plastics, Foil, and Coated Paper Bags",Except All Plastics,322220,Paper Bag and Coated and Treated Paper Manufacturing,partial
2673,"Plastics, Foil, and Coated Paper Bags",Plastics Bags,326111,Plastics Bag and Pouch Manufacturing,partial
2674,Uncoated Paper and Multiwall Bags,,322220,Paper Bag and Coated and Treated Paper Manufacturing,partial
2675,Die-Cut Paper and Paperboard and Cardboard,"Die-Cut Paper and Paperboard Products, Except Office Supplies and Pasted, Lined, Laminated, or Surface-Coated Paperboard",322299,All Other Converted Paper Product Manufacturing,partial
2675,Die-Cut Paper and Paperboard and Cardboard,"File Folders, Tabulating Cards, and Other Paper and Paperboard Office Supplies",322230,Stationery Product Manufacturing,partial
2675,Die-Cut Paper and Paperboard and Cardboard,"Pasted, Lined, Laminated, or Surface-Coated Paperboard",322220,Paper Bag and Coated and Treated Paper Manufacturing,partial
2676,Sanitary Paper Products,,322291,Sanitary Paper Product Manufacturing,partial
2677,Envelopes,,322230,Stationery Product Manufacturing,partial
2678,"Stationery, Tablets, and Related Products",,322230,Stationery Product Manufacturing,partial
2679,"Converted Paper and Paperboard Products, Not Elsewhere Classified",Corrugated Paper,322211,Corrugated and Solid Fiber Box Manufacturing,partial
2679,"Converted Paper and Paperboard Products, Not Elsewhere Classified","Other Converted Paper and Paperboard Products, such as Paper Filters, Crepe Paper, and Laminated and Tiled Wallboard",322299,All Other Converted Paper Product Manufacturing,partial
2679,"Converted Paper and Paperboard Products, Not Elsewhere Classified",Paper Supplies for Business Machines and Other Paper Office Supplies,322230,Stationery Product Manufacturing,partial
2679,"Converted Paper and Paperboard Products, Not Elsewhere Classified",Wallpaper and Gift Wrap Paper,322220,Paper Bag and Coated and Treated Paper Manufacturing,partial
2711,"Newspapers: Publishing, or Publishing and Printing",,513110,Newspaper Publishers,partial
2711,"Newspapers: Publishing, or Publishing and Printing",,513120,Periodical Publishers,partial
2711,"Newspapers: Publishing, or Publishing and Printing",,513130,Book Publishers,partial
2711,"Newspapers: Publishing, or Publishing and Printing",,513140,Directory and Mailing List Publishers,partial
2711,"Newspapers: Publishing, or Publishing and Printing",,513191,Greeting Card Publishers,partial
2711,"Newspapers: Publishing, or Publishing and Printing",,513199,All Other Publishers,partial
2711,"Newspapers: Publishing, or Publishing and Printing",,516210,"Media Streaming Distribution Services, Social Networks, and Other Media Networks and Content Providers",partial
2711,"Newspapers: Publishing, or Publishing and Printing",,519290,Web Search Portals and All Other Information Services,partial
2721,"Periodicals: Publishing, or Publishing and Printing",,513110,Newspaper Publishers,partial
2721,"Periodicals: Publishing, or Publishing and Printing",,513120,Periodical Publishers,partial
2721,"Periodicals: Publishing, or Publishing and Printing",,513130,Book Publishers,partial
2721,"Periodicals: Publishing, or Publishing and Printing",,513140,Directory and Mailing List Publishers,partial
2721,"Periodicals: Publishing, or Publishing and Printing",,513191,Greeting Card Publishers,partial
2721,"Periodicals: Publishing, or Publishing and Printing",,513199,All Other Publishers,partial
2721,"Periodicals: Publishing, or Publishing and Printing",,516210,"Media Streaming Distribution Services, Social Networks, and Other Media Networks and Content Providers",partial
2721,"Periodicals: Publishing, or Publishing and Printing",,519290,Web Search Portals and All Other Information Services,partial
2731,"Books: Publishing, or Publishing and Printing",All Other Book Publishers,513110,Newspaper Publishers,partial
2731,"Books: Publishing, or Publishing and Printing",All Other Book Publishers,513120,Periodical Publishers,partial
2731,"Books: Publishing, or Publishing and Printing",All Other Book Publishers,513130,Book Publishers,partial
2731,"Books: Publishing, or Publishing and Printing",All Other Book Publishers,513140,Directory and Mailing List Publishers,partial
2731,"Books: Publishing, or Publishing and Printing",All Other Book Publishers,513191,Greeting Card Publishers,partial
2731,"Books: Publishing, or Publishing and Printing",All Other Book Publishers,513199,All Other Publishers,partial
2731,"Books: Publishing, or Publishing and Printing",All Other Book Publishers,516210,"Media Streaming Distribution Services, Social Networks, and Other Media Networks and Content Providers",partial
2731,"Books: Publishing, or Publishing and Printing",All Other Book Publishers,519290,Web Search Portals and All Other Information Services,partial
2731,"Books: Publishing, or Publishing and Printing",Music Book Publishing,512230,Music Publishers,partial
2732,Book Printing,,323117,Books Printing,one_to_one
2741,Miscellaneous Publishing,Database Publishing,513110,Newspaper Publishers,partial
2741,Miscellaneous Publishing,Database Publishing,513120,Periodical Publishers,partial
2741,Miscellaneous Publishing,Database Publishing,513130,Book Publishers,partial
2741,Miscellaneous Publishing,Database Publishing,513140,Directory and Mailing List Publishers,partial
2741,Miscellaneous Publishing,Database Publishing,513191,Greeting Card Publishers,partial
2741,Miscellaneous Publishing,Database Publishing,513199,All Other Publishers,partial
2741,Miscellaneous Publishing,Database Publishing,516210,"Media Streaming Distribution Services, Social Networks, and Other Media Networks and Content Providers",partial
2741,Miscellaneous Publishing,Database Publishing,519290,Web Search Portals and All Other Information Services,partial
2741,Miscellaneous Publishing,"Miscellaneous Publishing, Except Database, Shopping News, Technical Manuals and Books, and Sheet Music",513110,Newspaper Publishers,partial
2741,Miscellaneous Publishing,"Miscellaneous Publishing, Except Database, Shopping News, Technical Manuals and Books, and Sheet Music",513120,Periodical Publishers,partial
2741,Miscellaneous Publishing,"Miscellaneous Publishing, Except Database, Shopping News, Technical Manuals and Books, and Sheet Music",513130,Book Publishers,partial
2741,Miscellaneous Publishing,"Miscellaneous Publishing, Except Database, Shopping News, Technical Manuals and Books, and Sheet Music",513140,Directory and Mailing List Publishers,partial
2741,Miscellaneous Publishing,"Miscellaneous Publishing, Except Database, Shopping News, Technical Manuals and Books, and Sheet Music",513191,Greeting Card Publishers,partial
2741,Miscellaneous Publishing,"Miscellaneous Publishing, Except Database, Shopping News, Technical Manuals and Books, and Sheet Music",513199,All Other Publishers,partial
2741,Miscellaneous Publishing,"Miscellaneous Publishing, Except Database, Shopping News, Technical Manuals and Books, and Sheet Music",516210,"Media Streaming Distribution Services, Social Networks, and Other Media Networks and Content Providers",partial
2741,Miscellaneous Publishing,"Miscellaneous Publishing, Except Database, Shopping News, Technical Manuals and Books, and Sheet Music",519290,Web Search Portals and All Other Information Services,partial
2741,Miscellaneous Publishing,Sheet Music Publishers,512230,Music Publishers,partial
2741,Miscellaneous Publishing,Shopping News,513110,Newspaper Publishers,partial
2741,Miscellaneous Publishing,Shopping News,513120,Periodical Publishers,partial
2741,Miscellaneous Publishing,Shopping News,513130,Book Publishers,partial
2741,Miscellaneous Publishing,Shopping News,513140,Directory and Mailing List Publishers,partial
2741,Miscellaneous Publishing,Shopping News,513191,Greeting Card Publishers,partial
2741,Miscellaneous Publishing,Shopping News,513199,All Other Publishers,partial
2741,Miscellaneous Publishing,Shopping News,516210,"Media Streaming Distribution Services, Social Networks, and Other Media Networks and Content Providers",partial
2741,Miscellaneous Publishing,Shopping News,519290,Web Search Portals and All Other Information Services,partial
2741,Miscellaneous Publishing,Technical Manuals and Books,513110,Newspaper Publishers,partial
2741,Miscellaneous Publishing,Technical Manuals and Books,513120,Periodical Publishers,partial
2741,Miscellaneous Publishing,Technical Manuals and Books,513130,Book Publishers,partial
2741,Miscellaneous Publishing,Technical Manuals and Books,513140,Directory and Mailing List Publishers,partial
2741,Miscellaneous Publishing,Technical Manuals and Books,513191,Greeting Card Publishers,partial
2741,Miscellaneous Publishing,Technical Manuals and Books,513199,All Other Publishers,partial
2741,Miscellaneous Publishing,Technical Manuals and Books,516210,"Media Streaming Distribution Services, Social Networks, and Other Media Networks and Content Providers",partial
2741,Miscellaneous Publishing,Technical Manuals and Books,519290,Web Search Portals and All Other Information Services,partial
2752,"Commercial Printing, Lithographic",Except Quick Printing,323111,Commercial Printing (except Screen and Books),partial
2752,"Commercial Printing, Lithographic",Quick Printing,323111,Commercial Printing (except Screen and Books),partial
2754,"Commercial Printing, Gravure",,323111,Commercial Printing (except Screen and Books),partial
2759,"Commercial Printing, Not Elsewhere Classified","Digital Printing,, except Quick Printing",323111,Commercial Printing (except Screen and Books),partial
2759,"Commercial Printing, Not Elsewhere Classified",Flexographic Printing,323111,Commercial Printing (except Screen and Books),partial
2759,"Commercial Printing, Not Elsewhere Classified",Other Commercial Printing,323111,Commercial Printing (except Screen and Books),partial
2759,"Commercial Printing, Not Elsewhere Classified",Quick Printing,323111,Commercial Printing (except Screen and Books),partial
2759,"Commercial Printing, Not Elsewhere Classified",Screen Printing,323113,Commercial Screen Printing,partial
2761,Manifold Business Forms,,323111,Commercial Printing (except Screen and Books),partial
2771,Greeting Cards,Flexographic Printing of Greeting Cards,323111,Commercial Printing (except Screen and Books),partial
2771,Greeting Cards,Gravure Printing of Greeting Cards,323111,Commercial Printing (except Screen and Books),partial
2771,Greeting Cards,Lithographic Printing of Greeting Cards,323111,Commercial Printing (except Screen and Books),partial
2771,Greeting Cards,Other Printing of Greeting Cards,323111,Commercial Printing (except Screen and Books),partial
2771,Greeting Cards,Publishing Greeting Cards,513110,Newspaper Publishers,partial
2771,Greeting Cards,Publishing Greeting Cards,513120,Periodical Publishers,partial
2771,Greeting Cards,Publishing Greeting Cards,513130,Book Publishers,partial
2771,Greeting Cards,Publishing Greeting Cards,513140,Directory and Mailing List Publishers,partial
2771,Greeting Cards,Publishing Greeting Cards,513191,Greeting Card Publishers,partial
2771,Greeting Cards,Publishing Greeting Cards,513199,All Other Publishers,partial
2771,Greeting Cards,Publishing Greeting Cards,516210,"Media Streaming Distribution Services, Social Networks, and Other Media Networks and Content Providers",partial
2771,Greeting Cards,Publishing Greeting Cards,519290,Web Search Portals and All Other Information Services,partial
2771,Greeting Cards,Screen Printing of Greeting Cards,323113,Commercial Screen Printing,partial
2782,"Blankbooks, Looseleaf Binders and Devices","Blankbooks, Loose-leaf Binders and Devices",323111,Commercial Printing (except Screen and Books),partial
2782,"Blankbooks, Looseleaf Binders and Devices",Printing of Checkbooks,323111,Commercial Printing (except Screen and Books),partial
2789,Bookbinding and Related Work,,323120,Support Activities for Printing,partial
2791,Typesetting,,323120,Support Activities for Printing,partial
2796,Platemaking and Related Services,,323120,Support Activities for Printing,partial
2812,Alkalies and Chlorine,,325180,Other Basic Inorganic Chemical Manufacturing,partial
2813,Industrial Gases,,325120,Industrial Gas Manufacturing,partial
2816,Inorganic Pigments,Bone and Lamp Black,325180,Other Basic Inorganic Chemical Manufacturing,partial
2816,Inorganic Pigments,Except Bone and Lamp Black,325130,Synthetic Dye and Pigment Manufacturing,partial
2819,"Industrial Inorganic Chemicals, Not Elsewhere Classified",Activated Carbon and Charcoal,325998,All Other Miscellaneous Chemical Product and Preparation Manufacturing,partial
2819,"Industrial Inorganic Chemicals, Not Elsewhere Classified",Alumina,331313,Alumina Refining and Primary Aluminum Production,partial
2819,"Industrial Inorganic Chemicals, Not Elsewhere Classified",Inorganic Dyes,325130,Synthetic Dye and Pigment Manufacturing,partial
2819,"Industrial Inorganic Chemicals, Not Elsewhere Classified",Other,325180,Other Basic Inorganic Chemical Manufacturing,partial
2819,"Industrial Inorganic Chemicals, Not Elsewhere Classified",Recovering Sulfur from Natural Gas,211130,Natural Gas Extraction,partial
2821,"Plastics Materials, Synthetic Resins, and Nonvulcanizable Elastomers",,325211,Plastics Material and Resin Manufacturing,one_to_one
2822,Synthetic Rubber (Vulcanizable Elastomers),,325212,Synthetic Rubber Manufacturing,one_to_one
2823,Cellulosic Manmade Fibers,,325220,Artificial and Synthetic Fibers and Filaments Manufacturing,partial
2824,"Manmade Organic Fibers, Except Cellulosic",,325220,Artificial and Synthetic Fibers and Filaments Manufacturing,partial
2833,Medicinal Chemicals and Botanical Products,,325411,Medicinal and Botanical Manufacturing,one_to_one
2834,Pharmaceutical Preparations,,325412,Pharmaceutical Preparation Manufacturing,partial
2835,In Vitro and In Vivo Diagnostic Substances,Except In Vitro Diagnostic,325412,Pharmaceutical Preparation Manufacturing,partial
2835,In Vitro and In Vivo Diagnostic Substances,In Vitro Diagnostic Substances,325413,In-Vitro Diagnostic Substance Manufacturing,partial
2836,"Biological Products, Except Diagnostic Substances",,325414,Biological Product (except Diagnostic) Manufacturing,one_to_one
2841,"Soap and Other Detergents, Except Specialty Cleaners",,325611,Soap and Other Detergent Manufacturing,partial
2842,"Specialty Cleaning, Polishing, and Sanitation Preparations",,325612,Polish and Other Sanitation Good Manufacturing,one_to_one
2843,"Surface Active Agents, Finishing Agents, Sulfonated Oils, and Assistants",,325613,Surface Active Agent Manufacturing,one_to_one
2844,"Perfumes, Cosmetics, and Other Toilet Preparations","Toilet Preparations, Except Toothpaste",325620,Toilet Preparation Manufacturing,partial
2844,"Perfumes, Cosmetics, and Other Toilet Preparations",Toothpaste,325611,Soap and Other Detergent Manufacturing,partial
2851,"Paints, Varnishes, Lacquers, Enamels, and Allied Products",,325510,Paint and Coating Manufacturing,partial
2861,Gum and Wood Chemicals,,325194,"Cyclic Crude, Intermediate, and Gum and Wood Chemical Manufacturing",partial
2865,"Cyclic Organic Crudes and Intermediates, and Organic Dyes and Pigments",Aromatics,325110,Petrochemical Manufacturing,partial
2865,"Cyclic Organic Crudes and Intermediates, and Organic Dyes and Pigments",Organic Dyes and Pigments,325130,Synthetic Dye and Pigment Manufacturing,partial
2865,"Cyclic Organic Crudes and Intermediates, and Organic Dyes and Pigments",Other,325194,"Cyclic Crude, Intermediate, and Gum and Wood Chemical Manufacturing",partial
2869,"Industrial Organic Chemicals, Not Elsewhere Classified",Aliphatics,325110,Petrochemical Manufacturing,partial
2869,"Industrial Organic Chemicals, Not Elsewhere Classified",Carbon Bisulfide,325180,Other Basic Inorganic Chemical Manufacturing,partial
2869,"Industrial Organic Chemicals, Not Elsewhere Classified",Ethyl Alcohol,325193,Ethyl Alcohol Manufacturing,partial
2869,"Industrial Organic Chemicals, Not Elsewhere Classified",Fluorocarbon Gases,325120,Industrial Gas Manufacturing,partial
2869,"Industrial Organic Chemicals, Not Elsewhere Classified",Other,325199,All Other Basic Organic Chemical Manufacturing,partial
2873,Nitrogenous Fertilizers,,325311,Nitrogenous Fertilizer Manufacturing,one_to_one
2874,Phosphatic Fertilizers,,325312,Phosphatic Fertilizer Manufacturing,one_to_one
2875,"Fertilizers, Mixing Only",,325314,Fertilizer (Mixing Only) Manufacturing,partial
2875,"Fertilizers, Mixing Only",,325315,Compost Manufacturing,partial
2879,"Pesticides and Agricultural Chemicals, Not Elsewhere Classified",,325320,Pesticide and Other Agricultural Chemical Manufacturing,one_to_one
2891,Adhesives and Sealants,,325520,Adhesive Manufacturing,one_to_one
2892,Explosives,,325920,Explosives Manufacturing,one_to_one
2893,Printing Ink,,325910,Printing Ink Manufacturing,one_to_one
2895,Carbon Black,,325180,Other Basic Inorganic Chemical Manufacturing,partial
2899,"Chemicals and Chemical Preparations, Not Elsewhere Classified",Fatty Acids,325199,All Other Basic Organic Chemical Manufacturing,partial
2899,"Chemicals and Chemical Preparations, Not Elsewhere Classified",Frit,325510,Paint and Coating Manufacturing,partial
2899,"Chemicals and Chemical Preparations, Not Elsewhere Classified",Other,325998,All Other Miscellaneous Chemical Product and Preparation Manufacturing,partial
2899,"Chemicals and Chemical Preparations, Not Elsewhere Classified",Table Salt,311942,Spice and Extract Manufacturing,partial
2911,Petroleum Refining,,324110,Petroleum Refineries,one_to_one
2951,Asphalt Paving Mixtures and Blocks,,324121,Asphalt Paving Mixture and Block Manufacturing,one_to_one
2952,Asphalt Felts and Coatings,,324122,Asphalt Shingle and Coating Materials Manufacturing,one_to_one
2992,Lubricating Oils and Greases,,324191,Petroleum Lubricating Oil and Grease Manufacturing,one_to_one
2999,"Products of Petroleum and Coal, Not Elsewhere Classified",,324199,All Other Petroleum and Coal Products Manufacturing,partial
3011,Tires and Inner Tubes,,326211,Tire Manufacturing (except Retreading),one_to_one
3021,Rubber and Plastics Footwear,,316210,Footwear Manufacturing,partial
3052,Rubber and Plastics Hose and Belting,,326220,Rubber and Plastics Hoses and Belting Manufacturing,one_to_one
3053,"Gaskets, Packing, and Sealing Devices",,339991,"Gasket, Packing, and Sealing Device Manufacturing",one_to_one
3061,"Molded, Extruded, and Lathe-Cut Mechanical Rubber Goods",,326291,Rubber Product Manufacturing for Mechanical Use,partial
3061,"Molded, Extruded, and Lathe-Cut Mechanical Rubber Goods",,326299,All Other Rubber Product Manufacturing,partial
3069,"Fabricated Rubber Products, Not Elsewhere Classified",Other,326299,All Other Rubber Product Manufacturing,partial
3069,"Fabricated Rubber Products, Not Elsewhere Classified",Other,336612,Boat Building,partial
3069,"Fabricated Rubber Products, Not Elsewhere Classified","Rubber Bibs, Aprons, and Bathing Caps",315990,Apparel Accessories and Other Apparel Manufacturing,partial
3069,"Fabricated Rubber Products, Not Elsewhere Classified",Rubber Gloves and Life Jackets,339113,Surgical Appliance and Supplies Manufacturing,partial
3069,"Fabricated Rubber Products, Not Elsewhere Classified",Rubber Pants and Raincoats,315250,Cut and Sew Apparel Manufacturing (except Contractors),partial
3069,"Fabricated Rubber Products, Not Elsewhere Classified",Rubber Resilient Floor Covering,326199,All Other Plastics Product Manufacturing,partial
3069,"Fabricated Rubber Products, Not Elsewhere Classified","Rubber Toys, Except Dolls",339930,"Doll, Toy, and Game Manufacturing",partial
3069,"Fabricated Rubber Products, Not Elsewhere Classified",Rubber Wet Suits,339920,Sporting and Athletic Goods Manufacturing,partial
3069,"Fabricated Rubber Products, Not Elsewhere Classified",Rubberizing Fabric or Purchased Textile Products,313320,Fabric Coating Mills,partial
3081,Unsupported Plastics Film and Sheet,,326113,Unlaminated Plastics Film and Sheet (except Packaging) Manufacturing,one_to_one
3082,Unsupported Plastics Profile Shapes,,326121,Unlaminated Plastics Profile Shape Manufacturing,partial
3083,"Laminated Plastics Plate, Sheet, and Profile Shapes",,326130,"Laminated Plastics Plate, Sheet (except Packaging), and Shape Manufacturing",one_to_one
3084,Plastics Pipe,,326122,Plastics Pipe and Pipe Fitting Manufacturing,partial
3085,Plastics Bottles,,326160,Plastics Bottle Manufacturing,one_to_one
3086,Plastics Foam Products,Polystyrene Foam Products,326140,Polystyrene Foam Product Manufacturing,partial
3086,Plastics Foam Products,Urethane and Other Foam Products,326150,Urethane and Other Foam Product (except Polystyrene) Manufacturing,partial
3087,Custom Compounding of Purchased Plastics Resins,,325991,Custom Compounding of Purchased Resins,one_to_one
3088,Plastics Plumbing Fixtures,,326191,Plastics Plumbing Fixture Manufacturing,one_to_one
3089,"Plastics Products, Not Elsewhere Classified",Finished Plastics Furniture Parts,337215,"Showcase, Partition, Shelving, and Locker Manufacturing",partial
3089,"Plastics Products, Not Elsewhere Classified",Other,326199,All Other Plastics Product Manufacturing,partial
3089,"Plastics Products, Not Elsewhere Classified",Other,336612,Boat Building,partial
3089,"Plastics Products, Not Elsewhere Classified",Pipe Fittings,326122,Plastics Pipe and Pipe Fitting Manufacturing,partial
3089,"Plastics Products, Not Elsewhere Classified",Plastics Sausage Casings,326121,Unlaminated Plastics Profile Shape Manufacturing,partial
3111,Leather Tanning and Finishing,,316110,Leather and Hide Tanning and Finishing,partial
3131,Boot and Shoe Cut Stock and Findings,Except Wood Heels and Metal Buckles,316990,Other Leather and Allied Product Manufacturing,partial
3131,Boot and Shoe Cut Stock and Findings,Metal Buckles,339993,"Fastener, Button, Needle, and Pin Manufacturing",partial
3131,Boot and Shoe Cut Stock and Findings,Wood Heels,321999,All Other Miscellaneous Wood Product Manufacturing,partial
3142,House Slippers,,316210,Footwear Manufacturing,partial
3143,"Men's Footwear, Except Athletic",,316210,Footwear Manufacturing,partial
3144,"Women's Footwear, Except Athletic",,316210,Footwear Manufacturing,partial
3149,"Footwear, Except Rubber, Not Elsewhere Classified",,316210,Footwear Manufacturing,partial
3151,Leather Gloves and Mittens,Except Contractors,315990,Apparel Accessories and Other Apparel Manufacturing,partial
3151,Leather Gloves and Mittens,Men's and Boys' Contractors,314999,All Other Miscellaneous Textile Product Mills,partial
3151,Leather Gloves and Mittens,Men's and Boys' Contractors,315210,Cut and Sew Apparel Contractors,partial
3151,Leather Gloves and Mittens,"Women's, Girls', and Infants' Contractors",314999,All Other Miscellaneous Textile Product Mills,partial
3151,Leather Gloves and Mittens,"Women's, Girls', and Infants' Contractors",315210,Cut and Sew Apparel Contractors,partial
3161,Luggage,,316990,Other Leather and Allied Product Manufacturing,partial
3171,Women's Handbags and Purses,,316990,Other Leather and Allied Product Manufacturing,partial
3172,"Personal Leather Goods, Except Women's Handbags and Purses",,316990,Other Leather and Allied Product Manufacturing,partial
3199,"Leather Goods, Not Elsewhere Classified",,316990,Other Leather and Allied Product Manufacturing,partial
3211,Flat Glass,,327211,Flat Glass Manufacturing,one_to_one
3221,Glass Containers,,327213,Glass Container Manufacturing,one_to_one
3229,"Pressed and Blown Glass and Glassware, Not Elsewhere Classified",,327212,Other Pressed and Blown Glass and Glassware Manufacturing,one_to_one
3231,"Glass Products, Made of Purchased Glass",,327215,Glass Product Manufacturing Made of Purchased Glass,one_to_one
3241,"Cement, Hydraulic",,327310,Cement Manufacturing,one_to_one
3251,Brick and Structural Clay Tile,Except Slump Brick,327120,Clay Building Material and Refractories Manufacturing,partial
3251,Brick and Structural Clay Tile,Slumped Brick,327331,Concrete Block and Brick Manufacturing,partial
3253,Ceramic Wall and Floor Tile,,327120,Clay Building Material and Refractories Manufacturing,partial
3255,Clay Refractories,,327120,Clay Building Material and Refractories Manufacturing,partial
3259,"Structural Clay Products, Not Elsewhere Classified",,327120,Clay Building Material and Refractories Manufacturing,partial
3261,Vitreous China Plumbing Fixtures and China and Earthenware Fittings and Bathroom Accessories,,327110,"Pottery, Ceramics, and Plumbing Fixture Manufacturing",partial
3262,Vitreous China Table and Kitchen Articles,,327110,"Pottery, Ceramics, and Plumbing Fixture Manufacturing",partial
3263,Fine Earthenware (Whiteware) Table and Kitchen Articles,,327110,"Pottery, Ceramics, and Plumbing Fixture Manufacturing",partial
3264,Porcelain Electrical Supplies,,327110,"Pottery, Ceramics, and Plumbing Fixture Manufacturing",partial
3269,"Pottery Products, Not Elsewhere Classified",,327110,"Pottery, Ceramics, and Plumbing Fixture Manufacturing",partial
3271,Concrete Block and Brick,,327331,Concrete Block and Brick Manufacturing,partial
3272,"Concrete Products, Except Block and Brick",Concrete Pipes,327332,Concrete Pipe Manufacturing,partial
3272,"Concrete Products, Except Block and Brick",Dry Mixture Concrete,327999,All Other Miscellaneous Nonmetallic Mineral Product Manufacturing,partial
3272,"Concrete Products, Except Block and Brick",Other Concrete Products,327390,Other Concrete Product Manufacturing,partial
3273,Ready-Mixed Concrete,,327320,Ready-Mix Concrete Manufacturing,one_to_one
3274,Lime,,327410,Lime Manufacturing,one_to_one
3275,Gypsum Products,,327420,Gypsum Product Manufacturing,partial
3281,Cut Stone and Stone Products,,327991,Cut Stone and Stone Product Manufacturing,one_to_one
3291,Abrasive Products,Abrasive Products (Except Steel Wool With or Without Soap),327910,Abrasive Product Manufacturing,partial
3291,Abrasive Products,Steel Wool With or Without Soap,332999,All Other Miscellaneous Fabricated Metal Product Manufacturing,partial
3292,Asbestos Products,Asbestos Brake Linings and Pads,336340,Motor Vehicle Brake System Manufacturing,partial
3292,Asbestos Products,Other Asbestos Products,327999,All Other Miscellaneous Nonmetallic Mineral Product Manufacturing,partial
3295,"Minerals and Earths, Ground or Otherwise Treated","Except Grinding, Washing, Separating, etc.",327992,Ground or Treated Mineral and Earth Manufacturing,partial
3295,"Minerals and Earths, Ground or Otherwise Treated","Grinding, Washing, Separating, etc. of  Minerals in SIC 1499",212390,Other Nonmetallic Mineral Mining and Quarrying,partial
3295,"Minerals and Earths, Ground or Otherwise Treated","Grinding, Washing, Separating, etc. of Minerals in SIC 1455",212323,"Kaolin, Clay, and Ceramic and Refractory Minerals Mining",partial
3295,"Minerals and Earths, Ground or Otherwise Treated","Grinding, Washing, Separating, etc. of Minerals in SIC 1459",212323,"Kaolin, Clay, and Ceramic and Refractory Minerals Mining",partial
3295,"Minerals and Earths, Ground or Otherwise Treated","Grinding, Washing, Separating, etc. of Minerals in SIC 1479",212390,Other Nonmetallic Mineral Mining and Quarrying,partial
3296,Mineral Wool,,327993,Mineral Wool Manufacturing,one_to_one
3297,Nonclay Refractories,,327120,Clay Building Material and Refractories Manufacturing,partial
3299,"Nonmetallic Mineral Products, Not Elsewhere Classified",Clay Statuary,327110,"Pottery, Ceramics, and Plumbing Fixture Manufacturing",partial
3299,"Nonmetallic Mineral Products, Not Elsewhere Classified","Moldings, Ornamental and Architectural Plaster Work, and Gypsum Statuary",327420,Gypsum Product Manufacturing,partial
3299,"Nonmetallic Mineral Products, Not Elsewhere Classified",Other Nonmetallic Mineral Products,327999,All Other Miscellaneous Nonmetallic Mineral Product Manufacturing,partial
3312,"Steel Works, Blast Furnaces (Including Coke Ovens), and Rolling Mills","Coke Ovens, Not Integrated With Steel Mills",324199,All Other Petroleum and Coal Products Manufacturing,partial
3312,"Steel Works, Blast Furnaces (Including Coke Ovens), and Rolling Mills",Except Coke Ovens Not Integrated with Steel Mills and Hot Rolling Purchased Steel,331110,Iron and Steel Mills and Ferroalloy Manufacturing,partial
3312,"Steel Works, Blast Furnaces (Including Coke Ovens), and Rolling Mills",Hot Rolling Purchased Steel,331221,Rolled Steel Shape Manufacturing,partial
3313,"Electrometallurgical Products, Except Steel",,331110,Iron and Steel Mills and Ferroalloy Manufacturing,partial
3315,Steel Wiredrawing and Steel Nails and Spikes,"Nails, Spikes, Paper Clips, and Wire, Not Made in Wire Drawing Plants",332618,Other Fabricated Wire Product Manufacturing,partial
3315,Steel Wiredrawing and Steel Nails and Spikes,Steel Wire Drawing,331222,Steel Wire Drawing,partial
3316,"Cold-Rolled Steel Sheet, Strip, and Bars",,331221,Rolled Steel Shape Manufacturing,partial
3317,Steel Pipe and Tubes,,331210,Iron and Steel Pipe and Tube Manufacturing from Purchased Steel,one_to_one
3321,Gray and Ductile Iron Foundries,,331511,Iron Foundries,partial
3322,Malleable Iron Foundries,,331511,Iron Foundries,partial
3324,Steel Investment Foundries,,331512,Steel Investment Foundries,one_to_one
3325,"Steel Foundries, Not Elsewhere Classified",,331513,Steel Foundries (except Investment),one_to_one
3331,Primary Smelting and Refining of Copper,,331410,Nonferrous Metal (except Aluminum) Smelting and Refining,partial
3334,Primary Production of Aluminum,,331313,Alumina Refining and Primary Aluminum Production,partial
3339,"Primary Smelting and Refining of Nonferrous Metals, Except Copper and Aluminum",,331410,Nonferrous Metal (except Aluminum) Smelting and Refining,partial
3341,Secondary Smelting and Refining of Nonferrous Metals,Aluminum,331314,Secondary Smelting and Alloying of Aluminum,partial
3341,Secondary Smelting and Refining of Nonferrous Metals,Copper,331420,"Copper Rolling, Drawing, Extruding, and Alloying",partial
3341,Secondary Smelting and Refining of Nonferrous Metals,Except Aluminum and Copper,331492,"Secondary Smelting, Refining, and Alloying of Nonferrous Metal (except Copper and Aluminum)",partial
3351,"Rolling, Drawing, and Extruding Of Copper",,331420,"Copper Rolling, Drawing, Extruding, and Alloying",partial
3353,"Aluminum Sheet, Plate, and Foil",,331315,"Aluminum Sheet, Plate, and Foil Manufacturing",one_to_one
3354,Aluminum Extruded Products,,331318,"Other Aluminum Rolling, Drawing, and Extruding",partial
3355,"Aluminum Rolling and Drawing, Not Elsewhere Classified",,331318,"Other Aluminum Rolling, Drawing, and Extruding",partial
3356,"Rolling, Drawing, and Extruding of Nonferrous Metals, Except Copper and Aluminum",,331491,"Nonferrous Metal (except Copper and Aluminum) Rolling, Drawing, and Extruding",partial
3357,Drawing and Insulating of Nonferrous Wire,All Other,335929,Other Communication and Energy Wire Manufacturing,partial
3357,Drawing and Insulating of Nonferrous Wire,Aluminum Wire Drawing,331318,"Other Aluminum Rolling, Drawing, and Extruding",partial
3357,Drawing and Insulating of Nonferrous Wire,Copper Wire Drawing,331420,"Copper Rolling, Drawing, Extruding, and Alloying",partial
3357,Drawing and Insulating of Nonferrous Wire,Fiber Optic Cable - Insulating Only,335921,Fiber Optic Cable Manufacturing,partial
3357,Drawing and Insulating of Nonferrous Wire,Wire Drawing Except Copper or Aluminum,331491,"Nonferrous Metal (except Copper and Aluminum) Rolling, Drawing, and Extruding",partial
3363,Aluminum Die-Castings,,331523,Nonferrous Metal Die-Casting Foundries,partial
3364,"Nonferrous Die-Castings, Except Aluminum",,331523,Nonferrous Metal Die-Casting Foundries,partial
3365,Aluminum Foundries,,331524,Aluminum Foundries (except Die-Casting),one_to_one
3366,Copper Foundries,,331529,Other Nonferrous Metal Foundries (except Die-Casting),partial
3369,"Nonferrous Foundries, Except Aluminum and Copper",,331529,Other Nonferrous Metal Foundries (except Die-Casting),partial
3398,Metal Heat Treating,,332811,Metal Heat Treating,one_to_one
3399,"Primary Metal Products, Not Elsewhere Classified","Aluminum Powder, Paste, Flakes, etc.",331314,Secondary Smelting and Alloying of Aluminum,partial
3399,"Primary Metal Products, Not Elsewhere Classified","Copper Powder, Flakes, Paste, etc.",331420,"Copper Rolling, Drawing, Extruding, and Alloying",partial
3399,"Primary Metal Products, Not Elsewhere Classified",Laminated Steel,332813,"Electroplating, Plating, Polishing, Anodizing, and Coloring",partial
3399,"Primary Metal Products, Not Elsewhere Classified","Making Ferrous Metal Powder, Paste, and Flake From Purchased Iron or Steel",331221,Rolled Steel Shape Manufacturing,partial
3399,"Primary Metal Products, Not Elsewhere Classified","Nonferrous Nails, Brads, Staples, etc.",332618,Other Fabricated Wire Product Manufacturing,partial
3399,"Primary Metal Products, Not Elsewhere Classified","Other Nonferrous Powder, Paste, Flakes, etc.",331492,"Secondary Smelting, Refining, and Alloying of Nonferrous Metal (except Copper and Aluminum)",partial
3411,Metal Cans,,332431,Metal Can Manufacturing,one_to_one
3412,"Metal Shipping Barrels, Drums, Kegs, and Pails",,332439,Other Metal Container Manufacturing,partial
3421,Cutlery,Except Tool-Type Shears,332215,"Metal Kitchen Cookware, Utensil, Cutlery, and Flatware (except Precious) Manufacturing",partial
3421,Cutlery,Tool-Type Shears,332216,Saw Blade and Handtool Manufacturing,partial
3423,"Hand and Edge Tools, Except Machine Tools and Handsaws",,332216,Saw Blade and Handtool Manufacturing,partial
3425,Saw Blades and Handsaws,,332216,Saw Blade and Handtool Manufacturing,partial
3429,"Hardware, Not Elsewhere Classified",Convertible Bed Sleeper Mechanisms and Chair Glides,337215,"Showcase, Partition, Shelving, and Locker Manufacturing",partial
3429,"Hardware, Not Elsewhere Classified",Fire Hose Nozzles and Couplings,332919,Other Metal Valve and Pipe Fitting Manufacturing,partial
3429,"Hardware, Not Elsewhere Classified","Fireplace Fixtures, Traps, Handcuffs and Leg Irons, Ladder Jacks, and Other Like Metal Products",332999,All Other Miscellaneous Fabricated Metal Product Manufacturing,partial
3429,"Hardware, Not Elsewhere Classified",Luggage and Utility Racks,336390,Other Motor Vehicle Parts Manufacturing,partial
3429,"Hardware, Not Elsewhere Classified",Other Hardware,332510,Hardware Manufacturing,partial
3429,"Hardware, Not Elsewhere Classified",Turnbuckles and Hose Clamps,332722,"Bolt, Nut, Screw, Rivet, and Washer Manufacturing",partial
3429,"Hardware, Not Elsewhere Classified","Vacuum and Insulated Bottles, Jugs, and Chests",332439,Other Metal Container Manufacturing,partial
3431,Enameled Iron and Metal Sanitary Ware,,332999,All Other Miscellaneous Fabricated Metal Product Manufacturing,partial
3432,Plumbing Fixture Fittings and Trim,Lawn Hose Nozzles,332919,Other Metal Valve and Pipe Fitting Manufacturing,partial
3432,Plumbing Fixture Fittings and Trim,Metal Shower Rods,332999,All Other Miscellaneous Fabricated Metal Product Manufacturing,partial
3432,Plumbing Fixture Fittings and Trim,"Plumbing Fixture Fittings and Trim, Except Metal Shower Rods and Lawn Hose Nozzles",332913,Plumbing Fixture Fitting and Trim Manufacturing,partial
3433,"Heating Equipment, Except Electric and Warm Air Furnaces",,333414,Heating Equipment (except Warm Air Furnaces) Manufacturing,partial
3441,Fabricated Structural Metal,,332312,Fabricated Structural Metal Manufacturing,partial
3442,"Metal Doors, Sash, Frames, Molding, and Trim Manufacturing",,332321,Metal Window and Door Manufacturing,partial
3443,Fabricated Plate Work (Boiler Shops),Fabricated Plate Work and Metal Weldments,332313,Plate Work Manufacturing,partial
3443,Fabricated Plate Work (Boiler Shops),Heavy Gauge Tanks,332420,Metal Tank (Heavy Gauge) Manufacturing,partial
3443,Fabricated Plate Work (Boiler Shops),Metal Cooling Towers,333414,Heating Equipment (except Warm Air Furnaces) Manufacturing,partial
3443,Fabricated Plate Work (Boiler Shops),Power Boilers and Heat Exchanges,332410,Power Boiler and Heat Exchanger Manufacturing,partial
3444,Sheet Metal Work,Cooling Towers,333414,Heating Equipment (except Warm Air Furnaces) Manufacturing,partial
3444,Sheet Metal Work,"Ducts, Flumes, Flooring. Siding, Dampers, etc.",332322,Sheet Metal Work Manufacturing,partial
3444,Sheet Metal Work,Metal Bins and Vats,332439,Other Metal Container Manufacturing,partial
3446,Architectural and Ornamental Metal Work,,332323,Ornamental and Architectural Metal Work Manufacturing,partial
3448,Prefabricated Metal Buildings and Components,,332311,Prefabricated Metal Building and Component Manufacturing,one_to_one
3449,Miscellaneous Structural Metal Work,Curtain Wall,332321,Metal Window and Door Manufacturing,partial
3449,Miscellaneous Structural Metal Work,Custom Roll Forming,332114,Custom Roll Forming,partial
3449,Miscellaneous Structural Metal Work,Fabricated Bar Joists and Concrete Reinforcing Bars,332312,Fabricated Structural Metal Manufacturing,partial
3449,Miscellaneous Structural Metal Work,Metal Plaster Bases,332323,Ornamental and Architectural Metal Work Manufacturing,partial
3451,Screw Machine Products,,332721,Precision Turned Product Manufacturing,one_to_one
3452,"Bolts, Nuts, Screws, Rivets, and Washers",,332722,"Bolt, Nut, Screw, Rivet, and Washer Manufacturing",partial
3462,Iron and Steel Forgings,,332111,Iron and Steel Forging,one_to_one
3463,Nonferrous Forgings,,332112,Nonferrous Forging,one_to_one
3465,Automotive Stampings,,336370,Motor Vehicle Metal Stamping,one_to_one
3466,Crowns and Closures,,332119,"Metal Crown, Closure, and Other Metal Stamping (except Automotive)",partial
3469,"Metal Stampings, Not Elsewhere Classified",Kitchen Utensils and Pots and Pans for Cooking,332215,"Metal Kitchen Cookware, Utensil, Cutlery, and Flatware (except Precious) Manufacturing",partial
3469,"Metal Stampings, Not Elsewhere Classified","Metal Stamping, NEC (Except Kitchen Utensils, Pots and Pans for Cooking, and Coins)",332119,"Metal Crown, Closure, and Other Metal Stamping (except Automotive)",partial
3471,"Electroplating, Plating, Polishing, Anodizing, and Coloring",,332813,"Electroplating, Plating, Polishing, Anodizing, and Coloring",partial
3479,"Coating, Engraving, and Allied Services, Not Elsewhere Classified","Jewelry Engraving and Etching, Costume Jewelry",339910,Jewelry and Silverware Manufacturing,partial
3479,"Coating, Engraving, and Allied Services, Not Elsewhere Classified","Jewelry Engraving and Etching, Precious Metal",339910,Jewelry and Silverware Manufacturing,partial
3479,"Coating, Engraving, and Allied Services, Not Elsewhere Classified","Other Coating, Engraving and Allied Services",332812,"Metal Coating, Engraving (except Jewelry and Silverware), and Allied Services to Manufacturers",partial
3479,"Coating, Engraving, and Allied Services, Not Elsewhere Classified",Silverware and Flatware Engraving and Etching,339910,Jewelry and Silverware Manufacturing,partial
3482,Small Arms Ammunition,,332992,Small Arms Ammunition Manufacturing,one_to_one
3483,"Ammunition, Except for Small Arms",,332993,Ammunition (except Small Arms) Manufacturing,one_to_one
3484,Small Arms,,332994,"Small Arms, Ordnance, and Ordnance Accessories Manufacturing",partial
3489,"Ordnance and Accessories, Not Elsewhere Classified",,332994,"Small Arms, Ordnance, and Ordnance Accessories Manufacturing",partial
3491,Industrial Valves,,332911,Industrial Valve Manufacturing,one_to_one
3492,Fluid Power Valves and Hose Fittings,,332912,Fluid Power Valve and Hose Fitting Manufacturing,partial
3493,"Steel Springs, Except Wire",,332613,Spring Manufacturing,partial
3494,"Valves and Pipe Fittings, Not Elsewhere Classified",Except Metal Pipe Hangers and Supports,332919,Other Metal Valve and Pipe Fitting Manufacturing,partial
3494,"Valves and Pipe Fittings, Not Elsewhere Classified",Metal Pipe Hangers and Supports,332999,All Other Miscellaneous Fabricated Metal Product Manufacturing,partial
3495,Wire Springs,Watch and Clock Springs,334519,Other Measuring and Controlling Device Manufacturing,partial
3495,Wire Springs,Wire Springs (Except Watch and Clock Springs),332613,Spring Manufacturing,partial
3496,Miscellaneous Fabricated Wire Products,Except Grocery Carts,332618,Other Fabricated Wire Product Manufacturing,partial
3496,Miscellaneous Fabricated Wire Products,Grocery Carts,333924,"Industrial Truck, Tractor, Trailer, and Stacker Machinery Manufacturing",partial
3497,Metal Foil and Leaf,Foil and Foil Containers,332999,All Other Miscellaneous Fabricated Metal Product Manufacturing,partial
3497,Metal Foil and Leaf,Laminated Aluminum Foil Rolls/Sheets for Flexible Packaging Uses,322220,Paper Bag and Coated and Treated Paper Manufacturing,partial
3498,Fabricated Pipe and Pipe Fittings,,332996,Fabricated Pipe and Pipe Fitting Manufacturing,one_to_one
3499,"Fabricated Metal Products, Not Elsewhere Classified",Metal Aerosol Valves,332919,Other Metal Valve and Pipe Fitting Manufacturing,partial
3499,"Fabricated Metal Products, Not Elsewhere Classified",Metal Boxes,332439,Other Metal Container Manufacturing,partial
3499,"Fabricated Metal Products, Not Elsewhere Classified",Metal Furniture Frames,337215,"Showcase, Partition, Shelving, and Locker Manufacturing",partial
3499,"Fabricated Metal Products, Not Elsewhere Classified",Metal Motor Vehicle Seat Frames,336360,Motor Vehicle Seating and Interior Trim Manufacturing,partial
3499,"Fabricated Metal Products, Not Elsewhere Classified",Other Metal Products,332999,All Other Miscellaneous Fabricated Metal Product Manufacturing,partial
3499,"Fabricated Metal Products, Not Elsewhere Classified",Powder Metallurgy,332117,Powder Metallurgy Part Manufacturing,partial
3499,"Fabricated Metal Products, Not Elsewhere Classified",Safe and Vault Locks,332510,Hardware Manufacturing,partial
3511,"Steam, Gas, and Hydraulic Turbines, and Turbine Generator Set Units",,333611,Turbine and Turbine Generator Set Units Manufacturing,one_to_one
3519,"Internal Combustion Engines, Not Elsewhere Classified",Except Stationary  Engine Radiators,333618,Other Engine Equipment Manufacturing,partial
3519,"Internal Combustion Engines, Not Elsewhere Classified",Stationary Engine Radiators,336390,Other Motor Vehicle Parts Manufacturing,partial
3523,Farm Machinery and Equipment,"Corrals, Stalls, Holding Gates",332323,Ornamental and Architectural Metal Work Manufacturing,partial
3523,Farm Machinery and Equipment,"Farm Conveyors and Farm Elevators, Stackers, and Bale Throwers",333922,Conveyor and Conveying Equipment Manufacturing,partial
3523,Farm Machinery and Equipment,"Farm Machinery and Equipment (Except Corrals, Stalls, Holding Gates, Hand Hair Clippers for Animals, Farm Conveyors, and Elevators)",333111,Farm Machinery and Equipment Manufacturing,partial
3523,Farm Machinery and Equipment,Hand Hair Clippers for Animals,332216,Saw Blade and Handtool Manufacturing,partial
3524,Lawn and Garden Tractors and Home Lawn and Garden Equipment,Lawn and Garden Tractors and Home Lawn and Garden Equipment (Except Nonpowered Lawnmowers),333112,Lawn and Garden Tractor and Home Lawn and Garden Equipment Manufacturing,partial
3524,Lawn and Garden Tractors and Home Lawn and Garden Equipment,Nonpowered Lawnmowers,332216,Saw Blade and Handtool Manufacturing,partial
3531,Construction Machinery and Equipment,Other Construction Machinery and Equipment,333120,Construction Machinery Manufacturing,partial
3531,Construction Machinery and Equipment,Railway Track Maintenance Equipment,336510,Railroad Rolling Stock Manufacturing,partial
3531,Construction Machinery and Equipment,"Winches, Aerial Work Platforms, and Automotive Wrecker Hoists",333923,"Overhead Traveling Crane, Hoist, and Monorail System Manufacturing",partial
3532,"Mining Machinery and Equipment, Except Oil and Gas Field Machinery and Equipment",,333131,Mining Machinery and Equipment Manufacturing,one_to_one
3533,Oil and Gas Field Machinery and Equipment,,333132,Oil and Gas Field Machinery and Equipment Manufacturing,one_to_one
3534,Elevators and Moving Stairways,,333921,Elevator and Moving Stairway Manufacturing,one_to_one
3535,Conveyors and Conveying Equipment,,333922,Conveyor and Conveying Equipment Manufacturing,partial
3536,"Overhead Traveling Cranes, Hoists, and Monorail Systems",,333923,"Overhead Traveling Crane, Hoist, and Monorail System Manufacturing",partial
3537,"Industrial Trucks, Tractors, Trailers, and Stackers","Industrial Trucks, Tractors, Trailers, and Stackers (Except Metal Pallets and Air Cargo Containers)",333924,"Industrial Truck, Tractor, Trailer, and Stacker Machinery Manufacturing",partial
3537,"Industrial Trucks, Tractors, Trailers, and Stackers",Metal Air Cargo Containers,332439,Other Metal Container Manufacturing,partial
3537,"Industrial Trucks, Tractors, Trailers, and Stackers",Metal Pallets,332999,All Other Miscellaneous Fabricated Metal Product Manufacturing,partial
3541,"Machine Tools, Metal Cutting Types",,333517,Machine Tool Manufacturing,partial
3542,"Machine Tools, Metal Forming Types",,333517,Machine Tool Manufacturing,partial
3543,Industrial Patterns,,332999,All Other Miscellaneous Fabricated Metal Product Manufacturing,partial
3544,"Special Dies and Tools, Die Sets, Jigs and Fixtures, and Industrial Molds",Except Industrial Molds,333514,"Special Die and Tool, Die Set, Jig, and Fixture Manufacturing",partial
3544,"Special Dies and Tools, Die Sets, Jigs and Fixtures, and Industrial Molds",Industrial  Molds,333511,Industrial Mold Manufacturing,partial
3545,"Cutting Tools, Machine Tool Accessories, and Machinists' Precision Measuring Devices","Cutting Tools, Machine Tool Accessories, and Machinists' Precision Measuring Devices (Except Precision Measuring Devices)",333515,Cutting Tool and Machine Tool Accessory Manufacturing,partial
3545,"Cutting Tools, Machine Tool Accessories, and Machinists' Precision Measuring Devices",Precision Measuring Devices,332216,Saw Blade and Handtool Manufacturing,partial
3546,Power-Driven Handtools,,333991,Power-Driven Handtool Manufacturing,one_to_one
3547,Rolling Mill Machinery and Equipment,,333519,Rolling Mill and Other Metalworking Machinery Manufacturing,partial
3548,Electric and Gas Welding and Soldering Equipment,Except Transformers for Arc-Welding,333992,Welding and Soldering Equipment Manufacturing,partial
3548,Electric and Gas Welding and Soldering Equipment,Transformers for Arc-Welding,335311,"Power, Distribution, and Specialty Transformer Manufacturing",partial
3549,"Metalworking Machinery, Not Elsewhere Classified",,333519,Rolling Mill and Other Metalworking Machinery Manufacturing,partial
3552,Textile Machinery,,333248,All Other Industrial Machinery Manufacturing,partial
3553,Woodworking Machinery,,333243,"Sawmill, Woodworking, and Paper Machinery Manufacturing",partial
3554,Paper Industries Machinery,,333243,"Sawmill, Woodworking, and Paper Machinery Manufacturing",partial
3555,Printing Trades Machinery and Equipment,,333248,All Other Industrial Machinery Manufacturing,partial
3556,Food Products Machinery,,333241,Food Product Machinery Manufacturing,one_to_one
3559,"Special Industry Machinery, Not Elsewhere Classified",Automotive Maintenance Equipment,333310,Commercial and Service Industry Machinery Manufacturing,partial
3559,"Special Industry Machinery, Not Elsewhere Classified",Cotton Ginning Machinery,333111,Farm Machinery and Equipment Manufacturing,partial
3559,"Special Industry Machinery, Not Elsewhere Classified","Except Rubber and Plastics Manufacturing Machinery,  Semiconductor Manufacturing Machinery, Automotive Maintenance Equipment,  Cotton Ginning Machinery, and Nuclear Control Device Mechanisms",333248,All Other Industrial Machinery Manufacturing,partial
3559,"Special Industry Machinery, Not Elsewhere Classified",Nuclear Control Drive Mechanisms,332410,Power Boiler and Heat Exchanger Manufacturing,partial
3559,"Special Industry Machinery, Not Elsewhere Classified",Rubber and Plastics Manufacturing Machinery,333248,All Other Industrial Machinery Manufacturing,partial
3559,"Special Industry Machinery, Not Elsewhere Classified",Semiconductor Machinery Manufacturing,333242,Semiconductor Machinery Manufacturing,partial
3561,Pumps and Pumping Equipment,,333914,"Measuring, Dispensing, and Other Pumping Equipment Manufacturing",partial
3562,Ball and Roller Bearings,,332991,Ball and Roller Bearing Manufacturing,one_to_one
3563,Air and Gas Compressors,,333912,Air and Gas Compressor Manufacturing,one_to_one
3564,Industrial and Commercial Fans and Blowers and Air Purification Equipment,Air Purification Equipment,333413,Industrial and Commercial Fan and Blower and Air Purification Equipment Manufacturing,one_to_one
3564,Industrial and Commercial Fans and Blowers and Air Purification Equipment,Fans and Blowers,333413,Industrial and Commercial Fan and Blower and Air Purification Equipment Manufacturing,one_to_one
3565,Packaging Machinery,,333993,Packaging Machinery Manufacturing,one_to_one
3566,"Speed Changers, Industrial High-Speed Drives, and Gears",,333612,"Speed Changer, Industrial High-Speed Drive, and Gear Manufacturing",one_to_one
3567,Industrial Process Furnaces and Ovens,,333994,Industrial Process Furnace and Oven Manufacturing,partial
3568,"Mechanical Power Transmission Equipment, Not Elsewhere Classified",,333613,Mechanical Power Transmission Equipment Manufacturing,one_to_one
3569,"General Industrial Machinery and Equipment, Not Elsewhere",Electric Swimming Pool Heaters,333414,Heating Equipment (except Warm Air Furnaces) Manufacturing,partial
3569,"General Industrial Machinery and Equipment, Not Elsewhere",Except Electric Swimming Pool Heaters and Textile Fire Hoses,333998,All Other Miscellaneous General Purpose Machinery Manufacturing,partial
3569,"General Industrial Machinery and Equipment, Not Elsewhere",Textile Fire Hose,314999,All Other Miscellaneous Textile Product Mills,partial
3571,Electronic Computers,,334111,Electronic Computer Manufacturing,one_to_one
3572,Computer Storage Devices,,334112,Computer Storage Device Manufacturing,one_to_one
3575,Computer Terminals,,334118,Computer Terminal and Other Computer Peripheral Equipment Manufacturing,partial
3577,"Computer Peripheral Equipment, Not Elsewhere Classified",Except Plotter Controllers and Magnetic Tape Cleaners,333310,Commercial and Service Industry Machinery Manufacturing,partial
3577,"Computer Peripheral Equipment, Not Elsewhere Classified",Except Plotter Controllers and Magnetic Tape Cleaners,334118,Computer Terminal and Other Computer Peripheral Equipment Manufacturing,partial
3577,"Computer Peripheral Equipment, Not Elsewhere Classified",Magnetic Tape Cleaner,334610,Manufacturing and Reproducing Magnetic and Optical Media,partial
3577,"Computer Peripheral Equipment, Not Elsewhere Classified",Plotter Controllers,334418,Printed Circuit Assembly (Electronic Assembly) Manufacturing,partial
3578,"Calculating and Accounting Machines, Except Electronic Computers","Calculating and Accounting Machines, Except Point of Sales Terminals and Fund Transfer Devices, and Change Making Machines",333310,Commercial and Service Industry Machinery Manufacturing,partial
3578,"Calculating and Accounting Machines, Except Electronic Computers",Change Making Machines,333310,Commercial and Service Industry Machinery Manufacturing,partial
3578,"Calculating and Accounting Machines, Except Electronic Computers",Point of Sales Terminals and Fund Transfer Devices,333310,Commercial and Service Industry Machinery Manufacturing,partial
3578,"Calculating and Accounting Machines, Except Electronic Computers",Point of Sales Terminals and Fund Transfer Devices,334118,Computer Terminal and Other Computer Peripheral Equipment Manufacturing,partial
3579,"Office Machines, Not Elsewhere Classified",Other Office Machines,333310,Commercial and Service Industry Machinery Manufacturing,partial
3579,"Office Machines, Not Elsewhere Classified","Pencil Sharpeners, Staplers, and Other Office Equipment",339940,Office Supplies (except Paper) Manufacturing,partial
3579,"Office Machines, Not Elsewhere Classified",Time Clocks and Other Time Recording Devices,334519,Other Measuring and Controlling Device Manufacturing,partial
3581,Automatic Vending Machines,,333310,Commercial and Service Industry Machinery Manufacturing,partial
3582,"Commercial Laundry, Drycleaning, and Pressing Machines",,333310,Commercial and Service Industry Machinery Manufacturing,partial
3585,Air-Conditioning and Warm Air Heating Equipment and Commercial and Industrial Refrigeration Equipment,Except Motor Vehicle Air-Conditioning,333415,Air-Conditioning and Warm Air Heating Equipment and Commercial and Industrial Refrigeration Equipment Manufacturing,partial
3585,Air-Conditioning and Warm Air Heating Equipment and Commercial and Industrial Refrigeration Equipment,Motor Vehicle Air-Conditioning,336390,Other Motor Vehicle Parts Manufacturing,partial
3586,Measuring and Dispensing Pumps,,333914,"Measuring, Dispensing, and Other Pumping Equipment Manufacturing",partial
3589,"Service Industry Machinery, Not Elsewhere Classified",,333310,Commercial and Service Industry Machinery Manufacturing,partial
3592,"Carburetors, Pistons, Piston Rings, and Valves",,336310,Motor Vehicle Gasoline Engine and Engine Parts Manufacturing,partial
3593,Fluid Power Cylinders and Actuators,,333995,Fluid Power Cylinder and Actuator Manufacturing,one_to_one
3594,Fluid Power Pumps and Motors,,333996,Fluid Power Pump and Motor Manufacturing,one_to_one
3596,"Scales and Balances, Except Laboratory",,333998,All Other Miscellaneous General Purpose Machinery Manufacturing,partial
3599,"Industrial and Commercial Machinery and Equipment, Not Elsewhere Classified",Carnival  Amusement Park Equipment,333310,Commercial and Service Industry Machinery Manufacturing,partial
3599,"Industrial and Commercial Machinery and Equipment, Not Elsewhere Classified",Flexible Metal Hose,332999,All Other Miscellaneous Fabricated Metal Product Manufacturing,partial
3599,"Industrial and Commercial Machinery and Equipment, Not Elsewhere Classified","Gasoline, Oil and Intake Filters for  Internal Combustion Engines, Except Motor Vehicle",336390,Other Motor Vehicle Parts Manufacturing,partial
3599,"Industrial and Commercial Machinery and Equipment, Not Elsewhere Classified",Machine Shops,332710,Machine Shops,partial
3599,"Industrial and Commercial Machinery and Equipment, Not Elsewhere Classified",Other Industrial and Commercial Machinery and Equipment,333998,All Other Miscellaneous General Purpose Machinery Manufacturing,partial
3612,"Power, Distribution, and Specialty Transformers",,335311,"Power, Distribution, and Specialty Transformer Manufacturing",partial
3613,Switchgear and Switchboard Apparatus,,335313,Switchgear and Switchboard Apparatus Manufacturing,one_to_one
3621,Motors and Generators,,335312,Motor and Generator Manufacturing,partial
3624,Carbon and Graphite Products,,335991,Carbon and Graphite Product Manufacturing,one_to_one
3625,Relays and Industrial Controls,,335314,Relay and Industrial Control Manufacturing,one_to_one
3629,"Electrical Industrial Apparatus, Not Elsewhere Classified",,335999,All Other Miscellaneous Electrical Equipment and Component Manufacturing,partial
3631,Household Cooking Equipment,,335220,Major Household Appliance Manufacturing,partial
3632,Household Refrigerators and HOme and Farm Freezers,,335220,Major Household Appliance Manufacturing,partial
3633,Household Laundry Equipment,,335220,Major Household Appliance Manufacturing,partial
3634,Electric Housewares and Fans,Electronic Cigarette Lighters,339999,All Other Miscellaneous Manufacturing,partial
3634,Electric Housewares and Fans,"Except Wall and Baseboard Heating Units for Permanent Installation, and Electronic Cigarette Lighters",335210,Small Electrical Appliance Manufacturing,partial
3634,Electric Housewares and Fans,Wall and Baseboard Heating Units For Permanent Installation,333414,Heating Equipment (except Warm Air Furnaces) Manufacturing,partial
3635,Household Vacuum Cleaners,,335210,Small Electrical Appliance Manufacturing,partial
3639,"Household Appliances, Not Elsewhere Classified",Floor Waxing and Floor Polishing Machines,335210,Small Electrical Appliance Manufacturing,partial
3639,"Household Appliances, Not Elsewhere Classified",Household Sewing Machines,333248,All Other Industrial Machinery Manufacturing,partial
3639,"Household Appliances, Not Elsewhere Classified",Other Household Appliances,335220,Major Household Appliance Manufacturing,partial
3641,Electric Lamp Bulbs and Tubes,,335139,Electric Lamp Bulb and Other Lighting Equipment Manufacturing,partial
3643,Current-Carrying Wiring Devices,,335931,Current-Carrying Wiring Device Manufacturing,one_to_one
3644,Noncurrent-Carrying Wiring Devices,All Other Noncurrent-Carrying Wiring Devices,335932,Noncurrent-Carrying Wiring Device Manufacturing,partial
3644,Noncurrent-Carrying Wiring Devices,"Fish Wire, Electrical Wiring Tool",332216,Saw Blade and Handtool Manufacturing,partial
3645,Residential Electric Lighting Fixtures,,335131,Residential Electric Lighting Fixture Manufacturing,partial
3646,"Commercial, Industrial, and Institutional Electric Lighting Fixtures",,335132,"Commercial, Industrial, and Institutional Electric Lighting Fixture Manufacturing",one_to_one
3647,Vehicular Lighting Equipment,,336320,Motor Vehicle Electrical and Electronic Equipment Manufacturing,partial
3648,"Lighting Equipment, Not Elsewhere Classified",,335139,Electric Lamp Bulb and Other Lighting Equipment Manufacturing,partial
3651,Household Audio and Video Equipment,,334310,Audio and Video Equipment Manufacturing,partial
3652,Phonograph Records and Prerecorded Audio Tapes and Disks,"Integrated Record Companies, Except Duplication Only",512250,Record Production and Distribution,partial
3652,Phonograph Records and Prerecorded Audio Tapes and Disks,Reproduction of Recording Media,334610,Manufacturing and Reproducing Magnetic and Optical Media,partial
3661,Telephone and Telegraph Apparatus,Consumer External Modems,334418,Printed Circuit Assembly (Electronic Assembly) Manufacturing,partial
3661,Telephone and Telegraph Apparatus,"Telephone and Telegraph Apparatus, Except Consumer External Modems",334210,Telephone Apparatus Manufacturing,partial
3663,Radio and Television Broadcasting and Communications Equipment,,334220,Radio and Television Broadcasting and Wireless Communications Equipment Manufacturing,partial
3663,Radio and Television Broadcasting and Communications Equipment,,334515,Instrument Manufacturing for Measuring and Testing Electricity and Electrical Signals,partial
3669,"Communications Equipment, Not Elsewhere Classified",,334290,Other Communications Equipment Manufacturing,one_to_one
3671,Electron Tubes,,334419,Other Electronic Component Manufacturing,partial
3672,Printed Circuit Boards,,334412,Bare Printed Circuit Board Manufacturing,one_to_one
3674,Semiconductors and Related Devices,,334413,Semiconductor and Related Device Manufacturing,one_to_one
3675,Electronic Capacitors,,334416,"Capacitor, Resistor, Coil, Transformer, and Other Inductor Manufacturing",partial
3676,Electronic Resistors,,334416,"Capacitor, Resistor, Coil, Transformer, and Other Inductor Manufacturing",partial
3677,"Electronic Coils, Transformers, and Other Inductors",,334416,"Capacitor, Resistor, Coil, Transformer, and Other Inductor Manufacturing",partial
3678,Electronic Connectors,,334417,Electronic Connector Manufacturing,one_to_one
3679,"Electronic Components, Not Elsewhere Classified",Antennas,334220,Radio and Television Broadcasting and Wireless Communications Equipment Manufacturing,partial
3679,"Electronic Components, Not Elsewhere Classified",Antennas,334515,Instrument Manufacturing for Measuring and Testing Electricity and Electrical Signals,partial
3679,"Electronic Components, Not Elsewhere Classified",Other Electronic Components,334419,Other Electronic Component Manufacturing,partial
3679,"Electronic Components, Not Elsewhere Classified",Printed Circuit/Electronics Assembly,334418,Printed Circuit Assembly (Electronic Assembly) Manufacturing,partial
3679,"Electronic Components, Not Elsewhere Classified",Radio Headphones,334310,Audio and Video Equipment Manufacturing,partial
3691,Storage Batteries,,335910,Battery Manufacturing,partial
3692,"Primary Batteries, Dry and Wet",,335910,Battery Manufacturing,partial
3694,Electrical Equipment for Internal Combustion Engines,,336320,Motor Vehicle Electrical and Electronic Equipment Manufacturing,partial
3695,Magnetic And Optical Recording Media,,334610,Manufacturing and Reproducing Magnetic and Optical Media,partial
3699,"Electrical Machinery, Equipment, and Supplies, Not Elsewhere","Christmas Tree Lighting Sets, Electric Insect Lamps, Electric Fireplace Logs, and Trouble Lights",335139,Electric Lamp Bulb and Other Lighting Equipment Manufacturing,partial
3699,"Electrical Machinery, Equipment, and Supplies, Not Elsewhere",Electronic Teaching Machines and Flight Simulators,333310,Commercial and Service Industry Machinery Manufacturing,partial
3699,"Electrical Machinery, Equipment, and Supplies, Not Elsewhere",Laser Welding and Soldering Equipment,333992,Welding and Soldering Equipment Manufacturing,partial
3699,"Electrical Machinery, Equipment, and Supplies, Not Elsewhere","Other Electrical Machinery, Equipment, and Supplies",335999,All Other Miscellaneous Electrical Equipment and Component Manufacturing,partial
3699,"Electrical Machinery, Equipment, and Supplies, Not Elsewhere",Outboard Electric Motors,333618,Other Engine Equipment Manufacturing,partial
3711,Motor Vehicles and Passenger Car Bodies,Automobiles,336110,Automobile and Light Duty Motor Vehicle Manufacturing,partial
3711,Motor Vehicles and Passenger Car Bodies,Heavy Duty Trucks,336120,Heavy Duty Truck Manufacturing,partial
3711,Motor Vehicles and Passenger Car Bodies,Kit Car and Other Passenger Car Bodies,336211,Motor Vehicle Body Manufacturing,partial
3711,Motor Vehicles and Passenger Car Bodies,Light Truck and Utility Vehicles,336110,Automobile and Light Duty Motor Vehicle Manufacturing,partial
3711,Motor Vehicles and Passenger Car Bodies,Military Armored Vehicles,336992,"Military Armored Vehicle, Tank, and Tank Component Manufacturing",partial
3713,Truck and Bus Bodies,,336211,Motor Vehicle Body Manufacturing,partial
3714,Motor Vehicle Parts and Accessories,"Brake and Brake Systems, Including Assemblies",336340,Motor Vehicle Brake System Manufacturing,partial
3714,Motor Vehicle Parts and Accessories,Dump-Truck Lifting Mechanisms and Fifth Wheels,336211,Motor Vehicle Body Manufacturing,partial
3714,Motor Vehicle Parts and Accessories,Gasoline Engines Including Rebuilt and Engine Parts Including Rebuilt for Motor Vehicles,336310,Motor Vehicle Gasoline Engine and Engine Parts Manufacturing,partial
3714,Motor Vehicle Parts and Accessories,Other Motor Vehicle Parts,336390,Other Motor Vehicle Parts Manufacturing,partial
3714,Motor Vehicle Parts and Accessories,Steering and Suspension Parts,336330,Motor Vehicle Steering and Suspension Components (except Spring) Manufacturing,partial
3714,Motor Vehicle Parts and Accessories,"Transmissions and Power Train Parts, Including Rebuilding",336350,Motor Vehicle Transmission and Power Train Parts Manufacturing,partial
3714,Motor Vehicle Parts and Accessories,"Wiring Harness Sets, Other than Ignition; Block Heaters and Battery Heaters; Instrument Board Assemblies; Permanent Defroster; Windshield Washer-Wiper Mechanisms; Cruise Control Mechanisms; and Other Electrical Equipment for Internal Combustion Engin",336320,Motor Vehicle Electrical and Electronic Equipment Manufacturing,partial
3715,Truck Trailers,,336212,Truck Trailer Manufacturing,one_to_one
3716,Motor Homes,,336213,Motor Home Manufacturing,one_to_one
3721,Aircraft,Except Research and Development,336411,Aircraft Manufacturing,partial
3721,Aircraft,Research and Development,541713,Research and Development in Nanotechnology,partial
3721,Aircraft,Research and Development,541714,Research and Development in Biotechnology (except Nanobiotechnology),partial
3721,Aircraft,Research and Development,541715,"Research and Development in the Physical, Engineering, and Life Sciences (except Nanotechnology and Biotechnology)",partial
3724,Aircraft Engines and Engine Parts,Except Research and Development,336412,Aircraft Engine and Engine Parts Manufacturing,partial
3724,Aircraft Engines and Engine Parts,Research and Development,541713,Research and Development in Nanotechnology,partial
3724,Aircraft Engines and Engine Parts,Research and Development,541714,Research and Development in Biotechnology (except Nanobiotechnology),partial
3724,Aircraft Engines and Engine Parts,Research and Development,541715,"Research and Development in the Physical, Engineering, and Life Sciences (except Nanotechnology and Biotechnology)",partial
3728,"Aircraft Parts and Auxiliary Equipment, Not Elsewhere Classified","Except Fluid Power Aircraft Subassemblies, Target Drones, and Research and Development",336413,Other Aircraft Parts and Auxiliary Equipment Manufacturing,partial
3728,"Aircraft Parts and Auxiliary Equipment, Not Elsewhere Classified",Fluid Power Aircraft Subassemblies,332912,Fluid Power Valve and Hose Fitting Manufacturing,partial
3728,"Aircraft Parts and Auxiliary Equipment, Not Elsewhere Classified",Research and Development,541713,Research and Development in Nanotechnology,partial
3728,"Aircraft Parts and Auxiliary Equipment, Not Elsewhere Classified",Research and Development,541714,Research and Development in Biotechnology (except Nanobiotechnology),partial
3728,"Aircraft Parts and Auxiliary Equipment, Not Elsewhere Classified",Research and Development,541715,"Research and Development in the Physical, Engineering, and Life Sciences (except Nanotechnology and Biotechnology)",partial
3728,"Aircraft Parts and Auxiliary Equipment, Not Elsewhere Classified",Target Drones,336411,Aircraft Manufacturing,partial
3731,Ship Building and Repairing,Floating Dry Docks Not Associated With Shipyards,488390,Other Support Activities for Water Transportation,partial
3731,Ship Building and Repairing,Ship Building and Repairing Except Floating Dry Docks Not Associated With Shipyards,336611,Ship Building and Repairing,partial
3732,Boat Building and Repairing,Boat  Repair,811490,Other Personal and Household Goods Repair and Maintenance,partial
3732,Boat Building and Repairing,Boat Building,336612,Boat Building,partial
3743,Railroad Equipment,Locomotive Fuel Lubricating or Cooling Medium Pumps,333914,"Measuring, Dispensing, and Other Pumping Equipment Manufacturing",partial
3743,Railroad Equipment,Other Railroad Equipment,336510,Railroad Rolling Stock Manufacturing,partial
3751,"Motorcycles, Bicycles, and Parts",,336991,"Motorcycle, Bicycle, and Parts Manufacturing",partial
3761,Guided Missiles and Space Vehicles,Except Research and Development,336414,Guided Missile and Space Vehicle Manufacturing,partial
3761,Guided Missiles and Space Vehicles,Research and Development,541713,Research and Development in Nanotechnology,partial
3761,Guided Missiles and Space Vehicles,Research and Development,541714,Research and Development in Biotechnology (except Nanobiotechnology),partial
3761,Guided Missiles and Space Vehicles,Research and Development,541715,"Research and Development in the Physical, Engineering, and Life Sciences (except Nanotechnology and Biotechnology)",partial
3764,Guided Missile and Space Vehicle Propulsion Units and Propulsion Unit Parts,Except Research and Development,336415,Guided Missile and Space Vehicle Propulsion Unit and Propulsion Unit Parts Manufacturing,partial
3764,Guided Missile and Space Vehicle Propulsion Units and Propulsion Unit Parts,Research and Development,541713,Research and Development in Nanotechnology,partial
3764,Guided Missile and Space Vehicle Propulsion Units and Propulsion Unit Parts,Research and Development,541714,Research and Development in Biotechnology (except Nanobiotechnology),partial
3764,Guided Missile and Space Vehicle Propulsion Units and Propulsion Unit Parts,Research and Development,541715,"Research and Development in the Physical, Engineering, and Life Sciences (except Nanotechnology and Biotechnology)",partial
3769,"Guided Missile Space Vehicle Parts and Auxiliary Equipment, Not Elsewhere Classified",Except Research and Development,336419,Other Guided Missile and Space Vehicle Parts and Auxiliary Equipment Manufacturing,partial
3769,"Guided Missile Space Vehicle Parts and Auxiliary Equipment, Not Elsewhere Classified",Research and Development,541713,Research and Development in Nanotechnology,partial
3769,"Guided Missile Space Vehicle Parts and Auxiliary Equipment, Not Elsewhere Classified",Research and Development,541714,Research and Development in Biotechnology (except Nanobiotechnology),partial
3769,"Guided Missile Space Vehicle Parts and Auxiliary Equipment, Not Elsewhere Classified",Research and Development,541715,"Research and Development in the Physical, Engineering, and Life Sciences (except Nanotechnology and Biotechnology)",partial
3792,Travel Trailers and Campers,,336214,Travel Trailer and Camper Manufacturing,partial
3795,Tanks and Tank Components,,336992,"Military Armored Vehicle, Tank, and Tank Component Manufacturing",partial
3799,"Transportation Equipment, Not Elsewhere Classified","Automobile, Boat, Utility and Light Truck Trailers",336214,Travel Trailer and Camper Manufacturing,partial
3799,"Transportation Equipment, Not Elsewhere Classified",Other Transportation Equipment,336999,All Other Transportation Equipment Manufacturing,partial
3799,"Transportation Equipment, Not Elsewhere Classified",Trailer Hitches,336390,Other Motor Vehicle Parts Manufacturing,partial
3799,"Transportation Equipment, Not Elsewhere Classified",Wheelbarrows,333924,"Industrial Truck, Tractor, Trailer, and Stacker Machinery Manufacturing",partial
3812,"Search, Detection, Navigation, Guidance, Aeronautical, and Nautical Systems and Instruments",,334511,"Search, Detection, Navigation, Guidance, Aeronautical, and Nautical System and Instrument Manufacturing",one_to_one
3821,Laboratory Apparatus and Furniture,,333248,All Other Industrial Machinery Manufacturing,partial
3821,Laboratory Apparatus and Furniture,,333415,Air-Conditioning and Warm Air Heating Equipment and Commercial and Industrial Refrigeration Equipment Manufacturing,partial
3821,Laboratory Apparatus and Furniture,,333994,Industrial Process Furnace and Oven Manufacturing,partial
3821,Laboratory Apparatus and Furniture,,333998,All Other Miscellaneous General Purpose Machinery Manufacturing,partial
3821,Laboratory Apparatus and Furniture,,337127,Institutional Furniture Manufacturing,partial
3821,Laboratory Apparatus and Furniture,,339113,Surgical Appliance and Supplies Manufacturing,partial
3822,Automatic Controls for Regulating Residential and Commercial Environments and Appliances,,334512,"Automatic Environmental Control Manufacturing for Residential, Commercial, and Appliance Use",one_to_one
3823,"Industrial Instruments for Measurement, Display, and Control of Process Variables; and Related Products",,334513,"Instruments and Related Products Manufacturing for Measuring, Displaying, and Controlling Industrial Process Variables",one_to_one
3824,Totalizing Fluid Meters and Counting Devices,,334514,Totalizing Fluid Meter and Counting Device Manufacturing,partial
3825,Instruments for Measuring and Testing of Electricity and Electrical Signals,Automotive Ammeters and Voltmeters,334514,Totalizing Fluid Meter and Counting Device Manufacturing,partial
3825,Instruments for Measuring and Testing of Electricity and Electrical Signals,Except Automotive Ammeters and Voltmeters,334515,Instrument Manufacturing for Measuring and Testing Electricity and Electrical Signals,partial
3826,Laboratory Analytical Instruments,,334516,Analytical Laboratory Instrument Manufacturing,one_to_one
3827,Optical Instruments and Lenses,,333310,Commercial and Service Industry Machinery Manufacturing,partial
3829,"Measuring and Controlling Devices, Not Elsewhere Classified",Electronic Chronometers,334519,Other Measuring and Controlling Device Manufacturing,partial
3829,"Measuring and Controlling Devices, Not Elsewhere Classified","Except Medical Thermometers, Electronic Chronometers, and Motor Vehicle Gauges",334519,Other Measuring and Controlling Device Manufacturing,partial
3829,"Measuring and Controlling Devices, Not Elsewhere Classified",Medical Thermometers,339112,Surgical and Medical Instrument Manufacturing,partial
3829,"Measuring and Controlling Devices, Not Elsewhere Classified",Motor Vehicle Gauges,334514,Totalizing Fluid Meter and Counting Device Manufacturing,partial
3841,Surgical and Medical Instruments and Apparatus,Except Tranquilizer Guns and Operating Tables,339112,Surgical and Medical Instrument Manufacturing,partial
3841,Surgical and Medical Instruments and Apparatus,Operating Tables,333248,All Other Industrial Machinery Manufacturing,partial
3841,Surgical and Medical Instruments and Apparatus,Operating Tables,333415,Air-Conditioning and Warm Air Heating Equipment and Commercial and Industrial Refrigeration Equipment Manufacturing,partial
3841,Surgical and Medical Instruments and Apparatus,Operating Tables,333994,Industrial Process Furnace and Oven Manufacturing,partial
3841,Surgical and Medical Instruments and Apparatus,Operating Tables,333998,All Other Miscellaneous General Purpose Machinery Manufacturing,partial
3841,Surgical and Medical Instruments and Apparatus,Operating Tables,337127,Institutional Furniture Manufacturing,partial
3841,Surgical and Medical Instruments and Apparatus,Operating Tables,339113,Surgical Appliance and Supplies Manufacturing,partial
3841,Surgical and Medical Instruments and Apparatus,Tranquilizer Guns,332994,"Small Arms, Ordnance, and Ordnance Accessories Manufacturing",partial
3842,"Orthopedic, Prosthetic, and Surgical Appliances and Supplies",Electronic Hearing Aids,334510,Electromedical and Electrotherapeutic Apparatus Manufacturing,partial
3842,"Orthopedic, Prosthetic, and Surgical Appliances and Supplies",Incontinent and Bed Pads,322291,Sanitary Paper Product Manufacturing,partial
3842,"Orthopedic, Prosthetic, and Surgical Appliances and Supplies","Orthopedic, Prosthetic, and Surgical Appliances and Supplies, except Electronic Hearing Aids",339113,Surgical Appliance and Supplies Manufacturing,partial
3843,Dental Equipment and Supplies,,339114,Dental Equipment and Supplies Manufacturing,one_to_one
3844,X-Ray Apparatus and Tubes and Related Irradiation Apparatus,,334517,Irradiation Apparatus Manufacturing,partial
3845,Electromedical and Electrotherapeutic Apparatus,CT and CAT Scanners,334517,Irradiation Apparatus Manufacturing,partial
3845,Electromedical and Electrotherapeutic Apparatus,Other Electromedical and Electrotherapeutic Apparatus,334510,Electromedical and Electrotherapeutic Apparatus Manufacturing,partial
3851,Ophthalmic Goods,Except Intra Ocular Lenses,339115,Ophthalmic Goods Manufacturing,partial
3851,Ophthalmic Goods,Intra Ocular Lenses,339113,Surgical Appliance and Supplies Manufacturing,partial
3861,Photographic Equipment and Supplies,"Photographic Equipment and Supplies (Except Photographic Film, Paper, Plates and Chemicals)",333310,Commercial and Service Industry Machinery Manufacturing,partial
3861,Photographic Equipment and Supplies,"Photographic Film, Paper, Plates and Chemicals",325992,"Photographic Film, Paper, Plate, Chemical, and Copy Toner Manufacturing",partial
3873,"Watches, Clocks, Clockwork Operated Devices, and Parts",,334519,Other Measuring and Controlling Device Manufacturing,partial
3911,"Jewelry, Precious Metal",,339910,Jewelry and Silverware Manufacturing,partial
3914,"Silverware, Plated Ware, and Stainless Steel Ware",Cutlery and Flatware Nonprecious and Precious Plated,332215,"Metal Kitchen Cookware, Utensil, Cutlery, and Flatware (except Precious) Manufacturing",partial
3914,"Silverware, Plated Ware, and Stainless Steel Ware",Precious Plated Hollowware,332999,All Other Miscellaneous Fabricated Metal Product Manufacturing,partial
3914,"Silverware, Plated Ware, and Stainless Steel Ware","Silverware, Plated Ware, and Stainless Steel Ware (Except Nonprecious and Precious Plated Metal Cutlery and Flatware)",339910,Jewelry and Silverware Manufacturing,partial
3915,"Jewelers' Findings and Materials, and Lapidary Work",Except Watch Jewels,339910,Jewelry and Silverware Manufacturing,partial
3915,"Jewelers' Findings and Materials, and Lapidary Work",Watch Jewels,334519,Other Measuring and Controlling Device Manufacturing,partial
3931,Musical Instruments,,339992,Musical Instrument Manufacturing,one_to_one
3942,Dolls and Stuffed Toys,,339930,"Doll, Toy, and Game Manufacturing",partial
3944,"Games, Toys, and Children's Vehicles, Except Dolls and Bicycles",Metal Tricycles,336991,"Motorcycle, Bicycle, and Parts Manufacturing",partial
3944,"Games, Toys, and Children's Vehicles, Except Dolls and Bicycles","Other Games, Toys, and Children's Vehicles",339930,"Doll, Toy, and Game Manufacturing",partial
3949,"Sporting and Athletic Goods, Not Elsewhere Classified",,339920,Sporting and Athletic Goods Manufacturing,partial
3951,"Pens, Mechanical Pencils, and Parts",,339940,Office Supplies (except Paper) Manufacturing,partial
3952,"Lead Pencils, Crayons, and Artists' Materials",Drafting Tables and Boards,337127,Institutional Furniture Manufacturing,partial
3952,"Lead Pencils, Crayons, and Artists' Materials",Drawing and India Ink,325998,All Other Miscellaneous Chemical Product and Preparation Manufacturing,partial
3952,"Lead Pencils, Crayons, and Artists' Materials",Other,339940,Office Supplies (except Paper) Manufacturing,partial
3953,Marking Devices,,339940,Office Supplies (except Paper) Manufacturing,partial
3955,Carbon Paper and Inked Ribbons,,339940,Office Supplies (except Paper) Manufacturing,partial
3961,"Costume Jewelry and Costume Novelties, Except Precious Metal",,339910,Jewelry and Silverware Manufacturing,partial
3965,"Fasteners, Buttons, Needles, and Pins",,339993,"Fastener, Button, Needle, and Pin Manufacturing",partial
3991,Brooms and Brushes,,339994,"Broom, Brush, and Mop Manufacturing",partial
3993,Signs and Advertising Specialties,Signs,339950,Sign Manufacturing,one_to_one
3995,Burial Caskets,,339995,Burial Casket Manufacturing,one_to_one
3996,"Linoleum, Asphalted-Felt-Base, and Other Hard Surface Floor Coverings, Not Elsewhere Classified",,326199,All Other Plastics Product Manufacturing,partial
3999,"Manufacturing Industries, Not Elsewhere Classified",Beauty and Barber Chairs,337127,Institutional Furniture Manufacturing,partial
3999,"Manufacturing Industries, Not Elsewhere Classified",Electric Hair Clippers for Humans,335210,Small Electrical Appliance Manufacturing,partial
3999,"Manufacturing Industries, Not Elsewhere Classified",Embroidery Kits,339930,"Doll, Toy, and Game Manufacturing",partial
3999,"Manufacturing Industries, Not Elsewhere Classified",Fur Dressing and Bleaching,316110,Leather and Hide Tanning and Finishing,partial
3999,"Manufacturing Industries, Not Elsewhere Classified",Lamp Shades of Paper or Textile,335131,Residential Electric Lighting Fixture Manufacturing,partial
3999,"Manufacturing Industries, Not Elsewhere Classified",Matches,325998,All Other Miscellaneous Chemical Product and Preparation Manufacturing,partial
3999,"Manufacturing Industries, Not Elsewhere Classified","Metal Products, Such As Combs, Hair Curlers, Etc.",332999,All Other Miscellaneous Fabricated Metal Product Manufacturing,partial
3999,"Manufacturing Industries, Not Elsewhere Classified",Other,339999,All Other Miscellaneous Manufacturing,partial
3999,"Manufacturing Industries, Not Elsewhere Classified",Other Beauty and Barber Shop Equipment,333310,Commercial and Service Industry Machinery Manufacturing,partial
3999,"Manufacturing Industries, Not Elsewhere Classified","Plastics Products, Such As Combs, Hair Curlers, Etc.",326199,All Other Plastics Product Manufacturing,partial
3999,"Manufacturing Industries, Not Elsewhere Classified","Plastics Products, Such As Combs, Hair Curlers, Etc.",336612,Boat Building,partial
3999,"Manufacturing Industries, Not Elsewhere Classified",Tape Measures and Human Hair Clippers,332216,Saw Blade and Handtool Manufacturing,partial
4011,"Railroads, Line-Haul Operating",,482111,Line-Haul Railroads,one_to_one
4013,Railroad Switching and Terminal Establishments,Beltline and Logging Railroads,482112,Short Line Railroads,partial
4013,Railroad Switching and Terminal Establishments,Other,488210,Support Activities for Rail Transportation,partial
4111,Local and Suburban Transit,Airport Limousine Transportation,485999,All Other Transit and Ground Passenger Transportation,partial
4111,Local and Suburban Transit,Bus and Motor Vehicle Transit Systems,485113,Bus and Other Motor Vehicle Transit Systems,partial
4111,Local and Suburban Transit,Commuter Rail Systems,485112,Commuter Rail Systems,partial
4111,Local and Suburban Transit,Mixed Mode Transit Systems,485111,Mixed Mode Transit Systems,partial
4111,Local and Suburban Transit,Other Urban Transit Systems,485119,Other Urban Transit Systems,partial
4119,"Local Passenger Transportation, Not Elsewhere Classified",Ambulances,621910,Ambulance Services,partial
4119,"Local Passenger Transportation, Not Elsewhere Classified",Automobile Rental with Driver and Limousine Rental with Driver,485320,Limousine Service,partial
4119,"Local Passenger Transportation, Not Elsewhere Classified",Employee Transportation,485410,School and Employee Bus Transportation,partial
4119,"Local Passenger Transportation, Not Elsewhere Classified",Hearse Rental with Driver and Carpool and Vanpool Operations,485999,All Other Transit and Ground Passenger Transportation,partial
4119,"Local Passenger Transportation, Not Elsewhere Classified","Sightseeing Buses and Cable and Cog Railways, Except Scenic",487110,"Scenic and Sightseeing Transportation, Land",partial
4119,"Local Passenger Transportation, Not Elsewhere Classified",Special Needs Transportation,485991,Special Needs Transportation,partial
4121,Taxicabs,,485310,Taxi and Ridesharing Services,partial
4131,Intercity and Rural Bus Transportation,,485210,Interurban and Rural Bus Transportation,one_to_one
4141,Local Bus Charter Service,,485510,Charter Bus Industry,partial
4142,"Bus Charter Service, Except Local",,485510,Charter Bus Industry,partial
4151,School Buses,,485410,School and Employee Bus Transportation,partial
4173,Terminal and Service Facilities for Motor Vehicle Passenger Transportation,,488490,Other Support Activities for Road Transportation,partial
4212,Local Trucking Without Storage,Hazardous Waste Collection Without Disposal,562112,Hazardous Waste Collection,partial
4212,Local Trucking Without Storage,Household Goods Moving Without Storage,484210,Used Household and Office Goods Moving,partial
4212,Local Trucking Without Storage,Local General Freight Trucking Without Storage,484110,"General Freight Trucking, Local",partial
4212,Local Trucking Without Storage,Local Specialized Freight Trucking Without Storage,484220,"Specialized Freight (except Used Goods) Trucking, Local",partial
4212,Local Trucking Without Storage,Other Waste Collection Without Disposal,562119,Other Waste Collection,partial
4212,Local Trucking Without Storage,Solid Waste Collection Without Disposal,562111,Solid Waste Collection,partial
4213,"Trucking, Except Local",Long-distance Household Goods Moving,484210,Used Household and Office Goods Moving,partial
4213,"Trucking, Except Local",Long-distance Less Than Truckload General Freight Trucking,484122,"General Freight Trucking, Long-Distance, Less Than Truckload",partial
4213,"Trucking, Except Local",Long-distance Specialized Freight Trucking,484230,"Specialized Freight (except Used Goods) Trucking, Long-Distance",partial
4213,"Trucking, Except Local",Long-distance Truckload General Freight Trucking,484121,"General Freight Trucking, Long-Distance, Truckload",partial
4214,Local Trucking With Storage,Local General Freight Trucking with Storage,484110,"General Freight Trucking, Local",partial
4214,Local Trucking With Storage,Local Household Goods Moving,484210,Used Household and Office Goods Moving,partial
4214,Local Trucking With Storage,Local Specialized Freight Trucking with Storage,484220,"Specialized Freight (except Used Goods) Trucking, Local",partial
4215,"Courier Services, Except by Air",Hub and Spoke Intercity Delivery,492110,Couriers and Express Delivery Services,partial
4215,"Courier Services, Except by Air",Local Delivery,492210,Local Messengers and Local Delivery,partial
4221,Farm Product Warehousing and Storage,,493130,Farm Product Warehousing and Storage,one_to_one
4222,Refrigerated Warehousing and Storage,,493120,Refrigerated Warehousing and Storage,partial
4225,General Warehousing and Storage,General Warehousing and Storage,493110,General Warehousing and Storage,partial
4225,General Warehousing and Storage,Miniwarehouses and Self-Storage Units,531130,Lessors of Miniwarehouses and Self-Storage Units,partial
4226,"Special Warehousing and Storage, Not Elsewhere Classified",Fur Storage,493120,Refrigerated Warehousing and Storage,partial
4226,"Special Warehousing and Storage, Not Elsewhere Classified",General Warehousing in Foreign Trade Zones,493110,General Warehousing and Storage,partial
4226,"Special Warehousing and Storage, Not Elsewhere Classified",Other,493190,Other Warehousing and Storage,partial
4231,Terminal and Joint Terminal Maintenance Facilities for Motor Freight Transportation,,488490,Other Support Activities for Road Transportation,partial
4311,United States Postal Service,,491110,Postal Service,partial
4412,Deep Sea Foreign Transportation of Freight,,483111,Deep Sea Freight Transportation,one_to_one
4424,Deep Sea Domestic Transportation of Freight,,483113,Coastal and Great Lakes Freight Transportation,partial
4432,Freight Transportation on the Great Lakes-St. Lawrence Seaway,,483113,Coastal and Great Lakes Freight Transportation,partial
4449,"Water Transportation of Freight, Not Elsewhere Classified",,483211,Inland Water Freight Transportation,one_to_one
4481,"Deep Sea Transportation of Passengers, Except by Ferry",Coastal and Great Lakes Passenger Transportation,483114,Coastal and Great Lakes Passenger Transportation,partial
4481,"Deep Sea Transportation of Passengers, Except by Ferry",Deep Sea Passenger Transportation,483112,Deep Sea Passenger Transportation,partial
4482,Ferries,Coastal and Great Lakes Ferries,483114,Coastal and Great Lakes Passenger Transportation,partial
4482,Ferries,Inland Water Ferries,483212,Inland Water Passenger Transportation,partial
4489,"Water Transportation of Passengers, Not Elsewhere Classified","Airboats, Excursion Boats, and Sightseeing Boats",487210,"Scenic and Sightseeing Transportation, Water",partial
4489,"Water Transportation of Passengers, Not Elsewhere Classified",Water Taxis,483212,Inland Water Passenger Transportation,partial
4491,Marine Cargo Handling,Dock and Pier Operations,488310,Port and Harbor Operations,partial
4491,Marine Cargo Handling,Except Dock and Pier Operations,488320,Marine Cargo Handling,partial
4492,Towing and Tugboat Services,,488330,Navigational Services to Shipping,partial
4493,Marinas,,713930,Marinas,one_to_one
4499,"Water Transportation Services, Not Elsewhere Classified",Boat and Ship Rental,532411,"Commercial Air, Rail, and Water Transportation Equipment Rental and Leasing",partial
4499,"Water Transportation Services, Not Elsewhere Classified",Lighthouse and Canal Operations,488310,Port and Harbor Operations,partial
4499,"Water Transportation Services, Not Elsewhere Classified",Marine Salvage and Piloting Vessels In and Out of Harbors,488330,Navigational Services to Shipping,partial
4499,"Water Transportation Services, Not Elsewhere Classified",Other,488390,Other Support Activities for Water Transportation,partial
4512,"Air Transportation, Scheduled",Scheduled Freight Air Transportation,481112,Scheduled Freight Air Transportation,partial
4512,"Air Transportation, Scheduled",Scheduled Passenger Air Transportation,481111,Scheduled Passenger Air Transportation,partial
4513,Air Courier Services,,492110,Couriers and Express Delivery Services,partial
4522,"Air Transportation, Nonscheduled",Air Ambulance,621910,Ambulance Services,partial
4522,"Air Transportation, Nonscheduled",Nonscheduled Charter Freight Air Transportation,481212,Nonscheduled Chartered Freight Air Transportation,partial
4522,"Air Transportation, Nonscheduled",Nonscheduled Charter Passenger Air Transportation,481211,Nonscheduled Chartered Passenger Air Transportation,partial
4522,"Air Transportation, Nonscheduled",Sightseeing Aircraft,487990,"Scenic and Sightseeing Transportation, Other",partial
4581,"Airports, Flying Fields, and Airport Terminal Services",Air Traffic Control,488111,Air Traffic Control,partial
4581,"Airports, Flying Fields, and Airport Terminal Services",Aircraft Cleaning and Janitorial Services,238990,All Other Specialty Trade Contractors,partial
4581,"Airports, Flying Fields, and Airport Terminal Services",Aircraft Cleaning and Janitorial Services,561720,Janitorial Services,partial
4581,"Airports, Flying Fields, and Airport Terminal Services",Aircraft Servicing and Repairing,488190,Other Support Activities for Air Transportation,partial
4581,"Airports, Flying Fields, and Airport Terminal Services","Airfreight Handling at Airports, Hangar Operations, Airport Terminal Services, Aircraft Storage, Airports, and Flying Fields",488119,Other Airport Operations,partial
4612,Crude Petroleum Pipelines,,486110,Pipeline Transportation of Crude Oil,one_to_one
4613,Refined Petroleum Pipelines,,486910,Pipeline Transportation of Refined Petroleum Products,one_to_one
4619,"Pipelines, Not Elsewhere Classified",,486990,All Other Pipeline Transportation,one_to_one
4724,Travel Agencies,,561510,Travel Agencies,one_to_one
4725,Tour Operators,,561520,Tour Operators,one_to_one
4729,"Arrangement of Passenger Transportation, Not Elsewhere Classified",Arrangement of Carpools and Vanpools,488999,All Other Support Activities for Transportation,partial
4729,"Arrangement of Passenger Transportation, Not Elsewhere Classified",Except Arrangement of Carpools and Vanpools,561599,All Other Travel Arrangement and Reservation Services,partial
4731,Arrangement of Transportation of Freight and Cargo,Except Freight Rate Auditors and Tariff Consultants,488510,Freight Transportation Arrangement,partial
4731,Arrangement of Transportation of Freight and Cargo,Freight Rate Auditors and Tariff Consultants,541614,"Process, Physical Distribution, and Logistics Consulting Services",partial
4741,Rental of Railroad Cars,"Grain Leveling in Railroad Cars, Grain Trimming for Railroad Equipment, Precooling of Fruits and Vegetables in Connection with Transportation, and Railroad Car Cleaning, Icing, Ventilating and Heating",488210,Support Activities for Rail Transportation,partial
4741,Rental of Railroad Cars,Rental of Railroad Cars,532411,"Commercial Air, Rail, and Water Transportation Equipment Rental and Leasing",partial
4783,Packing and Crating,,488991,Packing and Crating,one_to_one
4785,Fixed Facilities and Inspection and Weighing Services for Motor Vehicle Transportation,Except Marine Cargo Checkers,488490,Other Support Activities for Road Transportation,partial
4785,Fixed Facilities and Inspection and Weighing Services for Motor Vehicle Transportation,Marine Cargo Checkers,488390,Other Support Activities for Water Transportation,partial
4789,"Transportation Services, Not Elsewhere Classified",Dining Car Operations on a Fee or Contract Basis,722310,Food Service Contractors,partial
4789,"Transportation Services, Not Elsewhere Classified",Horse-drawn Cabs and Carriages,487110,"Scenic and Sightseeing Transportation, Land",partial
4789,"Transportation Services, Not Elsewhere Classified",Other,488210,Support Activities for Rail Transportation,partial
4789,"Transportation Services, Not Elsewhere Classified",Pipeline Terminals and Stockyards for Transportation,488999,All Other Support Activities for Transportation,partial
4812,Radiotelephone Communications,Cellular Carriers,517112,Wireless Telecommunications Carriers (except Satellite),partial
4812,Radiotelephone Communications,Cellular Carriers,517122,Agents for Wireless Telecommunications Services,partial
4812,Radiotelephone Communications,Paging Carriers,517112,Wireless Telecommunications Carriers (except Satellite),partial
4812,Radiotelephone Communications,Paging Carriers,517122,Agents for Wireless Telecommunications Services,partial
4812,Radiotelephone Communications,Paging and Cellular Resellers,517121,Telecommunications Resellers,partial
4812,Radiotelephone Communications,Paging and Cellular Resellers,517122,Agents for Wireless Telecommunications Services,partial
4813,"Telephone Communications, Except Radiotelephone",Except Resellers,517111,Wired Telecommunications Carriers,partial
4813,"Telephone Communications, Except Radiotelephone",Satellite Resellers,517410,Satellite Telecommunications,partial
4813,"Telephone Communications, Except Radiotelephone",Wired Resellers,517121,Telecommunications Resellers,partial
4813,"Telephone Communications, Except Radiotelephone",Wired Resellers,517122,Agents for Wireless Telecommunications Services,partial
4822,Telegraph and Other Message Communications,,517111,Wired Telecommunications Carriers,partial
4832,Radio Broadcasting Stations,Networks,516210,"Media Streaming Distribution Services, Social Networks, and Other Media Networks and Content Providers",partial
4832,Radio Broadcasting Stations,Stations,516110,Radio Broadcasting Stations,partial
4833,Television Broadcasting Stations,,516120,Television Broadcasting Stations,partial
4833,Television Broadcasting Stations,,516210,"Media Streaming Distribution Services, Social Networks, and Other Media Networks and Content Providers",partial
4841,Cable and Other Pay Television Services,Cable Networks,516210,"Media Streaming Distribution Services, Social Networks, and Other Media Networks and Content Providers",partial
4841,Cable and Other Pay Television Services,Except Cable Networks,517111,Wired Telecommunications Carriers,partial
4899,"Communications Services, Not Elsewhere Classified",Except Taxi Cab Dispatch Ship-to-Shore Communications and Satellite Communications,517810,All Other Telecommunications,partial
4899,"Communications Services, Not Elsewhere Classified",Satellite Communications,517410,Satellite Telecommunications,partial
4899,"Communications Services, Not Elsewhere Classified",Ship-to-Shore Broadcasting Communications,517112,Wireless Telecommunications Carriers (except Satellite),partial
4899,"Communications Services, Not Elsewhere Classified",Ship-to-Shore Broadcasting Communications,517122,Agents for Wireless Telecommunications Services,partial
4899,"Communications Services, Not Elsewhere Classified",Taxi Cab Dispatch,485310,Taxi and Ridesharing Services,partial
4911,Electric Services,Electric Power Distribution,221122,Electric Power Distribution,partial
4911,Electric Services,Electric Power Generation by Fossil Fuels,221112,Fossil Fuel Electric Power Generation,partial
4911,Electric Services,Electric Power Generation by Nuclear Fuels,221113,Nuclear Electric Power Generation,partial
4911,Electric Services,Electric Power Transmission and Control,221121,Electric Bulk Power Transmission and Control,partial
4911,Electric Services,Hydroelectric Power Generation,221111,Hydroelectric Power Generation,partial
4911,Electric Services,Other Electric Power Generation,221114,Solar Electric Power Generation,partial
4911,Electric Services,Other Electric Power Generation,221115,Wind Electric Power Generation,partial
4911,Electric Services,Other Electric Power Generation,221116,Geothermal Electric Power Generation,partial
4911,Electric Services,Other Electric Power Generation,221117,Biomass Electric Power Generation,partial
4911,Electric Services,Other Electric Power Generation,221118,Other Electric Power Generation,partial
4922,Natural Gas Transmission,,486210,Pipeline Transportation of Natural Gas,partial
4923,Natural Gas Transmission and Distribution,Distribution,221210,Natural Gas Distribution,partial
4923,Natural Gas Transmission and Distribution,Transmission,486210,Pipeline Transportation of Natural Gas,partial
4924,Natural Gas Distribution,,221210,Natural Gas Distribution,partial
4925,"Mixed, Manufactured, or Liquefied Petroleum Gas Production and/or",,221210,Natural Gas Distribution,partial
4931,Electric and Other Services Combined,Electric Power Distribution When Combined with Other Services,221122,Electric Power Distribution,partial
4931,Electric and Other Services Combined,Electric Power Generation by Fossil Fuels When Combined with Other Services,221112,Fossil Fuel Electric Power Generation,partial
4931,Electric and Other Services Combined,Electric Power Generation by Nuclear Fuels When Combined with Other Services,221113,Nuclear Electric Power Generation,partial
4931,Electric and Other Services Combined,Electric Power Transmission When Combined with Other Services,221121,Electric Bulk Power Transmission and Control,partial
4931,Electric and Other Services Combined,Hydroelectric Power Generation When Combined with Other Services,221111,Hydroelectric Power Generation,partial
4931,Electric and Other Services Combined,Natural Gas When Combined with Electric Services,221210,Natural Gas Distribution,partial
4931,Electric and Other Services Combined,Other Electric Power Generation When Combined with Other Services,221114,Solar Electric Power Generation,partial
4931,Electric and Other Services Combined,Other Electric Power Generation When Combined with Other Services,221115,Wind Electric Power Generation,partial
4931,Electric and Other Services Combined,Other Electric Power Generation When Combined with Other Services,221116,Geothermal Electric Power Generation,partial
4931,Electric and Other Services Combined,Other Electric Power Generation When Combined with Other Services,221117,Biomass Electric Power Generation,partial
4931,Electric and Other Services Combined,Other Electric Power Generation When Combined with Other Services,221118,Other Electric Power Generation,partial
4932,Gas and Other Services Combined,,221210,Natural Gas Distribution,partial
4939,"Combination Utilities, Not Elsewhere Classified",Electric Power Distribution When Combined with Other Services,221122,Electric Power Distribution,partial
4939,"Combination Utilities, Not Elsewhere Classified",Electric Power Generation by Fossil Fuels When Combined with Other Services,221112,Fossil Fuel Electric Power Generation,partial
4939,"Combination Utilities, Not Elsewhere Classified",Electric Power Generation by Nuclear Fuels When Combined with Other Services,221113,Nuclear Electric Power Generation,partial
4939,"Combination Utilities, Not Elsewhere Classified",Electric Power Transmission When Combined with Other Services,221121,Electric Bulk Power Transmission and Control,partial
4939,"Combination Utilities, Not Elsewhere Classified",Hydroelectric Power Generation When Combined with Other Services,221111,Hydroelectric Power Generation,partial
4939,"Combination Utilities, Not Elsewhere Classified",Natural Gas Distribution when Combined with Other Services,221210,Natural Gas Distribution,partial
4939,"Combination Utilities, Not Elsewhere Classified",Other Power Generation When Combined with Other Services,221114,Solar Electric Power Generation,partial
4939,"Combination Utilities, Not Elsewhere Classified",Other Power Generation When Combined with Other Services,221115,Wind Electric Power Generation,partial
4939,"Combination Utilities, Not Elsewhere Classified",Other Power Generation When Combined with Other Services,221116,Geothermal Electric Power Generation,partial
4939,"Combination Utilities, Not Elsewhere Classified",Other Power Generation When Combined with Other Services,221117,Biomass Electric Power Generation,partial
4939,"Combination Utilities, Not Elsewhere Classified",Other Power Generation When Combined with Other Services,221118,Other Electric Power Generation,partial
4941,Water Supply,,221310,Water Supply and Irrigation Systems,partial
4952,Sewerage Systems,,221320,Sewage Treatment Facilities,one_to_one
4953,Refuse Systems,Hazardous Waste Treatment and Disposal,562211,Hazardous Waste Treatment and Disposal,partial
4953,Refuse Systems,Materials Recovery Facilities,562920,Materials Recovery Facilities,partial
4953,Refuse Systems,Other Nonhazardous Waste Treatment and Disposal,562219,Other Nonhazardous Waste Treatment and Disposal,partial
4953,Refuse Systems,Solid Waste Combustors and Incinerators,562213,Solid Waste Combustors and Incinerators,partial
4953,Refuse Systems,Solid Waste Landfills,562212,Solid Waste Landfill,partial
4959,"Sanitary Services, Not Elsewhere Classified",Malaria Control and Mosquito Eradication,561710,Exterminating and Pest Control Services,partial
4959,"Sanitary Services, Not Elsewhere Classified",Other,562998,All Other Miscellaneous Waste Management Services,partial
4959,"Sanitary Services, Not Elsewhere Classified",Remediation Services,562910,Remediation Services,partial
4959,"Sanitary Services, Not Elsewhere Classified",Vacuuming of Airport Runways,488119,Other Airport Operations,partial
4961,Steam and Air-Conditioning Supply,,221330,Steam and Air-Conditioning Supply,one_to_one
4971,Irrigation Systems,,221310,Water Supply and Irrigation Systems,partial
5012,Automobiles and Other Motor Vehicles,,423110,Automobile and Other Motor Vehicle Merchant Wholesalers,partial
5012,Automobiles and Other Motor Vehicles,,425120,Wholesale Trade Agents and Brokers,partial
5013,Motor Vehicle Supplies and New Parts,Sold Via Retail Method,441330,Automotive Parts and Accessories Retailers,partial
5013,Motor Vehicle Supplies and New Parts,Sold Via Wholesale Method,423120,Motor Vehicle Supplies and New Parts Merchant Wholesalers,partial
5013,Motor Vehicle Supplies and New Parts,Sold Via Wholesale Method,425120,Wholesale Trade Agents and Brokers,partial
5014,Tires and Tubes,Sold Via Retail Method,441340,Tire Dealers,partial
5014,Tires and Tubes,Sold Via Wholesale Method,423130,Tire and Tube Merchant Wholesalers,partial
5014,Tires and Tubes,Sold Via Wholesale Method,425120,Wholesale Trade Agents and Brokers,partial
5015,"Motor Vehicle Parts, Used",Sold Via Retail Method,441330,Automotive Parts and Accessories Retailers,partial
5015,"Motor Vehicle Parts, Used",Sold Via Wholesale Method,423140,Motor Vehicle Parts (Used) Merchant Wholesalers,partial
5015,"Motor Vehicle Parts, Used",Sold Via Wholesale Method,425120,Wholesale Trade Agents and Brokers,partial
5021,Furniture,Sold Via Retail Method,449110,Furniture Retailers,partial
5021,Furniture,Sold Via Wholesale Method,423210,Furniture Merchant Wholesalers,partial
5021,Furniture,Sold Via Wholesale Method,425120,Wholesale Trade Agents and Brokers,partial
5023,Home furnishings,Sold Via Retail Method,449121,Floor Covering Retailers,partial
5023,Home furnishings,Sold Via Wholesale Method,423220,Home Furnishing Merchant Wholesalers,partial
5023,Home furnishings,Sold Via Wholesale Method,425120,Wholesale Trade Agents and Brokers,partial
5031,"Lumber, Plywood, Millwork, and Wood Panels",,423310,"Lumber, Plywood, Millwork, and Wood Panel Merchant Wholesalers",partial
5031,"Lumber, Plywood, Millwork, and Wood Panels",,425120,Wholesale Trade Agents and Brokers,partial
5032,"Brick, Stone, and Related Construction Materials",Sold Via Retail Method,444180,Other Building Material Dealers,partial
5032,"Brick, Stone, and Related Construction Materials",Sold Via Wholesale Method,423320,"Brick, Stone, and Related Construction Material Merchant Wholesalers",partial
5032,"Brick, Stone, and Related Construction Materials",Sold Via Wholesale Method,425120,Wholesale Trade Agents and Brokers,partial
5033,"Roofing, Siding, and Insulation Materials",,423330,"Roofing, Siding, and Insulation Material Merchant Wholesalers",partial
5033,"Roofing, Siding, and Insulation Materials",,425120,Wholesale Trade Agents and Brokers,partial
5039,"Construction Materials, Not Elsewhere Classified",Sold Via Retail Method,444180,Other Building Material Dealers,partial
5039,"Construction Materials, Not Elsewhere Classified",Sold Via Wholesale Method,423390,Other Construction Material Merchant Wholesalers,partial
5039,"Construction Materials, Not Elsewhere Classified",Sold Via Wholesale Method,425120,Wholesale Trade Agents and Brokers,partial
5043,Photographic Equipment and Supplies,,423410,Photographic Equipment and Supplies Merchant Wholesalers,partial
5043,Photographic Equipment and Supplies,,425120,Wholesale Trade Agents and Brokers,partial
5044,Office Equipment,Sold Via Retail Method,459410,Office Supplies and Stationery Retailers,partial
5044,Office Equipment,Sold Via Wholesale Method,423420,Office Equipment Merchant Wholesalers,partial
5044,Office Equipment,Sold Via Wholesale Method,425120,Wholesale Trade Agents and Brokers,partial
5045,Computers and Computer Peripheral Equipment and Software,Sold Via Retail Method,449210,Electronics and Appliance Retailers,partial
5045,Computers and Computer Peripheral Equipment and Software,Sold Via Wholesale Method,423430,Computer and Computer Peripheral Equipment and Software Merchant Wholesalers,partial
5045,Computers and Computer Peripheral Equipment and Software,Sold Via Wholesale Method,425120,Wholesale Trade Agents and Brokers,partial
5046,"Commercial Equipment, Not Elsewhere Classified",,423440,Other Commercial Equipment Merchant Wholesalers,partial
5046,"Commercial Equipment, Not Elsewhere Classified",,425120,Wholesale Trade Agents and Brokers,partial
5047,"Medical, Dental, and Hospital Equipment and Supplies",Sold Via Retail Method,456199,All Other Health and Personal Care Retailers,partial
5047,"Medical, Dental, and Hospital Equipment and Supplies",Sold Via Wholesale Method,423450,"Medical, Dental, and Hospital Equipment and Supplies Merchant Wholesalers",partial
5047,"Medical, Dental, and Hospital Equipment and Supplies",Sold Via Wholesale Method,425120,Wholesale Trade Agents and Brokers,partial
5048,Ophthalmic Goods,,423460,Ophthalmic Goods Merchant Wholesalers,partial
5048,Ophthalmic Goods,,425120,Wholesale Trade Agents and Brokers,partial
5049,"Professional Equipment and Supplies, Not Elsewhere Classified",Sold Via Retail Method,459410,Office Supplies and Stationery Retailers,partial
5049,"Professional Equipment and Supplies, Not Elsewhere Classified",Sold Via Wholesale Method,423490,Other Professional Equipment and Supplies Merchant Wholesalers,partial
5049,"Professional Equipment and Supplies, Not Elsewhere Classified",Sold Via Wholesale Method,425120,Wholesale Trade Agents and Brokers,partial
5051,Metals Service Centers and Offices,,423510,Metal Service Centers and Other Metal Merchant Wholesalers,partial
5051,Metals Service Centers and Offices,,425120,Wholesale Trade Agents and Brokers,partial
5052,Coal and Other Minerals and Ores,,423520,Coal and Other Mineral and Ore Merchant Wholesalers,partial
5052,Coal and Other Minerals and Ores,,425120,Wholesale Trade Agents and Brokers,partial
5063,"Electrical Apparatus and Equipment Wiring Supplies, and Construction Materials",Sold Via Retail Method,444180,Other Building Material Dealers,partial
5063,"Electrical Apparatus and Equipment Wiring Supplies, and Construction Materials",Sold Via Wholesale Method,423610,"Electrical Apparatus and Equipment, Wiring Supplies, and Related Equipment Merchant Wholesalers",partial
5063,"Electrical Apparatus and Equipment Wiring Supplies, and Construction Materials",Sold Via Wholesale Method,425120,Wholesale Trade Agents and Brokers,partial
5064,"Electrical Appliances, Television and Radio Sets",,423620,"Household Appliances, Electric Housewares, and Consumer Electronics Merchant Wholesalers",partial
5064,"Electrical Appliances, Television and Radio Sets",,423720,Plumbing and Heating Equipment and Supplies (Hydronics) Merchant Wholesalers,partial
5064,"Electrical Appliances, Television and Radio Sets",,425120,Wholesale Trade Agents and Brokers,partial
5065,"Electronic Parts and Equipment, Not Elsewhere Classified",,423690,Other Electronic Parts and Equipment Merchant Wholesalers,partial
5065,"Electronic Parts and Equipment, Not Elsewhere Classified",,425120,Wholesale Trade Agents and Brokers,partial
5072,Hardware,Sold Via Retail Method,444140,Hardware Retailers,partial
5072,Hardware,Sold Via Wholesale Method,423710,Hardware Merchant Wholesalers,partial
5072,Hardware,Sold Via Wholesale Method,425120,Wholesale Trade Agents and Brokers,partial
5074,Plumbing and Heating Equipment and Supplies (Hydronics),Sold Via Retail Method,444180,Other Building Material Dealers,partial
5074,Plumbing and Heating Equipment and Supplies (Hydronics),Sold Via Wholesale Method,423620,"Household Appliances, Electric Housewares, and Consumer Electronics Merchant Wholesalers",partial
5074,Plumbing and Heating Equipment and Supplies (Hydronics),Sold Via Wholesale Method,423720,Plumbing and Heating Equipment and Supplies (Hydronics) Merchant Wholesalers,partial
5074,Plumbing and Heating Equipment and Supplies (Hydronics),Sold Via Wholesale Method,425120,Wholesale Trade Agents and Brokers,partial
5075,Warm Air Heating and Air-Conditioning Equipment and Supplies,,423730,Warm Air Heating and Air-Conditioning Equipment and Supplies Merchant Wholesalers,partial
5075,Warm Air Heating and Air-Conditioning Equipment and Supplies,,425120,Wholesale Trade Agents and Brokers,partial
5078,Refrigeration Equipment and Supplies,,423740,Refrigeration Equipment and Supplies Merchant Wholesalers,partial
5078,Refrigeration Equipment and Supplies,,425120,Wholesale Trade Agents and Brokers,partial
5082,Construction and Mining (Except Petroleum) Machinery and Equipment,,423810,Construction and Mining (except Oil Well) Machinery and Equipment Merchant Wholesalers,partial
5082,Construction and Mining (Except Petroleum) Machinery and Equipment,,425120,Wholesale Trade Agents and Brokers,partial
5083,Farm and Garden Machinery and Equipment,Sold Via Retail Method,444230,Outdoor Power Equipment Retailers,partial
5083,Farm and Garden Machinery and Equipment,Sold Via Wholesale Method,423820,Farm and Garden Machinery and Equipment Merchant Wholesalers,partial
5083,Farm and Garden Machinery and Equipment,Sold Via Wholesale Method,425120,Wholesale Trade Agents and Brokers,partial
5084,Industrial Machinery and Equipment,,423830,Industrial Machinery and Equipment Merchant Wholesalers,partial
5084,Industrial Machinery and Equipment,,425120,Wholesale Trade Agents and Brokers,partial
5085,Industrial Supplies,Except Fluid Power Accessories,423840,Industrial Supplies Merchant Wholesalers,partial
5085,Industrial Supplies,Except Fluid Power Accessories,425120,Wholesale Trade Agents and Brokers,partial
5085,Industrial Supplies,Fluid Power Accessories,423830,Industrial Machinery and Equipment Merchant Wholesalers,partial
5085,Industrial Supplies,Fluid Power Accessories,425120,Wholesale Trade Agents and Brokers,partial
5087,Service Establishment Equipment and Supplies,Beauty and Barber Shop Equipment and Supplies,456120,"Cosmetics, Beauty Supplies, and Perfume Retailers",partial
5087,Service Establishment Equipment and Supplies,Sold Via Wholesale Method,423850,Service Establishment Equipment and Supplies Merchant Wholesalers,partial
5087,Service Establishment Equipment and Supplies,Sold Via Wholesale Method,425120,Wholesale Trade Agents and Brokers,partial
5088,"Transportation Equipment and Supplies, Except Motor Vehicles",,423860,Transportation Equipment and Supplies (except Motor Vehicle) Merchant Wholesalers,partial
5088,"Transportation Equipment and Supplies, Except Motor Vehicles",,425120,Wholesale Trade Agents and Brokers,partial
5091,Sporting and Recreational Goods and Supplies,,423910,Sporting and Recreational Goods and Supplies Merchant Wholesalers,partial
5091,Sporting and Recreational Goods and Supplies,,425120,Wholesale Trade Agents and Brokers,partial
5092,Toys and Hobby Goods and Supplies,,423920,Toy and Hobby Goods and Supplies Merchant Wholesalers,partial
5092,Toys and Hobby Goods and Supplies,,425120,Wholesale Trade Agents and Brokers,partial
5093,Scrap and Waste Materials,,423930,Recyclable Material Merchant Wholesalers,partial
5093,Scrap and Waste Materials,,425120,Wholesale Trade Agents and Brokers,partial
5094,"Jewelry, Watches, Precious Stones, and Precious Metals",,423940,"Jewelry, Watch, Precious Stone, and Precious Metal Merchant Wholesalers",partial
5094,"Jewelry, Watches, Precious Stones, and Precious Metals",,425120,Wholesale Trade Agents and Brokers,partial
5099,"Durable Goods, Not Elsewhere Classified",,423990,Other Miscellaneous Durable Goods Merchant Wholesalers,partial
5099,"Durable Goods, Not Elsewhere Classified",,425120,Wholesale Trade Agents and Brokers,partial
5111,Printing and Writing Paper,,424110,Printing and Writing Paper Merchant Wholesalers,partial
5111,Printing and Writing Paper,,425120,Wholesale Trade Agents and Brokers,partial
5112,Stationery and Office Supplies,Sold Via Retail Method,459410,Office Supplies and Stationery Retailers,partial
5112,Stationery and Office Supplies,Sold Via Wholesale Method,424120,Stationery and Office Supplies Merchant Wholesalers,partial
5112,Stationery and Office Supplies,Sold Via Wholesale Method,425120,Wholesale Trade Agents and Brokers,partial
5113,Industrial and Personal Service Paper,,424130,Industrial and Personal Service Paper Merchant Wholesalers,partial
5113,Industrial and Personal Service Paper,,425120,Wholesale Trade Agents and Brokers,partial
5122,"Drugs, Drug Proprietaries, and Druggists' Sundries",,424210,Drugs and Druggists' Sundries Merchant Wholesalers,partial
5122,"Drugs, Drug Proprietaries, and Druggists' Sundries",,425120,Wholesale Trade Agents and Brokers,partial
5131,"Piece Goods, Notions, and Other Dry Good","Converters, Broadwoven Piece Good Fabric",313310,Textile and Fabric Finishing Mills,partial
5131,"Piece Goods, Notions, and Other Dry Good","Converters, Except Broadwoven Fabric",313310,Textile and Fabric Finishing Mills,partial
5131,"Piece Goods, Notions, and Other Dry Good",Except Converters,424310,"Piece Goods, Notions, and Other Dry Goods Merchant Wholesalers",partial
5131,"Piece Goods, Notions, and Other Dry Good",Except Converters,425120,Wholesale Trade Agents and Brokers,partial
5136,Men's and Boy's Clothing and Furnishings,,424350,Clothing and Clothing Accessories Merchant Wholesalers,partial
5136,Men's and Boy's Clothing and Furnishings,,425120,Wholesale Trade Agents and Brokers,partial
5137,"Women's, Children's, and Infants' Clothing and Accessories",,424350,Clothing and Clothing Accessories Merchant Wholesalers,partial
5137,"Women's, Children's, and Infants' Clothing and Accessories",,425120,Wholesale Trade Agents and Brokers,partial
5139,Footwear,,424340,Footwear Merchant Wholesalers,partial
5139,Footwear,,425120,Wholesale Trade Agents and Brokers,partial
5141,"Groceries, General Line",,424410,General Line Grocery Merchant Wholesalers,partial
5141,"Groceries, General Line",,425120,Wholesale Trade Agents and Brokers,partial
5142,Packaged Frozen Foods,,424420,Packaged Frozen Food Merchant Wholesalers,partial
5142,Packaged Frozen Foods,,425120,Wholesale Trade Agents and Brokers,partial
5143,"Dairy Products, Except Dried or Canned",,424430,Dairy Product (except Dried or Canned) Merchant Wholesalers,partial
5143,"Dairy Products, Except Dried or Canned",,425120,Wholesale Trade Agents and Brokers,partial
5144,Poultry and Poultry Products,,424440,Poultry and Poultry Product Merchant Wholesalers,partial
5144,Poultry and Poultry Products,,425120,Wholesale Trade Agents and Brokers,partial
5145,Confectionery,,424450,Confectionery Merchant Wholesalers,partial
5145,Confectionery,,425120,Wholesale Trade Agents and Brokers,partial
5146,Fish and Seafoods,,424460,Fish and Seafood Merchant Wholesalers,partial
5146,Fish and Seafoods,,425120,Wholesale Trade Agents and Brokers,partial
5147,Meats and Meat Products,Boxed Beef,311612,Meat Processed from Carcasses,partial
5147,Meats and Meat Products,Except Boxed Beef,424470,Meat and Meat Product Merchant Wholesalers,partial
5147,Meats and Meat Products,Except Boxed Beef,425120,Wholesale Trade Agents and Brokers,partial
5148,Fresh Fruits and Vegetables,,424480,Fresh Fruit and Vegetable Merchant Wholesalers,partial
5148,Fresh Fruits and Vegetables,,425120,Wholesale Trade Agents and Brokers,partial
5149,"Groceries and Related Products, Not Elsewhere Classified",Bottling Mineral or Spring Water,312112,Bottled Water Manufacturing,partial
5149,"Groceries and Related Products, Not Elsewhere Classified",Except Bottling Mineral or Spring Water,424490,Other Grocery and Related Products Merchant Wholesalers,partial
5149,"Groceries and Related Products, Not Elsewhere Classified",Except Bottling Mineral or Spring Water,425120,Wholesale Trade Agents and Brokers,partial
5153,Grain and Field Beans,,424510,Grain and Field Bean Merchant Wholesalers,partial
5153,Grain and Field Beans,,425120,Wholesale Trade Agents and Brokers,partial
5154,Livestock,,424520,Livestock Merchant Wholesalers,partial
5154,Livestock,,425120,Wholesale Trade Agents and Brokers,partial
5159,"Farm-Product Raw Materials, Not Elsewhere Classified",,424590,Other Farm Product Raw Material Merchant Wholesalers,partial
5159,"Farm-Product Raw Materials, Not Elsewhere Classified",,425120,Wholesale Trade Agents and Brokers,partial
5162,Plastics Materials and Basic Forms and Shapes,,424610,Plastics Materials and Basic Forms and Shapes Merchant Wholesalers,partial
5162,Plastics Materials and Basic Forms and Shapes,,425120,Wholesale Trade Agents and Brokers,partial
5169,"Chemicals and Allied Products, Not Elsewhere Classified",,424690,Other Chemical and Allied Products Merchant Wholesalers,partial
5169,"Chemicals and Allied Products, Not Elsewhere Classified",,425120,Wholesale Trade Agents and Brokers,partial
5171,Petroleum Bulk stations and Terminals,Heating Oil Sold Via Retail Method,457210,Fuel Dealers,partial
5171,Petroleum Bulk stations and Terminals,LP Gas Sold Via Retail Method,457210,Fuel Dealers,partial
5171,Petroleum Bulk stations and Terminals,Sold Via Wholesale Method,424710,Petroleum Bulk Stations and Terminals,partial
5172,"Petroleum and Petroleum Products Wholesalers, Except Bulk Stations and Terminals",,424720,Petroleum and Petroleum Products Merchant Wholesalers (except Bulk Stations and Terminals),partial
5172,"Petroleum and Petroleum Products Wholesalers, Except Bulk Stations and Terminals",,425120,Wholesale Trade Agents and Brokers,partial
5181,Beer and Ale,,424810,Beer and Ale Merchant Wholesalers,partial
5181,Beer and Ale,,425120,Wholesale Trade Agents and Brokers,partial
5182,Wine and Distilled Alcoholic Beverages,,424820,Wine and Distilled Alcoholic Beverage Merchant Wholesalers,partial
5182,Wine and Distilled Alcoholic Beverages,,425120,Wholesale Trade Agents and Brokers,partial
5191,Farm Supplies,Except Lawn and Garden Supplies Sold Via Retail Method,424910,Farm Supplies Merchant Wholesalers,partial
5191,Farm Supplies,Except Lawn and Garden Supplies Sold Via Retail Method,425120,Wholesale Trade Agents and Brokers,partial
5191,Farm Supplies,Lawn and Garden Supplies Sold Via Retail Method,444240,"Nursery, Garden Center, and Farm Supply Retailers",partial
5192,"Books, Periodicals, and Newspapers",,424920,"Book, Periodical, and Newspaper Merchant Wholesalers",partial
5192,"Books, Periodicals, and Newspapers",,425120,Wholesale Trade Agents and Brokers,partial
5193,"Flowers, Nursery Stock, and Florists' Supplies",Sold Via Retail Method,444240,"Nursery, Garden Center, and Farm Supply Retailers",partial
5193,"Flowers, Nursery Stock, and Florists' Supplies",Sold Via Wholesale Method,424930,"Flower, Nursery Stock, and Florists' Supplies Merchant Wholesalers",partial
5193,"Flowers, Nursery Stock, and Florists' Supplies",Sold Via Wholesale Method,425120,Wholesale Trade Agents and Brokers,partial
5194,Tobacco and Tobacco Products,,424940,Tobacco Product and Electronic Cigarette Merchant Wholesalers,partial
5194,Tobacco and Tobacco Products,,425120,Wholesale Trade Agents and Brokers,partial
5198,"Paints, Varnishes, and Supplies",,424950,"Paint, Varnish, and Supplies Merchant Wholesalers",partial
5198,"Paints, Varnishes, and Supplies",,425120,Wholesale Trade Agents and Brokers,partial
5199,"Nondurable Goods, Not Elsewhere Classified",Advertising Specialties Goods Distributors,541890,Other Services Related to Advertising,partial
5199,"Nondurable Goods, Not Elsewhere Classified",Except Advertising Specialty,424990,Other Miscellaneous Nondurable Goods Merchant Wholesalers,partial
5199,"Nondurable Goods, Not Elsewhere Classified",Except Advertising Specialty,425120,Wholesale Trade Agents and Brokers,partial
5211,Lumber and Other Building Materials Dealers,Except Home Centers,444180,Other Building Material Dealers,partial
5211,Lumber and Other Building Materials Dealers,Home Centers,444110,Home Centers,partial
5231,"Paint, Glass, and Wallpaper Stores",Glass Stores,444180,Other Building Material Dealers,partial
5231,"Paint, Glass, and Wallpaper Stores",Paint and Wallpaper,444120,Paint and Wallpaper Retailers,partial
5251,Hardware Stores,,444140,Hardware Retailers,partial
5261,"Retail Nurseries, Lawn and Garden Supply Stores",Except Outdoor Power Equipment,444240,"Nursery, Garden Center, and Farm Supply Retailers",partial
5261,"Retail Nurseries, Lawn and Garden Supply Stores",Outdoor Power Equipment Stores,444230,Outdoor Power Equipment Retailers,partial
5271,Mobile Home Dealers,,459930,Manufactured (Mobile) Home Dealers,one_to_one
5311,Department Stores,,455110,Department Stores,partial
5311,Department Stores,,455211,Warehouse Clubs and Supercenters,partial
5331,Variety Stores,,455219,All Other General Merchandise Retailers,partial
5399,Miscellaneous General Merchandise Stores,All Other General Merchandise Stores,455219,All Other General Merchandise Retailers,partial
5399,Miscellaneous General Merchandise Stores,Warehouse Clubs and General Merchandise Combination Stores,455211,Warehouse Clubs and Supercenters,partial
5411,Grocery Stores,Convenience Stores with Gas,457110,Gasoline Stations with Convenience Stores,partial
5411,Grocery Stores,Convenience Stores without Gas,445131,Convenience Retailers,partial
5411,Grocery Stores,Supermarkets and Grocery Stores with Little General Merchandise,445110,Supermarkets and Other Grocery Retailers (except Convenience Retailers),partial
5411,Grocery Stores,Supermarkets and Grocery Stores with Substantial General Merchandise,455211,Warehouse Clubs and Supercenters,partial
5421,"Meat and Fish (Seafood) Markets, Including Freezer Provisioners",Fish and Seafood Markets,445250,Fish and Seafood Retailers,partial
5421,"Meat and Fish (Seafood) Markets, Including Freezer Provisioners",Freezer Provisioners,441330,Automotive Parts and Accessories Retailers,partial
5421,"Meat and Fish (Seafood) Markets, Including Freezer Provisioners",Freezer Provisioners,441340,Tire Dealers,partial
5421,"Meat and Fish (Seafood) Markets, Including Freezer Provisioners",Freezer Provisioners,444140,Hardware Retailers,partial
5421,"Meat and Fish (Seafood) Markets, Including Freezer Provisioners",Freezer Provisioners,444180,Other Building Material Dealers,partial
5421,"Meat and Fish (Seafood) Markets, Including Freezer Provisioners",Freezer Provisioners,444230,Outdoor Power Equipment Retailers,partial
5421,"Meat and Fish (Seafood) Markets, Including Freezer Provisioners",Freezer Provisioners,444240,"Nursery, Garden Center, and Farm Supply Retailers",partial
5421,"Meat and Fish (Seafood) Markets, Including Freezer Provisioners",Freezer Provisioners,445131,Convenience Retailers,partial
5421,"Meat and Fish (Seafood) Markets, Including Freezer Provisioners",Freezer Provisioners,445240,Meat Retailers,partial
5421,"Meat and Fish (Seafood) Markets, Including Freezer Provisioners",Freezer Provisioners,445250,Fish and Seafood Retailers,partial
5421,"Meat and Fish (Seafood) Markets, Including Freezer Provisioners",Freezer Provisioners,445298,All Other Specialty Food Retailers,partial
5421,"Meat and Fish (Seafood) Markets, Including Freezer Provisioners",Freezer Provisioners,445320,"Beer, Wine, and Liquor Retailers",partial
5421,"Meat and Fish (Seafood) Markets, Including Freezer Provisioners",Freezer Provisioners,449110,Furniture Retailers,partial
5421,"Meat and Fish (Seafood) Markets, Including Freezer Provisioners",Freezer Provisioners,449121,Floor Covering Retailers,partial
5421,"Meat and Fish (Seafood) Markets, Including Freezer Provisioners",Freezer Provisioners,449122,Window Treatment Retailers,partial
5421,"Meat and Fish (Seafood) Markets, Including Freezer Provisioners",Freezer Provisioners,449129,All Other Home Furnishings Retailers,partial
5421,"Meat and Fish (Seafood) Markets, Including Freezer Provisioners",Freezer Provisioners,449210,Electronics and Appliance Retailers,partial
5421,"Meat and Fish (Seafood) Markets, Including Freezer Provisioners",Freezer Provisioners,455219,All Other General Merchandise Retailers,partial
5421,"Meat and Fish (Seafood) Markets, Including Freezer Provisioners",Freezer Provisioners,456110,Pharmacies and Drug Retailers,partial
5421,"Meat and Fish (Seafood) Markets, Including Freezer Provisioners",Freezer Provisioners,456120,"Cosmetics, Beauty Supplies, and Perfume Retailers",partial
5421,"Meat and Fish (Seafood) Markets, Including Freezer Provisioners",Freezer Provisioners,456130,Optical Goods Retailers,partial
5421,"Meat and Fish (Seafood) Markets, Including Freezer Provisioners",Freezer Provisioners,456191,Food (Health) Supplement Retailers,partial
5421,"Meat and Fish (Seafood) Markets, Including Freezer Provisioners",Freezer Provisioners,456199,All Other Health and Personal Care Retailers,partial
5421,"Meat and Fish (Seafood) Markets, Including Freezer Provisioners",Freezer Provisioners,458110,Clothing and Clothing Accessories Retailers,partial
5421,"Meat and Fish (Seafood) Markets, Including Freezer Provisioners",Freezer Provisioners,458210,Shoe Retailers,partial
5421,"Meat and Fish (Seafood) Markets, Including Freezer Provisioners",Freezer Provisioners,458310,Jewelry Retailers,partial
5421,"Meat and Fish (Seafood) Markets, Including Freezer Provisioners",Freezer Provisioners,458320,Luggage and Leather Goods Retailers,partial
5421,"Meat and Fish (Seafood) Markets, Including Freezer Provisioners",Freezer Provisioners,459110,Sporting Goods Retailers,partial
5421,"Meat and Fish (Seafood) Markets, Including Freezer Provisioners",Freezer Provisioners,459120,"Hobby, Toy, and Game Retailers",partial
5421,"Meat and Fish (Seafood) Markets, Including Freezer Provisioners",Freezer Provisioners,459130,"Sewing, Needlework, and Piece Goods Retailers",partial
5421,"Meat and Fish (Seafood) Markets, Including Freezer Provisioners",Freezer Provisioners,459140,Musical Instrument and Supplies Retailers,partial
5421,"Meat and Fish (Seafood) Markets, Including Freezer Provisioners",Freezer Provisioners,459210,Book Retailers and News Dealers,partial
5421,"Meat and Fish (Seafood) Markets, Including Freezer Provisioners",Freezer Provisioners,459310,Florists,partial
5421,"Meat and Fish (Seafood) Markets, Including Freezer Provisioners",Freezer Provisioners,459410,Office Supplies and Stationery Retailers,partial
5421,"Meat and Fish (Seafood) Markets, Including Freezer Provisioners",Freezer Provisioners,459420,"Gift, Novelty, and Souvenir Retailers",partial
5421,"Meat and Fish (Seafood) Markets, Including Freezer Provisioners",Freezer Provisioners,459510,Used Merchandise Retailers,partial
5421,"Meat and Fish (Seafood) Markets, Including Freezer Provisioners",Freezer Provisioners,459910,Pet and Pet Supplies Retailers,partial
5421,"Meat and Fish (Seafood) Markets, Including Freezer Provisioners",Freezer Provisioners,459920,Art Dealers,partial
5421,"Meat and Fish (Seafood) Markets, Including Freezer Provisioners",Freezer Provisioners,459991,"Tobacco, Electronic Cigarette, and Other Smoking Supplies Retailers",partial
5421,"Meat and Fish (Seafood) Markets, Including Freezer Provisioners",Freezer Provisioners,459999,All Other Miscellaneous Retailers,partial
5421,"Meat and Fish (Seafood) Markets, Including Freezer Provisioners",Meat Markets,445240,Meat Retailers,partial
5431,Fruit and Vegetable Markets,,445230,Fruit and Vegetable Retailers,one_to_one
5441,"Candy, Nut, and Confectionery Stores","Chocolate Candy Stores, Preparing Candy on Premises",311352,Confectionery Manufacturing from Purchased Chocolate,partial
5441,"Candy, Nut, and Confectionery Stores",Confectionery and Nut Stores,445292,Confectionery and Nut Retailers,partial
5441,"Candy, Nut, and Confectionery Stores","Nonchocolate Candy Stores, Preparing Candy on Premises",311340,Nonchocolate Confectionery Manufacturing,partial
5451,Dairy Products Stores,,445298,All Other Specialty Food Retailers,partial
5461,Retail Bakeries,Bakeries That Make and Sell at the Same Location,311811,Retail Bakeries,partial
5461,Retail Bakeries,"Doughnut Shops, Pretzel Shops, Cookie Shops, Bagel Shops, and Other Such Shops that Make and Sell for Immediate Consumption",722515,Snack and Nonalcoholic Beverage Bars,partial
5461,Retail Bakeries,Sales Only of All Other Baked Goods,445291,Baked Goods Retailers,partial
5499,Miscellaneous Food Stores,All Other Miscellaneous Food Stores,445298,All Other Specialty Food Retailers,partial
5499,Miscellaneous Food Stores,Food Supplement Stores,456191,Food (Health) Supplement Retailers,partial
5499,Miscellaneous Food Stores,Poultry and Poultry Products,445240,Meat Retailers,partial
5511,Motor Vehicle Dealers (New and Used),,441110,New Car Dealers,one_to_one
5521,Motor Vehicle Dealers (Used Only),,441120,Used Car Dealers,one_to_one
5531,Auto and Home Supply Stores,Auto Supply Stores,441330,Automotive Parts and Accessories Retailers,partial
5531,Auto and Home Supply Stores,Other Auto and Home Supply Stores,455219,All Other General Merchandise Retailers,partial
5531,Auto and Home Supply Stores,Tire Dealers,441340,Tire Dealers,partial
5541,Gasoline Service Stations,Except with Convenience Stores,457120,Other Gasoline Stations,partial
5541,Gasoline Service Stations,With Convenience Store,457110,Gasoline Stations with Convenience Stores,partial
5551,Boat Dealers,,441222,Boat Dealers,one_to_one
5561,Recreational Vehicle Dealers,,441210,Recreational Vehicle Dealers,one_to_one
5571,Motorcycle Dealers,,441227,"Motorcycle, ATV, and All Other Motor Vehicle Dealers",partial
5599,"Automotive Dealers, Not Elsewhere Classified",,441227,"Motorcycle, ATV, and All Other Motor Vehicle Dealers",partial
5611,Men's and Boys' Clothing and Accessory Stores,Men's Accessory Stores,458110,Clothing and Clothing Accessories Retailers,partial
5611,Men's and Boys' Clothing and Accessory Stores,Men's Clothing Stores,458110,Clothing and Clothing Accessories Retailers,partial
5621,Women's Clothing Stores,,458110,Clothing and Clothing Accessories Retailers,partial
5632,Women's Accessory and Specialty Stores,Accessory Stores,458110,Clothing and Clothing Accessories Retailers,partial
5632,Women's Accessory and Specialty Stores,Specialty Stores,458110,Clothing and Clothing Accessories Retailers,partial
5641,Children's and Infants' Wear Stores,,458110,Clothing and Clothing Accessories Retailers,partial
5651,Family Clothing Stores,,458110,Clothing and Clothing Accessories Retailers,partial
5661,Shoe Stores,,458210,Shoe Retailers,partial
5699,Miscellaneous Apparel and Accessory Stores,Miscellaneous Accessories,458110,Clothing and Clothing Accessories Retailers,partial
5699,Miscellaneous Apparel and Accessory Stores,Miscellaneous Apparel,458110,Clothing and Clothing Accessories Retailers,partial
5712,Furniture Stores,"Custom Made Wood Nonupholstered Furniture, Except Cabinets and Upholstered",337122,Nonupholstered Wood Household Furniture Manufacturing,partial
5712,Furniture Stores,Custom Wood Cabinets,337110,Wood Kitchen Cabinet and Countertop Manufacturing,partial
5712,Furniture Stores,Except Custom Cabinet and Furniture Builders,449110,Furniture Retailers,partial
5712,Furniture Stores,Upholstered Custom Made Furniture,337121,Upholstered Household Furniture Manufacturing,partial
5713,Floor Covering Stores,,449121,Floor Covering Retailers,partial
5714,"Drapery, Curtain, and Upholstery Stores",Custom Drapes,314120,Curtain and Linen Mills,partial
5714,"Drapery, Curtain, and Upholstery Stores",Custom Slipcovers,314120,Curtain and Linen Mills,partial
5714,"Drapery, Curtain, and Upholstery Stores",Drapery and Curtain Stores,449122,Window Treatment Retailers,partial
5714,"Drapery, Curtain, and Upholstery Stores",Upholstery Stores,459130,"Sewing, Needlework, and Piece Goods Retailers",partial
5719,Miscellaneous home furnishings Stores,Blinds and Shades,449122,Window Treatment Retailers,partial
5719,Miscellaneous home furnishings Stores,"Except Blinds, Shades, and Pottery and Crafts Made and Sold on Site",449129,All Other Home Furnishings Retailers,partial
5722,Household Appliance Stores,,449210,Electronics and Appliance Retailers,partial
5731,"Radio, Television, and Consumer Electronics Stores",Auto Radio Stores,441330,Automotive Parts and Accessories Retailers,partial
5731,"Radio, Television, and Consumer Electronics Stores",Except Auto Radio Stores,449210,Electronics and Appliance Retailers,partial
5734,Computer and Computer Software Stores,,449210,Electronics and Appliance Retailers,partial
5735,Record and Prerecorded Tape Stores,,449210,Electronics and Appliance Retailers,partial
5736,Musical Instrument Stores,,459140,Musical Instrument and Supplies Retailers,partial
5812,Eating Places,Cafeterias,722514,"Cafeterias, Grill Buffets, and Buffets",partial
5812,Eating Places,Caterers,722320,Caterers,partial
5812,Eating Places,Dinner Theaters,711110,Theater Companies and Dinner Theaters,partial
5812,Eating Places,Food Service Contractors,722310,Food Service Contractors,partial
5812,Eating Places,Full Service Restaurants,722511,Full-Service Restaurants,partial
5812,Eating Places,Limited Service Restaurants,722513,Limited-Service Restaurants,partial
5812,Eating Places,Snack and Nonalcoholic Beverage Bars,722515,Snack and Nonalcoholic Beverage Bars,partial
5813,Drinking Places (alcoholic Beverages),,722410,Drinking Places (Alcoholic Beverages),one_to_one
5912,Drug Stores and Proprietary Stores,,456110,Pharmacies and Drug Retailers,partial
5921,Liquor Stores,,445320,"Beer, Wine, and Liquor Retailers",partial
5932,Used Merchandise Stores,Except pawn shops,459510,Used Merchandise Retailers,partial
5932,Used Merchandise Stores,Pawnshops,522299,"International, Secondary Market, and All Other Nondepository Credit Intermediation",partial
5941,Sporting Goods Stores and Bicycle Shops,,459110,Sporting Goods Retailers,partial
5942,Book Stores,,459210,Book Retailers and News Dealers,partial
5943,Stationery Stores,,459410,Office Supplies and Stationery Retailers,partial
5944,Jewelry Stores,,458310,Jewelry Retailers,partial
5945,"Hobby, Toy, and Game Shops",,459120,"Hobby, Toy, and Game Retailers",partial
5946,Camera and Photographic Supply Stores,,449210,Electronics and Appliance Retailers,partial
5947,"Gift, Novelty, and Souvenir Shops",,459420,"Gift, Novelty, and Souvenir Retailers",partial
5948,Luggage and Leather Goods Stores,,458320,Luggage and Leather Goods Retailers,partial
5949,"Sewing, Needlework, and Piece Goods Stores",,459130,"Sewing, Needlework, and Piece Goods Retailers",partial
5961,Catalog and Mail-Order Houses,,441227,"Motorcycle, ATV, and All Other Motor Vehicle Dealers",partial
5961,Catalog and Mail-Order Houses,,441330,Automotive Parts and Accessories Retailers,partial
5961,Catalog and Mail-Order Houses,,441340,Tire Dealers,partial
5961,Catalog and Mail-Order Houses,,444140,Hardware Retailers,partial
5961,Catalog and Mail-Order Houses,,444180,Other Building Material Dealers,partial
5961,Catalog and Mail-Order Houses,,444230,Outdoor Power Equipment Retailers,partial
5961,Catalog and Mail-Order Houses,,444240,"Nursery, Garden Center, and Farm Supply Retailers",partial
5961,Catalog and Mail-Order Houses,,445131,Convenience Retailers,partial
5961,Catalog and Mail-Order Houses,,445240,Meat Retailers,partial
5961,Catalog and Mail-Order Houses,,445250,Fish and Seafood Retailers,partial
5961,Catalog and Mail-Order Houses,,445298,All Other Specialty Food Retailers,partial
5961,Catalog and Mail-Order Houses,,445320,"Beer, Wine, and Liquor Retailers",partial
5961,Catalog and Mail-Order Houses,,449110,Furniture Retailers,partial
5961,Catalog and Mail-Order Houses,,449121,Floor Covering Retailers,partial
5961,Catalog and Mail-Order Houses,,449122,Window Treatment Retailers,partial
5961,Catalog and Mail-Order Houses,,449129,All Other Home Furnishings Retailers,partial
5961,Catalog and Mail-Order Houses,,449210,Electronics and Appliance Retailers,partial
5961,Catalog and Mail-Order Houses,,455110,Department Stores,partial
5961,Catalog and Mail-Order Houses,,455211,Warehouse Clubs and Supercenters,partial
5961,Catalog and Mail-Order Houses,,455219,All Other General Merchandise Retailers,partial
5961,Catalog and Mail-Order Houses,,456110,Pharmacies and Drug Retailers,partial
5961,Catalog and Mail-Order Houses,,456120,"Cosmetics, Beauty Supplies, and Perfume Retailers",partial
5961,Catalog and Mail-Order Houses,,456130,Optical Goods Retailers,partial
5961,Catalog and Mail-Order Houses,,456191,Food (Health) Supplement Retailers,partial
5961,Catalog and Mail-Order Houses,,456199,All Other Health and Personal Care Retailers,partial
5961,Catalog and Mail-Order Houses,,458110,Clothing and Clothing Accessories Retailers,partial
5961,Catalog and Mail-Order Houses,,458210,Shoe Retailers,partial
5961,Catalog and Mail-Order Houses,,458310,Jewelry Retailers,partial
5961,Catalog and Mail-Order Houses,,458320,Luggage and Leather Goods Retailers,partial
5961,Catalog and Mail-Order Houses,,459110,Sporting Goods Retailers,partial
5961,Catalog and Mail-Order Houses,,459120,"Hobby, Toy, and Game Retailers",partial
5961,Catalog and Mail-Order Houses,,459130,"Sewing, Needlework, and Piece Goods Retailers",partial
5961,Catalog and Mail-Order Houses,,459140,Musical Instrument and Supplies Retailers,partial
5961,Catalog and Mail-Order Houses,,459210,Book Retailers and News Dealers,partial
5961,Catalog and Mail-Order Houses,,459310,Florists,partial
5961,Catalog and Mail-Order Houses,,459410,Office Supplies and Stationery Retailers,partial
5961,Catalog and Mail-Order Houses,,459420,"Gift, Novelty, and Souvenir Retailers",partial
5961,Catalog and Mail-Order Houses,,459510,Used Merchandise Retailers,partial
5961,Catalog and Mail-Order Houses,,459910,Pet and Pet Supplies Retailers,partial
5961,Catalog and Mail-Order Houses,,459920,Art Dealers,partial
5961,Catalog and Mail-Order Houses,,459991,"Tobacco, Electronic Cigarette, and Other Smoking Supplies Retailers",partial
5961,Catalog and Mail-Order Houses,,459999,All Other Miscellaneous Retailers,partial
5962,Automatic Merchandising Machine Operators,,445132,Vending Machine Operators,one_to_one
5963,Direct Selling Establishments,All Other Direct Selling Establishments,441330,Automotive Parts and Accessories Retailers,partial
5963,Direct Selling Establishments,All Other Direct Selling Establishments,441340,Tire Dealers,partial
5963,Direct Selling Establishments,All Other Direct Selling Establishments,444140,Hardware Retailers,partial
5963,Direct Selling Establishments,All Other Direct Selling Establishments,444180,Other Building Material Dealers,partial
5963,Direct Selling Establishments,All Other Direct Selling Establishments,444230,Outdoor Power Equipment Retailers,partial
5963,Direct Selling Establishments,All Other Direct Selling Establishments,444240,"Nursery, Garden Center, and Farm Supply Retailers",partial
5963,Direct Selling Establishments,All Other Direct Selling Establishments,445131,Convenience Retailers,partial
5963,Direct Selling Establishments,All Other Direct Selling Establishments,445240,Meat Retailers,partial
5963,Direct Selling Establishments,All Other Direct Selling Establishments,445250,Fish and Seafood Retailers,partial
5963,Direct Selling Establishments,All Other Direct Selling Establishments,445298,All Other Specialty Food Retailers,partial
5963,Direct Selling Establishments,All Other Direct Selling Establishments,445320,"Beer, Wine, and Liquor Retailers",partial
5963,Direct Selling Establishments,All Other Direct Selling Establishments,449110,Furniture Retailers,partial
5963,Direct Selling Establishments,All Other Direct Selling Establishments,449121,Floor Covering Retailers,partial
5963,Direct Selling Establishments,All Other Direct Selling Establishments,449122,Window Treatment Retailers,partial
5963,Direct Selling Establishments,All Other Direct Selling Establishments,449129,All Other Home Furnishings Retailers,partial
5963,Direct Selling Establishments,All Other Direct Selling Establishments,449210,Electronics and Appliance Retailers,partial
5963,Direct Selling Establishments,All Other Direct Selling Establishments,455219,All Other General Merchandise Retailers,partial
5963,Direct Selling Establishments,All Other Direct Selling Establishments,456110,Pharmacies and Drug Retailers,partial
5963,Direct Selling Establishments,All Other Direct Selling Establishments,456120,"Cosmetics, Beauty Supplies, and Perfume Retailers",partial
5963,Direct Selling Establishments,All Other Direct Selling Establishments,456130,Optical Goods Retailers,partial
5963,Direct Selling Establishments,All Other Direct Selling Establishments,456191,Food (Health) Supplement Retailers,partial
5963,Direct Selling Establishments,All Other Direct Selling Establishments,456199,All Other Health and Personal Care Retailers,partial
5963,Direct Selling Establishments,All Other Direct Selling Establishments,458110,Clothing and Clothing Accessories Retailers,partial
5963,Direct Selling Establishments,All Other Direct Selling Establishments,458210,Shoe Retailers,partial
5963,Direct Selling Establishments,All Other Direct Selling Establishments,458310,Jewelry Retailers,partial
5963,Direct Selling Establishments,All Other Direct Selling Establishments,458320,Luggage and Leather Goods Retailers,partial
5963,Direct Selling Establishments,All Other Direct Selling Establishments,459110,Sporting Goods Retailers,partial
5963,Direct Selling Establishments,All Other Direct Selling Establishments,459120,"Hobby, Toy, and Game Retailers",partial
5963,Direct Selling Establishments,All Other Direct Selling Establishments,459130,"Sewing, Needlework, and Piece Goods Retailers",partial
5963,Direct Selling Establishments,All Other Direct Selling Establishments,459140,Musical Instrument and Supplies Retailers,partial
5963,Direct Selling Establishments,All Other Direct Selling Establishments,459210,Book Retailers and News Dealers,partial
5963,Direct Selling Establishments,All Other Direct Selling Establishments,459310,Florists,partial
5963,Direct Selling Establishments,All Other Direct Selling Establishments,459410,Office Supplies and Stationery Retailers,partial
5963,Direct Selling Establishments,All Other Direct Selling Establishments,459420,"Gift, Novelty, and Souvenir Retailers",partial
5963,Direct Selling Establishments,All Other Direct Selling Establishments,459510,Used Merchandise Retailers,partial
5963,Direct Selling Establishments,All Other Direct Selling Establishments,459910,Pet and Pet Supplies Retailers,partial
5963,Direct Selling Establishments,All Other Direct Selling Establishments,459920,Art Dealers,partial
5963,Direct Selling Establishments,All Other Direct Selling Establishments,459991,"Tobacco, Electronic Cigarette, and Other Smoking Supplies Retailers",partial
5963,Direct Selling Establishments,All Other Direct Selling Establishments,459999,All Other Miscellaneous Retailers,partial
5963,Direct Selling Establishments,Mobile Food Wagons,722330,Mobile Food Services,partial
5983,Fuel Oil Dealers,,457210,Fuel Dealers,partial
5984,Liquefied Petroleum Gas (Bottled Gas) Dealers,,457210,Fuel Dealers,partial
5989,"Fuel Dealers, Not Elsewhere Classified",,457210,Fuel Dealers,partial
5992,Florists,,459310,Florists,partial
5993,Tobacco Stores and Stands,,459991,"Tobacco, Electronic Cigarette, and Other Smoking Supplies Retailers",partial
5994,News Dealers and Newsstands,,459210,Book Retailers and News Dealers,partial
5995,Optical Goods Stores,Except Optical Laboratories Grinding Prescription Lenses,456130,Optical Goods Retailers,partial
5995,Optical Goods Stores,"Optical Stores Grinding Prescription Lenses, except 1-Hour Labs",339115,Ophthalmic Goods Manufacturing,partial
5999,"Miscellaneous Retail Stores, Not Elsewhere Classified",Art Dealers,459920,Art Dealers,partial
5999,"Miscellaneous Retail Stores, Not Elsewhere Classified",Cosmetic Stores,456120,"Cosmetics, Beauty Supplies, and Perfume Retailers",partial
5999,"Miscellaneous Retail Stores, Not Elsewhere Classified",Hearing Aid and Artificial Limb Stores,456199,All Other Health and Personal Care Retailers,partial
5999,"Miscellaneous Retail Stores, Not Elsewhere Classified",Other Miscellaneous Retail Stores,455219,All Other General Merchandise Retailers,partial
5999,"Miscellaneous Retail Stores, Not Elsewhere Classified",Other Miscellaneous Retail Stores,459991,"Tobacco, Electronic Cigarette, and Other Smoking Supplies Retailers",partial
5999,"Miscellaneous Retail Stores, Not Elsewhere Classified",Other Miscellaneous Retail Stores,459999,All Other Miscellaneous Retailers,partial
5999,"Miscellaneous Retail Stores, Not Elsewhere Classified",Pets and Pet Supply Stores,459910,Pet and Pet Supplies Retailers,partial
5999,"Miscellaneous Retail Stores, Not Elsewhere Classified",Telephone and Typewriter Stores,449210,Electronics and Appliance Retailers,partial
6011,Federal Reserve Banks,,521110,Monetary Authorities-Central Bank,one_to_one
6019,"Central Reserve Depository Institutions, Not Elsewhere Classified",,522299,"International, Secondary Market, and All Other Nondepository Credit Intermediation",partial
6021,National Commercial Banks,Commercial Banks,522110,Commercial Banking,partial
6021,National Commercial Banks,Credit Card Issuing,522210,Credit Card Issuing,partial
6022,State Commercial Banks,Commercial Banks,522110,Commercial Banking,partial
6022,State Commercial Banks,Credit Card Issuing,522210,Credit Card Issuing,partial
6022,State Commercial Banks,Private and Industrial Banking,522180,Savings Institutions and Other Depository Credit Intermediation,partial
6029,"Commercial Banks, Not Elsewhere Classified",,522110,Commercial Banking,partial
6035,"Savings Institutions, Federally Chartered",,522180,Savings Institutions and Other Depository Credit Intermediation,partial
6036,"Savings Institutions, Not Federally Chartered",,522180,Savings Institutions and Other Depository Credit Intermediation,partial
6061,"Credit Unions, Federally Chartered",,522130,Credit Unions,partial
6062,"Credit Unions, Not Federally Chartered",,522130,Credit Unions,partial
6081,Branches and Agencies of Foreign Banks,"Agencies of Foreign Banks, Except International Trade Financing",522299,"International, Secondary Market, and All Other Nondepository Credit Intermediation",partial
6081,Branches and Agencies of Foreign Banks,Branches of Foreign Banks,522110,Commercial Banking,partial
6081,Branches and Agencies of Foreign Banks,International Trade Financing,522299,"International, Secondary Market, and All Other Nondepository Credit Intermediation",partial
6082,Foreign Trade and International Banking Institutions,Foreign Trade and International Banking Institutions (except international trade financing),522299,"International, Secondary Market, and All Other Nondepository Credit Intermediation",partial
6082,Foreign Trade and International Banking Institutions,International Trade Financing,522299,"International, Secondary Market, and All Other Nondepository Credit Intermediation",partial
6091,"Non-deposit Trust Facilities,",,523991,"Trust, Fiduciary, and Custody Activities",partial
6099,"Functions Related to Depository Banking, Not Elsewhere Classified",Clearinghouses and Electronic Funds Transfer,522320,"Financial Transactions Processing, Reserve, and Clearinghouse Activities",partial
6099,"Functions Related to Depository Banking, Not Elsewhere Classified",Escrow and Fiduciary Agencies,523991,"Trust, Fiduciary, and Custody Activities",partial
6099,"Functions Related to Depository Banking, Not Elsewhere Classified",Foreign Currency Exchange,523160,Commodity Contracts Intermediation,partial
6099,"Functions Related to Depository Banking, Not Elsewhere Classified",Other,522390,Other Activities Related to Credit Intermediation,partial
6111,Federal and Federally-Sponsored Credit Agencies,Federal Land Banks,522292,Real Estate Credit,partial
6111,Federal and Federally-Sponsored Credit Agencies,Other,522299,"International, Secondary Market, and All Other Nondepository Credit Intermediation",partial
6111,Federal and Federally-Sponsored Credit Agencies,Secondary Market Financing,522299,"International, Secondary Market, and All Other Nondepository Credit Intermediation",partial
6111,Federal and Federally-Sponsored Credit Agencies,Trade Banks,522299,"International, Secondary Market, and All Other Nondepository Credit Intermediation",partial
6141,Personal Credit Institutions,Credit Card Issuing,522210,Credit Card Issuing,partial
6141,Personal Credit Institutions,Industrial Nondeposit Banks,522299,"International, Secondary Market, and All Other Nondepository Credit Intermediation",partial
6141,Personal Credit Institutions,Installment Sales Financing,522220,Sales Financing,partial
6141,Personal Credit Institutions,Other,522291,Consumer Lending,partial
6153,"Short-Term Business Credit Institutions, Except Agricultural",Business Sales Finance,522220,Sales Financing,partial
6153,"Short-Term Business Credit Institutions, Except Agricultural",Credit Card Issuing,522210,Credit Card Issuing,partial
6153,"Short-Term Business Credit Institutions, Except Agricultural",Credit Card Service,522320,"Financial Transactions Processing, Reserve, and Clearinghouse Activities",partial
6153,"Short-Term Business Credit Institutions, Except Agricultural",Other,523910,Miscellaneous Intermediation,partial
6159,Miscellaneous business Credit Institutions,All Other,522299,"International, Secondary Market, and All Other Nondepository Credit Intermediation",partial
6159,Miscellaneous business Credit Institutions,Farm Mortgage Companies,522292,Real Estate Credit,partial
6159,Miscellaneous business Credit Institutions,Finance Leasing Combined with Sales Financing,522220,Sales Financing,partial
6159,Miscellaneous business Credit Institutions,Secondary Market Financing,522299,"International, Secondary Market, and All Other Nondepository Credit Intermediation",partial
6159,Miscellaneous business Credit Institutions,Trade Banks,522299,"International, Secondary Market, and All Other Nondepository Credit Intermediation",partial
6162,Mortgage Bankers and Loan Correspondents,Mortgage Bankers and Originators,522292,Real Estate Credit,partial
6162,Mortgage Bankers and Loan Correspondents,Mortgage Servicing,522390,Other Activities Related to Credit Intermediation,partial
6163,Loan Brokers,,522310,Mortgage and Nonmortgage Loan Brokers,one_to_one
6211,"Security Brokers, Dealers, and Flotation Companies","Dealers and Brokers, Except Securities Commodities, and Oil and Gas Lease Brokers",523910,Miscellaneous Intermediation,partial
6211,"Security Brokers, Dealers, and Flotation Companies",Oil and Gas Lease Brokers' Offices,523999,Miscellaneous Financial Investment Activities,partial
6211,"Security Brokers, Dealers, and Flotation Companies",Security Brokers,523150,Investment Banking and Securities Intermediation,partial
6211,"Security Brokers, Dealers, and Flotation Companies",Security Dealers and Underwriters,523150,Investment Banking and Securities Intermediation,partial
6221,Commodity Contracts Brokers and Dealers,Commodity Brokers,523160,Commodity Contracts Intermediation,partial
6221,Commodity Contracts Brokers and Dealers,Commodity Dealers,523160,Commodity Contracts Intermediation,partial
6231,Security and Commodity Exchanges,,523210,Securities and Commodity Exchanges,one_to_one
6282,Investment Advice,Other,523940,Portfolio Management and Investment Advice,partial
6282,Investment Advice,Portfolio Managers,523940,Portfolio Management and Investment Advice,partial
6289,"Services Allied With the Exchange of Securities or Commodities, Not Elsewhere Classified",Other,523999,Miscellaneous Financial Investment Activities,partial
6289,"Services Allied With the Exchange of Securities or Commodities, Not Elsewhere Classified",Securities Custodians,523991,"Trust, Fiduciary, and Custody Activities",partial
6311,Life Insurance,"Life Insurers, Direct",524113,Direct Life Insurance Carriers,partial
6311,Life Insurance,"Reinsurance Carriers, Life",524130,Reinsurance Carriers,partial
6321,Accident and Health Insurance,"Accident and Health Insurers, Direct",524114,Direct Health and Medical Insurance Carriers,partial
6321,Accident and Health Insurance,"Disability Insurers, Direct",524113,Direct Life Insurance Carriers,partial
6321,Accident and Health Insurance,"Reinsurance Carriers, Accident and Health",524130,Reinsurance Carriers,partial
6321,Accident and Health Insurance,Self Insurers,525190,Other Insurance Funds,partial
6324,Hospital and Medical Service Plans,"Health and Medical Insurers, Direct",524114,Direct Health and Medical Insurance Carriers,partial
6324,Hospital and Medical Service Plans,"Reinsurance Carriers, Health and Medical",524130,Reinsurance Carriers,partial
6324,Hospital and Medical Service Plans,Self Insurers,525190,Other Insurance Funds,partial
6331,"Fire, Marine, and Casualty Insurance",Contact Lens Insurance,524128,"Other Direct Insurance (except Life, Health, and Medical) Carriers",partial
6331,"Fire, Marine, and Casualty Insurance","Fire, Marine, and Casualty Insurers, Direct",524126,Direct Property and Casualty Insurance Carriers,partial
6331,"Fire, Marine, and Casualty Insurance","Reinsurance Carriers, Fire, Marine, and Casualty",524130,Reinsurance Carriers,partial
6331,"Fire, Marine, and Casualty Insurance",Self Insurers,525190,Other Insurance Funds,partial
6351,Surety Insurance,"Financial Responsibility Insurers, Direct",524126,Direct Property and Casualty Insurance Carriers,partial
6351,Surety Insurance,"Reinsurance Carriers, Financial Responsibility",524130,Reinsurance Carriers,partial
6361,Title Insurance,"Reinsurance Carriers, Title",524130,Reinsurance Carriers,partial
6361,Title Insurance,"Title Insurers, Direct",524127,Direct Title Insurance Carriers,partial
6371,"Pension, Health, and Welfare Funds",Administrators,524292,Pharmacy Benefit Management and Other Third Party Administration of Insurance and Pension Funds,partial
6371,"Pension, Health, and Welfare Funds",Health and Welfare Funds,525120,Health and Welfare Funds,partial
6371,"Pension, Health, and Welfare Funds",Managers,523940,Portfolio Management and Investment Advice,partial
6371,"Pension, Health, and Welfare Funds",Pension Funds,525110,Pension Funds,partial
6371,"Pension, Health, and Welfare Funds",Profit Sharing Funds,525990,Other Financial Vehicles,partial
6399,"Insurance Carriers, Not Elsewhere Classified",,524128,"Other Direct Insurance (except Life, Health, and Medical) Carriers",partial
6411,"Insurance Agents, Brokers, and Service",Claim Adjusters,524291,Claims Adjusting,partial
6411,"Insurance Agents, Brokers, and Service",Claim Processors,524292,Pharmacy Benefit Management and Other Third Party Administration of Insurance and Pension Funds,partial
6411,"Insurance Agents, Brokers, and Service",Insurance Agents and Brokers,524210,Insurance Agencies and Brokerages,partial
6411,"Insurance Agents, Brokers, and Service",Other,524298,All Other Insurance Related Activities,partial
6512,Operators of Nonresidential Buildings,Except Stadium and Arena Owners,531120,Lessors of Nonresidential Buildings (except Miniwarehouses),partial
6512,Operators of Nonresidential Buildings,Stadium and Arena Owners,711310,"Promoters of Performing Arts, Sports, and Similar Events with Facilities",partial
6513,Operators of Apartment Buildings,,531110,Lessors of Residential Buildings and Dwellings,partial
6514,Operators of Dwellings Other Than Apartment Buildings,,531110,Lessors of Residential Buildings and Dwellings,partial
6515,Operators of Residential Mobile Home Sites,,531190,Lessors of Other Real Estate Property,partial
6517,Lessors of Railroad Property,,531190,Lessors of Other Real Estate Property,partial
6519,"Lessors of Real Property, Not Elsewhere Classified",,531190,Lessors of Other Real Estate Property,partial
6531,Real Estate Agents and Managers,Cemetery Management,812220,Cemeteries and Crematories,partial
6531,Real Estate Agents and Managers,Condominium Associations,813990,"Other Similar Organizations (except Business, Professional, Labor, and Political Organizations)",partial
6531,Real Estate Agents and Managers,Nonresidential Property Managers,531312,Nonresidential Property Managers,partial
6531,Real Estate Agents and Managers,Other,531390,Other Activities Related to Real Estate,partial
6531,Real Estate Agents and Managers,Real Estate Agents and Brokers,531210,Offices of Real Estate Agents and Brokers,partial
6531,Real Estate Agents and Managers,Real Estate Appraisers,531320,Offices of Real Estate Appraisers,partial
6531,Real Estate Agents and Managers,Residential Property Managers,531311,Residential Property Managers,partial
6541,Title Abstract Offices,,541191,Title Abstract and Settlement Offices,one_to_one
6552,"Land Subdividers and Developers, Except Cemeteries",,237210,Land Subdivision,one_to_one
6553,Cemetery Subdividers and Developers,,812220,Cemeteries and Crematories,partial
6712,Offices of Bank Holding Companies,,551111,Offices of Bank Holding Companies,one_to_one
6719,"Offices of Holding Companies, Not Elsewhere Classified",,551112,Offices of Other Holding Companies,one_to_one
6722,"Management Investment Offices, Open-End",,525910,Open-End Investment Funds,one_to_one
6726,"Unit Investment Trusts, Face-Amount Certificate Offices, and Closed-End Management Investment Offices",,525990,Other Financial Vehicles,partial
6732,"Educational, Religious, and Charitable Trusts",,813211,Grantmaking Foundations,one_to_one
6733,"Trusts, Except Educational, Religious, and Charitable",Administrators of Private Estates,523991,"Trust, Fiduciary, and Custody Activities",partial
6733,"Trusts, Except Educational, Religious, and Charitable",Managers,523940,Portfolio Management and Investment Advice,partial
6733,"Trusts, Except Educational, Religious, and Charitable","Personal Trusts, Estates, and Agency Accounts",525920,"Trusts, Estates, and Agency Accounts",partial
6733,"Trusts, Except Educational, Religious, and Charitable",Vacation Funds for Employees,525190,Other Insurance Funds,partial
6792,Oil Royalty Traders,Investing on Own Account,523910,Miscellaneous Intermediation,partial
6792,Oil Royalty Traders,Oil Royalty Companies,533110,Lessors of Nonfinancial Intangible Assets (except Copyrighted Works),partial
6794,Patent Owners and Lessors,,533110,Lessors of Nonfinancial Intangible Assets (except Copyrighted Works),partial
6798,Real Estate Investment Trusts,,525990,Other Financial Vehicles,partial
6798,Real Estate Investment Trusts,,531110,Lessors of Residential Buildings and Dwellings,partial
6798,Real Estate Investment Trusts,,531120,Lessors of Nonresidential Buildings (except Miniwarehouses),partial
6798,Real Estate Investment Trusts,,531130,Lessors of Miniwarehouses and Self-Storage Units,partial
6798,Real Estate Investment Trusts,,531190,Lessors of Other Real Estate Property,partial
6799,"Investors, Not Elsewhere Classified",Commodity Contract Pool Operators,523940,Portfolio Management and Investment Advice,partial
6799,"Investors, Not Elsewhere Classified",Commodity Contract Trading Companies,523160,Commodity Contracts Intermediation,partial
6799,"Investors, Not Elsewhere Classified","Venture Capital Companies, Investment Clubs, and Operators on Own Account",523910,Miscellaneous Intermediation,partial
7011,Hotels and Motels,Bed and Breakfast Inns,721191,Bed-and-Breakfast Inns,partial
7011,Hotels and Motels,Casino Hotels,721120,Casino Hotels,partial
7011,Hotels and Motels,"Hotels and Motels, except Casino Hotels",721110,Hotels (except Casino Hotels) and Motels,partial
7011,Hotels and Motels,Other,721199,All Other Traveler Accommodation,partial
7021,Rooming and Boarding Houses,,721310,"Rooming and Boarding Houses, Dormitories, and Workers' Camps",partial
7032,Sporting and Recreational Camps,,721214,Recreational and Vacation Camps (except Campgrounds),one_to_one
7033,Recreational Vehicle Parks and Campsites,,721211,RV (Recreational Vehicle) Parks and Campgrounds,one_to_one
7041,"Organization Hotels and Lodging Houses, on Membership Basis",Organization Hotels,721110,Hotels (except Casino Hotels) and Motels,partial
7041,"Organization Hotels and Lodging Houses, on Membership Basis",Other,721310,"Rooming and Boarding Houses, Dormitories, and Workers' Camps",partial
7211,"Power Laundries, Family and Commercial",,812320,Drycleaning and Laundry Services (except Coin-Operated),partial
7212,"Garment Pressing, and Agents for Laundries and Drycleaners",,812320,Drycleaning and Laundry Services (except Coin-Operated),partial
7213,Linen Supply,,812331,Linen Supply,partial
7215,Coin-Operated Laundries and Drycleaning,,812310,Coin-Operated Laundries and Drycleaners,one_to_one
7216,"Drycleaning Plants, Except Rug Cleaning",,812320,Drycleaning and Laundry Services (except Coin-Operated),partial
7217,Carpet and Upholstery Cleaning,,561740,Carpet and Upholstery Cleaning Services,one_to_one
7218,Industrial Launderers,,812332,Industrial Launderers,one_to_one
7219,"Laundry and Garment Services, Not Elsewhere Classified",Clothing Alteration and Repair,811490,Other Personal and Household Goods Repair and Maintenance,partial
7219,"Laundry and Garment Services, Not Elsewhere Classified",Diaper Service,812331,Linen Supply,partial
7219,"Laundry and Garment Services, Not Elsewhere Classified",Except Diaper Service and Clothing Alteration and Repair,812320,Drycleaning and Laundry Services (except Coin-Operated),partial
7221,"Photographic Studios, Portrait",,541921,"Photography Studios, Portrait",one_to_one
7231,Beauty Shops,Beauty Shops and Salons,812112,Beauty Salons,partial
7231,Beauty Shops,Beauty and Cosmetology Schools,611511,Cosmetology and Barber Schools,partial
7231,Beauty Shops,Manicure and Pedicure Salons,812113,Nail Salons,partial
7241,Barber Shops,Barber Colleges,611511,Cosmetology and Barber Schools,partial
7241,Barber Shops,Barber Shops,812111,Barber Shops,partial
7251,Shoe Repair Shops and Shoeshine Parlors,Shoe Repair Shops,811430,Footwear and Leather Goods Repair,partial
7251,Shoe Repair Shops and Shoeshine Parlors,Shoeshine Parlors,812990,All Other Personal Services,partial
7261,Funeral Service and Crematories,Crematories,812220,Cemeteries and Crematories,partial
7261,Funeral Service and Crematories,Funeral Homes and Funeral Services,812210,Funeral Homes and Funeral Services,partial
7291,Tax Return Preparation Services,,541213,Tax Preparation Services,one_to_one
7299,"Miscellaneous Personal Services, Not Elsewhere Classified","All Other Miscellaneous Personal Services, NEC",812990,All Other Personal Services,partial
7299,"Miscellaneous Personal Services, Not Elsewhere Classified",Babysitting Bureaus,561311,Employment Placement Agencies,partial
7299,"Miscellaneous Personal Services, Not Elsewhere Classified",Diet and Weight Reducing Services,812191,Diet and Weight Reducing Centers,partial
7299,"Miscellaneous Personal Services, Not Elsewhere Classified",Formal Wear and Costume Rental,532281,Formal Wear and Costume Rental,partial
7299,"Miscellaneous Personal Services, Not Elsewhere Classified",Personal Care Services,812199,Other Personal Care Services,partial
7299,"Miscellaneous Personal Services, Not Elsewhere Classified",Valet Parking Services,812930,Parking Lots and Garages,partial
7311,Advertising Agencies,,541810,Advertising Agencies,one_to_one
7312,Outdoor Advertising Services,,541850,Indoor and Outdoor Display Advertising,partial
7313,"Radio, Television, and Publishers' Advertising Representatives",,541840,Media Representatives,one_to_one
7319,"Advertising, Not Elsewhere Classified",Advertising Materials Distributor Services,541870,Advertising Material Distribution Services,partial
7319,"Advertising, Not Elsewhere Classified","Display Advertising, Except Outdoor",541850,Indoor and Outdoor Display Advertising,partial
7319,"Advertising, Not Elsewhere Classified",Media Buying Services,541830,Media Buying Agencies,partial
7319,"Advertising, Not Elsewhere Classified",Other,541890,Other Services Related to Advertising,partial
7322,Adjustment and Collection Services,,561440,Collection Agencies,one_to_one
7323,Credit Reporting Services,,561450,Credit Bureaus,one_to_one
7331,Direct Mail Advertising Services,Mailing List Compilers,513110,Newspaper Publishers,partial
7331,Direct Mail Advertising Services,Mailing List Compilers,513120,Periodical Publishers,partial
7331,Direct Mail Advertising Services,Mailing List Compilers,513130,Book Publishers,partial
7331,Direct Mail Advertising Services,Mailing List Compilers,513140,Directory and Mailing List Publishers,partial
7331,Direct Mail Advertising Services,Mailing List Compilers,513191,Greeting Card Publishers,partial
7331,Direct Mail Advertising Services,Mailing List Compilers,513199,All Other Publishers,partial
7331,Direct Mail Advertising Services,Mailing List Compilers,516210,"Media Streaming Distribution Services, Social Networks, and Other Media Networks and Content Providers",partial
7331,Direct Mail Advertising Services,Mailing List Compilers,519290,Web Search Portals and All Other Information Services,partial
7331,Direct Mail Advertising Services,Other,541860,Direct Mail Advertising,partial
7334,Photocopying and Duplicating Services,Instant Printing,323111,Commercial Printing (except Screen and Books),partial
7334,Photocopying and Duplicating Services,"Photocopying and Duplicating Services, Except Instant Printing",561439,Other Business Service Centers (including Copy Shops),partial
7335,Commercial Photography,,541922,Commercial Photography,partial
7336,Commercial Art and Graphic Design,,541430,Graphic Design Services,partial
7338,Secretarial and Court Reporting Services,Court Reporting Services,561492,Court Reporting and Stenotype Services,partial
7338,Secretarial and Court Reporting Services,Secretarial Services,561410,Document Preparation Services,partial
7342,Disinfecting and Pest Control Services,Disinfecting Services,238990,All Other Specialty Trade Contractors,partial
7342,Disinfecting and Pest Control Services,Disinfecting Services,561720,Janitorial Services,partial
7342,Disinfecting and Pest Control Services,Exterminating and Pest Control Services,561710,Exterminating and Pest Control Services,partial
7349,"Building Cleaning and Maintenance Services, Not Elsewhere",Except Lighting Maintenance Services,238990,All Other Specialty Trade Contractors,partial
7349,"Building Cleaning and Maintenance Services, Not Elsewhere",Except Lighting Maintenance Services,561720,Janitorial Services,partial
7349,"Building Cleaning and Maintenance Services, Not Elsewhere",Lighting Maintenance Services,561790,Other Services to Buildings and Dwellings,partial
7352,Medical Equipment Rental and Leasing,Home Health Furniture and Equipment Rental and Leasing,532283,Home Health Equipment Rental,partial
7352,Medical Equipment Rental and Leasing,Medical Machinery Rental and Leasing,532490,Other Commercial and Industrial Machinery and Equipment Rental and Leasing,partial
7353,Heavy Construction Equipment Rental and Leasing,With Operator,236210,Industrial Building Construction,partial
7353,Heavy Construction Equipment Rental and Leasing,With Operator,237110,Water and Sewer Line and Related Structures Construction,partial
7353,Heavy Construction Equipment Rental and Leasing,With Operator,237990,Other Heavy and Civil Engineering Construction,partial
7353,Heavy Construction Equipment Rental and Leasing,With Operator,238910,Site Preparation Contractors,partial
7353,Heavy Construction Equipment Rental and Leasing,With Operator,238990,All Other Specialty Trade Contractors,partial
7353,Heavy Construction Equipment Rental and Leasing,Without Operator,532412,"Construction, Mining, and Forestry Machinery and Equipment Rental and Leasing",partial
7359,"Equipment Rental and Leasing, Not Elsewhere Classified",Aircraft Rental and Leasing,532411,"Commercial Air, Rail, and Water Transportation Equipment Rental and Leasing",partial
7359,"Equipment Rental and Leasing, Not Elsewhere Classified",Consumer Electronics and Appliances Rental,532210,Consumer Electronics and Appliances Rental,partial
7359,"Equipment Rental and Leasing, Not Elsewhere Classified",General Rental Centers,532310,General Rental Centers,partial
7359,"Equipment Rental and Leasing, Not Elsewhere Classified",Industrial Trucks Rental and Leasing,532490,Other Commercial and Industrial Machinery and Equipment Rental and Leasing,partial
7359,"Equipment Rental and Leasing, Not Elsewhere Classified",Office Machinery and Equipment Rental and Leasing,532420,Office Machinery and Equipment Rental and Leasing,partial
7359,"Equipment Rental and Leasing, Not Elsewhere Classified",Oilfield and Well Drilling Machinery and Equipment Rental and Leasing,532412,"Construction, Mining, and Forestry Machinery and Equipment Rental and Leasing",partial
7359,"Equipment Rental and Leasing, Not Elsewhere Classified",Portable Toilet Rental,562991,Septic Tank and Related Services,partial
7359,"Equipment Rental and Leasing, Not Elsewhere Classified","Residential Furniture, Party Supplies, and All Other Miscellaneous Consumer Goods Rental and Leasing",532289,All Other Consumer Goods Rental,partial
7361,Employment Agencies,Except Executive Placing Services,561311,Employment Placement Agencies,partial
7361,Employment Agencies,Executive Placing Services,541612,Human Resources Consulting Services,partial
7361,Employment Agencies,Executive Placing Services,561312,Executive Search Services,partial
7363,Help Supply Services,Employee Leasing Services,561330,Professional Employer Organizations,partial
7363,Help Supply Services,Temporary Help Supply,561320,Temporary Help Services,partial
7371,Computer Programming Services,,541511,Custom Computer Programming Services,one_to_one
7372,Prepackaged Software,Reproduction of Software,334610,Manufacturing and Reproducing Magnetic and Optical Media,partial
7372,Prepackaged Software,Software Publishing,513210,Software Publishers,partial
7373,Computer Integrated Systems Design,,541512,Computer Systems Design Services,partial
7374,Computer Processing and Data Preparation and Processing Services,,518210,"Computing Infrastructure Providers, Data Processing, Web Hosting, and Related Services",partial
7375,Information Retrieval Services,,517111,Wired Telecommunications Carriers,partial
7375,Information Retrieval Services,,517810,All Other Telecommunications,partial
7376,Computer Facilities Management Services,,541513,Computer Facilities Management Services,one_to_one
7377,Computer Rental and Leasing,,532420,Office Machinery and Equipment Rental and Leasing,partial
7378,Computer Maintenance and Repair,All Other Repair,811210,Electronic and Precision Equipment Repair and Maintenance,partial
7378,Computer Maintenance and Repair,Retailing Computers From a Storefront and Repairing,449210,Electronics and Appliance Retailers,partial
7379,"Computer Related Services, Not Elsewhere Classified",Computer Systems Consultants,541512,Computer Systems Design Services,partial
7379,"Computer Related Services, Not Elsewhere Classified",Disk and Diskette Conversion and Recertification,518210,"Computing Infrastructure Providers, Data Processing, Web Hosting, and Related Services",partial
7379,"Computer Related Services, Not Elsewhere Classified",Except Computer Systems Consultants and Disk and Diskette Conversion and Recertification,541519,Other Computer Related Services,partial
7381,"Detective, Guard, and Armored Car Services",Armored Car Services,561613,Armored Car Services,partial
7381,"Detective, Guard, and Armored Car Services",Detective Services,561611,Investigation and Personal Background Check Services,partial
7381,"Detective, Guard, and Armored Car Services",Guard Services,561612,Security Guards and Patrol Services,partial
7382,Security Systems Services,,561621,Security Systems Services (except Locksmiths),one_to_one
7383,News Syndicates,Except Independent Correspondents,516210,"Media Streaming Distribution Services, Social Networks, and Other Media Networks and Content Providers",partial
7383,News Syndicates,Independent Correspondents,711510,"Independent Artists, Writers, and Performers",partial
7384,Photofinishing Laboratories,One-Hour Photofinishing,812922,One-Hour Photofinishing,partial
7384,Photofinishing Laboratories,Photofinishing Laboratories (Except 1-Hour),812921,Photofinishing Laboratories (except One-Hour),partial
7389,"Business Services, Not Elsewhere Classified",Aerosol Packaging,325998,All Other Miscellaneous Chemical Product and Preparation Manufacturing,partial
7389,"Business Services, Not Elsewhere Classified",Agents and Brokers for Authors and Artists and Speaker Bureaus,711410,"Agents and Managers for Artists, Athletes, Entertainers, and Other Public Figures",partial
7389,"Business Services, Not Elsewhere Classified",All Other Support Services,561990,All Other Support Services,partial
7389,"Business Services, Not Elsewhere Classified",Apparel Pressing for the Trade,812320,Drycleaning and Laundry Services (except Coin-Operated),partial
7389,"Business Services, Not Elsewhere Classified","Appraisers, Except Insurance and Real Estate, and  Miscellaneous Professional, Scientific, and Technical Services",541990,"All Other Professional, Scientific, and Technical Services",partial
7389,"Business Services, Not Elsewhere Classified",Audio Taping Services,512290,Other Sound Recording Industries,partial
7389,"Business Services, Not Elsewhere Classified",Bail Bonding,812990,All Other Personal Services,partial
7389,"Business Services, Not Elsewhere Classified","Business Service Centers, Except Private Mail Centers and Mail Box Rental",561439,Other Business Service Centers (including Copy Shops),partial
7389,"Business Services, Not Elsewhere Classified","Business Support Services, Except Telephone Answering, Telemarketing Bureaus, Private Mail Centers, and Repossession Services",561499,All Other Business Support Services,partial
7389,"Business Services, Not Elsewhere Classified",Convention and Trade Show Services,561920,Convention and Trade Show Organizers,partial
7389,"Business Services, Not Elsewhere Classified",Convention and Visitors Bureaus and Tourist Information Service,561591,Convention and Visitors Bureaus,partial
7389,"Business Services, Not Elsewhere Classified",Credit Card and Check Validation Services,522320,"Financial Transactions Processing, Reserve, and Clearinghouse Activities",partial
7389,"Business Services, Not Elsewhere Classified",Distribution of Telephone Directories on a Fee or Contract Basis,541870,Advertising Material Distribution Services,partial
7389,"Business Services, Not Elsewhere Classified",Drafting Service,541340,Drafting Services,partial
7389,"Business Services, Not Elsewhere Classified",Embroidery of Advertising on Shirts and Rug Binding for the Trade,314999,All Other Miscellaneous Textile Product Mills,partial
7389,"Business Services, Not Elsewhere Classified",Fashion and Other Design Services,541490,Other Specialized Design Services,partial
7389,"Business Services, Not Elsewhere Classified",Home and Building Inspection Services,541350,Building Inspection Services,partial
7389,"Business Services, Not Elsewhere Classified",Hotel and Restaurant Reservation Services and Time Share Condominium Exchange,561599,All Other Travel Arrangement and Reservation Services,partial
7389,"Business Services, Not Elsewhere Classified",Industrial Design,541420,Industrial Design Services,partial
7389,"Business Services, Not Elsewhere Classified",Interior Design,541410,Interior Design Services,partial
7389,"Business Services, Not Elsewhere Classified",Mapmaking Services,541370,Surveying and Mapping (except Geophysical) Services,partial
7389,"Business Services, Not Elsewhere Classified",Microfilm Services,518210,"Computing Infrastructure Providers, Data Processing, Web Hosting, and Related Services",partial
7389,"Business Services, Not Elsewhere Classified",Packaging and Labeling Services,561910,Packaging and Labeling Services,partial
7389,"Business Services, Not Elsewhere Classified",Post Office Contract Stations,491110,Postal Service,partial
7389,"Business Services, Not Elsewhere Classified",Private Mail Centers and Mail Box Rental,561431,Private Mail Centers,partial
7389,"Business Services, Not Elsewhere Classified","Process Services, Patent Agents, Notaries Public and Paralegal Services",541199,All Other Legal Services,partial
7389,"Business Services, Not Elsewhere Classified",Recovery and Repossession,561491,Repossession Services,partial
7389,"Business Services, Not Elsewhere Classified","Sign Painting and Lettering Shops, Showcard Painting, Mannequin Decorating Services, and Other Advertising Related Business Services",541890,Other Services Related to Advertising,partial
7389,"Business Services, Not Elsewhere Classified",Sound Recording Studios,512240,Sound Recording Studios,partial
7389,"Business Services, Not Elsewhere Classified",Sponging Fabric for Tailors and Dressmakers,313310,Textile and Fabric Finishing Mills,partial
7389,"Business Services, Not Elsewhere Classified",Stock Photo Agencies and Press Clipping Services,513110,Newspaper Publishers,partial
7389,"Business Services, Not Elsewhere Classified",Stock Photo Agencies and Press Clipping Services,513120,Periodical Publishers,partial
7389,"Business Services, Not Elsewhere Classified",Stock Photo Agencies and Press Clipping Services,513130,Book Publishers,partial
7389,"Business Services, Not Elsewhere Classified",Stock Photo Agencies and Press Clipping Services,513140,Directory and Mailing List Publishers,partial
7389,"Business Services, Not Elsewhere Classified",Stock Photo Agencies and Press Clipping Services,513191,Greeting Card Publishers,partial
7389,"Business Services, Not Elsewhere Classified",Stock Photo Agencies and Press Clipping Services,513199,All Other Publishers,partial
7389,"Business Services, Not Elsewhere Classified",Stock Photo Agencies and Press Clipping Services,516210,"Media Streaming Distribution Services, Social Networks, and Other Media Networks and Content Providers",partial
7389,"Business Services, Not Elsewhere Classified",Stock Photo Agencies and Press Clipping Services,519290,Web Search Portals and All Other Information Services,partial
7389,"Business Services, Not Elsewhere Classified",Swimming Pool Cleaning and Maintenance,561790,Other Services to Buildings and Dwellings,partial
7389,"Business Services, Not Elsewhere Classified",Telemarketing Bureaus and Telephone Soliciting Services,561422,Telemarketing Bureaus and Other Contact Centers,partial
7389,"Business Services, Not Elsewhere Classified",Telephone Answering Services,561421,Telephone Answering Services,partial
7389,"Business Services, Not Elsewhere Classified",Translation and Interpretation Services,541930,Translation and Interpretation Services,partial
7389,"Business Services, Not Elsewhere Classified",Yacht Brokers,423860,Transportation Equipment and Supplies (except Motor Vehicle) Merchant Wholesalers,partial
7389,"Business Services, Not Elsewhere Classified",Yacht Brokers,425120,Wholesale Trade Agents and Brokers,partial
7513,"Truck Rental and Leasing, Without Drivers",,532120,"Truck, Utility Trailer, and RV (Recreational Vehicle) Rental and Leasing",partial
7514,Passenger Car Rental,,532111,Passenger Car Rental,one_to_one
7515,Passenger Car Leasing,,532112,Passenger Car Leasing,one_to_one
7519,Utility Trailer and Recreational Vehicle Rental,,532120,"Truck, Utility Trailer, and RV (Recreational Vehicle) Rental and Leasing",partial
7521,Automobile Parking,,812930,Parking Lots and Garages,partial
7532,"Top, Body, and Upholstery Repair Shops and Paint Shops",,811121,"Automotive Body, Paint, and Interior Repair and Maintenance",one_to_one
7533,Automotive Exhaust System Repair Shops,,811114,Specialized Automotive Repair,partial
7534,Tire Retreading and Repair Shops,Repair,811198,All Other Automotive Repair and Maintenance,partial
7534,Tire Retreading and Repair Shops,Retreading,326212,Tire Retreading,partial
7536,Automotive Glass Replacement Shops,,811122,Automotive Glass Replacement Shops,partial
7537,Automotive Transmission Repair Shops,,811114,Specialized Automotive Repair,partial
7538,General Automotive Repair Shops,,811111,General Automotive Repair,one_to_one
7539,"Automotive Repair Shops, Not Elsewhere Classified",,811114,Specialized Automotive Repair,partial
7542,Carwashes,,811192,Car Washes,one_to_one
7549,"Automotive Services, Except Repair and Carwashes",Automotive Window Tinting,811122,Automotive Glass Replacement Shops,partial
7549,"Automotive Services, Except Repair and Carwashes","Except Automotive Window Tinting, Lubricating Services, and Towing",811198,All Other Automotive Repair and Maintenance,partial
7549,"Automotive Services, Except Repair and Carwashes","Lubricating Services, Automotive",811191,Automotive Oil Change and Lubrication Shops,partial
7549,"Automotive Services, Except Repair and Carwashes",Towing,488410,Motor Vehicle Towing,partial
7622,Radio and Television Repair Shops,"Other Stereo, TV, VCR, and Radio Repair",811210,Electronic and Precision Equipment Repair and Maintenance,partial
7622,Radio and Television Repair Shops,Other Telecommunications Equipment Repair,811210,Electronic and Precision Equipment Repair and Maintenance,partial
7622,Radio and Television Repair Shops,Retailing New Electronic Equipment from a Storefront and Repairing,449210,Electronics and Appliance Retailers,partial
7623,Refrigeration and Air-Conditioning Service and Repair Shops,Commercial Refrigerator Equipment Repair,811310,Commercial and Industrial Machinery and Equipment (except Automotive and Electronic) Repair and Maintenance,partial
7623,Refrigeration and Air-Conditioning Service and Repair Shops,Except Commercial and Retailing New Refrigerators from a Storefront and Repairing Refrigerators,811412,Appliance Repair and Maintenance,partial
7623,Refrigeration and Air-Conditioning Service and Repair Shops,Retailing New Refrigerators from a Storefront and Repairing Refrigerators,449210,Electronics and Appliance Retailers,partial
7629,"Electrical and Electronic Repair Shops, Not Elsewhere Classified","Appliance Repair, Electrical; Washing Machine Repair;   Electric Razor Repair (except Retailing New Appliances from a Storefront and Repairing)",811412,Appliance Repair and Maintenance,partial
7629,"Electrical and Electronic Repair Shops, Not Elsewhere Classified","Business and Office Machine Repair, Electrical",811210,Electronic and Precision Equipment Repair and Maintenance,partial
7629,"Electrical and Electronic Repair Shops, Not Elsewhere Classified","Electrical Measuring Instrument Repair and Calibration,  Medical Equipment Repair, Electrical",811210,Electronic and Precision Equipment Repair and Maintenance,partial
7629,"Electrical and Electronic Repair Shops, Not Elsewhere Classified","Other Consumer Electronic Equipment Repair Except Computer, Radio, Television, Stereo, and VCR",811210,Electronic and Precision Equipment Repair and Maintenance,partial
7629,"Electrical and Electronic Repair Shops, Not Elsewhere Classified",Retailing New Electrical and Electronic Appliances from a Storefront and Repairing,449210,Electronics and Appliance Retailers,partial
7629,"Electrical and Electronic Repair Shops, Not Elsewhere Classified",Telephone Set Repair,811210,Electronic and Precision Equipment Repair and Maintenance,partial
7631,"Watch, Clock, and Jewelry Repair",,811490,Other Personal and Household Goods Repair and Maintenance,partial
7641,Reupholstery and Furniture Repair,Antique Furniture Restoration,711510,"Independent Artists, Writers, and Performers",partial
7641,Reupholstery and Furniture Repair,Except Antique Furniture Restoration,811420,Reupholstery and Furniture Repair,partial
7692,Welding Repair,,811310,Commercial and Industrial Machinery and Equipment (except Automotive and Electronic) Repair and Maintenance,partial
7694,Armature Rewinding Shops,Remanufacturing,335312,Motor and Generator Manufacturing,partial
7694,Armature Rewinding Shops,Repair,811310,Commercial and Industrial Machinery and Equipment (except Automotive and Electronic) Repair and Maintenance,partial
7699,"Repair Shops and Related Services, Not Elsewhere Classified",Boiler Cleaning,238210,Electrical Contractors and Other Wiring Installation Contractors,partial
7699,"Repair Shops and Related Services, Not Elsewhere Classified",Boiler Cleaning,238220,"Plumbing, Heating, and Air-Conditioning Contractors",partial
7699,"Repair Shops and Related Services, Not Elsewhere Classified",Boiler Cleaning,238910,Site Preparation Contractors,partial
7699,"Repair Shops and Related Services, Not Elsewhere Classified",Camera Repair,811210,Electronic and Precision Equipment Repair and Maintenance,partial
7699,"Repair Shops and Related Services, Not Elsewhere Classified",Cesspool and Septic Tank Cleaning,562991,Septic Tank and Related Services,partial
7699,"Repair Shops and Related Services, Not Elsewhere Classified",Custom Picture Framing,449129,All Other Home Furnishings Retailers,partial
7699,"Repair Shops and Related Services, Not Elsewhere Classified","Dental Instrument Repair, Laboratory Instrument Repair,  Medical Equipment and Other Electronic and Precision  Equipment Repair, Except Typewriters",811210,Electronic and Precision Equipment Repair and Maintenance,partial
7699,"Repair Shops and Related Services, Not Elsewhere Classified","Except Industrial, Electronic, Home and Garden, Appliance, Locksmith, and Leather Goods",811490,Other Personal and Household Goods Repair and Maintenance,partial
7699,"Repair Shops and Related Services, Not Elsewhere Classified",Farriers,115210,Support Activities for Animal Production,partial
7699,"Repair Shops and Related Services, Not Elsewhere Classified","Furnace Ducts, Chimney, and Gutter Cleaning Services",561790,Other Services to Buildings and Dwellings,partial
7699,"Repair Shops and Related Services, Not Elsewhere Classified","Gas Appliance Repair Service, Sewing Machine Repair, Stove Repair Shops, and Other Non-Electrical Appliances",811412,Appliance Repair and Maintenance,partial
7699,"Repair Shops and Related Services, Not Elsewhere Classified","Lawnmower Repair Shops, Sharpening and Repairing Knives, Saws and Tools",811411,Home and Garden Equipment Repair and Maintenance,partial
7699,"Repair Shops and Related Services, Not Elsewhere Classified","Leather Goods Repair Shops, Luggage Repair Shops, Pocketbook Repair Shops",811430,Footwear and Leather Goods Repair,partial
7699,"Repair Shops and Related Services, Not Elsewhere Classified",Locksmith Shops,561622,Locksmiths,partial
7699,"Repair Shops and Related Services, Not Elsewhere Classified",Other Non-Automotive Transportation Equipment and Industrial Machinery and Equipment,811310,Commercial and Industrial Machinery and Equipment (except Automotive and Electronic) Repair and Maintenance,partial
7699,"Repair Shops and Related Services, Not Elsewhere Classified",Retailing New Bicycles from a Storefront and Repairing Bicycles,459110,Sporting Goods Retailers,partial
7699,"Repair Shops and Related Services, Not Elsewhere Classified",Sewer Cleaning and Rodding,562998,All Other Miscellaneous Waste Management Services,partial
7699,"Repair Shops and Related Services, Not Elsewhere Classified",Ship Scaling,488390,Other Support Activities for Water Transportation,partial
7699,"Repair Shops and Related Services, Not Elsewhere Classified","Taxidermists, and Antique Repair and Maintenance, Except Antique Car Restoration",711510,"Independent Artists, Writers, and Performers",partial
7699,"Repair Shops and Related Services, Not Elsewhere Classified",Typewriter Repair,811210,Electronic and Precision Equipment Repair and Maintenance,partial
7812,Motion Picture and Video Tape Production,,512110,Motion Picture and Video Production,one_to_one
7819,Services Allied to Motion Picture Production,All Other Services,512199,Other Motion Picture and Video Industries,partial
7819,Services Allied to Motion Picture Production,Casting Bureaus,561311,Employment Placement Agencies,partial
7819,Services Allied to Motion Picture Production,"Film Directors and Related Motion Picture Production Services, Independent",711510,"Independent Artists, Writers, and Performers",partial
7819,Services Allied to Motion Picture Production,Rental of Motion Picture Equipment,532490,Other Commercial and Industrial Machinery and Equipment Rental and Leasing,partial
7819,Services Allied to Motion Picture Production,Reproduction of Video,334610,Manufacturing and Reproducing Magnetic and Optical Media,partial
7819,Services Allied to Motion Picture Production,Talent Payment Services,541214,Payroll Services,partial
7819,Services Allied to Motion Picture Production,Teleproduction and Post-Production Services,512191,Teleproduction and Other Postproduction Services,partial
7819,Services Allied to Motion Picture Production,Wardrobe Rental (Motion Pictures),532281,Formal Wear and Costume Rental,partial
7822,Motion Picture and Video Tape Distribution,All Other,512120,Motion Picture and Video Distribution,partial
7822,Motion Picture and Video Tape Distribution,Prerecorded Video Tapes (Wholesaling of),423990,Other Miscellaneous Durable Goods Merchant Wholesalers,partial
7822,Motion Picture and Video Tape Distribution,Prerecorded Video Tapes (Wholesaling of),425120,Wholesale Trade Agents and Brokers,partial
7829,Services Allied to Motion Picture Distribution,Booking Agencies,512199,Other Motion Picture and Video Industries,partial
7829,Services Allied to Motion Picture Distribution,Commercial Distribution Film Libraries,512120,Motion Picture and Video Distribution,partial
7829,Services Allied to Motion Picture Distribution,Film Archives,519210,Libraries and Archives,partial
7832,"Motion Picture Theaters, Except Drive-In",,512131,Motion Picture Theaters (except Drive-Ins),one_to_one
7833,Drive-In Motion Picture Theaters,,512132,Drive-In Motion Picture Theaters,one_to_one
7841,Video Tape Rental,,532282,Video Tape and Disc Rental,one_to_one
7911,"Dance Studios, Schools, and Halls",Dance Schools,611610,Fine Arts Schools,partial
7911,"Dance Studios, Schools, and Halls",Dance Studios and Halls,713990,All Other Amusement and Recreation Industries,partial
7922,Theatrical Producers (Except Motion Picture) and Miscellaneous Theatrical Services,Ballet and Dance Companies,711120,Dance Companies,partial
7922,Theatrical Producers (Except Motion Picture) and Miscellaneous Theatrical Services,Casting Agencies,561311,Employment Placement Agencies,partial
7922,Theatrical Producers (Except Motion Picture) and Miscellaneous Theatrical Services,"Costume Design, Theatrical",711510,"Independent Artists, Writers, and Performers",partial
7922,Theatrical Producers (Except Motion Picture) and Miscellaneous Theatrical Services,Producers of Radio Programs,512290,Other Sound Recording Industries,partial
7922,Theatrical Producers (Except Motion Picture) and Miscellaneous Theatrical Services,Theater Operators,711310,"Promoters of Performing Arts, Sports, and Similar Events with Facilities",partial
7922,Theatrical Producers (Except Motion Picture) and Miscellaneous Theatrical Services,Theater and Opera Companies,711110,Theater Companies and Dinner Theaters,partial
7922,Theatrical Producers (Except Motion Picture) and Miscellaneous Theatrical Services,Theatrical Agents,711410,"Agents and Managers for Artists, Athletes, Entertainers, and Other Public Figures",partial
7922,Theatrical Producers (Except Motion Picture) and Miscellaneous Theatrical Services,Theatrical Equipment Rental,532490,Other Commercial and Industrial Machinery and Equipment Rental and Leasing,partial
7922,Theatrical Producers (Except Motion Picture) and Miscellaneous Theatrical Services,Theatrical Promoters,711320,"Promoters of Performing Arts, Sports, and Similar Events without Facilities",partial
7922,Theatrical Producers (Except Motion Picture) and Miscellaneous Theatrical Services,Theatrical Ticket Agencies,561599,All Other Travel Arrangement and Reservation Services,partial
7929,"Bands, Orchestras, Actors, and Other Entertainers and Entertainment Groups",Actors and Actresses,711510,"Independent Artists, Writers, and Performers",partial
7929,"Bands, Orchestras, Actors, and Other Entertainers and Entertainment Groups","Except Musical Groups and Artists, Actors and Actresses",711190,Other Performing Arts Companies,partial
7929,"Bands, Orchestras, Actors, and Other Entertainers and Entertainment Groups","Musical Groups and Artists, Orchestras",711130,Musical Groups and Artists,partial
7933,Bowling Centers,,713950,Bowling Centers,one_to_one
7941,Professional Sports Clubs and Promoters,Professional Sports Clubs,711211,Sports Teams and Clubs,partial
7941,Professional Sports Clubs and Promoters,Sports Agents,711410,"Agents and Managers for Artists, Athletes, Entertainers, and Other Public Figures",partial
7941,Professional Sports Clubs and Promoters,Sports Promoters,711320,"Promoters of Performing Arts, Sports, and Similar Events without Facilities",partial
7941,Professional Sports Clubs and Promoters,Stadium Operators,711310,"Promoters of Performing Arts, Sports, and Similar Events with Facilities",partial
7948,"Racing, Including Track Operation",Racetrack Operators,711212,Racetracks,partial
7948,"Racing, Including Track Operation","Racing, except Track Operators",711219,Other Spectator Sports,partial
7991,Physical Fitness Facilities,,713940,Fitness and Recreational Sports Centers,partial
7992,Public Golf Courses,,713910,Golf Courses and Country Clubs,partial
7993,Coin-Operated Amusement Devices,Amusement Arcades,713120,Amusement Arcades,partial
7993,Coin-Operated Amusement Devices,Except Amusement Arcades and Slot Machine Operators,713990,All Other Amusement and Recreation Industries,partial
7993,Coin-Operated Amusement Devices,Gambling (Slot Machine) Operators,713290,Other Gambling Industries,partial
7996,Amusement Parks,,713110,Amusement and Theme Parks,one_to_one
7997,Membership Sports and Recreation Clubs,Golf Clubs,713910,Golf Courses and Country Clubs,partial
7997,Membership Sports and Recreation Clubs,Recreation Clubs Without Facilities,713990,All Other Amusement and Recreation Industries,partial
7997,Membership Sports and Recreation Clubs,Recreation Clubs with Facilities,713940,Fitness and Recreational Sports Centers,partial
7999,"Amusement and Recreation Services, Not Elsewhere Classified","Aerial Tramways, Scenic and Amusement",487990,"Scenic and Sightseeing Transportation, Other",partial
7999,"Amusement and Recreation Services, Not Elsewhere Classified","Amusement and Recreation Services, NEC (except circuses, professional athletes, caverns and other commercial parks, skiing facilities, casinos and other gambling operations, amusement and recreation facilities, sports instruction, sports equipment re",713990,All Other Amusement and Recreation Industries,partial
7999,"Amusement and Recreation Services, Not Elsewhere Classified","Casinos, except Casino Hotels",713210,Casinos (except Casino Hotels),partial
7999,"Amusement and Recreation Services, Not Elsewhere Classified",Caverns and Miscellaneous Commercial Parks,712190,Nature Parks and Other Similar Institutions,partial
7999,"Amusement and Recreation Services, Not Elsewhere Classified",Charter Fishing,487210,"Scenic and Sightseeing Transportation, Water",partial
7999,"Amusement and Recreation Services, Not Elsewhere Classified",Circus Companies and Traveling Carnival Shows,711190,Other Performing Arts Companies,partial
7999,"Amusement and Recreation Services, Not Elsewhere Classified","Lottery, Bingo, Bookie and Other Gaming Operations",713290,Other Gambling Industries,partial
7999,"Amusement and Recreation Services, Not Elsewhere Classified",Nonathletic Recreational Instruction,611699,All Other Miscellaneous Schools and Instruction,partial
7999,"Amusement and Recreation Services, Not Elsewhere Classified",Nonmembership Recreation Facilities,713940,Fitness and Recreational Sports Centers,partial
7999,"Amusement and Recreation Services, Not Elsewhere Classified",Professional Athletes,711219,Other Spectator Sports,partial
7999,"Amusement and Recreation Services, Not Elsewhere Classified","Scenic Transport Operations, Land",487110,"Scenic and Sightseeing Transportation, Land",partial
7999,"Amusement and Recreation Services, Not Elsewhere Classified",Skiing Facilities,713920,Skiing Facilities,partial
7999,"Amusement and Recreation Services, Not Elsewhere Classified",Sports Equipment Rental,532284,Recreational Goods Rental,partial
7999,"Amusement and Recreation Services, Not Elsewhere Classified",Sports Instruction,611620,Sports and Recreation Instruction,partial
7999,"Amusement and Recreation Services, Not Elsewhere Classified","State Fairs, Agriculture Fairs, and County Fairs with Facilities",711310,"Promoters of Performing Arts, Sports, and Similar Events with Facilities",partial
7999,"Amusement and Recreation Services, Not Elsewhere Classified","State Fairs, Agriculture Fairs, and County Fairs without Facilities",711320,"Promoters of Performing Arts, Sports, and Similar Events without Facilities",partial
7999,"Amusement and Recreation Services, Not Elsewhere Classified",Ticket Agencies,561599,All Other Travel Arrangement and Reservation Services,partial
8011,Offices and Clinics of Doctors of Medicine,HMO Medical Centers,621491,HMO Medical Centers,partial
8011,Offices and Clinics of Doctors of Medicine,Offices of  Physicians Except Mental Health,621111,Offices of Physicians (except Mental Health Specialists),partial
8011,Offices and Clinics of Doctors of Medicine,"Offices of Physicians, Mental Health Specialists",621112,"Offices of Physicians, Mental Health Specialists",partial
8011,Offices and Clinics of Doctors of Medicine,Surgical and Emergency Centers,621493,Freestanding Ambulatory Surgical and Emergency Centers,partial
8021,Offices and Clinics of Dentists,,621210,Offices of Dentists,one_to_one
8031,Offices and Clinics of Doctors of Osteopathy,"Offices of Doctors of Osteopathy, Except Mental Health",621111,Offices of Physicians (except Mental Health Specialists),partial
8031,Offices and Clinics of Doctors of Osteopathy,"Offices of Doctors of Osteopathy, Mental Health Specialists",621112,"Offices of Physicians, Mental Health Specialists",partial
8041,Offices and Clinics of Chiropractors,,621310,Offices of Chiropractors,one_to_one
8042,Offices and Clinics of Optometrists,,621320,Offices of Optometrists,one_to_one
8043,Offices and Clinics of Podiatrists,,621391,Offices of Podiatrists,one_to_one
8049,"Offices and Clinics of Health Practitioners, Not Elsewhere Classified","Mental Health Practitioners, Except Physicians",621330,Offices of Mental Health Practitioners (except Physicians),partial
8049,"Offices and Clinics of Health Practitioners, Not Elsewhere Classified","Offices of  Physical, Occupational, Recreational, and Speech Therapists and Audiologists",621340,"Offices of Physical, Occupational and Speech Therapists, and Audiologists",partial
8049,"Offices and Clinics of Health Practitioners, Not Elsewhere Classified",Other Offices of  Health Practitioners,621399,Offices of All Other Miscellaneous Health Practitioners,partial
8051,Skilled Nursing Care Facilities,All Other Skilled Nursing Care Facilities,623110,Nursing Care Facilities (Skilled Nursing Facilities),partial
8051,Skilled Nursing Care Facilities,Continuing Care Retirement Communities,623311,Continuing Care Retirement Communities,partial
8052,Intermediate Care Facilities,Continuing Care Retirement Communities,623311,Continuing Care Retirement Communities,partial
8052,Intermediate Care Facilities,Mental Retardation Facilities,623210,Residential Intellectual and Developmental Disability Facilities,partial
8052,Intermediate Care Facilities,Other Intermediate Care Facilities,623110,Nursing Care Facilities (Skilled Nursing Facilities),partial
8059,"Nursing and Personal Care Facilities, Not Elsewhere Classified",Continuing Care Retirement Communities,623311,Continuing Care Retirement Communities,partial
8059,"Nursing and Personal Care Facilities, Not Elsewhere Classified",Other Nursing and Personal Care Facilities,623110,Nursing Care Facilities (Skilled Nursing Facilities),partial
8062,General Medical and Surgical Hospitals,,622110,General Medical and Surgical Hospitals,partial
8063,Psychiatric Hospitals,,622210,Psychiatric and Substance Abuse Hospitals,partial
8069,"Specialty Hospitals, Except Psychiatric",Children's Hospitals,622110,General Medical and Surgical Hospitals,partial
8069,"Specialty Hospitals, Except Psychiatric",Other Specialty Hospitals,622310,Specialty (except Psychiatric and Substance Abuse) Hospitals,partial
8069,"Specialty Hospitals, Except Psychiatric",Substance Abuse Hospitals,622210,Psychiatric and Substance Abuse Hospitals,partial
8071,Medical Laboratories,Diagnostic Imaging Centers,621512,Diagnostic Imaging Centers,partial
8071,Medical Laboratories,"Medical Laboratories, Except Diagnostic Imaging Centers",621511,Medical Laboratories,partial
8072,Dental Laboratories,,339116,Dental Laboratories,one_to_one
8082,Home Health Care Services,,621610,Home Health Care Services,one_to_one
8092,Kidney Dialysis Centers,,621492,Kidney Dialysis Centers,one_to_one
8093,"Specialty Outpatient Facilities, Not Elsewhere Classified",Family Planning Centers,621410,Family Planning Centers,partial
8093,"Specialty Outpatient Facilities, Not Elsewhere Classified",Other Specialty Outpatient Facilities,621498,All Other Outpatient Care Centers,partial
8093,"Specialty Outpatient Facilities, Not Elsewhere Classified",Outpatient Mental Health Facilities,621420,Outpatient Mental Health and Substance Abuse Centers,partial
8099,"Health and Allied Services, Not Elsewhere Classified",Blood and Organ Banks,621991,Blood and Organ Banks,partial
8099,"Health and Allied Services, Not Elsewhere Classified",Childbirth Preparation Classes,621410,Family Planning Centers,partial
8099,"Health and Allied Services, Not Elsewhere Classified",Medical Photography,541922,Commercial Photography,partial
8099,"Health and Allied Services, Not Elsewhere Classified",Medical artists,541430,Graphic Design Services,partial
8099,"Health and Allied Services, Not Elsewhere Classified",Other Health and Allied Services,621999,All Other Miscellaneous Ambulatory Health Care Services,partial
8111,Legal Services,,541110,Offices of Lawyers,one_to_one
8211,Elementary and Secondary Schools,,611110,Elementary and Secondary Schools,one_to_one
8221,"Colleges, Universities, and Professional Schools",,611310,"Colleges, Universities, and Professional Schools",one_to_one
8222,Junior Colleges and Technical Institutes,,611210,Junior Colleges,one_to_one
8231,Libraries,,519210,Libraries and Archives,partial
8243,Data Processing Schools,Computer Repair Training,611519,Other Technical and Trade Schools,partial
8243,Data Processing Schools,Except Computer Repair Training,611420,Computer Training,partial
8244,Business and Secretarial Schools,,611410,Business and Secretarial Schools,one_to_one
8249,"Vocational Schools, Not Elsewhere Classified",Aviation Schools,611512,Flight Training,partial
8249,"Vocational Schools, Not Elsewhere Classified",Other Technical and Trade Schools,611519,Other Technical and Trade Schools,partial
8249,"Vocational Schools, Not Elsewhere Classified",Vocational Apprenticeship Training,611513,Apprenticeship Training,partial
8299,"Schools and Educational Services, Not Elsewhere Classified","All Other Schools and Educational Services, NEC",611699,All Other Miscellaneous Schools and Instruction,partial
8299,"Schools and Educational Services, Not Elsewhere Classified",Art Drama and Music Schools,611610,Fine Arts Schools,partial
8299,"Schools and Educational Services, Not Elsewhere Classified",Automobile Driving Instruction,611692,Automobile Driving Schools,partial
8299,"Schools and Educational Services, Not Elsewhere Classified",Cooking and Modeling Schools,611519,Other Technical and Trade Schools,partial
8299,"Schools and Educational Services, Not Elsewhere Classified","Curriculum Development, Educational",611710,Educational Support Services,partial
8299,"Schools and Educational Services, Not Elsewhere Classified",Exam Preparation and Tutoring,611691,Exam Preparation and Tutoring,partial
8299,"Schools and Educational Services, Not Elsewhere Classified",Flying Instruction,611512,Flight Training,partial
8299,"Schools and Educational Services, Not Elsewhere Classified",Language Schools,611630,Language Schools,partial
8299,"Schools and Educational Services, Not Elsewhere Classified",Professional and Management Development Training,611430,Professional and Management Development Training,partial
8322,Individual and Family Social Services,Child and Youth Services,624110,Child and Youth Services,partial
8322,Individual and Family Social Services,Community Food Services,624210,Community Food Services,partial
8322,Individual and Family Social Services,"Community Housing Services, Except Temporary Shelters",624229,Other Community Housing Services,partial
8322,Individual and Family Social Services,Emergency and Other Relief Services,624230,Emergency and Other Relief Services,partial
8322,Individual and Family Social Services,Other Individual and Family Services,624190,Other Individual and Family Services,partial
8322,Individual and Family Social Services,Parole Offices and Probation Offices,922150,Parole Offices and Probation Offices,partial
8322,Individual and Family Social Services,Services for the Elderly and Persons with Disabilities,624120,Services for the Elderly and Persons with Disabilities,partial
8322,Individual and Family Social Services,Temporary Shelter,624221,Temporary Shelters,partial
8331,Job Training and Vocational Rehabilitation Services,,624310,Vocational Rehabilitation Services,one_to_one
8351,Child Day Care Services,,624410,Child Care Services,one_to_one
8361,Residential Care,Homes for the Elderly,623312,Assisted Living Facilities for the Elderly,partial
8361,Residential Care,Mental Health and Substance Abuse Facilities,623220,Residential Mental Health and Substance Abuse Facilities,partial
8361,Residential Care,Other Residential Care,623990,Other Residential Care Facilities,partial
8399,"Social Services, Not Elsewhere Classified",All Other Social Advocacy Organizations,813319,Other Social Advocacy Organizations,partial
8399,"Social Services, Not Elsewhere Classified","Environment, Conservation, and Wildlife Organizations",813312,"Environment, Conservation and Wildlife Organizations",partial
8399,"Social Services, Not Elsewhere Classified",Grantmaking and Giving,813219,Other Grantmaking and Giving Services,partial
8399,"Social Services, Not Elsewhere Classified",Human Rights Organizations,813311,Human Rights Organizations,partial
8399,"Social Services, Not Elsewhere Classified",Voluntary Health Organizations,813212,Voluntary Health Organizations,partial
8412,Museums and Art Galleries,Historical and Heritage Sites,712120,Historical Sites,partial
8412,Museums and Art Galleries,Museums,712110,Museums,partial
8422,Arboreta and Botanical or Zoological Gardens,Botanical and Zoological Gardens,712130,Zoos and Botanical Gardens,partial
8422,Arboreta and Botanical or Zoological Gardens,Nature Parks and Reserves,712190,Nature Parks and Other Similar Institutions,partial
8611,Business Associations,,813910,Business Associations,partial
8621,Professional Membership Organizations,,813920,Professional Organizations,one_to_one
8631,Labor Unions and Similar Labor Organizations,,813930,Labor Unions and Similar Labor Organizations,one_to_one
8641,"Civic, Social, and Fraternal Associations",American Indian and Alaska Native Tribal Governments,921150,American Indian and Alaska Native Tribal Governments,partial
8641,"Civic, Social, and Fraternal Associations",Civic and Social Associations,813410,Civic and Social Organizations,partial
8641,"Civic, Social, and Fraternal Associations",Homeowner and Condominium Associations,813990,"Other Similar Organizations (except Business, Professional, Labor, and Political Organizations)",partial
8651,Political Organizations,,813940,Political Organizations,one_to_one
8661,Religious Organizations,,813110,Religious Organizations,one_to_one
8699,"Membership Organizations, Not Elsewhere Classified",Athletic Associations,813990,"Other Similar Organizations (except Business, Professional, Labor, and Political Organizations)",partial
8699,"Membership Organizations, Not Elsewhere Classified","Except Humane Societies, Farm Business Organizations, Athletic Associations, and Travel Motor Clubs",813410,Civic and Social Organizations,partial
8699,"Membership Organizations, Not Elsewhere Classified",Farm Business Organizations,813910,Business Associations,partial
8699,"Membership Organizations, Not Elsewhere Classified",Humane Societies,813312,"Environment, Conservation and Wildlife Organizations",partial
8699,"Membership Organizations, Not Elsewhere Classified",Travel Motor Clubs,561599,All Other Travel Arrangement and Reservation Services,partial
8711,Engineering Services,,541330,Engineering Services,partial
8712,Architectural Services,,541310,Architectural Services,one_to_one
8713,Surveying Services,Except Geophysical Surveying,541370,Surveying and Mapping (except Geophysical) Services,partial
8713,Surveying Services,Geophysical Surveying Services,541360,Geophysical Surveying and Mapping Services,partial
8721,"Accounting, Auditing, and Bookkeeping Services",Auditing Accountants,541211,Offices of Certified Public Accountants,partial
8721,"Accounting, Auditing, and Bookkeeping Services",Other Accounting Services,541219,Other Accounting Services,partial
8721,"Accounting, Auditing, and Bookkeeping Services",Payroll Services,541214,Payroll Services,partial
8731,Commercial Physical and Biological Research,,541713,Research and Development in Nanotechnology,partial
8731,Commercial Physical and Biological Research,,541714,Research and Development in Biotechnology (except Nanobiotechnology),partial
8731,Commercial Physical and Biological Research,,541715,"Research and Development in the Physical, Engineering, and Life Sciences (except Nanotechnology and Biotechnology)",partial
8732,"Commercial Economic, Sociological, and Educational Research",Market Research and Opinion Research,541910,Marketing Research and Public Opinion Polling,partial
8732,"Commercial Economic, Sociological, and Educational Research",Social Sciences and Humanities,541720,Research and Development in the Social Sciences and Humanities,partial
8733,Noncommercial Research Organizations,"Physical, Engineering, and Life Services",541713,Research and Development in Nanotechnology,partial
8733,Noncommercial Research Organizations,"Physical, Engineering, and Life Services",541714,Research and Development in Biotechnology (except Nanobiotechnology),partial
8733,Noncommercial Research Organizations,"Physical, Engineering, and Life Services",541715,"Research and Development in the Physical, Engineering, and Life Sciences (except Nanotechnology and Biotechnology)",partial
8733,Noncommercial Research Organizations,Social Sciences and Humanities,541720,Research and Development in the Social Sciences and Humanities,partial
8734,Testing Laboratories,Except Veterinary Testing Labs,541380,Testing Laboratories and Services,partial
8734,Testing Laboratories,Veterinary Testing Labs,541940,Veterinary Services,partial
8741,Management Services,Except Construction Management Services,561110,Office Administrative Services,one_to_one
8742,Management Consulting Services,Administrative and General Management Consulting,541611,Administrative Management and General Management Consulting Services,partial
8742,Management Consulting Services,Human Resources and Personnel Management Consulting,541612,Human Resources Consulting Services,partial
8742,Management Consulting Services,Human Resources and Personnel Management Consulting,561312,Executive Search Services,partial
8742,Management Consulting Services,"Manufacturing Management, Physical Distribution, and Site Location Consulting",541614,"Process, Physical Distribution, and Logistics Consulting Services",partial
8742,Management Consulting Services,Marketing Consulting,541613,Marketing Consulting Services,partial
8743,Public Relations Services,,541820,Public Relations Agencies,one_to_one
8744,Facilities Support Management Services,,561210,Facilities Support Services,one_to_one
8748,"Business Consulting Services, Not Elsewhere Classified",Agriculture Consulting and Economic Consulting,541690,Other Scientific and Technical Consulting Services,partial
8748,"Business Consulting Services, Not Elsewhere Classified",All Other Business Consulting Services,541618,Other Management Consulting Services,partial
8748,"Business Consulting Services, Not Elsewhere Classified","Educational Test Development and Evaluation Services, Educational Testing, and Educational Consulting",611710,Educational Support Services,partial
8748,"Business Consulting Services, Not Elsewhere Classified",Safety Consulting and Security Consulting,541690,Other Scientific and Technical Consulting Services,partial
8748,"Business Consulting Services, Not Elsewhere Classified",Traffic Engineering Consulting,541330,Engineering Services,partial
8748,"Business Consulting Services, Not Elsewhere Classified",Urban Planners and Industrial Development Organizations,541320,Landscape Architectural Services,partial
8811,Private Households,,814110,Private Households,one_to_one
8999,"Services, Not Elsewhere Classified",Actuarial Consulting,541612,Human Resources Consulting Services,partial
8999,"Services, Not Elsewhere Classified",Actuarial Consulting,561312,Executive Search Services,partial
8999,"Services, Not Elsewhere Classified",All Other Information Providers,513110,Newspaper Publishers,partial
8999,"Services, Not Elsewhere Classified",All Other Information Providers,513120,Periodical Publishers,partial
8999,"Services, Not Elsewhere Classified",All Other Information Providers,513130,Book Publishers,partial
8999,"Services, Not Elsewhere Classified",All Other Information Providers,513140,Directory and Mailing List Publishers,partial
8999,"Services, Not Elsewhere Classified",All Other Information Providers,513191,Greeting Card Publishers,partial
8999,"Services, Not Elsewhere Classified",All Other Information Providers,513199,All Other Publishers,partial
8999,"Services, Not Elsewhere Classified",All Other Information Providers,516210,"Media Streaming Distribution Services, Social Networks, and Other Media Networks and Content Providers",partial
8999,"Services, Not Elsewhere Classified",All Other Information Providers,519290,Web Search Portals and All Other Information Services,partial
8999,"Services, Not Elsewhere Classified","Authors, Artists, and Related Technical Services, Independent",711510,"Independent Artists, Writers, and Performers",partial
8999,"Services, Not Elsewhere Classified",Environmental Consultants,541620,Environmental Consulting Services,partial
8999,"Services, Not Elsewhere Classified",Music Publishing,512230,Music Publishers,partial
8999,"Services, Not Elsewhere Classified",Record Production,512250,Record Production and Distribution,partial
8999,"Services, Not Elsewhere Classified",Scientific and Related Consulting Services,541690,Other Scientific and Technical Consulting Services,partial
9111,Executive Offices,,921110,Executive Offices,one_to_one
9121,Legislative Bodies,,921120,Legislative Bodies,one_to_one
9131,Executive and Legislative Offices Combined,,921140,"Executive and Legislative Offices, Combined",one_to_one
9199,"General Government, Not Elsewhere Classified",,921190,Other General Government Support,one_to_one
9211,Courts,,922110,Courts,one_to_one
9221,Police Protection,,922120,Police Protection,one_to_one
9222,Legal Counsel and Prosecution,,922130,Legal Counsel and Prosecution,one_to_one
9223,Correctional Institutions,,922140,Correctional Institutions,one_to_one
9224,Fire Protection,,922160,Fire Protection,one_to_one
9229,"Public Order and Safety, Not Elsewhere Classified",,922190,"Other Justice, Public Order, and Safety Activities",one_to_one
9311,"Public Finance, Taxation, and Monetary Policy",,921130,Public Finance Activities,one_to_one
9411,Administration of Educational Programs,,923110,Administration of Education Programs,one_to_one
9431,Administration of Public Health Programs,,923120,Administration of Public Health Programs,one_to_one
9441,"Administration of Social, Human Resource and Income Maintenance Programs",,923130,"Administration of Human Resource Programs (except Education, Public Health, and Veterans' Affairs Programs)",one_to_one
9451,"Administration of Veterans' Affairs, Except Health and Insurance",,923140,Administration of Veterans' Affairs,one_to_one
9511,Air and Water Resource and Solid Waste Management,,924110,Administration of Air and Water Resource and Solid Waste Management Programs,one_to_one
9512,"Land, Mineral, Wildlife, and Forest Conservation",,924120,Administration of Conservation Programs,one_to_one
9531,Administration of Housing Programs,,925110,Administration of Housing Programs,one_to_one
9532,Administration of Urban Planning and Community and Rural Development,,925120,Administration of Urban Planning and Community and Rural Development,one_to_one
9611,Administration of General Economic Programs,,926110,Administration of General Economic Programs,one_to_one
9621,Regulation and Administration of Transportation Programs,Air Traffic Control,488111,Air Traffic Control,partial
9621,Regulation and Administration of Transportation Programs,Except Air Traffic Control,926120,Regulation and Administration of Transportation Programs,partial
9631,"Regulation and Administration of Communications, Electric, Gas, and Other Utilities",,926130,"Regulation and Administration of Communications, Electric, Gas, and Other Utilities",one_to_one
9641,Regulation of Agricultural Marketing and Commodities,,926140,Regulation of Agricultural Marketing and Commodities,one_to_one
9651,"Regulation, Licensing, and Inspection of Miscellaneous Commercial Sectors",,926150,"Regulation, Licensing, and Inspection of Miscellaneous Commercial Sectors",one_to_one
9661,Space and Research and Technology,,927110,Space Research and Technology,one_to_one
9711,National Security,,928110,National Security,one_to_one
9721,International Affairs,,928120,International Affairs,one_to_one
