last_name,first_name,middle_name,business_name,general_category,specialty,npi,dob,address,city,state,zip,exclusion_type,exclusion_date,reinstatement_date,waiver_date,waiver_state
,,,"#1 MARKETING SERVICE, INC",OTHER BUSINESS,SOBER HOME,,,239 BRIGHTON BEACH AVENUE,BROOKLYN,NY,11235,1128a1,20200319,,,
,,,"1 BEST CARE, INC",OTHER BUSINESS,HOME HEALTH AGENCY,,,"2161 UNIVERSITY AVENUE W, STE",SAINT PAUL,MN,55114,1128b5,20230518,,,
,,,101 FIRST CARE PHARMACY INC,OTHER BUSINESS,PHARMACY,1972902351,,"C/O 609 W 191ST STREET, APT D",NEW YORK,NY,10040,1128b8,20220320,,,
,,,14 LAWRENCE AVE PHARMACY,PHARMACY,,,,14 LAWRENCE AVENUE,SMITHTOWN,NY,11787,1128a1,19880830,,,
,,,143 MEDICAL EQUIPMENT CO,DME COMPANY,DME - OXYGEN,,,701 NW 36 AVENUE,MIAMI,FL,33125,1128b7,19970620,,,
,,,"149 BALLSTON AVENUE, LLC",OTHER BUSINESS,MARKETING FIRM,,,"C/O 365 W END AVE, APT 5A",NEW YORK,NY,10024,1128b6,20230227,,,
,,,184TH STREET PHARMACY CORP,OTHER BUSINESS,PHARMACY,1922348218,,69 E 184TH ST,BRONX,NY,10468,1128a1,20180419,,,
,,,1951 FLATBUSH AVENUE PHARMACY,PHARMACY,,,,1951 FLATBUSH AVE,BROOKLYN,NY,11234,1128b5,20090319,,,
,,,"1ST COMMUNITY HEALTH CTR, LTD",CLINIC,,,,3138 W CERMAK ROAD,CHICAGO,IL,60623,1128a1,19940524,,,
,,,1ST REHABILITATION OF PORT ST,MANAGEMENT SVCS CO,,,,C/O 3659 MAGUIRE BLVD,ORLANDO,FL,32803,1128b8,20020919,,,
,,,2001 BATH AVENUE PHARMACY INC,OTHER BUSINESS,PHARMACY,,,2001 BATH AVENUE,BROOKLYN,NY,11214,1128a1,20110818,,,
,,,"2258 PHARMACY, INC",PHARMACY,,,,2258 THIRD AVE,NEW YORK,NY,10035,1128b8,20030720,,,
,,,"227 NINTH AVENUE PHARMACY, INC",PHARMACY,,,,227 9TH AVE,NEW YORK,NY,10011,1128b5,19970903,,,
,,,3707 OREGON LLC,OTHER BUSINESS,ASSISTED LIVING FACI,1689095580,,8917 KAK ISLAND ST,EAGLE RIVER,AK,99577,1128a1,20260618,,,
,,,"3839 PHARMACY, INC.",PHARMACY,,,,3839 BROADWAY,NEW YORK,NY,10032,1128a1,19910704,,,
,,,54-26 DRUG CORP,PHARMACY,,,,1120 BROADWAY,BROOKLYN,NY,11221,1128b8,19861204,,,
,,,"716 TRANSPORTATION, INC",OTHER BUSINESS,TRANSPORTATION CO,,,540 VINE LANE,BUFFALO,NY,14228,1128a1,20190620,,,
,,,764 FRANKLIN AVE PHARMACY INC,PHARMACY,,,,764 FRANKLIN AVENUE,BROOKLYN,NY,11238,1128a1,19911229,,,
,,,882 E 180TH STREET DRUG CORP,PHARMACY,,,,882 E 180TH STREET,BRONX,NY,10460,1128b4,19920903,,,
,,,"A & A LIVERY, INC",TRANSPORTATION CO,,,,15 WALLACE STREET,METHUEN,MA,01844,1128a1,19930406,,,
,,,A & A MEDICAL CENTER CORP,CLINIC,,,,"8231 N W 8TH ST, STE 510",MIAMI,FL,33128,1128b8,20010719,,,
,,,"A & D PHARMACY, INC",PHARMACY,,,,467 MYRTLE AVE,BROOKLYN,NY,11205,1128a1,19930208,,,
,,,"A & H LEE PHARMACY, INC",PHARMACY,,,,268 BROADWAY,BROOKLYN,NY,11211,1128a1,20020919,,,
,,,A & H VITAMINS SUPPLY CORP,OTHER BUSINESS,PHARMACY,,,592 PALISADE AVENUE,TEANECK,NJ,07666,1128a1,20180419,,,
,,,A & I HEALTH AIDS,DME COMPANY,DME - ORTHOTICS,,,516 SUNNYBROOK DRIVE,OCEANSIDE,NY,11572,1128b5,19960213,,,
,,,A & J MEDICAL CORP,CLINIC,,,,2460 W 73RD PLACE,HIALEAH,FL,33016,1128b8,20000320,,,
,,,"A & M CARE, INC",HOME HEALTH AGENCY,,,,C/O 22 EVERETT AVE,OSSINING,NY,10562,1128a1,19970728,,,
,,,"A & Y MEDICAL SUPPLY, INC",DME COMPANY,DME - GENERAL,1942476080,,"6310 108TH STREET, APT 6J",FOREST HILLS,NY,11375,1128b8,20170518,,,
,,,"A AND A ORTHOPEDICS, INC",DME COMPANY,DME - GENERAL,,,"12250 SW 129TH COURT, BLDG 101",MIAMI,FL,33186,1128b8,20060920,,,
,,,A BACK & ACCIDENT CHIROPRACTIC,CHIROPRACTIC PRACT,,,,2973 E CHESTNUT EXPRESSWA,SPRINGFIELD,MO,65802,1128a1,19910123,,,
,,,A BASTECKI CHIROPRACTIC,CHIROPRACTIC PRACT,,,,"123 6TH ST, STE 2",AMES,IA,50010,1128b8,20030220,,,
,,,"A CARING ALTERNATIVE, INC",OTHER BUSINESS,HOME HEALTH AGENCY,1275600959,,"1229 HURON RD E, FLR 6TH",CLEVELAND,OH,44115,1128a1,20130320,,,
,,,"A DENTAL CENTER, P C - ALLEN P",DENTAL PRACTICE,,,,17234 GODDARD ROAD,ALLEN PARK,MI,48101,1128a1,20040520,,,
,,,"A DENTAL CENTER, P C - SOUTHGA",DENTAL PRACTICE,,,,C/O 7109 WINDING BROOK COURT,W BLOOMFIELD,MI,48322,1128a1,20040720,,,
,,,"A FAIR DEAL PHARMACY, INC",OTHER BUSINESS,PHARMACY,1891731758,,"C/O  P O BOX 329014, #69709-05",BROOKLYN,NY,11232,1128b8,20170518,,,
,,,A FAMILY CARE CENTER,CLINIC,,,,1775 ACCESS RD,COVINGTON,GA,30014,1128b8,20010620,,,
,,,"A G  ENTERPRISES, INC",TRANSPORTATION CO,,,,"ROUTE 2, BOX 386A",MARKSVILLE,LA,71351,1128b8,19940817,,,
,,,"A G O'DELL, INC",PHARMACY,,,,12 MAIN STREET,WATERLOO,NY,13165,1128a1,19881123,,,
,,,A GENTLE DENTAL HOMECARE GROUP,DENTAL PRACTICE,,,,681 BROADWAY AVE,BEDFORD,OH,44146,1128b6,19980603,,,
,,,"A GIFT FROM CHINA, INC",PRIVATE CIT/ENTITY,,,,8431 SW 35 TERRACE,MIAMI,FL,33155,1128b8,19960730,,,
,,,A HEALTH & STRESS FREE,REHAB FACILITY - GEN,,,,"2851 N E 183RD ST, #1614",AVENTURA,FL,33160,1128b4,20041118,,,
,,,"A HELPFUL HAND, LLC",OTHER BUSINESS,COUNSELING CENTER,1609410885,,"1000 BIBLE WAY, STE 63",RENO,NV,89502,1128a1,20260720,,,
,,,"A K MEDICAR, INC",TRANSPORTATION CO,,,,6770 N LINCOLN AVE,LINCOLNWOOD,IL,60712,1128b7,19991117,,,
,,,"A LITTLE WALNUT PHARMACY, INC.",PHARMACY,,,,10801 NORTH LAMAR,HOUSTON,TX,78758,1128a1,19890817,,,
,,,A LOVING TOUCH,TRANSPORTATION CO,,,,"1760 CANDLER RD, STE C",DECATUR,GA,30032,1128b8,20021020,,,
,,,"A PERFECT FIT FOR YOU, INC",DME COMPANY,DME - GENERAL,1265830335,,"2900 ARENDELL ST, STE 6",MOREHEAD CITY,NC,28557,1128a1,20220818,,,
,,,"A PERFECT SMILE, INC",DENTAL PRACTICE,,,,6500 COW PEN RD,MIAMI LAKES,FL,33014,1128b8,20071120,,,
,,,"A SERVICE CAB CO, INC",OTHER BUSINESS,TRANSPORTATION CO,,,3704 AIRLINE DRIVE,METAIRIE,LA,70001,1128a1,20170720,,,
,,,"A T N S, INC",DME COMPANY,,,,"4875 N FEDERAL HWY, #9D",FT LAUDERDALE,FL,33308,1128b8,19980420,,,
,,,A&E MEDICAL EQUIP OF S FLORIDA,DME COMPANY,DME - GENERAL,,,13207 S W 46 LANE,MIAMI,FL,33175,1128b8,19970805,,,
,,,"A-1 ARTISTIC LANDSCAPING, INC",PRIVATE CIT/ENTITY,,,,2815 NE 7TH STREET,MIAMI,FL,33125,1128b7,19960730,,,
,,,A-1 TRANSPORTATION SERVICES,TRANSPORTATION CO,,,,10834 W HARVEST LANE,MILWAUKEE,WI,53225,1128a1,19991020,,,
,,,A-BELL TRANSPORTATION,TRANSPORTATION CO,,,,"C/O 405 FAIRBURN RD, S W,",ATLANTA,GA,30331,1128b8,19970702,,,
,,,"A-COMMUNITY HOME HEALTH, INC",HOME HEALTH AGENCY,,,,1172 N E 196TH STREET,N MIAMI BEACH,FL,33179,1128b8,19980319,,,
,,,"A-COMMUNITY HOME HEALTH, INC",HOME HEALTH AGENCY,,,,33 N E 4TH ST,MIAMI,FL,33101,1128b8,20030320,,,
,,,A1 CLASS CAR INC,OTHER BUSINESS,TRANSPORTATION CO,,,7 PRESTWICK DRIVE,MONROE,NY,10950,1128a1,20260120,,,
,,,"AAA MEDICAL, PC",PHYSICIAN PRACTICE (,GENERAL PRACTICE,,,954 SEAVIEW DRIVE,OYSTER BAY,NY,11771,1128a1,20220320,,,
,,,"AAA PLUS HOME HEALTH CARE, LLC",OTHER BUSINESS,HOME HEALTH AGENCY,,,6160 104TH CIRCLE NORTH,MINNEAPOLIS,MN,55443,1128a1,20170620,,,
,,,"ABBA'S LIMO SERVICE, LLC",TRANSPORTATION CO,,,,4822 TRAILMARK LOOP,COLORADO SPRINGS,CO,80916,1128b8,20040420,,,
,,,ABBOTT PHARMACY & SURGICAL,PHARMACY,,,,753 COMMACK ROAD,BRENTWOOD,NY,11717,1128b1,19940301,,,
,,,ABBRUZZESE CHIROPRACTIC REHABI,CHIROPRACTIC PRACT,,,,1101 WEST FIRST AVENUE,COLUMBUS,OH,43212,1128b8,20070820,,,
,,,ABC DIAGNOSTIC,CLINIC,,,,20284 OLD CUTLER RD,MIAMI,FL,33257,1128b8,19980120,,,
,,,ABC EUREKA MEDICAL RENTALS,DME COMPANY,,,,"1800 W 49TH ST, #115",HIALEAH,FL,33016,1128b8,20000518,,,
,,,"ABERDEEN AMBULANCE SERVICE, IN",AMBULANCE COMPANY,,,,524 NORTH 4TH STREET,ABERDEEN,SD,57401,1128a1,19990816,,,
,,,"ABI GEZUNT PHARMACY, INC",PHARMACY,,,,1454 E 26TH STREET,BROOKLYN,NY,11210,1128a1,19940810,,,
,,,"ABRANT CARE PHARMACY CORP, INC",OTHER BUSINESS,PHARMACY,,,"777 NE 79TH ST, STE 100",MIAMI,FL,33138,1128b4,20110818,,,
,,,ABSOLUTE CARE BENJAMIN WILLIAM,HOME HEALTH AGENCY,,,,2438-15TH AVENUE SOUTH,MINNEAPOLIS,MN,55404,1128b8,19970227,,,
,,,ABSOLUTE MEDICAL SUPPLIES SERV,DME COMPANY,DME - GENERAL,1588302186,,"246 STADDEN ROAD, STE 105",TANNERSVILLE,PA,18372,1128Aa,20260624,,,
,,,"ABUNDANT LIFE CENTER, INC",CLINIC,,,,30 SOUTH BROADWAY,BALTIMORE,MD,21231,1128b2,19891018,,,
,,,"ACACIA MENTAL HEALTH CLINIC, L",OTHER BUSINESS,MENTAL/BEHAVIORAL HE,1851631543,,5228 W FOND DU LAC AVENUE,MILWAUKEE,WI,53216,1128b7,20190326,,,
,,,ACCELERATED BEHAVIOR MANAGEMEN,OTHER BUSINESS,COMM MNTL HLTH CNTR,1902198435,,6148 W SAHARA AVENUE,LAS VEGAS,NV,89146,1128a1,20160120,,,
,,,"ACCESS 2 INTEGRATION, INC",OTHER BUSINESS,CONSULTING FIRM,1073916631,,16095 PROSPERITY DR,NOBLESVILLE,IN,46060,1128b7,20210816,,,
,,,ACCESSIBILITY DESIGNS & MANAGE,OTHER BUSINESS,ALLIED HEALTH RELATE,,,6800 PITTSFORD PALMYRA RD,FAIRPORT,NY,14450,1128a1,20110920,,,
,,,ACCREDITED NURSING SVCS OF FL,DME COMPANY,,,,3775 N W 16TH ST,LAUDERHILL,FL,33313,1128b8,19980420,,,
,,,"ACCUNET SERVICES, INC",MANAGEMENT SVCS CO,,,,C/O3110 SHORELAND AVE,TOLEDO,OH,43611,1128b8,20080215,,,
,,,"ACE CLINIQUE OF MEDICINE, LLC",OTHER BUSINESS,LAB - CLINICAL,,,"P O BOX 14500, #17745-032",LEXINGTON,KY,40512,1128a1,20181120,,,
,,,"ACLF MEDICAL SERVICES, INC",CLINIC,,,,11501 N W 2 AVE,MIAMI,FL,33168,1128b8,19990420,,,
,,,"ACO PHARMACY, INC",PHARMACY,,,,8352 N E 2ND AVE,MIAMI,FL,33138,1128b4,20050920,,,
,,,ACTION NON-EMERGENCY TRANS. CO,TRANSPORTATION CO,,,,C/O 5140 WEBB DRIVE,DOUGLASVILLE,GA,30135,1128b8,19970710,,,
,,,"ACTIVE LIVING CENTER, INC",DME COMPANY,DME - GENERAL,,,700 KENSINGTON DR,CHAPEL HILL,NC,27514,1128a1,19970415,,,
,,,"ACTIVE PAIN CLINIC, PA",CLINIC,,,,5303 LOCUST PLACE,NEW PORT RICHEY,FL,34652,1128b8,20061019,,,
,,,ACTON RENTAL SALES COMPANY,DME COMPANY,DME - GENERAL,,,18401 VAN DYKE AVENUE,DETROIT,MI,48234,1128Aa,19891024,,,
,,,"ACUPUNCTURE CENTER OF FLA, INC",CLINIC,,,,"7837 10TH AVE, SOUTH",ST PETERSBURG,FL,33707,1128b8,19970403,,,
,,,ACUPUNCTURE CHIROPRACTIC MEDIC,CHIROPRACTIC PRACT,,,,12728 WASHINGTON BLVD,LOS ANGELES,CA,90066,1128b8,20040819,,,
,,,"ACUTE CARE OF NEVADA, LLC",OTHER BUSINESS,COMM MNTL HLTH CNTR,1437510278,,2709 LIDIA STREET,NORTH LAS VEGAS,NV,89032,1128a1,20230420,,,
,,,ADAM HEALTHCARE EQUIPMENT CORP,DME COMPANY,DME - GENERAL,,,51 SMART AVE,YONKERS,NY,10704,1128a1,19941108,,,
,,,ADAMS LOVING PRO HEALTH CARE,OTHER BUSINESS,HOME HEALTH AGENCY,1073682936,,"1277 HIGHWAY 82 W, STE 218",LEESBURG,GA,31763,1128b7,20150409,,,
,,,ADAMS SQUARE PHARMACY,OTHER BUSINESS,PHARMACY,,,1122A EAST CHEVY CHASE DR,GLENDALE,CA,91205,1128b4,20150720,,,
,,,ADAPTED WHEELCHAIR RESTORATION,DME COMPANY,DME - GENERAL,,,157-33 ROSE AVE,FLUSHING,NY,11355,1128b8,20010520,,,
,,,ADAPTIVE LIVING CNTR OF TX INC,INTER CARE FACILITY,,,,1916 SELEY,WACO,TX,76705,1128a1,19880707,,,
,,,ADDY CORPORATION,PHARMACY,,,,1570 N W 14TH STREET,MIAMI,FL,33125,1128a1,19890815,,,
,,,"ADEL PHYSICAL THERAPY, PC",OTHER BUSINESS,PHYS THERAPY PROVIDE,1902166028,,"C/O 8605 60TH ROAD, APT 3K",ELMHURST,NY,11373,1128b8,20170518,,,
,,,"ADIRONDACK HOME CARE, INC",DME COMPANY,DME - GENERAL,,,40 OLD ROUTE 4,CLIFTON PARK,NY,12065,1128a1,19920706,,,
,,,ADLIFE HEALTH CARE,OTHER BUSINESS,HOME HEALTH AGENCY,,,"135 WESTERN AVE, BOX 788, #T93",FRAMINGHAM,MA,01701,1128a1,20140420,,,
,,,"ADMINISTRATOR ONE MOM, INC",MANAGEMENT SVCS CO,,,,2268 56TH DRIVE,BROOKLYN,NY,11234,1128a1,20090618,,,
,,,ADOLFO CONSULTING SERVICES INC,CONSULTING FIRM,,,,"15476 N W 77TH COURT, #41",MIAMI,FL,33016,1128Aa,19971018,,,
,,,ADULT & ADOLESCENT PSYCHIATRY,CLINIC,,,,C/O 509 OCEAN AVE,WEST HAVEN,CT,06516,1128b7,19980924,,,
,,,ADULTCARE SOLUTIONS LLC,OTHER BUSINESS,CLINIC,1992906937,,12444 LUSHER ROAD,SAINT LOUIS,MO,63138,1128b8,20140720,,,
,,,ADVANCE HEALTHCARE CONSULT,DME COMPANY,DME - PROSTHETICS,,,"524 HUFFMAN ROAD, SUITE D",BIRMINGHAM,AL,35215,1128a1,19921210,,,
,,,"ADVANCED CARE TRANSPORT, LLC",OTHER BUSINESS,TRANSPORTATION CO,1104947944,,19341 LINCOLN HIGHWAY,PLYMOUTH,IN,46563,1128a1,20140820,,,
,,,ADVANCED CLINICAL ASSOCIATES,CLINIC,,,,201 N CHARLES ST,BALTIMORE,MD,21201,1128a1,19980520,,,
,,,"ADVANCED COUNSELING GROUP, LLC",OTHER BUSINESS,COUNSELING CENTER,1164669479,,"3170 E SUNSET RD, SUITE A",LAS VEGAS,NV,89120,1128a1,20161020,,,
,,,"ADVANCED DENTAL CONSULTING, IN",DENTAL PRACTICE,,,,2702 E 225TH  SOUTH,WARSAW,IN,46580,1128a1,20071018,,,
,,,ADVANCED FAMILY DIAGNOSTIC CEN,LABORATORY,,,,4824 EAST C HILL RD,AVON PARK,FL,33825,1128b8,20071018,,,
,,,ADVANCED HEALTH CLINIC,ACUPUNCTURIST,,,,1025 E UNIVERSITY DR,MESA,AZ,85203,1128b8,20020220,,,
,,,ADVANCED HEALTHCARE CONSULTANT,CONSULTING FIRM,,,,C/O 905 CREEKLINE WAY,MCKINNEY,TX,75070,1128b8,20070820,,,
,,,ADVANCED HOME HEALTH CARE,HOME HEALTH AGENCY,,,,20 LAUREL STREET,PITTSTON,PA,18640,1128a1,19930527,,,
,,,ADVANCED MEDICAL DIAGNOSTICS,LABORATORY,,,,"POB 191, 135 FRONT STREET",INDIANOLA,MS,38751,1128b7,19961219,,,
,,,ADVANCED MEDICAL PRACTICES,OTHER BUSINESS,CLINIC,,,"2170 WEST SR 434, STE 190",LONGWOOD,FL,32779,1128a1,20110920,,,
,,,ADVANCED MEDICAL SOLUTIONS,DME COMPANY,,,,142 MARION ST,DENVER,CO,80218,1128b8,19990214,,,
,,,"ADVANCED MEDICAL SUPPLIERS, IN",DME COMPANY,DME - HOME INFUSION,,,6838 KENTUCKY AVENUE,HAMMOND,IN,46323,1128b8,20060620,,,
,,,"ADVANCED MOBILE DIAGNOSTICS, C",CLINIC,,,,"C/O 2121 SW 17TH ST, NUM 212",MIAMI,FL,33145,1128b8,20070220,,,
,,,ADVANCED NEUROLOGICAL CARE,CLINIC,,,,"3970 W FLAGLER ST, STE 20",MIAMI,FL,00000,1128b8,19980120,,,
,,,"ADVANCED OPTICAL, INC",OPTICAL PRACTICE,,,,168 HAMILTON AVE,TRENTON,NJ,08609,1128b8,20010719,,,
,,,ADVANCED ORTHOPAEDICS & SPORTS,CLINIC,,,,"4701 MANATEE AVE, W",BRADENTON,FL,34209,1128b7,20020927,,,
,,,ADVANCED REHAB CONCEPTS,REHAB FACILITY - GEN,,,,"P O BOX 5000, #27834-013",FLORENCE,CO,81226,1128b8,19981020,,,
,,,"ADVANTAGE MEDICAL TRANSPORT, I",OTHER BUSINESS,AMBULANCE COMPANY,1043302250,,P O BOX 759,MINERSVILLE,PA,17954,1128a1,20160720,,,
,,,"ADVERSITIES N TIME, LLC",OTHER BUSINESS,MENTAL/BEHAVIORAL HE,1588167472,,820 E CHARLESTON BOULEVARD,LAS VEGAS,NV,89104,1128a1,20240620,,,
,,,"ADVOCATE RX, INC",PHARMACY,,,,2101 N E 210 ST,N MIAMI BEACH,FL,33179,1128b8,20031020,,,
,,,"ADVOQUE SAFEGUARD, LLC",OTHER BUSINESS,REGULATED INDUSTRY,,,"760 NEWHALL DRIVE, #1102",SAN JOSE,CA,95110,1128a3,20260520,,,
,,,"AEROMEDICAL SERVICES, INTER",AMBULANCE COMPANY,,,,"145 E RENO, SUITE E-7",LAS VEGAS,NV,89119,1128a1,20000720,,,
,,,"AESTHETIC & VEIN INSTITUTE, IN",MEDICAL GROUP,,,,"7220 W JEFFERSON AVE, STE 330",LAKEWOOD,CO,80235,1128b8,20041020,,,
,,,AFFORDABLE CHIROPRACTIC,CHIROPRACTIC PRACT,,,,"4550 WADSWORTH BLVD, #G",WHEAT RIDGE,CO,80033,1128b8,19991220,,,
,,,"AFFORDABLE CHIROPRACTIC, INC",CHIROPRACTIC PRACT,,,,4720 GREAT NORTHER BLVD,N OLMSTEAD,OH,44070,1128b8,20041020,,,
,,,AFFORDABLE DENTAL CARE OF CAPE,COUNSELING CENTER,,,,20605 CAROUSEL CIRCLE W,BOCA RATON,FL,33428,1128b8,20000518,,,
,,,"AFFORDABLE PHARMACY, INC",OTHER BUSINESS,PHARMACY,1801231436,,"8030 FM 1765, STE A104",TEXAS CITY,TX,77591,1128a1,20211029,,,
,,,AFTER HOURS PHARMACY,PHARMACY,,,,1800 BIRMINGHAM AVE,JASPER,AL,35501,1128b8,19991118,,,
,,,AGL LAB CORP,LABORATORY,,,,"10760 W FLAGLER ST, #4",MIAMI,FL,33126,1128b7,19981214,,,
,,,"AGMA DRUG, INC",PHARMACY,,,,466 HILDA ESTATE,EAST MEADOW,NY,11554,1128b8,20010118,,,
,,,AGNES CENTERS FOR DOMESTIC SOL,OTHER BUSINESS,COMM MNTL HLTH CNTR,1609376698,,REGISTERED AGENT,MARICOPA,AZ,85138,1128a1,20250220,,,
,,,AGUILAR PHARMACY,PHARMACY,,,,100 WEST 105TH ST,NEW YORK,NY,10025,1128a1,19991020,,,
,,,AID AMBULANCE SERVICE,TRANSPORTATION CO,,,,2620 N MAIN STREET,DAYTON,OH,45405,1128a1,19870818,,,
,,,"AIDS FOR RECOVERY, INC",DME COMPANY,DME - GENERAL,1427054014,,454 STONE CANYON DRIVE,SUNNYVALE,TX,75182,1128Aa,20260622,,,
,,,AIM PHARMACY AND SURGICALS COR,OTHER BUSINESS,PHARMACY,1912011800,,1655 GRAND AVENUE,BALDWIN,NY,11510,1128b8,20220320,,,
,,,"AK CHIROPRACTIC, P C",OTHER BUSINESS,CHIROPRACTIC PRACT,1780812768,,C/O 12786 NW 75TH STREET,PARKLAND,FL,33076,1128b7,20161216,,,
,,,"AL-CARE, C S W, P C",COUNSELING CENTER,,,,445 NEW KARNER RD,ALBANY,NY,12205,1128a1,19990120,,,
,,,ALAMO CHIROPRACTIC CENTER,CHIROPRACTIC PRACT,,,,"5601 S 56TH ST, SUITE 16",LINCOLN,NE,68516,1128b8,19930714,,,
,,,ALAMO MEDICAL SUPPLY & EQPMT,DME COMPANY,DME - GENERAL,,,7101 VALJEAN AVE,VAN NUYS,CA,91406,1128b8,20030420,,,
,,,"ALAN ROBERT SCHANKMAN, MD, INC","MEDICAL PRACTICE, MD",OPHTHALMOLOGY,,,12840 RIVERSIDE DRIVE,N HOLLYWOOD,CA,91607,1128b8,19920528,,,
,,,ALASKA MEDICAL GROUP MANAGEMEN,OTHER BUSINESS,MANAGEMENT SVCS CO,,,P O BOX 1803,KENAI,AK,99611,1128a1,20250619,,,
,,,"ALBERT ADES, M D, P A",PHYSICIAN PRACTICE (,GENERAL PRACTICE,1447560867,,"P O BOX 779800, #67194-050",MIAMI,FL,33177,1128b8,20170620,,,
,,,"ALBERTO QUIRANTES, C.P.O., INC",DME COMPANY,DME - GENERAL,,,"2526 W FLAGLER STREET, SU",MIAMI,FL,33135,1128a1,19910317,,,
,,,ALCARE RESPIRATORY SERVICES,DME COMPANY,DME - GENERAL,,,C/O 42 BRIANBETH PLACE,TAPPAN,NY,10983,1128a1,19970708,,,
,,,ALCARE RESPIRATORY SERVICES,DME COMPANY,DME - GENERAL,,,46 SOUTH BROADWAY,NYACK,NY,10960,1128b5,19970107,,,
,,,ALDINE BENDER CHIROPRACTIC,CHIROPRACTIC PRACT,,,,"1131 ALDINE BENDER RD, C",HOUSTON,TX,77032,1128b8,20010713,,,
,,,ALDO INTERNATIONAL CORP,PHARMACY,,,,1750 NW 20TH STREET,MIAMI,FL,33142,1128a1,19900424,,,
,,,ALEF CAB COMPANY,OTHER BUSINESS,TRANSPORTATION CO,1942460860,,1017 LUNT AVENUE,SCHAUMBURG,IL,60193,1128b5,20240118,,,
,,,"ALERT DIAGNOSTICS, INC",CLINIC,,,,8249 N W 36TH ST,MIAMI,FL,33166,1128Aa,19971201,,,
,,,"ALEXANDER GERBAKHER, DMD, CORP",OTHER BUSINESS,DENTAL PRACTICE,1962839795,,"5536 LINDLEY AVENUE, #3047",ENCINO,CA,91316,1128b7,20231017,,,
,,,"ALEXANDER KHAVASH D C, P C",OTHER BUSINESS,CHIROPRACTIC PRACT,1790963460,,C/O 12786 NW 75TH STREET,SAINT PETERSBURG,FL,33706,1128b7,20161216,,,
,,,ALEXANDRIA DURABLE MEDICAL EQU,DME COMPANY,DME - OXYGEN,1952948002,,"8242 ALEXANDRIA PIKE, STE 100",ALEXANDRIA,KY,41001,1128Aa,20260619,,,
,,,ALKHEIRAT INC,OTHER BUSINESS,PHARMACY,1750442018,,1081 RUTLAND RD,BROOKLYN,NY,11212,1128a1,20201020,,,
,,,ALL ABOUT HEALTH AND WELLNESS,CHIROPRACTIC PRACT,,,,3340 NE 32 STREET,FT LAUDERDALE,FL,33308,1128b8,20071120,,,
,,,ALL AMERICAN MEDICAL EQUIPMENT,DME COMPANY,,,,3110 WASHINGTON,PASADENA,TX,77503,1128b7,19800307,,,
,,,"ALL CARING NURSES, INC",OTHER BUSINESS,HOME HEALTH AGENCY,1073671517,,P O BOX 1201,PAINTSVILLE,KY,41240,1128b5,20120320,,,
,,,"ALL EQUIPMENTS SERVICES, INC",PHARMACY,,,,7209 SW 24 STREET,MIAMI,FL,33155,1128b8,20061220,,,
,,,ALL STAR MARKETING INC,BILLING SERVICE CO,,,,6418 S W 9TH AVE,MIAMI,FL,33173,1128b8,20030420,,,
,,,"ALL STAR SHOES, INC",DME COMPANY,DME - GENERAL,,,135 ORCHARD STREET,NEW YORK,NY,10013,1128a1,19920227,,,
,,,"ALL-DADE HEATLH CARE, INC",CLINIC,,,,1250 N W 7TH ST,MIAMI,FL,33125,1128b7,20040810,,,
,,,ALL-MED BILLING CORP,BILLING SERVICE CO,,,,"P O BOX 1031, #79465-004",COLEMAN,FL,33521,1128b7,20091207,,,
,,,ALL-SHURE CORPORATION,CLINIC,,,,"C/O 35-31 GAINES BASIN RD, #06",ALBION,NY,14411,1128a3,20070920,,,
,,,ALLANT HEALTH CARE INC,DME COMPANY,DME - DIETARY SUPPLI,,,2676 S W 137 AVENUE,MIAMI,FL,33175,1128b8,19960215,,,
,,,"ALLCARE HEALTH SERVICES, INC",DME COMPANY,,,,9 OLD COLONY RD,MONROE,CT,06468,1128b8,19990318,,,
,,,ALLEN RESEARCH CORPORATION,OTHER BUSINESS,RESEARCH COMPANY,,,3644 CORKWOOD DRIVE,FRISCO,TX,75033,1128b7,20200720,,,
,,,"ALLEN T FAN, D D S, INC",DENTAL PRACTICE,,,,871 S ATLANTIC BLVD,MONTEREY PARK,CA,91754,1128b8,20040420,,,
,,,ALLERGY & IMMUNO LAB,LABORATORY,,,,8350 ROOSEVELT BLVD,PHILADELPHIA,PA,19115,1128b5,19920913,,,
,,,ALLERGY AND ASTHMA ASSOCIATES,PHYSICIAN PRACTICE (,ALLERGIST/IMMUNOLOGY,,,1117 S JEFFERSON STREET,ROANOKE,VA,24016,1128a1,20220920,,,
,,,"ALLERTON PARK PHARMACY, INC",OTHER BUSINESS,PHARMACY,1376533083,,645 ALLERTON AVENUE,BRONX,NY,10467,1128b8,20181120,,,
,,,"ALLIED HOME CARE SERVICES, INC",HOME HEALTH AGENCY,,,,"29237 ELK LAKE RD, E",ZIMMERMAN,MN,55398,1128b8,20091220,,,
,,,ALLIED MEDICAL CLINIC,CLINIC,,,,38 N W 8TH ST,HOMESTEAD,FL,33030,1128b8,20020418,,,
,,,ALLIED WORLD MARKETING,DME COMPANY,DME - GENERAL,,,2006 W TEMPLE STREET,LOS ANGELES,CA,90026,1128b8,19921104,,,
,,,ALOHA HOME II,SKILLED NURSING FAC,,,,625 BARBARA DR,GRANS PASS,OR,97526,1128b8,19990720,,,
,,,ALOHA OSTEOPATHIC PROFESSIONAL,OSTEOPATHIC PRAC,,,,"4218 WAIALAE AVE, STE 106",HONOLULU,HI,96816,1128b8,20040120,,,
,,,ALONDRA COMMUNITY HOSPITAL,HOSPITAL,,,,9246 E ALONDRA BLVD,BELLFLOWER,CA,90601,1128b6,19790306,,,
,,,ALOSTA FAMILY DENTAL,DENTAL PRACTICE,,,,"750 W ALSOTA, SUITE F",GLENDORA,CA,91740,1128b8,20021020,,,
,,,ALPHA BETA MEDICAL SUPPLY,DME COMPANY,DME - GENERAL,,,10890 BUSTLETON AVE,PHILADELPHIA,PA,19116,1128b5,19990120,,,
,,,ALPHA HERBS & VITAMINS,REHAB FACILITY - GEN,,,,"11000 FONDREN, STE C #7B",HOUSTON,TX,77096,1128b8,20050119,,,
,,,ALPHA OMEGA HEALTH CARE MGMT,MANAGEMENT SVCS CO,,,,C/O P O BOX 1029,COLEMAN,FL,33521,1128b8,20020718,,,
,,,ALPHA SENIOR HEALTH GROUP,CHIROPRACTIC PRACT,,,,"11000 FONDREN, STE C #7A",HOUSTON,TX,77096,1128b8,20050119,,,
,,,"ALPHA-OMEGA PHARMACY, LLC",OTHER BUSINESS,PHARMACY,1770828741,,"4625 E BAY DR, STE 313",CLEARWATER,FL,33764,1128a3,20230420,,,
,,,ALPINE SURGICAL SERVICES,OTHER BUSINESS,HOSPITAL,,,"20126 BALLINGER WAY NE, STE 16",SHORELINE,WA,98155,1128b8,20131120,,,
,,,ALROD MEDICAL EQUIPMENT CORP,DME COMPANY,DME - GENERAL,,,4516 S W 132ND PLACE,MIAMI,FL,33175,1128b8,20050720,,,
,,,"ALSI CARE SERVICES, INC",HOME HEALTH AGENCY,,,,10105 S W 2ND TERRACE,MIAMI,FL,33174,1128b8,20010920,,,
,,,"ALSI MEDICAL EQUIPMENT, INC",HOME HEALTH AGENCY,,,,10105 S W 2ND TERRACE,MIAMI,FL,33174,1128b8,20010920,,,
,,,"ALTERNATIVE COUNSELING CLINIC,",COUNSELING CENTER,,1285786608,,"8990 SPRINGBOOK DR, NW, STE 22",COON RAPIDS,MN,55433,1128b8,20100420,,,
,,,ALTERNATIVE HEALTH CARE SVC,DME COMPANY,,,,16835 DEER CREEK DR,SPRING,TX,77379,1128a1,19910325,,,
,,,"ALTIMA TRANSPORTATION, LLC",AMBULANCE COMPANY,,,,"33 VAN SICKLEN ST, 2F",BROOKLYN,NY,11223,1128b5,20061120,,,
,,,"ALTOS CARE, INC",INTER CARE FACILITY,,1205019767,,"333 W SANTA CLARA ST, STE 700",SAN JOSE,CA,95113,1128a2,20090618,,,
,,,"AMARA MEDICAL CENTER, LLC",OTHER BUSINESS,CLINIC,1881298065,,"4616 W SAHARA AVENUE, SUITE 48",LAS VEGAS,NV,89102,1128b8,20240919,,,
,,,"AMAZON HEALTH CENTER, INC",CLINIC,,1346254653,,9900 S GESSNER RD,HOUSTON,TX,77071,1128b8,20100120,,,
,,,"AMBAMA CLINIC, P C",PHYSICIAN PRACTICE (,INTERNAL MEDICINE,1205992989,,16 HONEYSUCKLE LANE,HANOVER,MA,02339,1128a1,20190620,,,
,,,AMBU LIFT TRANSPORT,TRANSPORTATION CO,,,,P O BOX 294,CAMERON,WI,54822,1128a1,20080420,,,
,,,AMBU-COACH AMBULANCE CO,TRANSPORTATION CO,,,,558 ANDERSON AVENUE,CLIFFSIDE PARK,NJ,07010,1128b7,19860221,,,
,,,"AMBULATORY HEALTH ASSOC, INC",AMBLNTRY SRGCL CNTR,,,,14421 INTERNATIONAL DR,ORLANDO,FL,32821,1128b8,20010920,,,
,,,AMBULATORY HEALTH CARE SERVICE,OTHER BUSINESS,HOME HEALTH AGENCY,1922151851,,7660 GROSS POINT ROAD,SKOKIE,IL,60077,1128b7,20150319,,,
,,,"AMBULETTE P R N, INC",OTHER BUSINESS,AMBULANCE COMPANY,,,601 BRIGHTON BEACH AVE,BROOKLYN,NY,11235,1128a1,20111020,,,
,,,"AMEGROW GROUP, INC",TRANSPORTATION CO,,1942399753,,"1400 W DEVON AVE, STE 301",CHICAGO,IL,60660,1128b5,20110220,,,
,,,"AMERI-CARE EMS, INC",TRANSPORTATION CO,,,,295 VALLEY HILL RD,RIVERDALE,GA,30274,1128a1,20020320,,,
,,,AMERICA HOME HEALTH CARE SERVI,HOME HEALTH AGENCY,,,,7 CREST GATE,HOUSTON,TX,77082,1128b8,20080320,,,
,,,"AMERICA'S IMAGING CENTER, INC",OTHER BUSINESS,RADIOLOGY FACILITY,,,"10 WATERVIEW RD, 77A",GREAT NECK,NY,11024,1128a1,20250720,,,
,,,"AMERICAN BASE NO 1, INC",OTHER BUSINESS,TRANSPORTATION CO,1265081772,,3077 3RD AVENUE,BRONX,NY,10451,1128a1,20260420,,,
,,,AMERICAN COMPUTER COMPANY,BILLING SERVICE CO,,,,15102 KERCHEVAL,GROSSE PT PARK,MI,48230,1128a1,19930310,,,
,,,AMERICAN DIAGNOSTIC EXPRESS,CLINIC,,,,C/O P O BOX 600,EGLIN AFB,FL,32542,1128b8,19990819,,,
,,,"AMERICAN FAMILY HOME CARE, INC",HOME HEALTH AGENCY,,,,C/O 26 JERRY LANE,N KINGSTOWN,RI,02852,1128a1,20010920,,,
,,,AMERICAN FAMILY PHARMACEUTICAL,MEDICAL GROUP,,,,"4081 TAMIAMI TRAIL, #C101",NAPLES,FL,34103,1128b8,20050320,,,
,,,AMERICAN HEALTH CENTER,CLINIC,,,,538 WEST 41 PLACE,HIALEAH,FL,33012,1128b8,19980120,,,
,,,AMERICAN HEALTHCARE MANAGEMENT,MANAGEMENT SVCS CO,,,,"#11 THE PINES COURT, STE A",ST LOUIS,MO,63141,1128b7,20051019,,,
,,,"AMERICAN HEALTHCARE MGMT, INC",MANAGEMENT SVCS CO,,,,11A THE PINES,CHESTERFIELD,MO,63141,1128a2,20040617,,,
,,,AMERICAN HOME VISION,OPTOMETRIC PRACTICE,,,,"1030 WOODCREST TERRACE DR, #20",ST LOUIS,MO,63141,1128b7,20040315,,,
,,,AMERICAN INSTITUTE OF PLASTIC,CLINIC,,,,1431 MIDDLE RIVER DR,FT LAUDERDALE,FL,33304,1128b8,20030120,,,
,,,"AMERICAN INVESTORS FUND, INC",DME COMPANY,DME - GENERAL,,,1400 COLORADO STREET,BOULDER CITY,NV,89005,1128b7,20071030,,,
,,,AMERICAN MEDICAL & VITAL BREAT,DME COMPANY,DME - GENERAL,,,FEDERAL PRISON CAMP,MAXWELL AFB,AL,36112,1128a1,19881125,,,
,,,AMERICAN MEDICAL HOLDING CO,MEDICAL GROUP,,,,3775 N W 16TH ST,LAUDERHILL,FL,33313,1128b8,19980420,,,
,,,AMERICAN MEDICAL PRODUCTS & SV,DME COMPANY,DME - GENERAL,,,34 INDUSTRIAL LOOP N,ORANGE PARK,FL,32073,1128a1,20041220,,,
,,,AMERICAN MEDICAL TECHNOLOGY,DME COMPANY,DME - GENERAL,,,1750 CEDAR BRIDGE AVE,LAKEWOOD,NJ,87016,1128b7,19980622,,,
,,,AMERICAN MEDICAL TRANSPORT,TRANSPORTATION CO,,,,626 JENNIFER JEAN DRIVE,BATON ROUGE,LA,70808,1128b8,19930826,,,
,,,AMERICAN MUNICIPAL AMBULANCE,AMBULANCE COMPANY,,,,P O BOX 44375,SHREVEPORT,LA,71134,1128b8,19960708,,,
,,,AMERICAN PHYSICAL THERAPY & SP,CLINIC,,1235104571,,"225 W WACKER DR, STE 200",CHICAGO,IL,60606,1128b8,20060420,,,
,,,AMERICAN PRUDENT CARE,DME COMPANY,DME - GENERAL,,,"C/O 37900 N 45TH AVE, #16",PHOENIX,AZ,85027,1128b8,19990420,,,
,,,AMERICAN RADIOLOGY SERVICES CO,CHIROPRACTIC PRACT,,1659424224,,5967 TELEGRAPH ROAD,TOLEDO,OH,43612,1128b8,20080215,,,
,,,AMERICAN SLEEP INSTITUTE,OTHER BUSINESS,CLINIC,1629125307,,"7150 W 20TH AVENUE, STE 510",HIALEAH,FL,33016,1128b7,20160115,,,
,,,AMERICAN THERAPEUTIC CORP,OTHER BUSINESS,CLINIC,1215968847,,1801 NE 2ND AVENUE,MIAMI,FL,33132,1128b7,20160115,,,
,,,AMERICAN THERAPUTIC CORPORATIO,OTHER BUSINESS,COMM MNTL HLTH CNTR,1215968847,,1801 NE 2ND AVE,MIAMI,FL,33132,1128a1,20120320,,,
,,,"AMERICAN WELLNESS ASSOCIATES,",CLINIC,,,,1823 S WELCH CIRCLE,LAKEWOOD,CO,80228,1128b8,20090520,,,
,,,"AMERICARE MEDICAL SUPPLY, INC",DME COMPANY,DME - GENERAL,,,"3857 WHITTIER BLVD, STE B",LOS ANGELES,CA,90023,1128b8,20050519,,,
,,,AMERIHEALTH SOLUTIONS CORP,OTHER BUSINESS,CLINIC,1528943032,,"4471 NW 36TH STREET, STE 101",MIAMI,FL,33166,1128b7,20260818,,,
,,,AMERILOU PHARMACY CORP,PHARMACY,,,,2 FRANKLIN COURT,E GARDEN CITY,NY,11530,1128b8,20010220,,,
,,,"AMERITEX MEDICAL, INC",DME COMPANY,DME - GENERAL,,,1612 TAMPICO STREET,PLANO,TX,75075,1128b8,19950405,,,
,,,AMEX II,CONSULTING FIRM,,,,"2999 N 44TH ST, #100",PHOENIX,AZ,85018,1128b7,20011009,,,
,,,"AMEX INTERNATIONAL, INC",OTHER BUSINESS,TRANSPORTATION CO,,,"17W695 BUTTERFIELD RD, STE B",VILLA PARK,IL,60181,1128b5,20140720,,,
,,,"AMG MEDICAL SERVICES, INC",MEDICAL GROUP,,,,"995 N MIAMI BEACH, 116",N MIAMI BEACH,FL,33162,1128b8,20021120,,,
,,,"AMGU, INC",HOME HEALTH AGENCY,,,,3412 DENVER DRIVE,MCKINNEY,TX,75070,1128b8,20050620,,,
,,,AMITAN HEALTH SERVICES OF DADE,HOME HEALTH AGENCY,,,,"8600 N W 36 ST, STE 301",MIAMI,FL,33166,1128b7,19991115,,,
,,,"AN INTERNATIONAL, LLC",OTHER BUSINESS,DENTAL PRACTICE,,,165-10 JAMAICA AVENUE,JAMAICA,NY,11432,1128a1,20130418,,,
,,,"ANATOMY RX, LLC",OTHER BUSINESS,PHARMACY,1356713226,,1544 PURDUE,LOS ANGELES,CA,90025,1128a4,20200520,,,
,,,ANCHORAGE ADULT DAY SERVICES,OTHER BUSINESS,HOME HEALTH AGENCY,1649524182,,"360 BONIFACE PKWY, UNIT B8",ANCHORAGE,AK,99504,1128a1,20160420,,,
,,,ANCILLARY AFFILIATED HEALTH,HOME HEALTH AGENCY,,,,13365 MARQUETTE AVE,ELM GROVE,WI,53122,1128b8,19991118,,,
,,,ANCILLARY HOME HEALTH CARE,HOME HEALTH AGENCY,,,,13354 MARQUETTE AVE,ELM GROVE,WI,53122,1128b8,19991118,,,
,,,ANCOR MEDICAL SERVICES INC,DME COMPANY,DME - GENERAL,,,767 KRAMER AVENUE,COLUMBUS,OH,43212,1128a1,19931012,,,
,,,ANDA MANAGEMENT CORPORATION,MANAGEMENT SVCS CO,,,,"200 WINSTON DR, #C1104",CLIFFSIDE PARK,NJ,07010,1128a3,20070920,,,
,,,ANDAS PHARMACEUTICAL SUPPLY CO,OTHER BUSINESS,PHARMACY,,,592 PALISADE AVENUE,TEANECK,NJ,07666,1128a1,20180520,,,
,,,ANESTHESIA CONSULTANTS,MEDICAL GROUP,,,,P O BOX 150999,CAPE CORAL,FL,33915,1128b8,20050420,,,
,,,"ANGEL ADHC, INC",ADULT HOME,,1184831752,,2320 CRYSTAL RIDGE LANE,COLTON,CA,92324,1128a1,20100617,,,
,,,"ANGEL HEALTH CARE, INC",HOME HEALTH AGENCY,,,,1300 ALUM CREEK DR,COLUMBUS,OH,43209,1128a1,20080619,,,
,,,"ANGEL HEALTH CARE, INC 2",HOME HEALTH AGENCY,,,,2699 E MAIN ST,COLUMBUS,OH,43209,1128b8,20080619,,,
,,,ANGELICA'S PHARMACY & MEDICAL,PHARMACY,,,,5175 HOLLYWOOD BLVD,LOS ANGELES,CA,90027,1128b8,20100218,,,
,,,"ANR ADVANCE HOME CARE, INC",OTHER BUSINESS,HOME HEALTH AGENCY,1700995859,,2604 AVENUE U,BROOKLYN,NY,11229,1128a1,20130919,,,
,,,AOC-DME CORP,DME COMPANY,DME - GENERAL,1093800195,,8015 S US HIGHWAY 75,SHERMAN,TX,75090,1128a1,20170920,,,
,,,APACHE HEALTH LLC,OTHER BUSINESS,PSYCHOLOGIC PRACTICE,1154936953,,110 S IDAHO ROAD,APACHE JUNCTION,AZ,85119,1128a1,20241020,,,
,,,"APEX PHYSICAL MEDICINE, P A",OTHER BUSINESS,CHIROPRACTIC PRACT,1639511181,,"2800 DALLAS PARKWAY, STE 150",PLANO,TX,75093,1128b7,20211210,,,
,,,"APOLLO MEDICAL EQUIPMENT, INC",DME COMPANY,,,,"8428 S W 24TH STREET, STE",MIAMI,FL,33155,1128b8,19980920,,,
,,,APPALACHIAN MEDICAL SUPPLY,DME COMPANY,,,,601 MCCORMICK PL,ASHEVILLE,NC,28801,1128b8,20010118,,,
,,,APPLE MEDICAL SUPPLIES,DME COMPANY,DME - GENERAL,,,"106 S CENTRAL AVE, #212",ELMSFORD,NY,10523,1128b5,19970416,,,
,,,"AQ PHARMACEUTICALS, INC",DRUG COMPANY/SUPLIER,,,,"11555 MONARCH ST, STE C",GARDEN GROVE,CA,92841,1128b1,20100120,,,
,,,AQUATIC & PHYSICAL THERAPY ASS,CLINIC,,,,1821 WHITES ROAD,KALAMAZOO,MI,49008,1128a1,20050818,,,
,,,ARAMINGO PHARMACY,OTHER BUSINESS,PHARMACY,1164994307,,"2313 E VENANGO STREET, STE 1A",PHILADELPHIA,PA,19134,1128a1,20240320,,,
,,,"ARBORWAY MANOR, INC",SKILLED NURSING FAC,,,,C/O 1903 HYDE PARK AVE,HYDE PARK,MA,02136,1128a1,19991020,,,
,,,"ARCADIA EGO, INC",OTHER BUSINESS,PHARMACY,1487843231,,123 FIRST STREET,KENNETT,MO,63857,1128a1,20140421,,,
,,,ARCADIA KIDS DENTAL CARE,DENTAL PRACTICE,,,,"638 W DUARTE RD, #9",ARCADIA,CA,91007,1128b8,20050420,,,
,,,ARG ASSOCIATES,DME COMPANY,DME - GENERAL,,,8314 GLENMAR ROAD,ELLICOTT CITY,MD,21045,1128a1,20020520,,,
,,,ARGUS MEDICAL SUPPLIES,HOME HEALTH AGENCY,,,,434 PARK STREET,LEBANON,TN,37087,1128b8,19930704,,,
,,,ARIS MEDICAL EQUIPMENT CORP,DME COMPANY,DME - OXYGEN,,,"C/O 501 CAPITAL CIR, N E, #618",TALLAHASSEE,FL,32301,1128b8,20030919,,,
,,,ARIZ PHARMACY,PHARMACY,,,,1956 W FLAGER STREET,MIAMI,FL,33135,1128a1,19890303,,,
,,,ARKANSAS MOBILE RADIOLOGY,RADIOLOGY FACILITY,,,,10201 WEST MARKHAM,LITTLE ROCK,AR,72114,1128a1,19870403,,,
,,,ARKANSAS PATIENT TRANSFER,AMBULANCE COMPANY,,,,C/O 3804 W SENECA ST,ROGERS,AR,72758,1128a1,20071120,,,
,,,ARKANSAS TRANSFER SERVICE,AMBULANCE COMPANY,,1740277672,,C/O 3804 W SENECCA ST,ROGERS,AR,72758,1128a1,20071120,,,
,,,"ARLINGTON HOUSE, INC",MENTAL HEALTH FAC,,,,"P O BOX 699, FCI",ESTILL,SC,29918,1128b8,20030820,,,
,,,ARMENIAN ADULT DAY HEALTH CARE,ADULT HOME,,,,1327 PLEASANT AVE,LOS ANGELES,CA,90033,1128a1,20100318,,,
,,,ARMOR DENTAL,OTHER BUSINESS,DENTAL PRACTICE,1568885168,,3117 KENSINGTON AVENUE,PHILADELPHIA,PA,19134,1128a1,20210720,,,
,,,ARMS OF GRACE HUMANITARIAN SER,OTHER BUSINESS,COMMUNITY HLTH CTR (,1275856452,,"2821 CRENSHAW BLVD, 100",LOS ANGELES,CA,90016,1128a1,20180118,,,
,,,ARMSTRONG MEDICAL TRANSPORT,TRANSPORTATION CO,,,,"P O DRAWER 2197, #08663-0",BRYAN,TX,77803,1128b8,19960212,,,
,,,ARROW-MED AMBULANCE INC,OTHER BUSINESS,AMBULANCE COMPANY,1437418506,,2470 HIGHWAY 15 NORTH,JACKSON,KY,41339,1128a1,20191219,,,
,,,ARROYO CHIROPRACTIC,CHIROPRACTIC PRACT,,,,"717 GRAND AVE, #B",ARROYO GRANDE,CA,93420,1128b8,20011220,,,
,,,"ARS PROFESSIONAL PHARMACY, LTD",PHARMACY,,,,C/O 10 MELANY DR,MONSEY,NY,10952,1128a1,20050620,,,
,,,"ART DECO MEDICAL GROUP, INC",CLINIC,,,,1464 WASHINGTON AVE,MIAMI BEACH,FL,33139,1128b8,19980120,,,
,,,"ARTHRITIS & PAIN CTR, INC",CLINIC,,,,236 HUNTLEY OAKS BLVD,LAKE PLACID,FL,33852,1128a1,20010620,,,
,,,"ARTHUR C O'BRIEN M D, INC",DOCTOR OWNED ENTITY,,,,"21297 FOOTHILL BLVD, #101",HAYWARD,CA,94541,1128a1,20050420,,,
,,,ARTISTIC HOME HEALTH CARE,HOME HEALTH AGENCY,,,,2129 WOLTER AVE,ST LOUIS,MO,63114,1128b8,19991020,,,
,,,ARYAN PATIENT CARE,DME COMPANY,,,,222 N W 45TH AVE,MIAMI,FL,33126,1128b8,19980420,,,
,,,ASAP HOMES MEDICAL SUPPLY L L,DME COMPANY,DME - GENERAL,1154372779,,3876 N SHERIDAN AVE,INDIANAPOLIS,IN,46226,1128b8,20120119,,,
,,,"ASHER FAMILY CARE, A MEDICAL C",CLINIC,,1326100199,,"947 S ANAHEIM BLVD, STE 270",ANAHEIM,CA,92805,1128b8,20100720,,,
,,,"ASIS MEDICAL EQUIPMENT, INC",DME COMPANY,,,,C/O 14307 S W 23 LANE,MIAMI,FL,33183,1128Aa,19971217,,,
,,,ASK MEDICAL & SURGICAL SUPPLY,DME COMPANY,,,,2173 N E 167TH ST,N MIAMI BEACH,FL,33162,1128b8,19980420,,,
,,,"ASSEM H ADMAD, D C",CHIROPRACTIC PRACT,,,,"2103 LINCOLN AVE, #D",SAN JOSE,CA,95125,1128b8,20010920,,,
,,,"ASSISTANCE BY IMPROV II, INC",OTHER BUSINESS,CLINIC,1548560683,,953 SOUTHERN BLVD,BRONX,NY,10459,1128a1,20200720,,,
,,,ASSOCIATED CHIROPRACTIC OF WYO,OTHER BUSINESS,CHIROPRACTIC PRACT,1881816031,,"1160 36TH ST, SW",WYOMING,MI,49509,1128b8,20120220,,,
,,,ASSOCIATED HEALTH SERVICES,CHIROPRACTIC PRACT,,,,9510 TECHNOLOGY DRIVE,MANASSAS,VA,22110,1128a1,19960808,,,
,,,"ASSOCIATED PODIATRISTS, PC",PODIATRY PRACTICE,,,,690 PLEASANT STREET,WORCESTER,MA,01602,1128a1,19910502,,,
,,,ASSOCIATES IN MEDICINE & BEHAV,PSYCHOLOGIC PRACTICE,,,,"712 BROADWAY, SUITE 604",KANSAS CITY,MO,64105,1128a1,19890503,,,
,,,ASSURE HOLDINGS CORP,PHYSICIAN PRACTICE (,SURGERY,,,"7887 E BELLEVIEW AVE, SUITE 50",DENVER,CO,80111,BRCH SA,20250320,,,
,,,ASSURE NEUROMONITORING LLC,PHYSICIAN PRACTICE (,SURGERY,1053789057,,"7887 E BELLEVIEW AVE, SUITE 24",ENGLEWOOD,CO,80111,BRCH SA,20250320,,,
,,,ASTRAMED PHYSICIAN PC,PHYSICIAN PRACTICE (,GENERAL PRACTICE,1831243807,,"C/O P O BOX 300, #69885-054",WAYMART,PA,18472,1128b8,20170220,,,
,,,"AT HOME CARE GROUP,  LLC",OTHER BUSINESS,HOME HEALTH AGENCY,1730514555,,205 SE WILSON AVE,BEND,OR,97702,1128b7,20210806,,,
,,,AT HOME HEALTH CARE SUPPLIES,DME COMPANY,,,,30 HOPPER STREET,WESTBURY,NY,11590,1128b5,19980120,,,
,,,"AT HOME MEDICAL CARE, INC",CLINIC,,,,"3990 W FLAGLER ST, STE 30",MIAMI,FL,33134,1128b8,19980120,,,
,,,ATLANTA MEDICAL CENTER,OTHER BUSINESS,CLINIC,,,"303 PARKWAY DRIVE, NE",ATLANTA,GA,30312,1128a1,20160930,,,
,,,"ATLANTA MEDICAL EQUIPMENT, INC",DME COMPANY,DME - GENERAL,,,"1201 W PEACHTREE ST, #375",ATLANTA,GA,30309,1128Aa,19940831,,,
,,,ATLANTA MEDICARE EQUIPMENT INC,DME COMPANY,DME - GENERAL,,,"1201 W PEACHTREE ST, #375",ATLANTA,GA,30309,1128Aa,19940831,,,
,,,"ATLANTA X-RAY, INC",RADIOLOGY FACILITY,,,,"1000 IRIS DR, STE C-1",CONYERS,GA,30094,1128b8,19990819,,,
,,,ATLANTIC AMBULANCE SERVICES,AMBULANCE COMPANY,,,,1110 GRAND PARK DR,MISSOURI CITY,TX,77489,1128b8,20091220,,,
,,,"ATLANTIC HEALTH CARE, INC",DME COMPANY,DME - GENERAL,,,"7640 FULLERTON RD, STE 200",SPRINGFIELD,VA,22153,1128b7,20071002,,,
,,,ATLANTIC MEDICAL EQUIPMENT,DME COMPANY,,,,"3380 N W, 194 TERRACE",MIAMI,FL,33056,1128Aa,19970814,,,
,,,ATLANTIC MENTAL HEALTH SERVICE,OTHER BUSINESS,MENTAL/BEHAVIORAL HE,,,"7457 HARWIN DR, STE 223",HOUSTON,TX,77036,1128b8,20091220,,,
,,,ATLANTIC TAXI,TRANSPORTATION CO,,,,C/O 4280 N W 183RD ST,CAROL CITY,FL,33055,1128b8,19970708,,,
,,,"ATLAS CLINICAL LAB, INC",LABORATORY,,,,"2655 LEJUNE RD, PH-II",CORAL GABLES,FL,33134,1128b8,20030420,,,
,,,ATLAS DENTAL CLINIC,DENTAL PRACTICE,,,,3040 ENSLEY AVE,BIRMINGHAM,AL,35208,1128b8,19981119,,,
,,,"ATLAS MEDICAL CENTER, INC",OTHER BUSINESS,CLINIC,1508484726,,"4616 W SAHARA AVENUE, SUITE 48",LAS VEGAS,NV,89102,1128b5,20240620,,,
,,,"AUBREY A CAMACHO, M D, P C",MEDICAL GROUP,,,,"17 DUNWOODY PARK, STE 107",ATLANTA,GA,30313,1128b8,20030720,,,
,,,AUBURN SYSTEMS CORPORATION,DME COMPANY,DME - GENERAL,,,"1901 CENTRAL DRIVE, SUITE",BEDFORD,TX,76021,1128b1,19920202,,,
,,,AUBURNDALE HEALTH CARE INSTITU,MANAGEMENT SVCS CO,,,,C/O P O BOX 1029,COLEMAN,FL,33521,1128b8,20020718,,,
,,,AUDIO DISPENSARY CORP,DME COMPANY,DME - HEARING AID,,,"347 FIFTH AVENUE, ROOM 12",NEW YORK,NY,10016,1128a1,19920227,,,
,,,AUDIOLOGICAL TESTING & MED SVC,CLINIC,,,,2044 W FLORENCE AVE,LOS ANGELES,CA,90047,1128b8,19870803,,,
,,,AUDIONICS CORP,DME COMPANY,DME - HEARING AID,,,60 E 42 STREET,NEW YORK,NY,10165,1128a1,19930208,,,
,,,"AUGUSTINE MEDICAL, INC",MANUF/LESSOR SUPP/EQ,,,,10393 WEST 70TH STREET,EDEN PRAIRIE,MN,55344,1128a1,20040506,,,
,,,"AUREX, INC",DME COMPANY,DME - GENERAL,,,900-20 DUNN AVE,JACKSONVILLE,FL,32218,1128b8,20020418,,,
,,,"AURORA ADVOCACY, LLC",STATE/LOCAL/TRIBAL A,STATE GOV'T,1871976662,,19991 TULWAR DRIVE,CHUGIAK,AK,99567,1128a1,20260720,,,
,,,"AURTISM, LLC",OTHER BUSINESS,HOME HEALTH AGENCY,1558922021,,609 W ADAMS AVENUE,LAS VEGAS,NV,89106,1128a1,20250720,,,
,,,AUTOMATED BILLING SERVICES,BILLING SERVICE CO,,,,C/O 4701 RANDOLPH RD,ROCKVILLE,MD,20852,1128b7,19980219,,,
,,,AUTUMN HEALTH CARE OF ZANESVIL,OTHER BUSINESS,HOME HEALTH AGENCY,,,1420 AUTUMN DRIVE,ZANESVILLE,OH,43701,1128a1,20171019,,,
,,,AVENUE T CHIROPRACTIC PC,OTHER BUSINESS,CHIROPRACTIC PRACT,1487873519,,841 KING STREET,WOODMERE,NY,11598,1128b8,20180620,,,
,,,"AVIONIX MEDICAL DEVICES, INC",DME COMPANY,DME - GENERAL,,,P O BOX 5990,MIDLAND,TX,79704,1128b8,20050119,,,
,,,"AXIOM MEDICAL CLINIC, LLC",OTHER BUSINESS,CHIROPRACTIC PRACT,1750335329,,9507 ANDERSON ROAD,TAMPA,FL,33634,1128b7,20121017,,,
,,,"AYALA MEDICAL CENTER, INC",CLINIC,,,,7520 WEST 29TH AVE,HIALEAH,FL,33061,1128b8,19990420,,,
,,,B & B MEDICAL EQUIPMENT & SUPP,DME COMPANY,DME - GENERAL,,,1208 GRETCHEN,BOSSIER CITY,LA,71112,1128b8,20070520,,,
,,,"B & G DIAGNOSTIC SYSTEMS, INC",CHIROPRACTIC PRACT,,,,18380 LONG LAKE DR,BOCA RATON,FL,33496,1128b8,19991220,,,
,,,B & R OPTICAL,OTHER BUSINESS,OPTOMETRIC PRACTICE,,,2634 S BROAD,NEW ORLEANS,LA,70117,1128a1,19891120,,,
,,,B & V MEDICAL SUPPLY,DME COMPANY,,,,1716 S W 13TH STREET,MIAMI,FL,33131,1128b8,19971120,,,
,,,"B A CRUZ, MD, A MEDICAL CORPOR",CLINIC,,,,P O BOX 6570,BUENA PARK,CA,90622,1128a1,20100420,,,
,,,"B AND L TRANSPORT, INC",TRANSPORTATION CO,,,,110 W MEINECKE AVE,MILWAUKEE,WI,53212,1128a1,19950213,,,
,,,BABY BOOMERS HEALTH LLC,OTHER BUSINESS,HOME HEALTH AGENCY,1902997513,,"15332 MANCHESTER RD, STE 201",BALLWIN,MO,63011,1128a1,20141120,,,
,,,BABY BOOMERS IN HOME CARE LC,OTHER BUSINESS,HOME HEALTH AGENCY,,,1005 STUYVESANT LANE,BALLWIN,MO,63011,1128b8,20141218,,,
,,,BABY BOOMERS PLUS LC,OTHER BUSINESS,HOME HEALTH AGENCY,,,1005 STUYVESANT LANE,BALLWIN,MO,63011,1128b8,20141218,,,
,,,"BACK ON TRACK GROUP, INC",OTHER BUSINESS,SOBER HOME,,,11609 MYRTLE AVENUE,RICHMOND HILL,NY,11418,1128a1,20200220,,,
,,,"BACK TO HEALTH, INC",CHIROPRACTIC PRACT,,,,371 FIRST STREET,LOS ALTOS,CA,94022,1128b8,20040819,,,
,,,BAINBRIDGE MANAGEMENT,MANAGEMENT SVCS CO,,,,190 S LASALLE,CHICAGO,IL,60603,1128a1,20050420,,,
,,,BAKEN PARK HEARING AID CENTER,DME COMPANY,DME - HEARING AID,,,C/O 5119 WAMBERG COURT,RAPID CITY,SD,57702,1128b8,19980120,,,
,,,BAKER'S NORTHRIDGE DRUG STORE,PHARMACY,,,,3207 NORTH DIXIE DRIVE,DAYTON,OH,45414,1128b8,19951114,,,
,,,BAL COR HEALTH SERVICES,HOME HEALTH AGENCY,,,,1841 WYOMING AVE,EXETER,PA,18643,1128a1,19930304,,,
,,,"BALANCED LIFE, S C",OTHER BUSINESS,CLINIC,1730299652,,950 W CAROLYN DRIVE,PALATINE,IL,60067,1128b8,20111220,,,
,,,BALANCED LIVING COUNSELING,COUNSELING CENTER,,,,25 GREENMEADOW DR,CLIFTON PARK,NY,12065,1128b8,19990819,,,
,,,"BALAU CARE, INC",DRUG COMPANY/SUPLIER,,,,12295 N W 7TH TRAIL,MIAMI,FL,33182,1128b8,20021020,,,
,,,"BALBOA AMBULANCE, INC",OTHER BUSINESS,AMBULANCE COMPANY,1871502146,,1136 BROADWAY,EL CAJON,CA,92021,1128b7,20211207,,,
,,,"BALLARD CO, LLC",CONSULTING FIRM,,,,"P O BOX 7007, #29361-034",MARIANNA,FL,32447,1128a4,20070920,,,
,,,"BALLSTON TWO, LLC",OTHER BUSINESS,MARKETING FIRM,,,"25 W 55TH STEET, 13 FLOOR",NEW YORK,NY,10019,1128b6,20230227,,,
,,,"BALORAC, INC",LABORATORY,,,,"C/O 200 CRESCENT CT, #150",DALLAS,TX,75201,1128a1,19960212,,,
,,,"BANAADIRI HOME HEALTH CARE, LL",OTHER BUSINESS,HOME HEALTH AGENCY,,,"2109 NICOLLET AVE, STE 104",MINNEAPOLIS,MN,55404,1128a1,20160620,,,
,,,BANGKOK HEALTH CLUB,REHAB FACILITY - GEN,,,,3309 W KENNEDY BLVD,TAMPA,FL,33609,1128b4,20040819,,,
,,,BARB CORP,TRANSPORTATION CO,,,,"2510 E DEMPSTER, #204",DES PLAINES,IL,60016,1128b5,20001019,,,
,,,"BARBARA A MAZZELLA, M D, P A",CLINIC,,,,8007-8009 W SAMPLE RD,CORAL SPRINGS,FL,33065,1128b8,20020919,,,
,,,"BARBARA K JOHNSON, DDS, PC",DENTAL PRACTICE,,,,"5505 5TH ST, NW, STE C",WASHINGTON,DC,20011,1128a1,19891024,,,
,,,BARBARA'S TRANSPORTATION,TRANSPORTATION CO,,,,207 E MAGNOLIA ST,BUNKIE,LA,71322,1128b8,19960212,,,
,,,BARNO CHIROPRACTIC,CHIROPRACTIC PRACT,,,,8854 GREENBACK LANE,ORANGEVALE,CA,95662,1128b8,20000620,,,
,,,"BARRY SILVERSTEIN, DC, PA",CHIROPRACTIC PRACT,,,,4373 W SUNRISE BLVD,PLANTATION,FL,33313,1128b8,20070719,,,
,,,BARTLETT CHIROPRACTIC MEDICAL,CHIROPRACTIC PRACT,,,,538 ORANGE STREET,REDLANDS,CA,92374,1128b8,19990520,,,
,,,"BARTOB PHARMACY, INC",PHARMACY,,,,"C/O 1375 RIVER RD, APT 5C",EDGEWATER,NJ,07020,1128b8,20030619,,,
,,,BASS AMBULANCE,AMBULANCE COMPANY,,,,2208 FT CAMPBELL BLVD,HOPKINSVILLE,KY,42240,1128b8,19910606,,,
,,,BASS ORTHOPEDIC LAB,DME COMPANY,,,,C/O FEDERAL PRISON CAMP,EGLIN AFB,FL,32542,1128b8,19971218,,,
,,,"BASS ORTHOPEDIC, INC",DME COMPANY,,,,C/O FEDERAL PRISON CAMP,EGLIN AFB,FL,32542,1128b8,19971218,,,
,,,"BATH MEDICAL, P C",OTHER BUSINESS,CLINIC,1083747869,,2015 BATH AVENUE,BROOKLYN,NY,11214,1128a1,20120620,,,
,,,BAY AREA HOME HEALTH,HOME HEALTH AGENCY,,,,C/O CALLER BOX 8004,GOLDSBORO,NC,27533,1128b8,19980420,,,
,,,"BAY AREA MEDICAL PRODUCTS, INC",DME COMPANY,DME - GENERAL,,,"10860 76TH COURT, N, STE A",LARGO,FL,33771,1128b7,20071030,,,
,,,BAY DRUG PHARMACY & SURGICAL,PHARMACY,,,,790 UDALL RD,WEST ISLIP,NY,11795,1128b4,19981020,,,
,,,"BAY MEDICAL CARE, P C",PHYSICIAN PRACTICE (,GENERAL PRACTICE,1396786695,,C/O P O BOX 1000,LORETTO,PA,15940,1128b8,20150820,,,
,,,BAY SHORE PODIATRIC SVCS PC,PODIATRY PRACTICE,,,,C/O 63 E OLD COUNTRY ROAD,HICKSVILLE,NY,11801,1128b4,19941207,,,
,,,BAY STATE AMBU & HOSP RENTAL,AMBULANCE COMPANY,,,,163 EASTERN AVENUE,MALDEN,MA,02148,1128a1,19890430,,,
,,,"BAYCHESTER PHARMACY, INC",PHARMACY,,,,4466 BAYCHESTER AVE,BRONX,NY,10466,1128b8,19990920,,,
,,,BBC HEALTH INC,DME COMPANY,DME - GENERAL,,,"18524 N W 67TH AVE, #266",MIAMI LAKES,FL,33015,1128b8,19990720,,,
,,,BBC MEDICAL CENTER,CLINIC,,,,470 N W 5TH STREET,MIAMI,FL,33126,1128b8,19971120,,,
,,,BEALE STREET PHARMACY,PHARMACY,,,,187 UNION STREET,HINGHAM,MA,02043,1128a1,19960813,,,
,,,BEAR LOVE MEDICAL EQUIPMENT,DME COMPANY,,,,C/O 4120 WEST 18TH LANE,HIALEAH,FL,33012,1128Aa,19971104,,,
,,,BEAVER DAMS HOME FOR ADULTS,ADULT HOME,,,,1268 COUNTRY ROAD 19,BEAVER DAMS,NY,14812,1128b8,19920624,,,
,,,"BECAUSE WE CARE, LLC",OTHER BUSINESS,COMM MNTL HLTH CNTR,1437449139,,6748 LAVENDER LILLY LANE,NORTH LAS VEGAS,NV,89084,1128a1,20180719,,,
,,,BEHAVIORAL DYNAMICS,THERAPIST,,,,19430 LUCERNE DRIVE,DETROIT,MI,48203,1128a1,19850729,,,
,,,BEHAVIORAL EDUCATION TRAINING,PSYCHOLOGIC PRACTICE,,,,"900 VILLAGE LANE, #512",PASS CHRISTIAN,MS,39571,1128b8,19970317,,,
,,,BEHAVIORAL HEALTH PROVIDERS,MENTAL HEALTH FAC,,,,"P O BOX 699, FCI",ESTILL,SC,29918,1128b8,20030820,,,
,,,BEHAVORIAL EDUCATIONAL TRNG,COUNSELING CENTER,,,,101 HAYDEN AVE,PASS CHRISTIAN,MS,39571,1128b8,19970729,,,
,,,"BEL AIR SURGICAL INSTITUTE, IN",CLINIC,,,,"11847 WILSHIRE BLVD, STE 302",LOS ANGELES,CA,90025,1128b8,20091119,,,
,,,BELL GARDENS PHARMACY,OTHER BUSINESS,PHARMACY,1366425233,,"7625 EASTERN AVE, STE C",BELL GARDENS,CA,90201,1128a1,20170720,,,
,,,BELL LAB AND X-RAY SERVICES,OTHER BUSINESS,LABORATORY,,,"17442 VIRGINIA AVENUE, APT 2",BELLFLOWER,CA,90706,1128a1,19870724,,,
,,,"BELLA MIA HOLDINGS, LLC",CONSULTING FIRM,,,,"P O BOX 7007, #29361-034",MARIANNA,FL,32447,1128a4,20070920,,,
,,,"BELLA MIA MEDICAL CENTER, LLC",CLINIC,,,,"P O BOX 7007, #29361-034",MARIANNA,FL,32447,1128b8,20070920,,,
,,,BELLEGLADES CLINIC & DIAG CTR,CLINIC,,,,1101 S W 1ST STREET,MIAMI,FL,33132,1128b8,19980120,,,
,,,BELLEVILLE PHARMACY,PHARMACY,,,,4002 WESTERN AVE,SOUTH BEND,IN,46619,1128b5,19950411,,,
,,,"BELLINGHAM ELDER NETWORK, INC",CLINIC,,,,1188 SOUTH MAIN ST,BELLINGHAM,MA,02019,1128a1,20020418,,,
,,,"BELTONE HEARING AID CENTER, IN",DME COMPANY,,,,"19100 VENTURA BLVD, STE M",TARZANA,CA,91356,1128b8,20081218,,,
,,,BEMI AMBULANCE SERVICE,AMBULANCE COMPANY,,,,P O BOX 1902,HATO REY,PR,00919,1128b8,19870316,,,
,,,BENIMAR MEDICAL CENTER INC,OTHER BUSINESS,CLINIC,1558097576,,C/O  SERGIO MACIAS ARMAS,MIAMI,FL,33147,1128b7,20260724,,,
,,,BENISON MEDICAL SUPPLY,DME COMPANY,DME - GENERAL,,,"4250 PACIFIC HWY, STE119A",SAN DIEGO,CA,92110,1128b7,20070328,,,
,,,"BENNETT SURGICAL SUPPLY, INC",DME COMPANY,DME - GENERAL,1790746733,,"21 BARSTOW ROAD, APT 5D",GREAT NECK,NY,11021,1128a1,20170620,,,
,,,"BENSON AMBULANCE SERVICE, INC",AMBULANCE COMPANY,,,,309 HARDEE STREET,DALLAS,GA,30132,1128b8,19920203,,,
,,,"BENTLEY MEDICAL, PLLC",PHYSICIAN PRACTICE (,RADIOLOGY,1790919140,,6 WHALE ROCK ROAD,EAST HAMPTON,NY,11937,1128a1,20201220,,,
,,,"BERGEN MEDICAL ASSOCIATES, INC",MEDICAL GROUP,,,,"327 GROVE ST, STE 31",JERSEY CITY,NJ,07032,1128b5,19971218,,,
,,,"BERNEY KESZLER, P M C","MEDICAL PRACTICE, MD",,,,531 GASLIGHT BLVD,LUFKIN,TX,75901,1128a1,19870713,,,
,,,"BERNEY R KESZLER, P A","MEDICAL PRACTICE, MD",,,,531 GASLIGHT BLVD,LUFKIN,TX,75901,1128Aa,19901101,,,
,,,BEST CARE CORP,HOME HEALTH AGENCY,,,,110 RABY AVE,PENSACOLA,FL,32509,1128b8,20030420,,,
,,,"BEST CARE MEDICAL MANAGEMENT,",OTHER BUSINESS,PHARMACY,1770579518,,501 W GLENAOKS BLVD,GLENDALE,CA,91202,1128b1,20170620,,,
,,,BEST DME CORPORATION,DME COMPANY,,,,"C/O P O BOX 600, #39781-018",EGLIN AFB,FL,32542,1128b7,20020715,,,
,,,"BEST MEDICAL BILLING, INC",BILLING SERVICE CO,,,,"2441 N W 93RD AVE, #109",MIAMI,FL,33172,1128b8,20030420,,,
,,,"BEST MEDICAL CARE, INC",CLINIC,,,,"1008 N W 45TH AVE, #13",MIAMI,FL,33137,1128b8,20010719,,,
,,,"BEST NURSING CARE, INC",NURSING FIRM,,,,3435 S W 72 COURT,MIAMI,FL,33155,1128b8,20021219,,,
,,,"BESTCARE LABORATORY SERVICES,",OTHER BUSINESS,LABORATORY,1285651638,,"202 N TEXAS AVENUE, STE 100",WEBSTER,TX,77598,1128b7,20210126,,,
,,,"BETA SERVICES, INC",OTHER BUSINESS,HOME HEALTH AGENCY,,,"2460 FAIRMOUNT BLVD, STE 208",CLEVELAND HEIGHTS,OH,44106,1128a1,20110920,,,
,,,"BETSY CHUA, M D, S C","MEDICAL PRACTICE, MD",,,,"8000 W FOSTER LANE, #202",NILES,IL,60648,1128a1,19890515,,,
,,,"BETTER BODIES, INC",HEALTH MAINT ORG,,,,10660 S LA MIRADA BLVD,WHITTIER,CA,90604,1128b8,20010820,,,
,,,"BETTER HEALTH CARE, INC",HOME HEALTH AGENCY,,,,C/O 71 MAST RD,FALMOUTH,ME,04015,1128a1,19981119,,,
,,,"BETTER HEALTH PHARMACY, INC",PHARMACY,,,,1147 FULTON STREET,BROOKLYN,NY,11238,1128b8,20040819,,,
,,,"BETTER HEALTH, INC",LABORATORY,,,,2124 E HANNA AVE,INDIANAPOLIS,IN,46227,1128Aa,19950811,,,
,,,"BETTER HOMECARE, LLC",INTER CARE FACILITY,,,,19215 E BROWN PLACE,AURORA,CO,80013,1128b5,20100520,,,
,,,BEVERLY ENTERPRISES-CALIFORNIA,SKILLED NURSING FAC,,,,ONE THOUSAND BEVERLY WAY,FORT SMITH,AR,72919,1128a1,20010601,,,
,,,"BF'LO MEDICAL SUPPLY, INC",DME COMPANY,DME - GENERAL,,,15 LAFAYETTE AVE,BUFFALO,NY,14213,1128a1,20070620,,,
,,,"BFK TRANSIT, INC",TRANSPORTATION CO,,,,5900 W CENTER ST,MILWAUKEE,WI,53210,1128b8,20041118,,,
,,,"BGF TRANSPORTATION, INC",TRANSPORTATION CO,,,,"2483 W 16TH ST, APT 10B",BROOKLYN,NY,11214,1128b8,20030820,,,
,,,BI-LOW DENTISTRY,OTHER BUSINESS,DENTAL PRACTICE,1538586631,,1902 N 16TH STREET,PHOENIX,AZ,85006,1128a1,20250420,,,
,,,"BIG MART PHARMACY, INC",OTHER BUSINESS,PHARMACY,1861575805,,"C/O 23147 SWAN RD, #14R1357",WATERTOWN,NY,13601,1128a1,20141120,,,
,,,"BILLING G SYSTEMS, INC",DRUG COMPANY/SUPLIER,,,,"C/O 1321 N W 13TH, #10C1",MIAMI,FL,33125,1128b8,20020919,,,
,,,BINGHAM TRANSPORTATION,TRANSPORTATION CO,,,,C/O P O BOX 7000,TEXARKANA,TX,75505,1128a1,19970427,,,
,,,"BIO CARE SPECIALTIES, INC",DME COMPANY,DME - GENERAL,,,4105 WOOD CREEK COURT,COLLEYVILLE,TX,76034,1128b8,20080520,,,
,,,"BIO-CARE, INC",DME COMPANY,,,,71B S RAMAH CIRCLE,AGAWAM,MA,01001,1128a1,19980618,,,
,,,BIO-MECHANICS CLINIC,CLINIC,,,,2050S 2950W STREET,ABERDEEN,ID,83210,1128b8,19980120,,,
,,,"BIO-MED PLUS, INC",PHARMACY,,,,"5000 SW 75TH AVE, 4TH FLR",MIAMI,FL,33155,1128a1,20071120,,,
,,,BIODIAGNOSTIC LABORATORY SERVI,OTHER BUSINESS,LAB - CLINICAL,1407923568,,120 BUNKER HILL ROAD,WAYNE,NJ,07470,1128a1,20170920,,,
,,,BIRMINGHAM REHABILITATION & PH,REHAB FACILITY - GEN,,,,C/O 4860 QUARTON RD,BLOOMFIELD,MI,48302,1128a1,20031218,,,
,,,BIROTECH CORPORATION,DME COMPANY,DME - GENERAL,,,"7815 N DALE MABRY HWY, #210",TAMPA,FL,33614,1128a1,20050620,,,
,,,"BISTATE REHAB, INC",SKILLED NURSING FAC,,,,7405 MILL BRIDGE COURT,ST LOUIS,MO,63129,1128b7,20030726,,,
,,,BITTENBENDER CHIROPRACTIC,CHIROPRACTIC PRACT,,,,156 PENNSYLVANIA AVE,WILKES BARRE,PA,18701,1128b8,20020120,,,
,,,BJB PHARMACY DISCOUNT,OTHER BUSINESS,PHARMACY,,,4254 E 4TH AVE,HIALEAH,FL,33013,1128b4,20110818,,,
,,,BLANKENSHIP'S PHARMACY,PHARMACY,,,,106 HAYES STREET,CROSSVILLE,TN,33873,1128a1,19881011,,,
,,,BLANKET CORPORATION,ADULT HOME,,,,4520 N 56TH ST,LINCOLN,NE,68504,1128b7,20070423,,,
,,,"BLN SERVICES, INC",TRANSPORTATION CO,,,,"601 SKOKIE BLVD, STE 503",NORTHBROOK,IL,60062,1128b5,20030720,,,
,,,BLOCK ISLAND PHARMACY LTD,PHARMACY,,,,P O BOX 537,BLOCK ISLAND,RI,02807,1128b4,19971006,,,
,,,BLOOMFIELD VENTURES CORPORATIO,DME COMPANY,DME - GENERAL,1932552163,,"12808 W AIRPORT BLVD, STE 252",SUGAR LAND,TX,77478,1128Aa,20260622,,,
,,,BLOSSOM HILL DENTAL CARE,OTHER BUSINESS,DENTAL PRACTICE,,,"5460 DELLWOOD WAY, STE A",SAN JOSE,CA,95118,1128b8,20030520,,,
,,,BLUE FRONT TRANSPORTATION CO,TRANSPORTATION CO,,,,916 SAPODILLA AVE,W PALM BEACH,FL,33401,1128a1,19980720,,,
,,,"BLUE MED HEALTH, INC",CLINIC,,,,P O BOX 535,GLADE VALLEY,NC,28627,1128b8,19980520,,,
,,,BLUE SKIES AND CANDY,DME COMPANY,DME - GENERAL,,,105 OLD LATERN DRIVE,STOCKBRIDGE,GA,30281,1128b8,20030420,,,
,,,BLUESTONE'S PHARMACY,PHARMACY,,,,2628 CARSON STREET,PITTSBURGH,PA,15203,1128b4,19910722,,,
,,,BO AN DANG OPTICAL,OPTOMETRIC PRACTICE,,,,"8942 GARDEN GROVE B, #104",GARDEN GROVE,CA,92644,1128b8,19880720,,,
,,,BOAZ HOSPITAL SUPPLY CO,DME COMPANY,,,,2610 BRIDGE ROAD,PADUCAH,KY,42001,1128b7,19801104,,,
,,,"BODY CARE CENTER, CLINIC",CLINIC,,,,"2576 NEWPORT BLVD, #C",COSTA MESA,CA,92627,1128b4,20030820,,,
,,,"BODY ENERGETICS, INC",CHIROPRACTIC PRACT,,,,9051 BALTIMORE NAT'L PK,ELLICOTT CITY,MD,21042,1128b8,20010920,,,
,,,BODY SCAN TESTING CENTER,PODIATRY PRACTICE,,,,2402 E 2070 SOUTH,ST GEORGE,UT,84790,1128b8,20020418,,,
,,,"BOESEN HEALTH SYSTEM PC, THE",CLINIC,,,,C/O 4026 BEAVER AVE,DES MOINES,IA,50310,1128b8,20081120,,,
,,,"BOLA ELEMUREN, MD PROFESSIONAL",PHYSICIAN PRACTICE (,FAMILY PRACTICE,1598959389,,740 S AMY LANE,HARKER HEIGHTS,TX,76548,1128a1,20170320,,,
,,,"BOLTON CHIROPRACTIC SVCS, P C",CHIROPRACTIC PRACT,,,,1736 E 17TH AVE,DENVER,CO,80218,1128b8,20001120,,,
,,,"BOMAS HOUSE OF HOPE, INC",SKILLED NURSING FAC,,,,10111 KATHLEEN HANEY,HOUSTON,TX,77086,1128b8,20060320,,,
,,,BOOKER CHIROPRACTIC,CHIROPRACTIC PRACT,,,,105 HIGHWAY 15 WEST,BOOKER,TX,79005,1128b8,20020418,,,
,,,BOONE TAYLOR PHARMACY,PHARMACY,,,,312 S ACADEMY ST,AHOSKIE,NC,27910,1128a1,20010920,,,
,,,BOSTICK FAMILY PHARMACY,PHARMACY,,,,530 MAIN STREET,PHILADELPHIA,MS,38635,1128b8,19970227,,,
,,,BOSTON SHEPPARD CORP,SKILLED NURSING FAC,,,,415 COLUMBIA ROAD,DORCHESTER,MA,02124,1128a1,19881031,,,
,,,"BOSTON SHUTTLE SERVICES, LLC",OTHER BUSINESS,TRANSPORTATION CO,1033407309,,93 GREENCLIFF DRIVE,BEDFORD,OH,44146,1128a1,20191219,,,
,,,BOUFFORD CHIROPRACTIC OFFICES,CHIROPRACTIC PRACT,,,,"10 COLONIAL RD, #208",SALEM,MA,19702,1128b8,19980920,,,
,,,"BOUGHTON CHIROPRACTIC CENTER,",CHIROPRACTIC PRACT,,,,"C/O 210 N OXFORD RD, #133",CASSELBERRY,FL,32707,1128b8,20040520,,,
,,,BOVA PERSONAL CARE BOARDING HM,BOARDING HOME,,,,720 N MAIN STREET,WASHINGTON,PA,15301,1128a1,19891225,,,
,,,BOWLING GREEN HEALTH CARE CORP,MANAGEMENT SVCS CO,,,,C/O P O BOX 1029,COLEMAN,FL,33521,1128b8,20020718,,,
,,,BOYD CHIROPRATIC CLINIC,CHIROPRACTIC PRACT,,,,"1900 SIMLER AVE, FCI#5797",BIG SPRING,TX,79720,1128b8,19960813,,,
,,,BRADDOCK MANAGEMENT L P,MANAGEMENT SVCS CO,,,,190 S LASALLE,CHICAGO,IL,60603,1128a1,20050420,,,
,,,"BRADFORD T WILLIAMS, MD, PA",CLINIC,,,,717 SW 4TH AVE,GAINESVILLE,FL,32601,1128b8,20070719,,,
,,,"BRADLEE PHARMACY, INC",PHARMACY,,,,10220 PLOMOSA PLACE,LAS VEGAS,NV,89134,1128a1,20031218,,,
,,,"BRAINTREE TOWN TAXI, INC",TRANSPORTATION CO,,,,27-29 CENTRAL STREET,BRAINTREE,MA,02184,1128a1,19890830,,,
,,,"BRANDON MOBILITY, INC",DME COMPANY,,,,C/O 17 RAINBOW DR,W YARMOUTH,MA,02673,1128b8,20061019,,,
,,,BRANDYWINE PHARMACY,PHARMACY,,,,646 LAMPLIGHTER WAY,HOCKESSIN,DE,19707,1128a1,19880519,,,
,,,"BREATHING THERAPY, INC",DME COMPANY,DME - OXYGEN,,,11 CENTER SHORE ROAD,CENTERPORT,NY,11721,1128a1,19921231,,,
,,,BREWSTER HEARING AID CENTER,DME COMPANY,DME - HEARING AID,,,2 PARK STREET,BREWSTER,NY,10509,1128b8,19930802,,,
,,,"BRIAN H JENKINS, D D S, P A",DENTAL PRACTICE,,,,6721 N INDIANA AVE,KANSAS CITY,MO,64119,1128b8,20050720,,,
,,,"BRIAR CREST NURSING HOME, INC",SKILLED NURSING FAC,,,,C/O 131 PECKSLAND RD,GREENWICH,CT,06831,1128a1,20050720,,,
,,,BRIDGEWAY CHIROPRACTIC,CHIROPRACTIC PRACT,,,,2450 TARAVAL ST,SAN FRANCISCO,CA,94116,1128b8,20070118,,,
,,,"BRIGHT BEGINNINGS, L L C",MENTAL HEALTH FAC,,1679604375,,"3151 E NATIONWAY, STE K9",CHEYENNE,WY,82001,1128b5,20100318,,,
,,,"BRIGHT RX, INC",OTHER BUSINESS,PHARMACY,1801024179,,183 BUFFALO AVENUE,BROOKLYN,NY,11213,1128a1,20170420,,,
,,,"BRIGHT START RESOURCES, INC",OTHER BUSINESS,COUNSELING CENTER,,,5215 DOUGLAS AVENUE,DES MOINES,IA,50310,1128b8,20110920,,,
,,,"BRIGHTER LIFE, LLC",OTHER BUSINESS,COMM MNTL HLTH CNTR,1457911737,,"5060 N 19TH AVE, STE 101",PHOENIX,AZ,85015,1128a1,20260420,,,
,,,BRIGHTSMILE LLC,DENTAL PRACTICE,,,,"131 CARMICHAEL RD, STE 203",HUDSON,WI,54016,1128b8,20100420,,,
,,,BROADWAY HEALTHCARE MANAGEMENT,OTHER BUSINESS,MANAGEMENT SVCS CO,,,"218 ROUTE 17 NORTH, STE 410",ROCHELLE PARK,NJ,07662,1128b5,20251120,,,
,,,BROADWAY MALL PODIATRIC SVCS,PODIATRY PRACTICE,,,,C/O 63 E OLD COUNTRY ROAD,HICKSVILLE,NY,11801,1128b4,19941207,,,
,,,"BROADWAY NUTRITIONAL SERVICES,",OTHER BUSINESS,MANAGEMENT SVCS CO,,,"218 ROUTE 17 NORTH, SUITE 410",ROCHELLE PARK,NJ,07662,1128b5,20251120,,,
,,,"BROADWAY RX ENTERPRISES, INC",OTHER BUSINESS,PHARMACY,1376074005,,6 OLIVE ST,GREAT NECK,NY,11020,1128a1,20260120,,,
,,,BRONX INSTITUTE FOR CAREER TRA,PRIVATE CIT/ENTITY,,,,"C/O 984 WOODYCREST AVE, APT 5A",BRONX,NY,10452,1128a1,20100720,,,
,,,BROOKHAVEN CLINICAL LAB INC,LABORATORY,,,,7 DEBRA COURT,OLD WESTBURY,NY,11568,1128b1,19940602,,,
,,,BROOKLYN COMPREHENSIVE CARE ME,PHYSICIAN PRACTICE (,GENERAL PRACTICE,1285940148,,"C/O P O BOX 1000, #83383-053",MORGANTOWN,WV,26507,1128b8,20190620,,,
,,,BROOKLYN MEDICAL ARTS HIV CARE,CLINIC,,,,"C/O 6910 AVE U, APT 3T",BROOKLYN,NY,11234,1128a1,20060820,,,
,,,BROOKLYN MEDICAL ARTS HIV CARE,CLINIC,,,,"C/O P O BOX 239002, FCI",BROOKLYN,NY,11232,1128b8,20040819,,,
,,,BROOKS BEHAVIORAL HEALTH CENTE,OTHER BUSINESS,MENTAL/BEHAVIORAL HE,1548548597,,517 S TONOPAH DRIVE,LAS VEGAS,NV,89106,1128a1,20230119,,,
,,,BROOKS MEDICAL BILLING,BILLING SERVICE CO,,,,3270 SPRINGSIDE RIDGE,DECATUR,GA,30034,1128b8,20040318,,,
,,,"BROTHERS BEHAVIORAL HEALTH, LL",OTHER BUSINESS,COUNSELING CENTER,1073103867,,4009 WARM HEARTED CT,NORTH LAS VEGAS,NV,89032,1128a1,20260520,,,
,,,BROWN CHIROPRACTIC,CHIROPRACTIC PRACT,,,,512 2ND STREET,GRAHAM,TX,76450,1128b8,20000420,,,
,,,BROWN'S PHARMACY,PHARMACY,,,,400 1ST AVENUE,ONEONTA,AL,35121,1128a1,19860730,,,
,,,"BRUCE B FIGOTEN, DC, PC",CHIROPRACTIC PRACT,CHIROPRACTIC,,,"20315 VENTURA BLVD, STE A",WOODLAND HILLS,CA,91364,1128b8,20021020,,,
,,,BRYAN-EDMOND OAKS INC,INTER CARE FACILITY,,,,1680 SOUTH EDMONDS LAKE,LEWISVILLE,TX,75067,1128a1,19880728,,,
,,,"BUCKEYE HEALTH AND RESEARCH, L",DME COMPANY,DME - PROSTHETICS,1508297854,,65 HIGHVIEW BLVD,COLUMBUS,OH,43207,1128a1,20251218,,,
,,,"BUFFALO HEARING AID CO, INC",DME COMPANY,DME - HEARING AID,,,5419 MAIN STREET,WILLIAMSVILLE,NY,14221,1128a1,19940818,,,
,,,BUILDING MGMT & MAINTENANCE,MANAGEMENT SVCS CO,,,,636 DEL PRADO BLVD,CAPE CORAL,FL,33990,1128b8,20031020,,,
,,,"BUILDING RESILIENCE, LLC",OTHER BUSINESS,COUNSELING CENTER,1427521194,,"3333 E SERENE AVE, STE 130",HENDERSON,NV,89074,1128a1,20251020,,,
,,,BULLDOG MEDICAL OF KISSIMMEE,DME COMPANY,,,,5368 WHISPERING PINE CIRC,ST CLOUD,FL,34771,1128b8,19980420,,,
,,,BURKELL INC,SKILLED NURSING FAC,,,,13306 WAGNER,MONROE,WA,98271,1128b4,19900510,,,
,,,BURLINGTON UROLOGY PC,CLINIC,,,,400 S BROADWAY ST,BURLINGTON,IA,52601,1128b8,20081020,,,
,,,BURNS WHOLESALE DRUG CORPORATI,OTHER BUSINESS,DRUG COMPANY/SUPLIER,,,C/O P O BOX 118,CONNELLSVILLE,PA,15425,1128a3,20110818,,,
,,,BURNSIDE PHARMACY,PHARMACY,,,,8013 SOUTH HWY 27,BURNSIDE,KY,42519,1128b8,20010118,,,
,,,"BUSINESS HELP 501, INC",CLINIC,,,,6536 N PEORIA,TULSA,OK,74126,1128b8,20061220,,,
,,,"BUTTERFLY OPTICAL, INC",OPTICAL PRACTICE,,,,410 EAST 73RD STREET,NEW YORK,NY,10021,1128a1,19921109,,,
,,,"BZM ROYALTY, INC",BILLING SERVICE CO,,,,2123 WILLIAMBSBRIDGE RD,BRONX,NY,10461,1128a1,19950605,,,
,,,"C & C FAMILY HEALTH GROUP, INC",CLINIC,,,,"3990 W FLAGLER ST, STE 10",MIAMI,FL,33134,1128b8,19980120,,,
,,,C & M COMMUNITY THERAPEUTIC CE,OTHER BUSINESS,CLINIC,,,"C/O P O BOX 27134, #14587-031",FORT WORTH,TX,76127,1128b8,20060420,,,
,,,"C & P NURSING SERVICES, INC",HOME HEALTH AGENCY,,,,12951 S W 2ND TERRACE,MIAMI,FL,33184,1128b8,20010920,,,
,,,"C & S LABORATORY, INC",LABORATORY,,,,C/O 15801 S W 137TH AVE,MIAMI,FL,33177,1128b8,19971120,,,
,,,"C C ARMSTRONG CO, LLC",CLINIC,,,,"P O BOX 7007, #29361-034",MARIANNA,FL,32447,1128a4,20070920,,,
,,,C E  SMITH DRUG STORE,PHARMACY,,,,47 SHERWOOD AVE,W SPRINGFIELD,MA,01089,1128a1,19930406,,,
,,,"C.F. MEDICAL SERVICES, INC",DME COMPANY,DME - GENERAL,,,"C/O 7441 WAYNE AVENUE, AP",MIAMI BEACH,FL,33141,1128b8,19970306,,,
,,,CACTUS WREN COMMUNITY SERVICES,OTHER BUSINESS,MENTAL/BEHAVIORAL HE,1457976813,,8828 N CENTRAL AVENUE,PHOENIX,AZ,85020,1128a1,20250320,,,
,,,CADH MULTISERVICES INC,OTHER BUSINESS,CLINIC,1841097144,,"2514 HOLLYWOOD BLVD, STE 500",HOLLYWOOD,FL,33020,1128b7,20260724,,,
,,,CAL'S MEDICAL MANAGEMENT INC,PHARMACY,,,,P O BOX 500,OXFORD,WI,53952,1128b5,20021020,,,
,,,"CAL-MED HEALTH PLAN, INC",CLINIC,,,,805 VIA LIDO SOUD,NEWPORT BEACH,CA,92663,1128a1,20100420,,,
,,,CALIFORIA IMAGING NETWORK MEDI,PHYSICIAN PRACTICE (,RADIOLOGY,1255601076,,"523 W 5TH STREET, SUITE 626",LOS ANGELES,CA,90013,1128a3,20190820,,,
,,,CALIFORNIA COSMETIC DENTISTRY,DENTAL PRACTICE,,,,"3460 WILSHIRE BLVD, STE 104",LOS ANGELES,CA,90010,1128b8,20050920,,,
,,,CALIFORNIA PEOPLE COUNSELING C,OTHER BUSINESS,COMM MNTL HLTH CNTR,1710102033,,4928 LANKERSHIM BLVD,NORTH HOLLYWOOD,CA,91601,1128a1,20180320,,,
,,,CALIFORNIA URGENT CARE MEDICAL,CLINIC,,,,321 EAST HILLCREST,INGLEWOOD,CA,90301,1128b5,19910123,,,
,,,CALIXTO GARCIA MEDICAL CTR INC,CLINIC,,,,555 COLLINS AVE,MIAMI BEACH,FL,33139,1128b8,20030520,,,
,,,CALOMINO FAMILY CHIROPRACTIC,CHIROPRACTIC PRACT,,,,"418 N EL CAMINO REAL, #B",SAN CLEMENTE,CA,92672,1128b8,20020320,,,
,,,CAM - 7 DBA YELLOW CAB CO,TRANSPORTATION CO,,,,715 MAIN STREET,HOUMA,LA,70360,1128a1,19870325,,,
,,,CAMBRIA MEDICAL ASSOCIATES,CLINIC,,,,2901 KENSINGTON AVE,PHILADELPHIA,PA,19134,1128a1,19950814,,,
,,,"CAMPBELL MEDICAL GROUP, PLLC",PHYSICIAN PRACTICE (,GENERAL PRACTICE,1982102414,,"1012 CAMPBELL ROAD, A",HOUSTON,TX,77005,1128b7,20210527,,,
,,,CAMPBELL-SUPERIOR AMBULANCE,AMBULANCE COMPANY,,,,940 N ELM STREET,CENTRALIA,IL,62801,1128b8,19961123,,,
,,,"CAMPO CARE, INC",MANAGEMENT SVCS CO,,,,C/O 15801 S W 137TH AVE,MIAMI,FL,33177,1128a1,20020919,,,
,,,CAMPTON AMBULANCE,AMBULANCE COMPANY,,,,P O BOX 974,CAMPTON,KY,41301,1128b8,19970302,,,
,,,"CANARSIE A W A R E, INC",OTHER BUSINESS,SUBSTANCE ABUSE REHA,1497971741,,1285 ROCKAWAY AVENUE,BROOKLYN,NY,11236,1128a1,20200520,,,
,,,CANOGA CHIROPRACTIC,CHIROPRACTIC PRACT,,,,8335 WINNETKA AVE,LOS ANGELES,CA,91306,1128b8,19991220,,,
,,,"CAP PHARMACY, INC",PHARMACY,,,,"701 E COLFAX AVE, #102",DENVER,CO,80203,1128a1,20041213,,,
,,,"CAP, INC",PRIVATE CIT/ENTITY,,,,4017 ST CLAUDE,NEW ORLEANS,LA,70117,1128a1,19891120,,,
,,,"CAPITAL CITY TRANS SERV, INC",OTHER BUSINESS,TRANSPORTATION CO,,,5202 MELISSA PLACE,COLUMBUS,OH,43227,1128a1,19970730,,,
,,,"CAPITAL FUND, LLC",CLINIC,,,,2999 S VIRGINIA ST,RENO,NV,89502,1128b8,20031020,,,
,,,"CAPITAL MEDICAL SUPPLIES, CORP",DME COMPANY,,,,"8428 S W 24TH ST, STE 103",MIAMI,FL,33155,1128b8,19980920,,,
,,,"CAPITOL MED, INC",MEDICAL GROUP,,,,5054 CRAWFORDVILLE RD,TALLAHASSEE,FL,32314,1128b8,20040219,,,
,,,"CARDI-O-PULOMARY DIAGNOSTICS,",OTHER BUSINESS,LABORATORY-IDTF,,,1905 W BIRCH AVE,DUNCAN,OK,73534,1128a1,20121220,,,
,,,"CARDINAL HOME HEALTH CARE, LTD",HOME HEALTH AGENCY,,,,"ONE OXFORD CENTRE, STE 4300",PITTSBURG,PA,15219,1128b8,20100720,,,
,,,"CARDINAL RESPIRATORY, PC",CLINIC,,,,1200 CENTRE WEST DR,SPRINGFIELD,IL,62704,1128a1,20090618,,,
,,,CARDIO DIAGNOSTIC TECHNOLOGY &,RADIOLOGY FACILITY,,,,892 MIKE COURT,WESTERVILLE,OH,43081,1128a1,20051020,,,
,,,CARDIO MARKETING,DME COMPANY,DME - GENERAL,,,7204 MOSS RIDGE,PARKER,TX,75002,1128b8,19950810,,,
,,,CARDIO TRANS-TELEPHONIC LAB,LABORATORY,,,,"820 E BRUTON RD, STE 140",MESQUITE,TX,75149,1128Aa,19940210,,,
,,,CARDIOGRAPHIC DIAGNOSTIC CLINI,PRIVATE CIT/ENTITY,,,,"7641 CLAREWOOD, #152",HOUSTON,TX,77036,1128b8,19900613,,,
,,,"CARDIOTEL, INC",LABORATORY,,,,"19636 CLUB HOUSE RD, 120",GAITHERSBURG,MD,20886,1128b7,20020620,,,
,,,"CARE DIAGNOSTIC SERVICES, INC",CLINIC,,,,"890 S W 87TH AVE, STE 15E",MIAMI,FL,33174,1128Aa,19971018,,,
,,,"CARE FIRST MEDICAL CENTER, INC",CLINIC,,,,115 PONCE DELEON BOULEVARD,CORAL GABLES,FL,33135,1128b7,20040810,,,
,,,"CARE-A-VAN, INC",AMBULANCE COMPANY,,,,4720 WARNER ROAD,GARFIELD HEIGHTS,OH,44125,1128a1,19900828,,,
,,,CAREAVAN INC OF WISCONSIN,OTHER BUSINESS,TRANSPORTATION CO,,,"7177 CLINTON ROAD, STE 3",LOVES PARK,IL,61111,1128b5,20140820,,,
,,,CAREBRIDGE INNOVATIONS,DME COMPANY,DME - GENERAL,1346071297,,"1515 N UNIVERSITY DRIVE, STE 2",CORAL SPRINGS,FL,33071,1128Aa,20260620,,,
,,,"CARES R US, LTD",HOME HEALTH AGENCY,,,,9316 N WAVERLY,BAYSIDE,WI,53217,1128b8,20050328,,,
,,,"CARES, INC",CLINIC,,,,11501 N W 2 AVE,MIAMI,FL,33168,1128b8,19990520,,,
,,,"CARESOUTH CLINIC, PC",MEDICAL GROUP,,,,1203 VANN DRIVE,JACKSON,TN,38305,1128b7,20050722,,,
,,,"CARETENDERS, INC",HOME HEALTH AGENCY,,,,"9300 SHELBYVILLE RD, #100",LOUISVILLE,KY,40222,1128a2,19900302,,,
,,,"CAREWELL AMBULETTE, INC",OTHER BUSINESS,TRANSPORTATION CO,1700085289,,"514 MAIN STREET, SUITE 202",NEW ROCHELLE,NY,10801,1128a1,20160120,,,
,,,"CARIBMED CARE CENTER, INC",CLINIC,,,,"C/O 3625 FCI RD, #43940-0",MARIANNA,FL,32446,1128b8,19971120,,,
,,,"CARIDAD MEDICAL CENTER, CORP",CLINIC,,,,"9310 FOUNTAINEBLEAU, #A-2",MIAMI,FL,33172,1128b8,19990420,,,
,,,CARING HANDS HHA,HOME HEALTH AGENCY,,,,"C/O BOX 8004, #06269-081",GOLDSBORO,NC,27533,1128b8,19980420,,,
,,,CARING HANDS PCA AGENCY LLC,OTHER BUSINESS,HOME HEALTH AGENCY,1841464021,,"C/O 102 DOROTHY DRIVE, #1",MONROE,LA,71202,1128b5,20141020,,,
,,,CARING HEARTS AND HANDS INC,OTHER BUSINESS,HOME HEALTH AGENCY,,,21350 E 44TH AVE,DENVER,CO,80249,1128b5,20130220,,,
,,,CARING HOME HEALTH AGENCY,HOME HEALTH AGENCY,,,,1406 MCGAVOCK PIKE,NASHVILLE,TN,37216,1128b8,19911113,,,
,,,"CARING RESPIRATORY SVCS, INC",DME COMPANY,DME - GENERAL,,,313-317 MINORCA AV,CORAL GABLES,FL,33134,1128a1,20010917,,,
,,,CARINGWELL PHARMACY,PHARMACY,,1629146865,,7679 WINDSOR DR,DUBLIN,OH,43016,1128b8,20090720,,,
,,,CARITAS HOME HEALTHCARE AND SU,OTHER BUSINESS,TRANSPORTATION CO,1063710929,,425 W SCHROCK ROAD,WESTERVILLE,OH,43081,1128a1,20200120,,,
,,,"CARLETON DENTAL GROUP, P.C.",DENTAL PRACTICE,,,,109 CARLTON AVENUE,CENTRAL ISLIP,NY,11727,1128b4,19960905,,,
,,,"CARLISLE HMA, LLC",OTHER BUSINESS,HOSPITAL,,,4000 MERIDIAN BOULEVARD,FRANKLIN,TN,37067,1128a1,20191219,,,
,,,"CARLOS H POWERS, DDS, PC",DENTAL PRACTICE,,,,"1334 G STREET, S E",WASHINGTON,DC,20003,1128b8,19980618,,,
,,,"CARLOS NAZIR, M D, P A",MEDICAL GROUP,,,,C/O 33 N E 4TH STREET,MIAMI,FL,33101,1128b8,20040420,,,
,,,CAROLINA COMMUNITY MENTAL HEAL,OTHER BUSINESS,COMM MNTL HLTH CNTR,1184859761,,"4020 CAPITAL BLVD, SUITE 102",RALEIGH,NC,27604,1128b7,20181016,,,
,,,CAROLINA SPINE AND PAIN CENTER,OTHER BUSINESS,CHIROPRACTIC PRACT,1467091306,,115 BRUSHY CREEK ROAD,EASLEY,SC,29642,1128b8,20250420,,,
,,,"CAROLINA TAR HEEL, INC",AMBULANCE COMPANY,,,,1018 LEWIS STREET,OXFORD,NC,27565,1128b7,20090203,,,
,,,CAROLINA UROLOGICAL CONSULTANT,CONSULTING FIRM,,,,1261 HWY 501 E,CONWAY,SC,29526,1128a1,20010711,,,
,,,"CAROLINE STREET CLINIC, INC",CLINIC,,,,525 CAROLINE STREET,KEY WEST,FL,33040,1128b8,20060620,,,
,,,CAROLYN'S MEDICAL TRANSPORT,TRANSPORTATION CO,,,,"P O DRAWER 2197, #08663-0",BRYAN,TX,77803,1128b8,19960212,,,
,,,"CARTER'S TAXI & LIMOUSINE SVC,",TRANSPORTATION CO,,,,8 VETERANS CIRCLE,NEWINGTON,CT,06111,1128a1,20070118,,,
,,,"CASA CARE SERVICES, LTD",HOME HEALTH AGENCY,,,,"C/O 300 RABRO DRIVE, STE",HAUPPAUGE,NY,11788,1128a1,19980120,,,
,,,"CAV AMBULANCE, INC.",AMBULANCE COMPANY,,,,4720 WARNER ROAD,GARFIELD HEIGHTS,OH,44125,1128a1,19900828,,,
,,,CBT & ASSOCIATES,OPTOMETRIC PRACTICE,,,,2634 S BROAD,NEW ORLEANS,LA,70125,1128a1,19891120,,,
,,,"CCMT, INC",OTHER BUSINESS,AMBULANCE COMPANY,1881879625,,204 GRAHAM ROAD,NEWPORT,NC,28570,1128b8,20161020,,,
,,,"CCRN OPERATOR, LLC",OTHER BUSINESS,SKILLED NURSING FAC,1205230711,,128 PHOENIX MILLS ROAD,COOPERSTOWN,NY,13326,1128a2,20190620,,,
,,,"CCS MEDICAL EQUIPMENT DME, INC",DME COMPANY,,,,C/O 8311 S W 47TH STREET,MIAMI,FL,33155,1128b8,19990617,,,
,,,CD BEST MEDICAL EQUIPMENT SUPP,DME COMPANY,DME - GENERAL,1356339683,,"8921 S SEPULVEDA BLVD, STE 113",LOS ANGELES,CA,90045,1128b8,20120119,,,
,,,CDA MEDICAL TRANSPORT,TRANSPORTATION CO,,,,C/O 300 WENDELL COURT,ATLANTA,GA,30336,1128a1,19981119,,,
,,,CDC OF SOUTH FLORIDA,PHARMACY,,,,9816 N E 2ND AVE,MIAMI,FL,33138,1128a1,20041220,,,
,,,"CEDARWOODS DAY SPA, INC",THERAPIST,,,,9125 TAFT STREET,PEMBROKE PINES,FL,33024,1128b4,20050620,,,
,,,"CEN MED, INC",DME COMPANY,DME - GENERAL,,,1104 ROBIN ROAD,JONESBORO,AR,72401,1128Aa,19920909,,,
,,,CENT WISCONSIN OPTICAL SERV,OPTOMETRIC PRACTICE,,,,4308 NORTH LAKE DRIVE,SHOREWOOD,WI,53211,1128a1,19840207,,,
,,,CENTENNIAL MED SUPPLY LLC,DME COMPANY,DME - GENERAL,1609626167,,"1805 S BELLAIRE STREET, STE 48",DENVER,CO,80222,1128Aa,20260711,,,
,,,CENTER FOR HUMAN GROWTH,COUNSELING CENTER,,,,HIGHWAY 67 WEST,EL RENO,OK,73036,1128b8,19950803,,,
,,,CENTER FOR INDEPENDENT LIVING,OTHER BUSINESS,COMM MNTL HLTH CNTR,1558495325,,"1802 E SPRUCE ST, P O BOX 2090",GARDEN CITY,KS,67846,1128b5,20111020,,,
,,,CENTER FOR MENTAL HEALTH SVCS,MENTAL HEALTH FAC,,,,403 N 4TH STREET,LEAVENWORTH,KS,66048,1128a1,19960506,,,
,,,CENTER FOR NEUROLOGY & SLEEP M,CLINIC,,,,P O BOX 1586,JUPITER,FL,33468,1128b8,20071018,,,
,,,CENTER FOR PREVENTIVE AND REGE,PHYSICIAN PRACTICE (,CARDIOLOGY,,,4802 NORTH LOOP 289,LUBBOCK,TX,79416,1128b7,20200930,,,
,,,"CENTER GREEN REST HOME, INC",SKILLED NURSING FAC,,,,"P O BOX D-2, 109 GREEN ST",FAIRHAVEN,MA,02719,1128a1,19950213,,,
,,,"CENTER PHARMACY, INC",PHARMACY,,,,835 SPRUCE STREET,ESPANOLA,NM,87532,1128b8,19930803,,,
,,,"CENTRAL AMBULANCE SERVICE, INC",AMBULANCE COMPANY,,,,1316 FOURTH AVE,CORAOPOLIS,PA,15108,1128a1,20010220,,,
,,,"CENTRAL CARE, INC",DME COMPANY,DME - GENERAL,,,"50 N HARRISON AVE, #15",CONGERS,NY,10920,1128b5,19960909,,,
,,,CENTRAL CITY OPTICAL,OPTOMETRIC PRACTICE,,,,2302 JACKSON AVENUE,NEW ORLEANS,LA,70113,1128a1,19891120,,,
,,,"CENTRAL COMMUNITY SERVICE, INC",ADULT HOME,,,,1825 BEVERLY BLVD,LOS ANGELES,CA,90057,1128a1,20051020,,,
,,,CENTRAL FLORIDA EAR & HEARING,DME COMPANY,DME - HEARING AID,,,"827 DELTONA BLVD, SUITE D",DELTONA,FL,32725,1128a1,19890223,,,
,,,CENTRAL FLORIDA EAR & HEARING,CLINIC,,,,965 STRATON STREET,SOUTH DAYTONA,FL,32725,1128a1,19881229,,,
,,,CENTRAL FLORIDA RADIOLOGY,RADIOLOGY FACILITY,,,,C/O FEDERAL PRISON CAMP,EGLIN AFB,FL,32542,1128b8,19970703,,,
,,,CENTRAL HOME CARE SERVICES INC,HOME HEALTH AGENCY,,,,P O BOX 6160,OKLAHOMA CITY,OK,73153,1128b8,20080619,,,
,,,CENTRAL KENTUCKY FAMILY PHARMA,OTHER BUSINESS,PHARMACY,,,201 BOSTON SQUARE,GEORGETOWN,KY,40324,1128a4,20170320,,,
,,,CENTRAL MEDICAL INC,DME COMPANY,DME - GENERAL,,,68 NICHOLAS ROAD,WALLINGFORD,CT,06492,1128a1,19920706,,,
,,,"CENTRAL MEDICAL SYSTEMS, LLC",DME COMPANY,DME - WOUND CARE KIT,1992885727,,"1221 E BROADWAY, STE 1021",OVIEDO,FL,32765,1128b7,20211101,,,
,,,"CENTRAL NUTRITION SVCS, INC",DME COMPANY,DME - GENERAL,,,C/O P O BOX 019120,MIAMI,FL,33101,1128b8,20001220,,,
,,,"CENTRAL OKLAHOMA CARE AT HOME,",HOME HEALTH AGENCY,,,,P O BOX 6160,OKLAHOMA CITY,OK,73153,1128b8,20080619,,,
,,,CENTRAL ORTHOPEDIC OF MIAMI,DME COMPANY,,,,631 E 13TH STREET,HIALEAH,FL,33010,1128b8,19971218,,,
,,,CENTRAL TEXAS EXTENDED CARE SE,HOME HEALTH AGENCY,,,,P O BOX 1058,BANDERA,TX,78003,1128b8,20080619,,,
,,,CENTRAL TEXAS HOME HEALTH SERV,HOME HEALTH AGENCY,,,,P O BOX 6160,OKLAHOMA CITY,OK,73153,1128b8,20080619,,,
,,,"CENTRO AYUDA, INC",COUNSELING CENTER,,,,C/O P O BOX 180,MUNCY,PA,17756,1128a1,19980820,,,
,,,CENTRO EQUIPOS MEDICOS,DME COMPANY,DME - GENERAL,,,"BX 3038, CARR 368 KM 10.9",YAUCO,PR,00698,1128b8,20030619,,,
,,,"CENTURION HEALTHCARE, INC",OTHER BUSINESS,SKILLED NURSING FAC,,,98 OLIVE MILL LANE,SANTA BARBARA,CA,93108,1128a1,20130418,,,
,,,"CENTURION SUPERIOR MEDICAL, LL",DME COMPANY,DME - GENERAL,1932975166,,"11211 TAYLOR DRAPER LANE, SUIT",AUSTIN,TX,75759,1128Aa,20260622,,,
,,,"CENTURY CELLULAR RENTAL, INC.",PRIVATE CIT/ENTITY,,,,2815 NW 7TH STREET,MIAMI,FL,33125,1128b7,19960730,,,
,,,"CENTURY MEDICAL SERVICES, CORP",DME COMPANY,,,,"13800 S W 8TH ST, STE 153",MIAMI,FL,33184,1128b8,19990218,,,
,,,CERTIFIED AIR RESPIRATORY EQUI,DME COMPANY,DME - OXYGEN,,,2000 TOWN CENTER,SOUTHFIELD,MI,48075,1128a1,19960704,,,
,,,"CESAR E PEREZ, MD, PA",MEDICAL GROUP,,,,290 -75TH AVENUE,ST PETERSBURG BEACH,FL,33706,1128b8,20050920,,,
,,,"CESTARI PHARMACY, INC",PHARMACY,,,,83 DOUGHTY BLVD,INWOOD,NY,11696,1128a1,20010920,,,
,,,"CFK, INC",OTHER BUSINESS,DRUG COMPANY/SUPLIER,1609976257,,47 EAST 500 SOUTH,BOUNTIFUL,UT,84010,1128a3,20210920,,,
,,,"CG NUTRITIONALS, INC",DME COMPANY,DME - GENERAL,,,100 ABBOTT PARK ROAD,ABBOTT PARK,IL,60064,1128b2,20030623,,,
,,,CHANGE OF HEART INC,COUNSELING CENTER,,,,"6301 ROCKHILL, STE 411",KANSAS CITY,MO,64131,1128a1,20050920,,,
,,,CHANGING STEPS TREATMENT CENTE,OTHER BUSINESS,COMMUNITY HLTH CTR (,1477704351,,"14540 HAMLIN ST, STE B",VAN NUYS,CA,91411,1128a1,20180220,,,
,,,CHANNELVIEW LUNG & REHABILITAT,CLINIC,,,,2311 IVYCREST COURT,SUGAR LAND,TX,77479,1128b8,20061120,,,
,,,CHAPARRAL SERVICES LTD,OTHER BUSINESS,PHARMACY,,,591 ROUTE 216,STORMVILLE,NY,12582,1128a1,20180419,,,
,,,CHARITY  MEDICAL SUPPLY,DME COMPANY,,,,"13800 S W 8TH ST, STE 153",MIAMI,FL,33184,1128b8,19980420,,,
,,,"CHARITY HOME HEALTH CARE, INC",HOME HEALTH AGENCY,,,,1032 N W 130TH AVE,MIAMI,FL,33182,1128b8,20010920,,,
,,,"CHARLEBOIS MEDICAL SYSTEMS, LL",DME COMPANY,DME - GENERAL,1083789143,,5825 STEWART DR,MUSTANG,OK,73064,1128b8,20091220,,,
,,,"CHARLES C NEAULT, D C",CHIROPRACTIC PRACT,,,,"2345 ERRINGER RD, STE 210",SIMI VALLEY,CA,93065,1128b8,20040420,,,
,,,CHARLES DREW HOME HEALTH AGNCY,HOME HEALTH AGENCY,,,,1201 ELM STREET,DALLAS,TX,75202,1128b6,19791205,,,
,,,"CHARLES J CROSBY, D O, P A",MEDICAL GROUP,,,,"4270 ALOMA AVE, #192",WINTER PARK,FL,32792,1128b8,20050720,,,
,,,"CHARLES JOHNSON, D C, LLC",OTHER BUSINESS,CHIROPRACTIC PRACT,,,"1006 MAIN STREET, STE B",IMPERIAL,MO,63052,1128b8,20111120,,,
,,,CHARLES OPTICAL,OPTICAL PRACTICE,,,,7881 CLINTON ST,ELMA,NY,14059,1128b8,19980219,,,
,,,CHARLESGATE PSYCHOLOGICAL SVC,PSYCHOLOGIC PRACTICE,,,,"860 ANSONIA ST, STE 4",TOLEDO,OH,43616,1128a1,19900321,,,
,,,CHARLESTON SPEECH AND HEARING,REHAB FACILITY - GEN,,,,3815 W MONTAGUE AVE,N CHARLESTON,SC,29418,1128b7,20040514,,,
,,,"CHARTER HOME HEALTH, LLC",OTHER BUSINESS,HOME HEALTH AGENCY,1104927508,,"2798 O'NEAL LANE, BUILDING C",BATON ROUGE,LA,70816,BRCH CIA,20200812,,,
,,,CHECOTAH MEDICAL CLINIC,DOCTOR OWNED ENTITY,LAB - CLINICAL,,,414 WEST GENTRY,CHECOTAH,OK,74426,1128b8,19941006,,,
,,,CHELATION CTR OF NAPLES-BONITA,CLINIC,,,,975 IMPERIAL GOLF COURSE,NAPLES,FL,34110,1128b4,20021020,,,
,,,CHILD & ADOLESCENT INSTITUTE,PSYCHOLOGIC PRACTICE,,,,22100 MCCAULEY RD,BEACHWOOD,OH,44122,1128b8,20020220,,,
,,,CHILDREN'S HOME CARE MEDICAL,DME COMPANY,,,,615 FIFTH AVE,LARCHMONT,NY,10538,1128b8,19971218,,,
,,,CHILHOWIE CAB COMPANY,TRANSPORTATION CO,,,,P O BOX 683,CHILHOWIE,VA,24319,1128a1,19840109,,,
,,,"CHILLICOTHE YOUTH SERVICES, LL",COUNSELING CENTER,,,,448 WASHINGTON,CHILLICOTHE,MO,64601,1128a1,20050920,,,
,,,CHIRO ACU CENTER,CHIROPRACTIC PRACT,,,,11972 GARY ST,GARDEN GROVE,CA,92840,1128b8,20030820,,,
,,,"CHIROPRACTIC ASSOCIATES, INC",CHIROPRACTIC PRACT,,,,5886 WEST US 10,LUDINGTON,MI,49431,1128b8,19960506,,,
,,,CHIROPRACTIC DIAGNOSTIC CARDIO,CLINIC,,,,15801 S W 137TH AVE,MIAMI,FL,33177,1128b8,20030619,,,
,,,CHIROPRACTIC HEALTH & HEALTH,CHIROPRACTIC PRACT,,,,"901 E PRICE, #6",KELLER,TX,76248,1128b8,20000620,,,
,,,CHIROPRACTIC HEALTH & WELLNESS,CHIROPRACTIC PRACT,,,,3101 S DELAWARE AVE,MILWAUKEE,WI,53207,1128b8,19990819,,,
,,,CHIROPRACTIC PLUS,CHIROPRACTIC PRACT,,,,823 N 4TH STREET,LONGVIEW,TX,75601,1128b8,20020220,,,
,,,"CHJ DIAGNOSTIC, INC",OTHER BUSINESS,CLINIC,1124356043,,"550 E CHAPMAN AVENUE, STE E",ORANGE,CA,92866,1128b7,20180808,,,
,,,CHOICE MANAGEMENT SERVICES INC,DME COMPANY,,,,2804 W MARC KNIGHTON CT,LECANTO,FL,34461,1128b8,20000220,,,
,,,CHOTU CORPORATION,OTHER BUSINESS,PHARMACY,1609993823,,74-17 101 AVENUE,OZONE PARK,NY,11416,1128a1,20120419,,,
,,,"CHRIS-JEN HEALTHCARE, INC",CHIROPRACTIC PRACT,,,,4720 GREAT NORTHERN BLVD,N OLMSTEAD,OH,44070,1128b8,20041020,,,
,,,CHRISTA CORPORATION,PHARMACY,,,,56 CHARLES STREET,UNIONTOWN,PA,15401,1128a1,19960502,,,
,,,CHRISTINA SIRLIN,CHIROPRACTIC PRACT,,,,134 HONNARD TERRACE,YONKERS,NY,10701,1128b8,20020120,,,
,,,"CHU AND CHU, INC",DENTAL PRACTICE,,,,1200 ANNAPOLIS ROAD,ODENTON,MD,21113,1128a1,19880720,,,
,,,"CHUCK'S SUPER RITE DRUGS, INC",PHARMACY,,,,1821 MEMORIAL DRIVE,ATLANTA,GA,30317,1128b8,20030820,,,
,,,"CHURCH MEDICAL SERVICES, P C","MEDICAL PRACTICE, MD",,,,440 E 19TH ST,BROOKLYN,NY,11226,1128b8,20000920,,,
,,,"CINDY DRUGS, INC",PHARMACY,,,,524 S BROADWAY,HICKSVILLE,NY,11801,1128b8,20020919,,,
,,,CIRCA CORPORATION,PRIVATE CIT/ENTITY,,,,1508 SAN ANTONIO STREET,AUSTIN,TX,78701,1128a1,19910902,,,
,,,CITY AMBULANCE OF ALABAMA,AMBULANCE COMPANY,,,,810 CEDAR ST,MONTGOMERY,AL,36106,1128b7,20000204,,,
,,,"CITY MEDICAL SUPPLY, INC",DME COMPANY,DME - GENERAL,,,11104 MAGNOLIA BLVD,N HOLLYWOOD,CA,91601,1128b8,20020919,,,
,,,"CITY WIDE TRANSPORTATION, LTD",OTHER BUSINESS,TRANSPORTATION CO,,,11406 S EDBROOKE AVENUE,CHICAGO,IL,60628,1128b5,20140918,,,
,,,CJ'S BODYWORKS,PRIVATE CIT/ENTITY,,,,P O BOX 783353,WINTER GARDEN,FL,34778,1128b4,20050818,,,
,,,CLACOM CAMBULANCE CORPORATION,TRANSPORTATION CO,,,,4648 WEST 47TH STREET,CHICAGO,IL,60632,1128a1,20071220,,,
,,,"CLARK C MITCHELL, MD, PA",MEDICAL GROUP,,,,205 MICHIGAN AVENUE,MIAMI BEACH,FL,33139,1128b8,20060220,,,
,,,CLARK'S FAMILY PHARMACY,PHARMACY,,,,2903 KENSINGTON AVE,PHILADELPHIA,PA,19134,1128a1,19950814,,,
,,,"CLASSIC COMFORT, INC",DME COMPANY,DME - UROLOGICAL SUP,,,18566 GILMORE ST,RESEDA,CA,91335,1128b8,20030320,,,
,,,"CLASSIC HEALTHCARE SERVICES, L",OTHER BUSINESS,HOME HEALTH AGENCY,1073773719,,"1105 SCHROCK RD, STE 636",COLUMBUS,OH,43229,1128a3,20220420,,,
,,,CLAYTON CARE CORPORATION,HC CONGLOM - PARENT,,,,3806 EASTON BLVD,DES MOINES,IA,50317,1128b5,20040920,,,
,,,"CLAYWEST HOUSE HEALTHCARE, LLC",SKILLED NURSING FAC,,,,2840 WEST CLAY,ST CHARLES,MO,63301,1128b7,20051019,,,
,,,"CLAYWEST HOUSE HEALTHCARE, LLC",SKILLED NURSING FAC,,,,11A THE PINES,CHESTERFIELD,MO,63141,1128a2,20040617,,,
,,,"CLEARWATER CLINICAL LAB, INC",LABORATORY,,,,1375 S ST HARRISON AVE,CLEARWATER,FL,33756,1128a1,20010920,,,
,,,CLEARWATER FAMILY SERVICES,PSYCHOLOGIC PRACTICE,,,,"1601 114TH AVE S E, #120",BELLEVUE,WA,98004,1128b8,19941204,,,
,,,CLERES SHOE STORE,DME COMPANY,,,,MASCHER & ALLEGHNEY AVES,PHILADELPHIA,PA,19133,1128a1,19860311,,,
,,,"CLEVER HEALTH CENTER, LLC",OTHER BUSINESS,CLINIC,1972125805,,"4616 W SAHARA AVENUE, SUITE 48",LAS VEGAS,NV,89102,1128b5,20240620,,,
,,,CLIFFE'S PRESCRIPTION PHAR,PHARMACY,,,,213 MAIN ST,RIDGEWAY,PA,15853,1128a1,19851213,,,
,,,"CLINIC MAKERS OF MIAMI, INC",PRIVATE CIT/ENTITY,,,,"C/O P O BOX 14507, #49444",LEXINGTON,KY,40512,1128b8,19970907,,,
,,,CLINICAL & ANATOMIC PATHOLOGY,LABORATORY,,,,"100 NORTH EUCLID, STE 108",ST LOUIS,MO,63108,1128b8,19890704,,,
,,,CLINICAL LABORATORY ASSOCIATES,OTHER BUSINESS,LABORATORY,,,124 E DIVISION RD,OAK RIDGE,TN,37830,1128a1,19870429,,,
,,,CLINICAL SOLUTIONS OF SOUTH FL,PHARMACY,,,,"21011 JOHNSON ST, #109",PEMBROKE PINES,FL,33029,1128b8,20041220,,,
,,,"CLINICAL SUPPORT SERVICES, LLC",OTHER BUSINESS,MENTAL/BEHAVIORAL HE,1497077796,,"207 5TH AVENUE, N",MINNEAPOLIS,MN,55401,1128b7,20170530,,,
,,,"CLOVER PHARMACY, INC",PHARMACY,,,,3325 TAMPA RD,PALM HARBOR,FL,34684,1128b8,20020919,,,
,,,"CLUB FOR THE AGES, LLC",AMBULANCE COMPANY,,1679614671,,1196 W BROAD ST,COLUMBUS,OH,43222,1128b8,20100420,,,
,,,"CLYDE D BROWN, M.D. AND ASSOC","MEDICAL PRACTICE, MD",GENERAL PRACTICE/FP,,,2406 AUBURN AVENUE,CINCINNATI,OH,45219,1128a1,19940818,,,
,,,"CMC MEDICAL CARE, INC",DME COMPANY,DME - GENERAL,,,2315 W FLAGER ST,MIAMI,FL,33135,1128b8,19990819,,,
,,,COALFIELD PHARMACY,OTHER BUSINESS,PHARMACY,,,109 HICKORY HOLLOW DRIVE,OAK RIDGE,TN,37830,1128a1,19880624,,,
,,,"COALO AMBULETTE SERVICE, INC",OTHER BUSINESS,AMBULANCE COMPANY,,,32 QUEENS AVENUE,ELMONT,NY,11003,1128b5,20150520,,,
,,,"COANNE PHARMACY, INC",PHARMACY,,,,C/O 650 E TREMONT AVE,BRONX,NY,10457,1128b5,19990120,,,
,,,COAST MEDICAL SUPPLY,DME COMPANY,DME - GENERAL,,,2106 COLORADO BLVD,LOS ANGELES,CA,90041,1128b8,20020418,,,
,,,COASTAL INDUSTRIAL HEALTH CARE,CHIROPRACTIC PRACT,,,,"3701 STOCKER ST, STE 309",LOS ANGELES,CA,90008,1128b8,19991220,,,
,,,"COASTAL OUTPATIENT SVCS, INC",CLINIC,,,,4901 BATTLE SHIP PKWY,SPANISH FORT,AL,36527,1128b8,20021219,,,
,,,COBBLESTONE PHARMACY,PHARMACY,,,,606 HIGHWAY 80 WEST,CLINTON,MS,39056,1128a1,19880420,,,
,,,COLEMAN PHARMACY,PHARMACY,,,,616 CENTRAL DRIVE,EAST DUBLIN,GA,31021,1128b8,19940426,,,
,,,COLLINS DRUGS,PHARMACY,,,,"TOWN SQUARE, P O BOX 158",TELLICO PLAINS,TN,37385,1128a1,19880331,,,
,,,COLONIAL HEARING AID SERV,DME COMPANY,DME - HEARING AID,,,312 WALL STREET,KINGSTON,NY,12401,1128a1,19921007,,,
,,,COLORADO CHIROPRACTIC NEUROLOG,CHIROPRACTIC PRACT,,,,"3510 GALLEY RD, STE 104",COLORADO SPRINGS,CO,80909,1128b8,20100720,,,
,,,"COLORADO NEUROSURGERY, P C",DOCTOR OWNED ENTITY,,,,1635 GILPIN ST,DENVER,CO,80218,1128b7,20010618,,,
,,,COLORADO REGISTERED NURSES INC,HOME HEALTH AGENCY,,,,"6000 E EVANS AVE, STE 210",DENVER,CO,80222,1128b8,19970708,,,
,,,COLORADO THERAPY SERVICES P.C.,REHAB FACILITY - GEN,,,,"37920 N 45TH, DEPT 1775",PHOENIX,AZ,85027,1128b8,19970312,,,
,,,"COLORADO TRANSP SVCS, INC",TRANSPORTATION CO,,,,7674 DANTE WAY,COLORADO SPRNGS,CO,80919,1128a1,20010419,,,
,,,COLOSE CHIROPRACTIC,CHIROPRACTIC PRACT,,,,973 BALLTOWN RD,SCHENECTADY,NY,12309,1128b8,20040720,,,
,,,COLUMBIA DRUGS,PHARMACY,,,,4077 GLENWOOD ROAD,DECATUR,GA,30032,1128b8,19941006,,,
,,,COLUMBIA HEALTH & REHAB CTR,CHIROPRACTIC PRACT,,,,3524 SPRING VALLEY RD,DECATUR,GA,30032,1128b8,20011120,,,
,,,"COLUMBIA MANAGEMENT COS, INC",HOSPITAL,,,,ONE PARK PLAZA,NASHVILLE,TN,37203,1128a1,20010701,,,
,,,COMERIO AMBULANCE SERVICE,AMBULANCE COMPANY,,1942347620,,P O  BOX 4265,BAYAMON,PR,00958,1128b8,20060518,,,
,,,COMFOR CARE HOSPICE INC,OTHER BUSINESS,HOSPICE,1154911626,,"417 ARDEN AVE, STE 121D",GLENDALE,CA,91203,1128b5,20260820,,,
,,,COMFORT AND CARING HOME HEALTH,HOME HEALTH AGENCY,,,,"10101 HARWIN DR, STE 370",HOUSTON,TX,77036,1128b8,20080320,,,
,,,"COMFORT CONSULTING, LLC",BILLING SERVICE CO,,,,"109 MILLCREEK CORNERS, STE E",BRANDON,MS,39047,1128a1,20070820,,,
,,,"COMFORTLAND INTERNATIONAL, LLC",OTHER BUSINESS,MANUF/LESSOR SUPP/EQ,,,709 A O SMITH ROAD,MEBANE,NC,27302,1128a1,20230518,,,
,,,"COMFORTZONE HOME HEALTH CARE,",OTHER BUSINESS,HOME HEALTH AGENCY,1235660648,,239 W GERMANTOWN PIKE,NORRISTOWN,PA,19401,1128a1,20260420,,,
,,,COMMUNICARE HOME HEALTH CARE,HOME HEALTH AGENCY,,,,C/O 13010 GEORGE RD,SAN ANTONIO,TX,78230,1128b8,20000119,,,
,,,COMMUNITY CHIROPRACTIC,CHIROPRACTIC PRACT,,1295734671,,"455 LOS GATOS BLVD, #107",LOS GATOS,CA,95032,1128b8,20060820,,,
,,,"COMMUNITY CLINICAL LAB, INC",LABORATORY,,,,1375 S FT HARRISON AVE,CLEARWATER,FL,33756,1128a1,20010920,,,
,,,COMMUNITY COUNSELING SERVICES,COUNSELING CENTER,,,,105 LEE DR,WAYNESVILLE,MO,65583,1128b8,19980720,,,
,,,COMMUNITY HOME CARE,HOME HEALTH AGENCY,,,,"C/O BOX 8004, #06269-081",GOLDSBORO,NC,27533,1128b8,19980420,,,
,,,COMMUNITY HOME HEALTH CARE INC,HOME HEALTH AGENCY,,,,P O BOX 315,PAINCOURTVILLE,LA,70391,1128b11,20010520,,,
,,,COMMUNITY INTEGRATION ASSOCIAT,HOME HEALTH AGENCY,,,,4817 REED HILL ROAD,CAMPBELL,NY,14821,1128a1,20050720,,,
,,,COMMUNITY MEDICAL DISORDER P C,OTHER BUSINESS,CLINIC,1538506076,,"1025 5TH AVENUE, APT 3RS",NEW YORKK,NY,10028,1128a1,20190520,,,
,,,"COMP-CARE OF FLORIDA, INC",DME COMPANY,,,,"6741 W SUNRISE BLVD, STE",PLANTATION,FL,33313,1128b8,19980420,,,
,,,"COMP-CARE OXYGEN SERVICES, INC",DME COMPANY,,,,"6741 W SUNRISE BLVD, SE 1",PLANTATION,FL,33313,1128b8,19980420,,,
,,,COMP-CARE RESPIRATORY SVCS INC,DME COMPANY,,,,3779 N W 16TH ST,LAUDERHILL,FL,33311,1128b8,19980420,,,
,,,COMP-CARE USA INC,DME COMPANY,,,,"5534 CORTEZ RD, WEST",BRADENTON,FL,34210,1128b8,19980420,,,
,,,"COMP-TECH, INC",CLINIC,,,,"2121 PONCE DE LEON BLVD,",CORAL GABLES,FL,33145,1128b8,19980120,,,
,,,COMPASS MEDICAL,CLINIC,,,,C/O P O BOX 297154,BROOKLYN,NY,11229,1128a3,20071018,,,
,,,COMPASSIONATE CARE GROUP,HOME HEALTH AGENCY,,,,"2501 GRAND STREET, N E",MINNEAPOLIS,MN,55418,1128b8,20031020,,,
,,,COMPASSIONATE HOME CARE,HOME HEALTH AGENCY,,,,"2501 GRAND STREET, N E",MINNEAPOLIS,MN,55418,1128b8,20031020,,,
,,,"COMPASSIONATE HOME CARE, INC",HOME HEALTH AGENCY,,,,"2501 GRAND ST, N E",MINNEAPOLIS,MN,55418,1128a1,20030520,,,
,,,"COMPASSIONATE MOTHERS, LLC",PRIVATE CIT/ENTITY,,,,7055 N PRESIDIO DR,MILWAUKEE,WI,53223,1128b8,20090618,,,
,,,COMPCARE OF FLORIDA,DME COMPANY,,,,3779 N W 16TH ST,LAUDERHILL,FL,33311,1128b8,19980420,,,
,,,COMPCARE OF MANATEE COUNTY INC,DME COMPANY,,,,5534 CORTEZ RD,BRADENTON,FL,34210,1128b8,19980420,,,
,,,"COMPETENT CARE, INC",HOME HEALTH AGENCY,,,,377 BROADWAY,NEWBURGH,NY,12550,1128a1,20030520,,,
,,,COMPLEMENTARY SUPPORT SERVICES,OTHER BUSINESS,MENTAL/BEHAVIORAL HE,1023093473,,"6701 PENN AVENUE, S, STE 301",MINNEAPOLIS,MN,55423,1128b7,20170530,,,
,,,"COMPLETE BREATHING CARE, INC",DME COMPANY,,,,P O BOX 411,ALTAMONTE SPRNG,FL,32701,1128b7,19790105,,,
,,,COMPLETE CARE OF AMERICAN AND,HOME HEALTH AGENCY,,,,10358 PRINCE,SAINT LOUIS,MO,63136,1128a1,20090319,,,
,,,"COMPLETE HEARING HEALTH CARE,",CLINIC,,,,"110 BEECH ST, STE C",TAWAS CITY,MI,48763,1128a1,20071018,,,
,,,COMPREHENSIVE CLINICAL CTR,CLINIC,,,,24 POINT VIEW DR,E GREENBUSH,NY,12061,1128a1,20010920,,,
,,,COMPREHENSIVE HEALTH ASSOCIATE,MEDICAL GROUP,,,,14147 U S HWY ONE,JUNO BEACH,FL,33408,1128b8,20070719,,,
,,,COMPREHENSIVE HEALTH PROFESSIO,REHAB FACILITY - GEN,,,,"P O BOX 779800, FCI #55849-004",MIAMI,FL,33177,1128b8,20060620,,,
,,,COMPREHENSIVE HEALTHCARE MANAG,OTHER BUSINESS,SKILLED NURSING FAC,1871916874,,246 FRIENDSHIP CIRCLE,BEAVER,PA,15009,1128a1,20260520,,,
,,,COMPREHENSIVE OUTPATIENT SVCS,REHAB FACILITY - GEN,,,,2314 SARATAGA AVE,CLEVELAND,OH,44109,1128a1,20030820,,,
,,,COMPREHENSIVE PULMONARY SERVIC,DME COMPANY,DME - GENERAL,,,724 BETHLEHEM PIKE,MONTGOMERYVILLE,PA,18936,1128a1,19881117,,,
,,,COMPUTER HEALTH SVCS OF DADE,CONSULTING FIRM,,,,P O BOX 3240,TAMPA,FL,33601,1128a1,20000216,,,
,,,CONCORD MEDICAL SUPPLY,DME COMPANY,,,,"13800 S W 8TH ST, STE 170",MIAMI,FL,33184,1128b8,19980420,,,
,,,CONFER CLINIC OF CHIROPRACTIC,CHIROPRACTIC PRACT,,,,654 MORGANTOWN RD,UNIONTOWN,PA,15401,1128b8,20011120,,,
,,,"CONFORTEC DME, INC",PHARMACY,,,,C/O 92 S W 80TH AVE,MIAMI,FL,33134,1128b8,20040120,,,
,,,CONSERVATORY OF HOPE TREATMENT,OTHER BUSINESS,MENTAL/BEHAVIORAL HE,1124317086,,"5755 S SANDHLL ROAD, #B",LAS VEGAS,NV,89120,1128b7,20241217,,,
,,,CONSOLIDATED AMBULANCE SERVICE,AMBULANCE COMPANY,,,,3055 CLEVELAND AVENUE,COLUMBUS,OH,43224,1128b8,20070820,,,
,,,"CONSOLIDATED AMBULETTE, INC",AMBULANCE COMPANY,,,,C/O 239 NORTH STREET,NEWBURGH,NY,12550,1128a1,19990617,,,
,,,CONSOLIDATED CONTRACT NURSING,NURSING FIRM,,,,3055 CLEVELAND AVE,COLUMBUS,OH,43224,1128b8,20081020,,,
,,,CONSOLIDATED LABORATORY SERVIC,LABORATORY,,1952382400,,220 HICKORY HOLLOW AVE,LAS VEGAS,NV,89123,1128a1,20100920,,,
,,,"CONTI MEDICAL CONCEPTS, INC",DME COMPANY,DME - GENERAL,1154399970,,7903 INNISBROOK COURT,PROSPECT,KY,40059,1128a1,20081218,,,
,,,"CONTINUING HEALTH CARE ED, INC",HOME HEALTH AGENCY,,,,142 MARION ST,DENVER,CO,80218,1128b8,19990214,,,
,,,CONTINUOUS MGMT CONSULTING & F,DME COMPANY,,,,"C/O P O BOX 600, #39781-018",EGLIN AFB,FL,32542,1128b7,20020715,,,
,,,"CONVA-CARE, INC",DME COMPANY,,,,585-34 BICYCLE PATH,PORT JEFFERSON,NY,11776,1128b5,19970811,,,
,,,"CONVALESCENT TRANSPORTS, INC",AMBULANCE COMPANY,,,,"C/O P O BOX 2000, #25139-056",FORT DIX,NJ,08640,1128a1,20070719,,,
,,,"CONVENIENT CARE CLINIC, LLC",CLINIC,,1275549016,,"624 OLD ST MARY'S RD, STE A",PERRYVILLE,MO,63775,1128a1,20110320,,,
,,,"CONVENIENT DENTAL CARE CENTER,",DENTAL PRACTICE,,,,"1735 HAMILTON, STE 450",OKEMOS,MI,48864,1128a1,20051120,,,
,,,"CONVENIENT MEDICAL SERVICES, I",MEDICAL GROUP,,,,"4081 N 9TH STREET, #C101",NAPLES,FL,34103,1128b8,20050320,,,
,,,COOPER STREET PSYCHIATRIC GRP,MENTAL HEALTH FAC,,,,301 COOPER STREET,CAMDEN,NJ,08012,1128b8,19900502,,,
,,,COOPERATIVE CARE MEDICAL GROUP,OTHER BUSINESS,CHIROPRACTIC PRACT,,,21707 HAWTHORNE BLVD,TORRANCE,CA,90503,1128b8,20210120,,,
,,,"CORAL GABLES MALE CTR, INC",MEDICAL GROUP,,,,747 PONCE DE LEON BLVD,CORAL GABLES,FL,33134,1128b8,20040617,,,
,,,CORICO INTERNATIONAL INC,DRUG COMPANY/SUPLIER,,,,2840 WILDERNESS RD,WEST PALM BEACH,FL,33409,1128b8,20031020,,,
,,,CORNER DRUG STORE,PHARMACY,,,,109 HICKORY HOLLOW DR,OAK RIDGE,TN,37830,1128a1,19880624,,,
,,,"CORNER DRUG, INC",PHARMACY,,,,202 MAIN ST,BONNERS FERRY,ID,83805,1128b5,19980820,,,
,,,CORNER STONE COUNSELING ENID,COUNSELING CENTER,,,,C/O P O BOX 27137,FT WORTH,TX,76127,1128b8,19990617,,,
,,,"CORONADO MEDICAL CLINIC, INC",CLINIC,,,,7420 SEVILLE AVE,HUNTINGTON PARK,CA,90255,1128b8,20010419,,,
,,,"CORPORATE IMAGES, INC",DME COMPANY,DME - GENERAL,,,2000 CORPORATE SQUARE BLD,JACKSONVILLE,FL,32216,1128a1,19900711,,,
,,,"CORREA SUPPLY, CORPORATION",DME COMPANY,,,,"8428 S W 24TH ST, STE 224",MIAMI,FL,33155,1128b8,19980920,,,
,,,CORRECTIVE SKIN AND VEIN CENTE,DOCTOR OWNED ENTITY,,,,7315 NORTH MACARTHUR BLVD,OKLAHOMA CITY,OK,73132,1128b8,20050420,,,
,,,COSMETIC PLASTIC SURGERY CTR O,MEDICAL GROUP,,,,"3900 CLARK RD, #E1",SARASOTA,FL,34233,1128b8,20050920,,,
,,,COSTA MESA CHIROPRACTIC CLINIC,CHIROPRACTIC PRACT,,,,"316 N CEDAR, #7",GLENDALE,CA,91206,1128b8,20041020,,,
,,,COTHRAN CHIROPRACTIC CLINIC,CHIROPRACTIC PRACT,,,,2811 N BROADWAY,POTEAU,OK,74953,1128b8,19991220,,,
,,,"COTO'S PHARMACY #2, INC",PHARMACY,,,,2900 W 12TH AVE,HIALEAH,FL,33012,1128a1,19971120,,,
,,,COUNSELING AND MEDIATION SERVI,OTHER BUSINESS,COUNSELING CENTER,1053505115,,122 ROE DEER COURT,LAS CRUCES,NM,88007,1128a1,20130120,,,
,,,"COUNTY AMBULANCE SERVICE, INC",AMBULANCE COMPANY,,,,909 ADAMS STREET,NEW CASTLE,PA,16101,1128a1,19941108,,,
,,,"COUNTY EYE CLINIC, INC",OPTICAL PRACTICE,,,,255 STRECKER,BALLWIN,MO,65102,1128a1,19890620,,,
,,,"COUNTY OPTICAL SERVICE, INC",OPTICAL PRACTICE,,,,255 STRECKER,BALLWIN,MO,65102,1128a1,19890620,,,
,,,COURIE MEDICAL CENTER CORP,DME COMPANY,DME - DIETARY SUPPLI,,,"P O BOX 019129, FED DETEN",MIAMI,FL,33101,1128b8,19960215,,,
,,,COURTESY WHEELCHAIR VAN SERV,TRANSPORTATION CO,,,,4402 KELLER ROAD,EDEN,NY,14057,1128a1,19910317,,,
,,,"COURTNEY PHARMACY, INC",PHARMACY,,,,"100 U S HWY 40, BX 4000",GREENVILLE,IL,62246,1128a1,20030619,,,
,,,"COVENANT MS, INC",CLINIC,,,,"501 CAPITAL CIRCLE, NE, NUM 39",TALLAHASSEE,FL,32301,1128b8,20061220,,,
,,,"COWAN, INC",DME COMPANY,,,,1865 S TAMIAMI TRAIL,VENICE,FL,34293,1128b8,20040420,,,
,,,COX AMBULANCE SERVICE,TRANSPORTATION CO,,,,312 S. PINE STREET,MARION,SC,29571,1128b7,20071005,,,
,,,COX CONVALESCENT AMBULANCE,AMBULANCE COMPANY,,,,312 S PINE STREET,MARION,SC,29571,1128b7,20071005,,,
,,,"COX MEDICAL RESPONSE, INC",TRANSPORTATION CO,,,,312 S PINE ST,MARION,SC,29571,1128b7,20071005,,,
,,,CPC MEDICAL CENTER,CLINIC,,,,1490 W 49TH PLACE,HIALEAH,FL,33012,1128b8,19971120,,,
,,,"CPC PHARMACY, INC",PHARMACY,,,,398 EAST 148TH ST,BRONX,NY,10804,1128b8,20020120,,,
,,,CPM CORPORATION,ADULT HOME,,,,5551 OAKLAND MILLS RD,COLUMBIA,MD,21045,1128a1,20030619,,,
,,,CR CENTRO MEDICO,CLINIC,,,,8210-A WEST FLAGLER STREET,MIAMI,FL,33144,1128b7,20050601,,,
,,,"CRAIG MARKS, P A",CLINIC,,,,1302 GINGER CIRCLE,WESTON,FL,33326,1128b8,20050420,,,
,,,"CRAMER CHIROPRACTIC, PA",OTHER BUSINESS,CHIROPRACTIC PRACT,1669658019,,8305 W NORTHVIEW ST,BOISE,ID,83704,1128b8,20120320,,,
,,,"CRB, INC",OTHER BUSINESS,DRUG COMPANY/SUPLIER,,,1180 WALNUT AVE,CHULA VISTA,CA,91911,1128a2,20130220,,,
,,,CREATIVE CARE ENLIGHTENED,CLINIC,,,,101-A FAIRVIEW AVE,FT MYERS,FL,33905,1128b8,20020220,,,
,,,"CREATIVE CARE, INC",HOME HEALTH AGENCY,,,,11 SADDLE COURT,OYSTER BAY COVE,NY,11771,1128a1,19930711,,,
,,,"CREATIVE CONSULTANTS, INC",PSYCHOLOGIC PRACTICE,,,,C/O 2764 VISTA DEL ORO,CARLSBAD,CA,92009,1128a1,20070719,,,
,,,"CREATIVE TUTORIAL, L L C",COUNSELING CENTER,,,,482 STAINES COURT,ST LOUIS,MO,63141,1128a1,20010116,,,
,,,CREEKBEND ENTERPRISES,SKILLED NURSING FAC,,,,P O BOX 1948,ROUNDROCK,TX,78680,1128b8,19920908,,,
,,,CRENSHAW FAMILY PRAC MED GROUP,CLINIC,,,,"2651 SOUTH WESTERN, #200",LOS ANGELES,CA,90018,1128a1,19950409,,,
,,,"CRESCENT ACADEMY, INC",OTHER BUSINESS,MENTAL/BEHAVIORAL HE,1952744559,,"2550 NATURE PARK DRIVE, SUITE",NORTH LAS VEGAS,NV,89084,1128a1,20220320,,,
,,,"CREST MEDICAL CENTERS, INC",GOVERNMENT CONTRACTO,,,,C/O 315 W PONCE DE LEON,DECATUR,GA,30030,1128b11,19931220,,,
,,,CREST MEDICAL OF WAUCHULA,GOVERNMENT CONTRACTO,,,,"C/O 315 PONCE DE LEON, 30",DECATUR,GA,30030,1128b11,19931220,,,
,,,CRIST YIRET MEDICAL SUPPLY,DME COMPANY,DME - GENERAL,,,"C/O 6040 N W, 201 LANE",MIAMI LAKES,FL,33015,1128Aa,19971018,,,
,,,CROSBY ADVANCED MEDICAL SYSTEM,MEDICAL GROUP,,,,"13556 DORNOCH DR, #1",ORLANDO,FL,32828,1128b8,20050720,,,
,,,"CROSS HEALTHCARE, INC",CHIROPRACTIC PRACT,,,,4720 GREAT NORTHERN BLVD,N OLMSTEAD,OH,44070,1128b8,20041020,,,
,,,CROSS PHARMACY,PHARMACY,,,,125 MAIN STREET,WHITEVILLE,TN,38075,1128a1,19901230,,,
,,,"CROSSROADS MENTAL HEALTH, LLC",COMM MNTL HLTH CNTR,,,,22730 TALBOT DR,PLAQUEMINE,LA,70764,1128a1,20060320,,,
,,,CROSSROADS ORTHOTICS PROS,MANUF/LESSOR SUPP/EQ,,,,P O BOX 671,VICTORIA,TX,77902,1128a1,20000820,,,
,,,CROWN MEDICAL SERVICES INC,HOME HEALTH AGENCY,,,,80 SYCAMORE ST,PROVIDENCE,RI,02909,1128a1,20001019,,,
,,,"CROWN OSTOMY, INC",DME COMPANY,,,,"10001 N W 50TH STREET, ST",SUNRISE,FL,33351,1128a1,19971217,,,
,,,"CROWN WHEEL CHAIR SVCS, INC",TRANSPORTATION CO,,,,185 DRACUT STREET,LOWELL,MA,01853,1128a1,19900110,,,
,,,CRYSTAL COAST MEDICAL TRANSPOR,OTHER BUSINESS,AMBULANCE COMPANY,1063696508,,204 GRAHAM ROAD,NEWPORT,NC,28570,1128b8,20161020,,,
,,,CRYSTAL OPTICAL SUPPLY,OPTOMETRIC PRACTICE,,,,2520 LEE STREET,GREENVILLE,TX,75401,1128a1,19880331,,,
,,,CRYSTAL TRANSPORTATION,AMBULANCE COMPANY,,,,4127 KATRINA COURT,DECATUR,GA,30035,1128b8,19970415,,,
,,,"CRYSTAL'S BEAUTY SALON, INC",REHAB FACILITY - GEN,,,,"111 S W 3RD STREET, #102",MIAMI,FL,33130,1128b4,20040819,,,
,,,"CSE, INC",MANAGEMENT SVCS CO,,,,C/O 3659 MAGURIRE BLVD,ORLANDO,FL,32803,1128b8,20020919,,,
,,,"CSHM, LLC",OTHER BUSINESS,DENTAL PRACTICE,,,"618 CHURCH ST, STE 520",NASHVILLE,TN,37219,BRCH CIA,20140930,,,
,,,"CSS CENTRAL, LLC",OTHER BUSINESS,MENTAL/BEHAVIORAL HE,,,"207 5TH AVENUE, N",MINNEAPOLIS,MN,55401,1128b7,20170530,,,
,,,"CSS METRO, LLC",OTHER BUSINESS,MENTAL/BEHAVIORAL HE,1174537823,,"207 5TH AVENUE, N",MINNEAPOLIS,MN,55401,1128b7,20170530,,,
,,,"CSS NORTH, LLC",OTHER BUSINESS,MENTAL/BEHAVIORAL HE,,,"207 5TH AVENUE, N",MINNEAPOLIS,MN,55401,1128b7,20170530,,,
,,,"CSS SOUTH, LLC",OTHER BUSINESS,MENTAL/BEHAVIORAL HE,,,"207 5TH AVENUE, N",MINNEAPOLIS,MN,55401,1128b7,20170530,,,
,,,CSS TRANSPORATION CORP,OTHER BUSINESS,TRANSPORTATION CO,,,"3801 W COLUMBUS AVENUE, UNIT 1",CHICAGO,IL,60652,1128b5,20170920,,,
,,,"CT TRANSPORTATION COMPANY, INC",TRANSPORTATION CO,,,,C/O 200 ST JAMES AVE,CHICOPEE,MA,01020,1128a1,19980618,,,
,,,"CUETO ENTERPRISES, INC",PHARMACY,,,,"19901 N W, 86 COURT",MIAMI,FL,33015,1128Aa,19970814,,,
,,,CUMBERLAND DRUG,PHARMACY,,,,"RURAL ROUTE 3, BOX 162K",MONTICELLO,KY,40621,1128b8,19910606,,,
,,,CURA LABORATORY,DENTAL PRACTICE,,,,"10760 W FLAGLER ST, #10",MIAMI,FL,33174,1128a1,19900315,,,
,,,CURATIVE CARE,DME COMPANY,,,,"15565 BULL RUN RD, #225",MIAMI LAKES,FL,33014,1128b8,19990720,,,
,,,CUSTOM SHOE SERVICE,DME COMPANY,DME - ORTHOTICS,,,218 HALSEY ST,NEWARK,NJ,07102,1128b8,19970626,,,
,,,CUTLER-OROSI FAMILY MEDICAL,RURAL HEALTH CLINIC,,,,12683 AVE 416,OROSI,CA,93647,1128b5,19971120,,,
,,,CYPRESS MENT HEALTH & MED GRP,PSYCHOLOGIC PRACTICE,,,,3741 STOCKER ST #102,LOS ANGELES,CA,90008,1128a1,19840312,,,
,,,D & B MEDICAL TRANSPORTATION,TRANSPORTATION CO,,,,"P O BOX 295, COURTHOUSE R",WINNSBORO,LA,71295,1128b8,19960604,,,
,,,"D & L MEDICAL SERVICES, INC",DME COMPANY,,,,"1430 S W 1ST ST, STE 224",MIAMI,FL,33135,1128b8,19990819,,,
,,,"D AND D MEDICAL, INC",DME COMPANY,DME - GENERAL,,,9975 EAST COLFAX AVE,AURORA,CO,80010,1128b8,20090420,,,
,,,"D AND G HEALTH CENTER, INC",CLINIC,,,,125 NORTH RUBY LANE,FAIRVIEW HEIGHTS,IL,62208,1128a1,20070920,,,
,,,"D C CENTER, INC",CLINIC,,,,"C/O P O BOX 1032, NUM 63710-00",COLEMAN,FL,33521,1128b8,20070220,,,
,,,"DABUP, INC",OTHER BUSINESS,PHARMACY,1861596827,,217-03 80TH AVENUE,NEW HYDE PARK,NY,11040,1128a1,20140918,,,
,,,DAC COMMUNITY SERVICE,AMBULANCE COMPANY,,,,"RD 2, BOX 2742",READING,PA,19609,1128a1,19900329,,,
,,,"DADE CARE HEALTH CENTER, INC",CLINIC,,,,"3990 W FLAGLER ST, STE 10",MIAMI,FL,33134,1128b8,19980120,,,
,,,"DADE CARE HEALTH CENTER, INC",CLINIC,,,,"3990 W FLAGLER ST, STE 10",MIAMI,FL,33134,1128Aa,19971231,,,
,,,DADE CO MED RENTALS & SALES,DME COMPANY,DME - GENERAL,,,15361 S W 43RD TERRACE,MIAMI,FL,33185,1128b8,19970101,,,
,,,"DADE DIAGNOSTIC SERVICES, INC",CLINIC,,,,"C/O P O BOX 888, ROUTE 71",ASHLAND,KY,41405,1128b8,19971120,,,
,,,"DADE HEALTH CARE CENTER, INC",CLINIC,,,,"C/O P O BOX 888, ROUTE 71",ASHLAND,KY,41405,1128b8,19971120,,,
,,,DADE MEDICAL BILLING SERVICES,DME COMPANY,DME - GENERAL,,,2349 S W 131 COURT,MIAMI,FL,33175,1128b8,19990720,,,
,,,"DANIEL WALLACH, M.D., P.A.","MEDICAL PRACTICE, MD",,,,90B PAINTERS MILL ROAD,OWINGS MILLS,MD,21117,1128a1,19930511,,,
,,,DANIELS DRUG HEALTHMART,PHARMACY,,,,C/O WEST OF MALTA,MALTA,MT,59538,1128b8,20001019,,,
,,,"DANVERS PHARMACY, INC",PHARMACY,,,,83 ELM STREET,DANVERS,MA,01923,1128a1,19891219,,,
,,,DARLENE MEDICAL CORP,DME COMPANY,,,,"13800 S W 8TH ST, #170",MIAMI,FL,33184,1128b8,19980920,,,
,,,DARTMOUTH REXALL DRUG,PHARMACY,,,,319 STATE ROAD,NORTH DARTMOUTH,MA,02747,1128a1,19900110,,,
,,,"DATALOGIC TECHNOLOGIES, INC",DME COMPANY,,,,"6741 W SUNRISE BLVD, #12",PLANTATION,FL,33313,1128b8,19980420,,,
,,,DATOM INTERNATIONAL,HOME HEALTH AGENCY,,,,110 BABB STREET,LEBANON,TN,37087,1128b8,19930803,,,
,,,DAVE E SCHEINER ASSOCIATES INC,PODIATRY PRACTICE,,,,714 MARKET ST,PHILADELPHIA,PA,19106,1128b7,19990125,,,
,,,"DAVID M MOSS, DPM, P C",PODIATRY PRACTICE,,,,27501 W WAREEN,GARDEN CITY,MI,48135,1128a1,20030820,,,
,,,"DAVID P CRASS, M.D., INC.","MEDICAL PRACTICE, MD",,,,"1725 E 19 STREET, SUITE 6",TULSA,OK,74104,1128b8,19910812,,,
,,,DAVID REDFERING AND ASSOCIATES,PSYCHOLOGIC PRACTICE,,,,"808 GULF BLVD, STE 8",INDIAN ROCKS BEACH,FL,34635,1128b8,19970415,,,
,,,"DAVID WAYNE ENTERPRISE, INC",PRIVATE CIT/ENTITY,,,,"C/O 1800 SUNSET HARBOR DR, #22",MIAMI BEACH,FL,33139,1128b8,20041220,,,
,,,DAVID'S MISSION REXALL DRUG,PHARMACY,,,,1030 CONWAY,MISSION,TX,78572,1128b4,19960409,,,
,,,DAVID'S PHARMACY,PHARMACY,,,,1008 CONWAY,MISSION,TX,78572,1128a1,19910613,,,
,,,"DAVIS ETHICAL PHARMACY, INC",OTHER BUSINESS,PHARMACY,,,17 MUSTANG ROAD,LAKE ARIEL,PA,18436,1128b8,20170620,,,
,,,DAVISSON CHIROPRACTIC,CHIROPRACTIC PRACT,,,,"1807 JEFFERSON ST, #A",NAPA,CA,94559,1128b8,19990520,,,
,,,DAY AND NIGHT BEHAVIORAL LLC,OTHER BUSINESS,COUNSELING CENTER,1619426715,,2009 SUMMER LILY AVE,NORTH LAS VEGAS,NV,89081,1128a1,20200520,,,
,,,"DAY DRUG & SURGICAL, INC",PHARMACY,,,,1912 DEER PARK AVENUE,DEER PARK,NY,11729,1128a1,19910704,,,
,,,DAY OPTICAL,OPTOMETRIC PRACTICE,,,,,SHERMAN,TX,75401,1128a1,19880331,,,
,,,"DBA RED CROSS HOME CARE, INC",HOME HEALTH AGENCY,,,,508 E 49TH ST,HIALEAH,FL,33013,1128Aa,19981019,,,
,,,"DBB, INC",DME COMPANY,DME - GENERAL,,,"4014 GUNN HWY, STE 258",TAMPA,FL,33624,1128b7,20071030,,,
,,,"DBB, INC",DME COMPANY,DME - GENERAL,,,"4014 GUNN HWY, STE 258",TAMPA,FL,33624,1128a1,20030320,,,
,,,"DBG HOME HEALTH AGENCY, INC",HOME HEALTH AGENCY,,,,1000 HARKINS AVE,ALICE,TX,78332,1128a1,19980319,,,
,,,"DC PAIN CENTER, INC",CLINIC,,1578697710,,P O BOX 3125,ALEXANDRIA,VA,22302,1128b8,20090219,,,
,,,DCH MEDICAL,DME COMPANY,,,,C/O 8909 RAINTREE DR,LOUISVILLE,KY,40220,1128b8,19980120,,,
,,,"DEACONESS HOME HEALTH, INC",OTHER BUSINESS,HOME HEALTH AGENCY,1417081415,,2778 S 35TH STREET,MILWAUKEE,WI,53215,1128b7,20151028,,,
,,,"DEARBORN PHARMACY, INC",PHARMACY,,,,13100 W WARREN,DEARBORN,MI,48126,1128a3,20060220,,,
,,,DEAVAULT MEDICAL SUPPLY,DME COMPANY,,,,295 LATOURETTE ST,MARION,OH,43302,1128b8,20081120,,,
,,,DECA LABORATORY INC,LABORATORY,,,,1002 THIRD STREET,BEAVER,PA,15009,1128a1,19910502,,,
,,,DEIDRE J LITTLE CHIROPRACTIC,CHIROPRACTIC PRACT,,,,674 VIA DE LA VALLE ST,SOLANA BEACH,CA,92075,1128b8,19990720,,,
,,,"DEKALB REFERRALS, INC",COUNSELING CENTER,,,,187 HOWARD ST,ATLANTA,GA,30317,1128b8,19990720,,,
,,,DEL TORO PHARMACY,PHARMACY,,,,2377 CORAL WAY,MIAMI,FL,33145,1128a1,20001120,,,
,,,DELAWARE VALLEY MEDICAL SERV,AMBULANCE COMPANY,,,,1326 HARRISON STREET,PHILADELPHIA,PA,19124,1128a1,19920227,,,
,,,"DELELLIS PROMOTIONS, INC",DME COMPANY,,,,105 COLONY SOUTH DR,TARPON SPRINGS,FL,34689,1128a1,20060820,,,
,,,"DELICATE CARE HOSPICE, INC",OTHER BUSINESS,HOSPICE,1164063400,,"417 ARDEN AVE, STE 115",GLENDALE,CA,91203,1128b5,20260820,,,
,,,"DELPHI SOLUTIONS, INC",DME COMPANY,DME - GENERAL,,,"1945 CLIFF VALLEY WAY, STE 320",ATLANTA,GA,30345,1128b7,20071030,,,
,,,DELTA REHAB OCCUPATIONAL THERA,CLINIC,,,,"RD #2, BOX 948",CLINTON,NY,13323,1128b1,19910704,,,
,,,"DENNIS B JAFFE, D M D, PC",OTHER BUSINESS,DENTAL PRACTICE,,,"98 BROAD STREET, SW",ATLANTA,GA,30303,1128b8,20160218,,,
,,,DENTAL CARE CENTER,DENTAL PRACTICE,,,,"1007 W GAINES, SUITE 5",LAWRENCEBURG,TN,38464,1128b8,19970803,,,
,,,"DENTAL CARE SERVICES, P C",CLINIC,,,,COLONIE CENTER MALL,ALBANY,NY,12205,1128a1,19911229,,,
,,,"DENTAL GROUP OF CONNECTICUT, L",OTHER BUSINESS,DENTAL PRACTICE,1669702999,,921 WHITE PLAINS ROAD,TRUMBULL,CT,06611,1128b7,20150306,,,
,,,"DENTAL GROUP OF DANBURY, PC",OTHER BUSINESS,DENTAL PRACTICE,1073827523,,2 GLEN HILL ROAD,DANBURY,CT,00000,1128b7,20150306,,,
,,,"DENTAL GROUP OF HARTFORD, PC",OTHER BUSINESS,DENTAL PRACTICE,1396051165,,18 MADISON STREET,HARTFORD,CT,06106,1128b7,20150306,,,
,,,"DENTAL GROUP OF NEW BRITIAN, P",OTHER BUSINESS,DENTAL PRACTICE,,,446 S MAIN STREET,NEW BRITAIN,CT,06051,1128b7,20150306,,,
,,,"DENTAL GROUP OF STAMFORD, LLC",OTHER BUSINESS,DENTAL PRACTICE,1932368644,,587 ELM STREET,STAMFORD,CT,06902,1128b7,20150306,,,
,,,"DENTAL GROUP OF WATERBURY, LLC",OTHER BUSINESS,DENTAL PRACTICE,1164745956,,1127 W MAIN STREET,WATERBURY,CT,06708,1128b7,20150306,,,
,,,DENTAL HEALTH CARE CLINICS INC,DENTAL PRACTICE,,,,9865 GRAND RIVER AVE,DETROIT,MI,48204,1128a1,19950411,,,
,,,DENTAL HEALTH CARE CLINICS INC,DENTAL PRACTICE,,,,4245 S BEECH DALY,DEARBORN HEIGHTS,MI,48125,1128a1,19950411,,,
,,,DENTAL HEALTH CARE CLINICS INC,DENTAL PRACTICE,,,,15311 W MCNICHOLS,DETROIT,MI,48235,1128a1,19950411,,,
,,,"DENTAL HEALTH CLINIC, INC",DENTAL PRACTICE,,,,3144 W 76TH STREET,HIALEAH,FL,33018,1128b8,20041220,,,
,,,DENTAL SERVICES CORP,DENTAL PRACTICE,,,,104 CARLISLE ST,HANOVER,PA,17331,1128b8,19861231,,,
,,,"DENTISTS GROUP OF CONNECTICUT,",OTHER BUSINESS,DENTAL PRACTICE,,,921 WHITE PLAINS ROAD,TRUMBULL,CT,06611,1128b7,20150306,,,
,,,"DENTISTS GROUP OF STAMFORD, PC",OTHER BUSINESS,DENTAL PRACTICE,,,587 ELM STREET,STAMFORD,CT,06902,1128b7,20150306,,,
,,,"DENTISTS GROUP OF WATERBURY, P",OTHER BUSINESS,DENTAL PRACTICE,,,"1127 W MAIN ST, STE 18 AND 28",WATERBURY,CT,06708,1128b7,20150306,,,
,,,DENTON TRANSPORTATION,TRANSPORTATION CO,,,,6 CLOVERDALE DRIVE,WARREN,AR,71671,1128b8,19940426,,,
,,,DENTURE SHOP,DENTAL PRACTICE,,,,C/O 5020 BURNET RD,AUSTIN,TX,78756,1128b8,20001019,,,
,,,DERENZO AND ASSOCIATES,PHYSICAL THERAPIST,,,,196 DAYLESFORD BLVD,BERWYN,PA,19312,1128b8,19960808,,,
,,,"DESERET HEALTH GROUP, LLC",OTHER BUSINESS,SKILLED NURSING FAC,1558601773,,190 SOUTH MAIN STREET,BOUNTIFUL,UT,84010,1128b6,20170106,,,
,,,DESERT AEGLE LLC,OTHER BUSINESS,COUNSELING CENTER,,,7113 S 74TH LN,LAVEEN,AZ,85339,1128a1,20260720,,,
,,,DESTINY BILLING,BILLING SERVICE CO,,,,"3900 N W 79 AVE, STE 228",MIAMI,FL,33166,1128b7,20050601,,,
,,,DESTINY TRANSPORTATION SERVICE,OTHER BUSINESS,TRANSPORTATION CO,,,284 EAST 16TH STREET,CHICAGO HEIGHTS,IL,60411,1128b5,20170720,,,
,,,"DETROIT DIVERSE CARE, INC",CLINIC,,,,3845 W EIGHT MILE RD,DETROIT,MI,48221,1128a1,19970316,,,
,,,"DEVOS, LTD",OTHER BUSINESS,DRUG COMPANY/SUPLIER,,,100 COLIN DRIVE,HOLBROOK,NY,11741,1128a3,20240220,,,
,,,DEW TRANSPORTATION,TRANSPORTATION CO,,,,100 UNIVERSITY STREET,TALLULAH,LA,71282,1128b8,19960915,,,
,,,DEWEESE LODGE CAMPUS FOR BOYS,BOARDING HOME,,,,1226 ELM AVENUE,CANON CITY,CO,81212,1128b4,20010820,,,
,,,"DFW AMBULANCE SERVICE, LLC",AMBULANCE COMPANY,,,,14035 SUNSET COURT,FORNEY,TX,75126,1128b7,20061211,,,
,,,"DHANYABAPA, LLC",OTHER BUSINESS,PHARMACY,1578895199,,1701 COTTMAN AVE,PHILADELPHIA,PA,19111,1128b7,20190925,,,
,,,DIABETIC SERVICES & SUPPLIES,DME COMPANY,DME - GENERAL,1982765095,,109 CARDEN PLACE,JACKSONVILLE,FL,32259,1128a1,20120320,,,
,,,DIAGNOSTIC CARDIOLINE,CLINIC,,,,15801 S W 137TH AVE,MIAMI,FL,33177,1128b8,20030619,,,
,,,"DIAGNOSTIC HEALTH SERVICES, IN",OTHER BUSINESS,MANAGEMENT SVCS CO,,,"12337 JONES ROAD, STE 427",HOUSTON,TX,77070,1128b7,20260616,,,
,,,DIAGNOSTIC RESEARCH LABORATORI,LABORATORY,,,,15801 S W 137TH AVE,MIAMI,FL,33177,1128b8,20030619,,,
,,,"DIAGNOSTIC TESTING & IMAGING,",CLINIC,,,,1471 E 880 N,OREM,UT,84097,1128b8,20070820,,,
,,,"DIALOG TRANSPORTATION, INC",TRANSPORTATION CO,,,,17213 ROSELAND AVE,CLEVELAND,OH,44112,1128b8,20071220,,,
,,,"DIALYSIS WITH HEART, INC",RENAL FACILITY,,,,210 S SUNSET DR,SHREWSBURY,PA,17336,1128a1,20030420,,,
,,,"DIAMOND DENTAL SERVICES, LLP",DENTAL PRACTICE,,,,"353 N 4TH AVE, STE 102",POCATELLO,ID,83201,1128b8,20030520,,,
,,,DICKENSON MEDICAL CENTER HHA,HOME HEALTH AGENCY,,,,"C/O BOX 8004, #06269-081",GOLDSBORO,NC,27533,1128b8,19980420,,,
,,,DILIGENT MOBILITY ASSISTANCE,TRANSPORTATION CO,,,,"5732 PINE TREE ST, W, APT J",COLUMBUS,OH,43229,1128b8,20101118,,,
,,,DINORAH PHARMACY CORP,PHARMACY,,,,3151 E 4TH AVENUE,HIALEAH,FL,33013,1128a1,19930203,,,
,,,DIOUF MEDICAL BILLING & ETC,BILLING SERVICE CO,,,,2130 MUSTANG SPRINGS DRIVE,MISSOURI CITY,TX,77459,1128b8,20080320,,,
,,,"DIRECT DATA MARKETING, INC",CLINIC,,,,"2121 PONCE DE LEON BLVD,",CORAL GABLES,FL,33145,1128b8,19980120,,,
,,,DIRICO,DME COMPANY,DME - POWER VEHICLES,,,157 PADELFORD STREET,BERKLEY,MA,02779,1128b8,20060105,,,
,,,DISCOVERY BEHAVORIAL HEALTH,MENTAL HEALTH FAC,,,,114 S SECOND STREET,PHILLIPSBURG,NJ,08865,1128b5,19981119,,,
,,,DISCOVERY DIAGNOSTIC LABORATOR,OTHER BUSINESS,LAB - CLINICAL,1669733697,,C/O EMMA & ARNACK KHACHATRYAN,WALTHAM,MA,02452,1128a1,20250820,,,
,,,DISCOVERY MIND CENTER LTD,PHYSICIAN PRACTICE (,PSYCHIATRY,1124595145,,"3630 N RANCHO DRIVE, SUITE 108",LAS VEGAS,NV,89130,1128a1,20230720,,,
,,,"DISCOVERY TRANSPORTATION, INC",TRANSPORTATION CO,,,,1335 50TH STREET,BROOKLYN,NY,11201,1128a1,19940301,,,
,,,DIVERSIFIED HEALTH SVCS,SKILLED NURSING FAC,,,,4704 CRAIGMONT DR,MEMPHIS,TN,38128,1128a1,20010827,,,
,,,DIVERSIFIED PAIN CENTER,CHIROPRACTIC PRACT,,,,156 S PENNSYLVANIA AVE,WILKES BARRE,PA,18701,1128b8,20020120,,,
,,,DIVINE MEDICAL SERVICES,PHYSICIAN PRACTICE (,GENERAL PRACTICE,,,"901 W GRAND BLVD., SUITE 101",DETROIT,MI,48208,1128a1,20130120,,,
,,,"DJ AND ASSOCIATES, INC",DME COMPANY,DME - DIETARY SUPPLI,,,7641 SW 148TH TERRACE,MIAMI,FL,33158,1128b8,19990720,,,
,,,DL ULTRASOUND CORP,RADIOLOGY FACILITY,,,,1881 GRAND CONCOURSE,BRONX,NY,10453,1128a1,19930816,,,
,,,"DME OF CASTLE ROCK, INC",DME COMPANY,,,,142 MARION ST,DENVER,CO,80218,1128b8,19990214,,,
,,,"DME OF LONGMONT, INC",DME COMPANY,,,,142 MARION ST,DENVER,CO,80218,1128b8,19990214,,,
,,,"DME SERVICES, CORP",DME COMPANY,,,,"C/O P O BOX 600, #39781-018",EGLIN AFB,FL,32542,1128b7,20020715,,,
,,,"DO DELIVERY, LLC",OTHER BUSINESS,MANAGEMENT SVCS CO,,,1240 WINNOWING WAY UNIT 102,MOUNT PLEASANT,SC,29466,1128a1,20240820,,,
,,,"DOBSON DRUG CO, INC",PHARMACY,,,,111 N CRUTCHFIELD ST,DOBSON,NC,27017,1128a1,19830922,,,
,,,"DOC SOLUTIONS, LLC",OTHER BUSINESS,MANUF/LESSOR SUPP/EQ,,,15163 BEAM STREET,NOBLESVILLE,IN,46060,1128b7,20200601,,,
,,,DOCTOR CENTER MEDICAL,MEDICAL GROUP,,,,8335 S W 40TH ST,MIAMI,FL,33155,1128b8,20020718,,,
,,,"DOCTOR'S CARE, INC",CLINIC,,,,"1680 MICHIGAN AVE, #800",MIAMI BEACH,FL,33139,1128b8,19991020,,,
,,,"DOCTORS AMBULANCE SERVICE, LLC",AMBULANCE COMPANY,,,,14035 SUNSET COURT,FORNEY,TX,75126,1128a1,20080520,,,
,,,DOCTORS CLINIC,CLINIC,,,,4325 ALBY,ALTON,IL,62002,1128b8,19970818,,,
,,,DOCTORS CLINIC LABORATORY,LABORATORY,,,,4325 ALBY,ALTON,IL,62002,1128b8,19970818,,,
,,,"DOCTORS CLINIC, DME COMPANY",DME COMPANY,DME - GENERAL,,,4325 ALBY,ALTON,IL,62002,1128b8,19970818,,,
,,,"DOCTORS FAMILY GROUP, INC",CLINIC,,,,1201 S W 42 AVE,MIAMI,FL,33126,1128b8,19980720,,,
,,,DOCTORS HOME HEALTH CARE SVCS,HOME HEALTH AGENCY,,,,C/O 868 NE 54TH TERRACE,COLEMAN,FL,33521,1128b8,19970306,,,
,,,DOCTORS ON WHEELS,OTHER BUSINESS,CLINIC,1881059863,,"2720 SOUTH RIVER ROAD, STE 246",DES PLAINES,IL,60018,BRCH SA,20230224,,,
,,,"DOLL TRANSPORTATION, INC",TRANSPORTATION CO,,,,"3921 MAYFIELD RD, #6",CLEVELAND HEIGHTS,OH,44108,1128b8,20070620,,,
,,,"DOMAR EYEWEAR, INC",OPTICAL PRACTICE,,,,712 ELMER STREET,VINELAND,NJ,08360,1128b8,19940207,,,
,,,"DON'S CLINIC PHARMACY, INC",PHARMACY,,,,2831 N E 12TH ST,POMPANO BCH,FL,33262,1128b8,20020320,,,
,,,"DOOLEY'S DRUGS, INC",PHARMACY,,,,P O BOX 195 LOCUST STREET,HARRISVILLE,NY,13648,1128a1,20040219,,,
,,,"DOROJEN, INC",AMBULANCE COMPANY,,,,C/O 1995 TIMBER LAKE DR,YARDLEY,PA,19067,1128a1,19990520,,,
,,,DOTTER FAMILY CORPORATION,BOARDING HOME,OWNER/OPERATOR,,,1465 OLD STEUBENVILLE PIKE,PITTSBURGH,PA,15025,1128a2,20040318,,,
,,,"DOUBLE D HOLDINGS, LLC",OTHER BUSINESS,CLINIC,,,1044 RUNNING BROOK DRIVE,LAWRENCEBURG,KY,40342,1128a4,20170320,,,
,,,"DOVE HEALTHCARE, INC",CHIROPRACTIC PRACT,,,,4720 GREAT NORTHERN BLVD,N OLMSTEAD,OH,44070,1128b8,20041020,,,
,,,DOWNSTATE TRANSPORTATION SERVI,TRANSPORTATION CO,,,,1114 RIVER VISTA W,SAN ANTONIO,TX,78216,1128a1,20081120,,,
,,,DOWNTOWN CHIROPRACTIC,CHIROPRACTIC PRACT,,,,707 STATE ST,EL CENTRO,CA,92243,1128b8,20020120,,,
,,,"DOWNTOWN DENTAL CENTER, P A",DENTAL PRACTICE,,,,1 WEST BROADWAY,PATERSON,NJ,07505,1128a1,20010118,,,
,,,"DOWNTOWN MEDICAL, PC",CLINIC,,,,"139 FULTON ST, STE 515",NEW YORK,NY,10038,1128b8,20080520,,,
,,,"DOYLE E CAMPBELL, M D, INC","MEDICAL PRACTICE, MD",,,,1715 27TH STREET,PORTSMOUTH,OH,45662,1128a1,19870814,,,
,,,DR  LINDA K MORGAN DO MINISTRI,CLINIC,,,,P O BOX 127,BELLAIRE,TX,77402,1128b8,20061220,,,
,,,DR 2 SHOES INC,DME COMPANY,,,,306 OLD LARKSPUR WAY,CHAPEL HILL,NC,27516,1128a1,20091220,,,
,,,"DR ABY KAHN, INC",CHIROPRACTIC PRACT,,,,"1863 ALUM ROCK AVE, STE D",SAN JOSE,CA,95116,1128b8,20000620,,,
,,,"DR HAROLD H FALLICK, INC",DOCTOR OWNED ENTITY,,,,P O BOX 212558,ROYAL PALM BEACH,FL,33421,1128b8,20040420,,,
,,,DR LOKESH S TANTUWAYA MD INC,PHYSICIAN PRACTICE (,NEUROLOGY,1114939659,,7830 CLAIREMONT MESA BLVD,SAN DIEGO,CA,92111,1128b8,20240320,,,
,,,"DR MICHAEL HERSHORN, P A",COUNSELING CENTER,,,,"8333 W MCNAB RD, STE 131",TAMARAC,FL,33321,1128b8,20081020,,,
,,,DR MOORE DENTAL OFFICE,DENTAL PRACTICE,,,,24251 W MCNICHOLS RD,DETROIT,MI,48219,1128b8,19991020,,,
,,,DR N VAHEDI PHARMACY INC,OTHER BUSINESS,PHARMACY,1043447204,,"2001 WESTWOOD BLVD, STE A",LOS ANGELES,CA,90025,1128a1,20220720,,,
,,,DR NEVINS' EYEWORLD,OPTOMETRIC PRACTICE,,,,9513B VISCOUNT BLVD,EL PASO,TX,79925,1128b8,19970129,,,
,,,DR TOM ALDEN & ANATOMY CHOICE,CHIROPRACTIC PRACT,,,,266-268 CONCORD AVE,CAMBRIDGE,MA,02138,1128b8,20001120,,,
,,,"DR WALTZ DENTURE SERVIC, PPLC",DENTAL PRACTICE,,,,118 W BOARD ST,BEAVERTON,MI,48612,1128a1,20020919,,,
,,,DR WILLIAMS AND ASSOCIATES,DENTAL PRACTICE,,,,"432 WALNUT ST, SUITE 608",CINCINNATI,OH,45202,1128a1,19890322,,,
,,,DR WIT INTERNAL MEDICINE PROFE,PHYSICIAN PRACTICE (,INTERNAL MEDICINE,1033194386,,7137 MARYLAND AVENUE,SAINT LOUIS,MO,63130,1128a1,20140120,,,
,,,"DRUG ASSIST HEALTH SOLUTIONS,",PHARMACY,,,,811 JOHNS POINTE DR,OAKLAND,FL,34787,1128b4,20060820,,,
,,,"DRUG TESTING CENTER, LLC",GOVERNMENT CONTRACTO,,,,"C S 4500, #36733-048",N LAS VEGAS,NV,89036,1128b8,20031020,,,
,,,"DRUGCLOUD, LLC",PHARMACY,,,,"7105 SW 47TH ST, #406",MIAMI,FL,33155,1128b8,20070620,,,
,,,DUKE DRUGS,PHARMACY,,,,47 MAIN STREET,WALDEN,NY,12586,1128b8,19870102,,,
,,,"DUMARO PHARMACY, INC",PHARMACY,,,,8260 N BAYSHORE DR,MIAMI,FL,33138,1128b8,20061220,,,
,,,"DUNN MEADOW PHARMACY, LLC",OTHER BUSINESS,PHARMACY,1508222696,,"1555 CENTER AVENUE, STE 1",FORT LEE,NJ,07024,1128a1,20220803,,,
,,,"DUNN MEDICAL, INC",DME COMPANY,DME - GENERAL,,,147 N EUFAULA AVE,EUFAULA,AL,36027,1128b8,20010419,,,
,,,"DUNN MEDICAL, INC",DME COMPANY,,,,1401 ASTON AVE,MCCOMB,MS,39648,1128b8,20010419,,,
,,,"DUNN MEDICAL, INC",DME COMPANY,,,,"1902 LEFLORE AVE, #8",GREENWOOD,MS,38930,1128b8,20010419,,,
,,,"DUNN MEDICAL, INC",DME COMPANY,DME - GENERAL,,,2021 WAYNE RD,SAVANNAH,TN,38370,1128b8,20010419,,,
,,,"DUNN MEDICAL, INC",DME COMPANY,DME - GENERAL,,,208 CLIFTON TURNPIKE,WAYNESBORO,TN,38485,1128b8,20010419,,,
,,,"DUNN MEDICAL, INC",DME COMPANY,DME - GENERAL,,,824 VILLAGE SQUARE,FOREST,MS,39074,1128b8,20010419,,,
,,,"DUNN MEDICAL, INC",DME COMPANY,DME - GENERAL,,,1601 BROAD ST,SELMA,AL,36701,1128b8,20010419,,,
,,,"DUNN MEDICAL, INC",DME COMPANY,,,,300 HIGHLAND BLVD,NATCHEZ,MS,39120,1128b8,20010419,,,
,,,DUPOIS' PHARMACY,PHARMACY,,,,135 SOUTH MAIN,ST MARTINVILLE,LA,70582,1128a1,19850215,,,
,,,"DURA-MED EQUIPMENT SUPPLY, INC",DME COMPANY,DME - GENERAL,,,"12179 GREENSPOINT DR, #10",HOUSTON,TX,77380,1128b8,19910508,,,
,,,"DURA-MED, INC",DME COMPANY,DME - GENERAL,,,1841 WYOMING AVE,EXETER,PA,18643,1128a1,19930304,,,
,,,DURABLE HOME MEDICAL EQUIPMENT,DME COMPANY,DME - GENERAL,,,9 COUNTRY MEADOW LANE,LEXINGTON,SC,29073,1128b8,19940301,,,
,,,"DURABLE MEDICAL EQUIPMENT, INC",DME COMPANY,,,,142 MARION ST,DENVER,CO,80218,1128b8,19990214,,,
,,,"DURAMED, INC",DME COMPANY,DME - GENERAL,,,8904 DELTA LANE,TAMPA,FL,33635,1128a1,20010520,,,
,,,"DURAMED, INC",DME COMPANY,DME - GENERAL,,,11510 CHARLES YOUNG DR,THONOTASASSA,FL,33592,1128b7,20000519,,,
,,,"DURAND CLINIC, P C",MEDICAL GROUP,,,,213 MERCER STREET,DURAND,MI,48429,1128a3,20010920,,,
,,,"DUTCH SQUARE CHEMISTS, INC",PHARMACY,,,,347 ROUTE 306,MONSEY,NY,10952,1128a1,19901122,,,
,,,DWYER'S PHARMACY,PHARMACY,,,,57 ALBANY STREET,CAZENOVIA,NY,13035,1128a1,19870327,,,
,,,"DYD UNIVERSE, INC",OTHER BUSINESS,TRANSPORTATION CO,,,817 STATE RTE 17M,MONROE,NY,10950,1128a1,20260920,,,
,,,DYERSBURG CHILDREN'S CLINIC P,CLINIC,,,,1228 SUMMER AVE,DYERSBURG,TN,38024,1128b8,20030919,,,
,,,DYERSBURG MINOR MEDICAL CLINIC,CLINIC,,,,1228 SUMMER AVE,DYERSBURG,TN,38024,1128b8,20030919,,,
,,,DYNAMIC DIAGNOSTIC INSTITUTE,DME COMPANY,DME - GENERAL,,,760 SE 8TH STREET,HIALEAH,FL,33010,1128b8,19970729,,,
,,,"DYNAMIC MEDICAL EQUIPMENT, INC",DME COMPANY,,,,"8428 S W 24TH ST, STE 229",MIAMI,FL,33155,1128b8,19981119,,,
,,,"DYNAMIC MINDS FAMILY SERVICES,",OTHER BUSINESS,COUNSELING CENTER,1245771898,,"5755 S SANDHILL ROAD, SUITE A",LAS VEGAS,NV,89120,1128a1,20210920,,,
,,,"DYNAMIC WOMEN, LLC",DME COMPANY,DME - GENERAL,,,12203 BELMONT AVE,CHEYENNE,WY,82009,1128b8,20071220,,,
,,,"E & D MEDICAL CENTER, CORP",CLINIC,,,,110 S W 72ND AVE,MIAMI,FL,33144,1128b8,19990520,,,
,,,E BROWN AND SONS TRANSPORT INC,TRANSPORTATION CO,,,,3150 NORTH 35TH STREET,MILWAUKEE,WI,53216,1128a1,19940901,,,
,,,"E MARK WATERMAN, D C CHIRO",CHIROPRACTIC PRACT,,,,"689 W FOOTHILL BLVD, #C",CLAREMONT,CA,91711,1128b8,20000620,,,
,,,"E-GREEN PHARMACY, INC",OTHER BUSINESS,PHARMACY,1942754601,,3500 BROADWAY,NEW YORK,NY,10031,1128a1,20260120,,,
,,,E-Z PHARMACY,PHARMACY,,,,14206 SOUTH POST OAK,HOUSTON,TX,77045,1128b8,19920908,,,
,,,E.D.M. DISCOUNT STORES,DME COMPANY,DME - GENERAL,,,1718 E 4TH STREET,BROOKLYN,NY,11223,1128a1,19880331,,,
,,,EARTHMED INC,REHAB FACILITY - GEN,,,,307 EAST BLACKSTOCK ROAD,SPARTANBURG,SC,29301,1128b8,20060720,,,
,,,EASLEY & EASLEY,CHIROPRACTIC PRACT,,,,300 CHILLICOTHE AVE,HILLSBORO,OH,45133,1128b8,20000420,,,
,,,"EAST AMBULANCE SERVICES, LTD",AMBULANCE COMPANY,,,,809 FOURTH STREET,WEST HOMESTEAD,PA,15120,1128a1,19941205,,,
,,,EAST BAY OPTICIANS,DME COMPANY,,,,2244 EAST BAY DRIVE,CLEARWATER,FL,33516,1128a1,19860325,,,
,,,"EAST COAST MEDICAL GROUP, INC","MEDICAL PRACTICE, MD",,,,2543 EDGEWATER AVE,NEW SMYRNA BEACH,FL,32168,1128b8,20000720,,,
,,,EAST DUBLIN PHARMACY,PHARMACY,,,,C/O P O DRAWER 218,DUBLIN,GA,31040,1128b8,19930310,,,
,,,EAST END PHARMACY INC,PHARMACY,,,,278 MAIN STREET,HYANNIS,MA,02601,1128a1,19900416,,,
,,,EAST HARRIS COUNTY ORTHOPEDICS,MEDICAL GROUP,,,,9 WEST LANE,HOUSTON,TX,77019,1128b8,20060220,,,
,,,EAST TENNESSEE HEMATOLOGY-ONCO,PHYSICIAN PRACTICE (,HEMATOLOGY,,,"310 N STATE OF FRANKLIN RD, ST",JOHNSON CITY,TN,37604,1128b7,20130628,,,
,,,"EASTCHESTER HEALTH CARE CTR, L",SKILLED NURSING FAC,,,,"181 BRAND RD, CALLER BX 20",MALONE,NY,12953,1128a1,20080420,,,
,,,EASTERN AREA SPECIALITY TRANSP,OTHER BUSINESS,TRANSPORTATION CO,1326091760,,1000 INDUSTRIAL DRIVE,LEESBURG,OH,45135,1128b7,20191101,,,
,,,EASTERN COACH SERVICE,TRANSPORTATION CO,,,,"10145 PINE BREEZE ROAD, N",JACKSONVILLE,FL,32211,1128b8,19910416,,,
,,,EASTERN LABORATORIES,LABORATORY,,,,95 SEAVIEW BLVD,PORT WASHINGTON,NY,11050,1128a1,19980319,,,
,,,"EASTERN MEDICAL BILLING, INC",BILLING SERVICE CO,,,,P O BOX 1000,LEWISBURG,PA,17837,1128a1,20000518,,,
,,,EASTSIDE MEDICAL SUPPLY,DME COMPANY,DME - GENERAL,,,"C/O P O BOX 2149, #66587-179",BRYAN,TX,77805,1128b8,20091220,,,
,,,EASYCARE HOME MEDICAL EQUIPMNT,DME COMPANY,DME - GENERAL,,,"50 N HARRISON AVE, #15",CONGERS,NY,10920,1128b5,19950605,,,
,,,EATON MANOR NURSING HOME,SKILLED NURSING FAC,,,,511 E SHEPHERD STREET,CHARLOTTE,MI,48813,1128a1,20040720,,,
,,,"EBRAHIMIAN AND SHAFA, A PROFES",DENTAL PRACTICE,,,,"18305 SHERMAN WAY, STE 7",RESEDA,CA,91335,1128b8,20081020,,,
,,,"ECB, INC",TRANSPORTATION CO,,,,6207F N TEUTONIA,MILWAUKEE,WI,53209,1128b8,20041020,,,
,,,"ECO SHIELD, LLC",OTHER BUSINESS,DRUG COMPANY/SUPLIER,,,3620 ETHAN ALLEN AVE,SAN DIEGO,CA,92117,1128a3,20230220,,,
,,,ECOMED LABS,LABORATORY,,,,"1447 PEACHTREE, N E, 900",ATLANTA,GA,30309,1128b8,20010820,,,
,,,"ECONO PHARMACY, INC",OTHER BUSINESS,PHARMACY,1972810141,,"20320 NORTHWEST HWY, STE 300",JERSEY VILLAGE,TX,77065,1128a1,20211029,,,
,,,ECONOMY MEDICAL SUPPLY,DME COMPANY,DME - GENERAL,,,3016 N HOLLYWOOD WAY,BURBANK,CA,91504,1128b5,20001220,,,
,,,EDISON FAMILY MEDICAL CENTER,DENTAL PRACTICE,,,,674 N W 62ND STREET,MIAMI,FL,33150,1128b8,19931202,,,
,,,EDNA'S PHARMACY,PHARMACY,,,,4085 BROADWAY,NEW YORK,NY,10032,1128a1,19860813,,,
,,,EDUCATIONAL & PSYCHOLOGICAL,PSYCHOLOGIC PRACTICE,,,,5180 EAST MAIN STREET,COLUMBUS,OH,43213,1128a1,19920504,,,
,,,"EDWARD J URBAN, D O, INC",OSTEOPATHIC PRAC,,,,"2950 GREENVILLE RD, #307",CORTLAND,OH,44410,1128b8,20020820,,,
,,,"EDWARDO M YAMBO MD,  PC",PHYSICIAN PRACTICE (,GENERAL PRACTICE,1194829754,,"60 EAST INDUSTRY COURT, SUITE",DEER PARK,NY,11729,1128a1,20200520,,,
,,,"EHRHARDT PHARMACY, INC",PHARMACY,,,,P O BOX 126,EHRHARDT,SC,29081,1128b8,20000620,,,
,,,"EIGHT MILE ROAD DENTAL, PC",DENTAL PRACTICE,,,,511 W EIGHT MILE RD,DETROIT,MI,48203,1128a1,20070920,,,
,,,"EKG UNLIMITED, INC",LABORATORY,,,,C/O EGLIN FED PRISON CAMP,EGLIN,FL,32542,1128b8,19980618,,,
,,,"EL DORADO WOMEN'S CLINIC, P A",CLINIC,,,,431 WEST OAK,EL DORADO,AR,71731,1128b8,19930513,,,
,,,EL MILAGRO MEDICAL CENTER,CLINIC,,,,10431 S W 49TH ST,MIAMI,FL,33165,1128b8,20010820,,,
,,,EL PASO ADDICTION & PSYCHIATRI,"MEDICAL PRACTICE, MD",,,,"P O BOX 4000, #12585-077",SPRINGFIELD,MO,65801,1128b8,19970316,,,
,,,EL SOL HOME HEALTH AGENCY,HOME HEALTH AGENCY,,,,"C/O BOX 8004, #06269-081",GOLDSBORO,NC,27533,1128b8,19980420,,,
,,,EL-HER INC,PHARMACY,EMPLOYEE,,,10961 S. W. 40TH STREET,MIAMI,FL,33165,1128a1,19901104,,,
,,,"EL-SHADDI, INC",ADULT HOME,,,,1349 DEVONSHIRE,GROSSE POINTE PARK,MI,48230,1128b1,19980120,,,
,,,"ELECTROPEDIC PRODUCTS, INC",DME COMPANY,DME - GENERAL,,,10113 BROADWAY,SAN ANTONIO,TX,78217,1128b8,19901029,,,
,,,ELITE AMBULANCE SERVICE,AMBULANCE COMPANY,,,,163 S 10TH STREET,SUNBURY,PA,17801,1128a1,19951116,,,
,,,"ELITE BEHAVIORAL THERAPIES, IN",OTHER BUSINESS,COMM MNTL HLTH CNTR,1346667144,,"4501 CEDROS AVE, UNIT 124",SHERMAN OAKS,CA,91403,1128a1,20240418,,,
,,,"ELITE HEALTH SUPPLIES, INC",DME COMPANY,,,,62 FLUSHING AVE,BROOKLYN,NY,11205,1128b8,19980420,,,
,,,"ELITE LAB SERVICES, LLC",OTHER BUSINESS,LAB - CLINICAL,1578549051,,2211 ROY ROAD,TYLER,TX,75707,1128a1,20161213,,,
,,,ELITE MEDICAL COMPANY,PHARMACY,,,,566 NATCHEZ BEND ROAD,NASHVILLE,TN,37221,1128b4,19920913,,,
,,,ELITE MEDICAL DISTRIBUTORS INC,DRUG COMPANY/SUPLIER,,,,3325 TAMPA RD,PALM HARBOR,FL,34684,1128b8,20020919,,,
,,,ELITE REHAB PLACEMENT LLC,OTHER BUSINESS,MARKETING FIRM,,,"45000 RIVER RIDGE DRIVE, STE 3",CLINTON TOWNSHIP,MI,48038,1128a3,20210920,,,
,,,"ELITE RX, LLC",OTHER BUSINESS,PHARMACY,1053696880,,"135 GEMINI CIRCLE, STE 201",BIRMINGHAM,AL,35209,1128b4,20171120,,,
,,,"ELK TRANSPORTATION, INC",AMBULANCE COMPANY,,,,P O BOX 1000,LEWISBURG,PA,17837,1128a1,20000518,,,
,,,"ELLIS LEVI, DDS, PA",DENTAL PRACTICE,,,,17 MILLSTONE ROAD,RANDALLSTOWN,MD,21133,1128b7,19950322,,,
,,,"ELM NEUROLOGICAL CARE, P C",CLINIC,,,,"37 OVERLOOK TERR, APT 2G",NEW YORK,NY,10033,1128a3,20070920,,,
,,,"ELM STREET MEDICAL, P C",CLINIC,,,,444 MADISON AVE,NEW YORK,NY,10022,1128a3,20070920,,,
,,,"ELROSE HEALTH SERVICES, INC",COUNSELING CENTER,,,,1475 E OUTER DR,DETROIT,MI,48234,1128a1,19981020,,,
,,,"EMA EYEWEAR, INC",OPTOMETRIC PRACTICE,,,,C/O 5131 NW 36 COURT,HOLLYWOOD,FL,33021,1128b8,20061019,,,
,,,"EMA MEDICAL LABORATORY, INC",LABORATORY,,,,590-07 71ST AVENUE,RIDGEWOOD,NY,11385,1128a1,20031020,,,
,,,"EMA MEDICAL SERVICES, INC",DME COMPANY,DME - GENERAL,,,1455 N W 14TH STREET,MIAMI,FL,33125,1128b7,20021015,,,
,,,"EMERALD PHYSICAL THERAPY, P C",REHAB FACILITY - GEN,,,,555 S MISSION ROAD,MT PLEASANT,MI,48858,1128a1,20040318,,,
,,,"EMERALD VISION SERVICES, LLC",OTHER BUSINESS,MENTAL/BEHAVIORAL HE,1487170049,,3901 W CHARLESTON BOULEVARD,LAS VEGAS,NV,89102,1128a1,20200920,,,
,,,"EMERGENCY MEDICAL CLINIC, INC",CLINIC,,,,3308 CANIFF,HAMTRAMCK,MI,48212,1128a1,19911223,,,
,,,"EMERSON PHARMACY, INC",OTHER BUSINESS,PHARMACY,1619036043,,"8610 S SEPULVEDA BLVD, STE 108",LOS ANGELES,CA,90045,1128a1,20211029,,,
,,,EMERY RETIREMENT & CONVALESCEN,SKILLED NURSING FAC,,,,C/O 1903 HYDE PARK AVE,HYDE PARK,MA,02136,1128a1,19991020,,,
,,,"EMILY MEDICAL EQUIPMENT, INC",DME COMPANY,DME - GENERAL,,,"1840 W 49 STREET, STE 220-7",HIALEAH,FL,33012,1128b8,20061220,,,
,,,EMMETT FOOT & ANKLE CLINIC,PODIATRY PRACTICE,,,,1202 E LOCUST ST,EMMETT,ID,83617,1128b8,20041118,,,
,,,"EMMETT MANOR, INC",GOVERNMENT CONTRACTO,,,,417 W 1ST STREET,EMMETT,ID,83617,1128b8,20040617,,,
,,,EMOOKO MEDICAL SUPPLY,DME COMPANY,DME - UROLOGICAL SUP,,,3534 LARGA STREET,LOS ANGELES,CA,90039,1128b5,19920305,,,
,,,EMPIRE STATE SURGICAL AND WHOL,OTHER BUSINESS,PHARMACY,,,"11 EAST 29TH STREET, APT 29C",NEW YORK,NY,10016,1128a1,20200220,,,
,,,EMPIRE TRANS NY INC,OTHER BUSINESS,TRANSPORTATION CO,,,206 ELISE DRIVE,MIDDLETOWN,NY,10941,1128a1,20260120,,,
,,,EMPLOYMENT & ASSESSMENT SOLUTI,OTHER BUSINESS,TRANSPORTATION CO,1518138213,,"1037 W MAIN STREET, SUITE A",LEBANON,TN,37087,1128b7,20170823,,,
,,,"ENDO HEALTH SOLUTIONS, INC",OTHER BUSINESS,DRUG COMPANY/SUPLIER,,,"C/O PATRICK J BARTELS, JR",CHARLOTTE,NC,28226,1128a1,20250420,,,
,,,"ENGINUIT DESIGN, LTD",OTHER BUSINESS,HOME HEALTH AGENCY,1073909602,,1463 S LONGVIEW ST,DAYTON,OH,45432,1128a1,20260820,,,
,,,"ENGLEWOOD CLINICAL LAB, INC",LABORATORY,LAB - CLINICAL,,,6032 S HALSTED,CHICAGO,IL,60621,1128a1,19910411,,,
,,,"ENJOY DENTAL CARE, P C",DENTAL PRACTICE,,,,7330 W WARREN AVENUE,DETROIT,MI,48210,1128a1,20040520,,,
,,,ENOS AMBULANCE SERVICE INC,AMBULANCE COMPANY,,,,24 WASHINGTON AVE,BURLINGTON,MA,01803,1128a1,20000320,,,
,,,EQUIPOS MEDICOS DEL ESTE,DME COMPANY,DME - GENERAL,,,BOX 29961 65 INF STA,RIO PIEDRAS,PR,00929,1128b8,19870316,,,
,,,EQUIPOS MEDICOS DEL TORITO,DME COMPANY,DME - GENERAL,,,BOX 244,CAYEY,PR,00633,1128b8,19870330,,,
,,,EQUIPOS MEDICOS SULTANA,DME COMPANY,DME - GENERAL,,,BOX 1030,MAYAQUEZ,PR,00633,1128b8,19870330,,,
,,,"ERIC L RESSNER, MD, PA",MEDICAL GROUP,,,,"2 HARVARD CIRCLE, #400",W PALM BEACH,FL,33409,1128b8,20070719,,,
,,,"ERIC WETSMAN, D.O., INC",DOCTOR OWNED ENTITY,,,,"6386 ALVARADO CT, #201",SAN DIEGO,CA,92120,1128b7,20030516,,,
,,,ERICKSON EYE CLINIC,CLINIC,,,,1717 4TH STREET SOUTH,GREAT FALLS,NE,59405,1128b8,19960124,,,
,,,"ERNEST ZELNICK, INC",DME COMPANY,DME - HEARING AID,,,8410 20TH AVENUE,BROOKLYN,NY,11214,1128a1,19920430,,,
,,,"ERNESTO PANLILIO, M D, S C","MEDICAL PRACTICE, MD",,,,73RD STREET,WESTMONT,IL,60559,1128a1,19890217,,,
,,,"ERRI, INC",OTHER BUSINESS,PHARMACY,1174806004,,"C/O 900 BISCAYNE BLVD, APT 530",MIAMI,FL,33132,1128a1,20220320,,,
,,,ERX CONSULTANTS LLC,OTHER BUSINESS,PHARMACY,1477922987,,10674 WESTHEIMER ROAD,HOUSTON,TX,77042,1128a3,20230518,,,
,,,ESP HOME HEALTH,HOME HEALTH AGENCY,,,,"1150 S W 22 STREET, #14",MIAMI,FL,33139,1128b8,19981119,,,
,,,"ESTEFAN MEDICAL CENTERS, INC",CLINIC,,,,"3990 W FLAGLER ST, STE 20",MIAMI,FL,33134,1128b8,19980120,,,
,,,ESTELA'S DME,DME COMPANY,,,,14849 N MIAMI AVE,MIAMI,FL,33168,1128b8,19980720,,,
,,,ESTRADA CHIROPRACTIC CLINIC,CHIROPRACTIC PRACT,,,,1087 NORTH HENDERSON,GALESBURG,IL,61401,1128b8,19970205,,,
,,,"EUGEAN C VAN HORN, M D, P C","MEDICAL PRACTICE, MD",,,,8163 MURRY HILL DRIVE,FORT WASHINGTON,MD,20744,1128a1,19890915,,,
,,,"EUROPEAN APOTHECARY, INC",OTHER BUSINESS,PHARMACY,1528355195,,6619 FRESH POND ROAD,RIDGEWOOD,NY,11385,1128a4,20180118,,,
,,,EUROPEAN HEALTH CARE CENTER,CLINIC,,,,2999 S VIRGINIA STREET,RENO,NV,89502,1128b8,20031020,,,
,,,"EUROPEAN MANAGEMENT GROUP, INC",CLINIC,,,,2999 S VIRGINIA ST,RENO,NV,89502,1128b8,20031020,,,
,,,"EVERGREEN MEDICAL GROUP, INC",CLINIC,,,,15929 YOUNGWOOD DRIVE,WHITTIER,CA,90603,1128b4,20040520,,,
,,,"EVERTON'S PLACE, LLC",OTHER BUSINESS,MENTAL/BEHAVIORAL HE,1518513142,,"1333 NORTH BUFFALO DRIVE, UNIT",LAS VEGAS,NV,89128,1128a1,20250420,,,
,,,"EXCEL CENTER, INC",CLINIC,,,,2697 RAVEN RD,CINNAMINSON,NJ,08077,1128a1,20021020,,,
,,,"EXCELLENT NURSING CARE, INC",HOME HEALTH AGENCY,,,,"300 S W 12TH AVE, STE 9",MIAMI,FL,33130,1128b8,20010820,,,
,,,EXCEPTIONAL CARE SERVICES,HOME HEALTH AGENCY,,,,"9200 3RD STREET, NE",BLAINE,MN,55434,1128b8,20100819,,,
,,,EXCLUSIVE HEALTH AND BEAUTY WH,OTHER BUSINESS,PHARMACY,,,"11 EAST 29TH STREET, APT 29C",NEW YORK,NY,10016,1128a1,20200220,,,
,,,"EXE, INC",DME COMPANY,DME - PROSTHETICS,,,"1404 SAN PEDRO, N E",ALBUQUERQUE,NM,87110,1128a1,19940228,,,
,,,EXPERIENCE HOME HEALTH,HOME HEALTH AGENCY,,,,"1355 N W 93 COURT, A-65",MIAMI,FL,33172,1128b8,19981119,,,
,,,EXPO MED MEDICAL EQUIPMENT,DME COMPANY,,,,7300 S W 129TH COURT,MIAMI,FL,33183,1128b8,19980820,,,
,,,EXPRESS AUDIT PREVENTION CORP,OTHER BUSINESS,ACCOUNTING FIRM,,,9018 159TH AVENUE,HOWARD BEACH,NY,11414,1128a1,20220320,,,
,,,EXPRESS HEALTH CARE SERVICES,DME COMPANY,DME - DIETARY SUPPLI,,,2676 S W 137 AVENUE,MIAMI,FL,33175,1128b8,19960215,,,
,,,"EXPRESS HEALTHCARE, INC",DME COMPANY,DME - GENERAL,1225009665,,365A COMMERCIAL PARK DRIVE,FAIRHOPE,AL,36532,1128Aa,20260619,,,
,,,"EXPRESS MEDICAL DME, INC",DME COMPANY,DME - GENERAL,,,"P O BOX 1000, #48994-004",LEWISBURG,PA,17837,1128b8,19970403,,,
,,,EXPRESS MEDICAL HOME HEALTH,DME COMPANY,DME - GENERAL,,,7523 W SUNSET BLVD,LOS ANGELES,CA,90046,1128b8,20020820,,,
,,,EXPRESS NUTRITION SERVICES,DME COMPANY,DME - DIETARY SUPPLI,,,C/O P O BOX 14509,LEXINGTON,KY,40512,1128b8,19991118,,,
,,,EXPRESS TRANSPORTATION INC,TRANSPORTATION CO,,,,4900 N 89TH ST,MILWAUKEE,WI,53225,1128a1,20020620,,,
,,,EXTENDED CARE LTD,BILLING SERVICE CO,,,,15850 N COLUMBUS BLVD,TUCSON,AZ,85737,1128b8,19930506,,,
,,,EXTENDED CARE SERVICES OF OKLA,HOME HEALTH AGENCY,,,,"P O BOX 1500, #07260-030",EL RENO,OK,73036,1128b8,20081020,,,
,,,EXTENDED HOME CARE,HOME HEALTH AGENCY,,,,"C/O BOX 8004, #06269-081",GOLDSBORO,NC,27533,1128b8,19980420,,,
,,,EXTENDICARE CORP,LABORATORY,,,,"5800 49TH ST, NORTH #201",CLEARWATER,FL,34623,1128a1,19990218,,,
,,,EYE CATCHER OPTICAL,OSTEOPATHIC PRAC,,,,"1680 CAMPBELL LANE, #108",BOWLING GREEN,KY,42104,1128b8,20011120,,,
,,,EYE CENTER OF AUSTIN,OPTOMETRIC PRACTICE,,,,3913 MEDICAL PARKWAY,AUSTIN,TX,78756,1128b8,19860812,,,
,,,EYE FOR CHANGE YOUTH & FAMILY,OTHER BUSINESS,COUNSELING CENTER,1780136275,,"3100 E 45TH STREET, SUITE 314",CLEVELAND,OH,44127,1128a1,20240118,,,
,,,EYE PHYSICIANS & SURGEONS,AMBLNTRY SRGCL CNTR,,,,424 DIVISION STREET,S CHARLESTON,WV,25309,1128b8,19950605,,,
,,,"EYE WAREHOUSE, LTD",OPTICAL PRACTICE,,,,C/O 1133 THACKERY CIRCLE,VOORHEES,NJ,08043,1128a1,19990920,,,
,,,"EYFORD, INC",DME COMPANY,DME - GENERAL,,,12215 LIMESTONE DR,FISHERS,IN,46038,1128a1,20040318,,,
,,,"EZ TRANSPORTATION, INC",AMBULANCE COMPANY,,,,"106 ROBBINS AVE, STE 7",NILES,OH,44446,1128b8,20090920,,,
,,,EZRA MEDICAL TRANSPORTATION,TRANSPORTATION CO,,,,6770 N LINCOLN AVE,LINCOLNWOOD,IL,60712,1128b7,19991117,,,
,,,"F & J CAM, INC",TRANSPORTATION CO,,,,C/O 67 SCHOOL RD,E MARLBORO,NJ,07746,1128a1,19990420,,,
,,,"FAIRFIELD MEDICAL CENTER, INC",PHYSICIAN PRACTICE (,UROLOGY,1083703532,,"1930 PENNSYLVANIA AVE, STE D",FAIRFIELD,CA,94533,1128b8,20150618,,,
,,,FAIRMONT DIAGNOSTIC AND OPEN M,PHYSICIAN PRACTICE (,RADIOLOGY,,,3692 E SAM HOUSTON PKWY S,PASADENA,TX,77505,1128b7,20121220,,,
,,,FAITH ANDERSON & MOSES,MENTAL HEALTH FAC,,,,200B COMMERICAL SQUARE,SLIDELL,LA,70461,1128b5,20070620,,,
,,,FALL RIVER WALK-IN EMERGENCY M,CLINIC,,,,9 SPINNAKER DRIVE,BARRINGTON,RI,02806,1128a1,20060320,,,
,,,"FAMILIES UNITED SERVICES, INC",OTHER BUSINESS,MENTAL/BEHAVIORAL HE,1720145030,,"500 W LANIER STREET, SUITE 904",FAYETTEVILLE,GA,30214,1128b7,20181201,,,
,,,FAMILY AND COSMETIC DENTISTRY,DENTAL PRACTICE,,,,506 NW FAT CAT CT,LAKE CITY,FL,32055,1128b8,20070620,,,
,,,FAMILY CARE & PERSONAL INJURY,CLINIC,,,,"205 S VINEYARD ST, STE 205",HONOLULU,HI,96813,1128b8,20081020,,,
,,,FAMILY CARE PHARMACY,PHARMACY,,,,C/O 1926 E WASHINGTON LN,PHILADELPHIA,PA,19138,1128b5,20001019,,,
,,,FAMILY CHIROPRACTIC CLINIC OF,CHIROPRACTIC PRACT,,,,106 PECAN,FRIENDSWOOD,TX,77546,1128b8,20000420,,,
,,,FAMILY CHIROPRACTIC OF NEWTON,CHIROPRACTIC PRACT,,,,111 W MAPLE AVE,LANGHORNE,PA,19047,1128b8,20020120,,,
,,,FAMILY DENTAL CARE,DENTAL PRACTICE,,,,C/O FEDERAL PRISON CAMP,EGLIN AFB,FL,32542,1128b8,19971002,,,
,,,FAMILY DERMATOLOGY OF DELAWARE,PHYSICIAN PRACTICE (,DERMATOLOGY,,,"629 BEAVER RUIN ROAD, SUITE B",LILBURN,GA,30047,BRCH SA,20160518,,,
,,,FAMILY DERMATOLOGY OF PENNSYLV,PHYSICIAN PRACTICE (,DERMATOLOGY,1669482105,,"629 BEAVER RUIN ROAD, SUITE B",LILBURN,GA,30047,BRCH SA,20160518,,,
,,,"FAMILY DERMATOLOGY, P C",PHYSICIAN PRACTICE (,DERMATOLOGY,1144493396,,629 BEAVER RUIN ROAD,LILBURN,GA,30047,BRCH SA,20160518,,,
,,,"FAMILY FELLOWSHIP SERVICES, LL",OTHER BUSINESS,COUNSELING CENTER,1538723853,,362 LEGACY DR,HENDERSON,NV,89014,1128a1,20260720,,,
,,,"FAMILY FIRST HEALTHCARE, INC",HOME HEALTH AGENCY,,,,1729 TONY LANE,WICHITA,KS,67212,1128b8,20030520,,,
,,,FAMILY FOOT AND ANKLE CARE CEN,CLINIC,,1053351882,,11352 DORSETT RD,MARYLAND HEIGHTS,MO,63043,1128b7,20090504,,,
,,,FAMILY FOOT CARE ADMINISTRATOR,PODIATRY PRACTICE,,,,891 ST MARK'S AVENUE,BROOKLYN,NY,11213,1128a1,19920330,,,
,,,"FAMILY FOOT SPECIALISTS, LTD",PODIATRY PRACTICE,,,,"RURAL ROUTE 17, STE 4",HAYES,VA,23072,1128b8,19990720,,,
,,,FAMILY FOOTCARE,DME COMPANY,DME - ORTHOTICS,,,"37-49 91ST ST, LOWER LEV",JACKSON HGTS,NY,11372,1128b8,19940602,,,
,,,"FAMILY HEALTH CENTER, P C",MEDICAL GROUP,,,,"1540 SPYGLASS HILL N E, #17-B",CEDAR RAPIDS,IA,52402,1128b8,20040920,,,
,,,FAMILY HOME HEALTH SERVICES,HOME HEALTH AGENCY,,,,"1299 BAYSHORE HWY, STE 218",BURLINGAME,CA,94010,1128a1,20030708,,,
,,,FAMILY MEDICAL CLINIC,CLINIC,,,,305 PLUM STREET,MONROE,LA,71201,1128a1,19860310,,,
,,,FAMILY MENTAL HEALTH CENTER,OTHER BUSINESS,MENTAL/BEHAVIORAL HE,,,924 12TH AVENUE ROAD,NAMPA,ID,83686,1128b8,20120820,,,
,,,"FAMILY PRESERVATION CTR, INC",COUNSELING CENTER,,,,624 BAYVIEW AVE,BELLPORT,NY,11713,1128a1,20020320,,,
,,,FAR SOUTH SIDE HEALTH ASSOC,CLINIC,,,,136 W 95TH ST,CHICAGO,IL,60628,1128b8,19971120,,,
,,,FARHAD SHAFA & SHAHAB EBRAHIMI,DENTAL PRACTICE,,,,21632 SHERMAN WAY,CANOGA PARK,CA,91303,1128b8,20081020,,,
,,,"FARMACIA CAPARRA HEIGHTS, INC",DME COMPANY,,,,10045 S US HIGHWAY 1,PORT SAINT,FL,34952,1128b8,20021020,,,
,,,"FARMACIA FLAGLER, INC",PHARMACY,,,,6462 W FLAGLER STREET,MIAMI,FL,33144,1128a1,19921210,,,
,,,FARMACIA NUEVO MODELO,PHARMACY,,,,CENTRO COMERICAL HERMAN,BAYAMON,PR,00958,1128a1,20000320,,,
,,,FARNEY CHIROPRACTIC CLINIC PA,CHIROPRACTIC PRACT,,1174649164,,"215 S ANDOVER RD, BOX 910",ANDOVER,KS,67002,1128b8,20091220,,,
,,,FAST CARE MEDICAL AID UNIT LLC,PHYSICIAN PRACTICE (,EMERGENCY MEDICINE,1629323266,,P O BOX 1040,ELKTON,MD,21922,1128a1,20200618,,,
,,,"FATIMA MEDICAL CENTER, INC",CLINIC,,,,1145 S W 8TH ST,MIAMI,FL,33130,1128b8,20000420,,,
,,,"FELICIANO RIOS M D, INC",CLINIC,,,,"1079 3RD AVE, STE C",CHULA VISTA,CA,91911,1128b5,20110119,,,
,,,FHS PHARMACY,PHARMACY,,,,108 E 198TH ST,BRONX,NY,10468,1128b5,19971218,,,
,,,FIFTEENTH STREET MEDICAL OFCS,CLINIC,,,,1464 WASHINGTON AVE,MIAMI BEACH,FL,33139,1128b8,19980120,,,
,,,"FINANCIAL SECURITY, INC",SKILLED NURSING FAC,,,,102 CUTLER CREEK DR,OURAY,CO,81427,1128a2,20020718,,,
,,,FINE ARTS DENTAL,DENTAL PRACTICE,,,,"560 VAN REED RD, STE 201",READING,PA,19610,1128b8,20071120,,,
,,,"FINE AUTO BROKER I, INC",PRIVATE CIT/ENTITY,,,,1000 PONCE DE LEON BLVD,CORAL GABLES,FL,33134,1128b7,19970729,,,
,,,"FINE AUTO BROKER II, INC",PRIVATE CIT/ENTITY,,,,3700 SW 128 AVENUE,MIRAMAR,FL,33027,1128b7,19970730,,,
,,,"FINE GOLD HEALTH CENTER, INC",ADULT HOME,,,,700 S CENTRAL AVE,GLENDALE,CA,91204,1128a1,20020718,,,
,,,FINE TUNED HEARING AIDS,DME COMPANY,,,,"1506 54TH AVE, E",FIFE,WA,98424,1128b8,20070220,,,
,,,FINLAY MEDICAL LABORATORY,LABORATORY,,,,4912 BERGENLINE AVE,W NEW YORK,NJ,07093,1128b4,19971218,,,
,,,FINNEGAN'S PLAZA PHARMACY,PHARMACY,,,,1507 FINNEGAN LANE,N BRUNSWICK,NJ,08902,1128b5,19980820,,,
,,,FIRST AMERICAN HLTH CARE OF GA,HOME HEALTH AGENCY,,,,110 DARIEN HIGHWAY,BRUNSWICK,GA,31520,1128a1,19961107,,,
,,,"FIRST BILLING OPTIONS, INC",DME COMPANY,DME - GENERAL,1477827251,,"958 E 104TH ST, FL 2",BROOKLYN,NY,11236,1128a1,20200820,,,
,,,FIRST CARE HAMTRAMCK DENTAL,DENTAL PRACTICE,,,,9125 JOSEPH CAMPAU,HAMTRAMCK,MI,48212,1128a1,20010920,,,
,,,"FIRST CHOICE LABORATORY, LLC",OTHER BUSINESS,LABORATORY,1790109742,,6061 NE 14TH AVE,FORT LAUDERDALE,FL,33334,1128b7,20240507,,,
,,,"FIRST COAST TRANS SVC, INC",AMBULANCE COMPANY,,,,5025 STEPP AVE,JACKSONVILLE,FL,32216,1128b8,19971120,,,
,,,FIRST HOSP & HOME CARE MED CO,DME COMPANY,,,,RFD 6 BZ 55M,BO CUPEY ALTO,PR,00919,1128b8,19870330,,,
,,,"FIRST INITIATIVE, LLC",OTHER BUSINESS,MENTAL/BEHAVIORAL HE,1114261492,,3835 MCGREGOR WAY,NORTH LAS VEGAS,NV,89032,1128b7,20180820,,,
,,,"FIRST MED EMS, INC",AMBULANCE COMPANY,,,,2459 ROOSEVELT HWY,ATLANTA,GA,30337,1128a1,20041220,,,
,,,"FIRST MEDICAL SUPPLIES, INC",DME COMPANY,,,,10421 S W 49TH ST,MIAMI,FL,33165,1128b8,19980720,,,
,,,FIRST OPTION DIAGNOSTIC CTR,CLINIC,,,,"6741 S W 24TH ST, # 39",MIAMI,FL,33155,1128b8,20030619,,,
,,,"FIRST OPTION MEDICAL CTR, INC",CLINIC,,,,"6741 S W 24TH ST, STE 38",MIAMI,FL,33155,1128b8,20030619,,,
,,,"FIRST REHAB, INC",PHYSICAL THERAPIST,,,,"ROUTE 4, BOX 197",JEFFERSON,GA,30549,1128a1,19910416,,,
,,,FISCHER'S PHARMACY,PHARMACY,,,,2349 JAMES DRIVE,PITTSBURGH,PA,15237,1128a1,19870717,,,
,,,"FITNESS MANAGEMENT SERVICES, I",CLINIC,,,,2999 S VIRGINIA ST,RENO,NV,89502,1128b8,20031020,,,
,,,FIVE BOROUGHS DRUGS CORP,OTHER BUSINESS,PHARMACY,,,592 PALISADE AVENUE,TEANECK,NJ,07666,1128a1,20180520,,,
,,,FIVE POINTS HEALTH CENTER,DME COMPANY,DME - GENERAL,,,7048 N 6TH AVE,PHOENIX,AZ,85201,1128b8,19880314,,,
,,,"FIVE STAR HOME CARE, INC",OTHER BUSINESS,HOME HEALTH AGENCY,,,"1 W LAKE ST, SUITE 165",MINNEAPOLIS,MN,55408,1128a1,20160320,,,
,,,"FIVE STAR MEDICAL, LLC",OTHER BUSINESS,TRANSPORTATION CO,1659760031,,2313 BROADWAY AVE,ALEXANDRIA,LA,71302,1128a1,20220920,,,
,,,"FL COMMUNITY CARE CTRS, INC",HOME HEALTH AGENCY,,,,"3659 MAGUIRE BLVD, #100",ORLANDO,FL,32803,1128b8,20020919,,,
,,,FL IMPOTENCE CLINIC OF PASCO,CLINIC,,,,C/O 5034 SCHOOL RD,NEW PORT RICHEY,FL,34653,1128b8,19981119,,,
,,,FLAGER COUNTY HEARING CENTER,PRIVATE CIT/ENTITY,,,,965 STRATON ST,DELTONA,FL,32725,1128a1,19881229,,,
,,,"FLAGLER DME, INC",DME COMPANY,,,,17000 N W 67TH AVE,MIAMI,FL,33126,1128b8,19980120,,,
,,,FLAMING FIRE,OTHER BUSINESS,TRANSPORTATION CO,,,16546 SOUTH ELLIS AVENUE,SOUTH HOLLAND,IL,60473,1128b5,20141020,,,
,,,"FLAMINGO EYE, LLC",OTHER BUSINESS,ADULT HOME,,,"1281 E 19TH AVE, APT B107",ANCHORAGE,AK,99501,1128a1,20210120,,,
,,,FLAMINGO MEDICAL SUPPLIES,DME COMPANY,,,,"6850 CORAL WAY, #505",MIAMI,FL,33155,1128b8,19980720,,,
,,,FLEMING HEART & HEALTH INSTITU,CLINIC,,,,"6850 SHARLANDS AVE, UNIT A2001",RENO,NV,89523,1128b8,20100218,,,
,,,FLORENCE AVE EAR NOSE & THROAT,CLINIC,,,,2044 W FLORENCE AVE,LOS ANGELES,CA,90047,1128b8,19870803,,,
,,,FLORIDA CTR FOR THE HANDICAP,REHAB FACILITY - GEN,,,,P O BOX 3216,BRANDON,FL,33509,1128b8,19980319,,,
,,,FLORIDA DIAGNOSTIC CTR,CLINIC,,,,"7837 10TH AVE, SOUTH",ST PETERSBURG,FL,33707,1128b8,19970403,,,
,,,"FLORIDA IMPOTENCE CLINIC, INC",CLINIC,,,,C/O 7517 N OLA STREET,TAMPA,FL,33604,1128b8,19981020,,,
,,,FLORIDA INTERNATIONAL PHARMACY,PHARMACY,,,,2141 NW 7TH ST,MIAMI,FL,33125,1128b4,20070118,,,
,,,FLORIDA MEDICAL JOURNAL CORP,PRIVATE CIT/ENTITY,,,,P O BOX 4884,SEMINOLE,FL,34642,1128b8,19980820,,,
,,,FLORIDA MEDICAL RENTAL & SALES,DME COMPANY,DME - GENERAL,,,15361 S W 43RD TERRACE,MIAMI,FL,33185,1128b8,19970101,,,
,,,"FLORIDA MOBILE DENTAL, INC",DENTAL PRACTICE,,,,2106 W 68TH STREET,HIALEAH,FL,33016,1128b8,20000119,,,
,,,FLORIDA NATIONAL HEALTH CORP,COUNSELING CENTER,,,,445 OSCEOLA ST,ALTAMONTE SPRGS,FL,32701,1128b8,19971120,,,
,,,"FMN MANAGEMENT SERVICES, INC",HOME HEALTH AGENCY,,,,13365 MARQUETTE AVE,ELM GROVE,WI,53122,1128b8,19991118,,,
,,,"FOCUS COUNSELING CENTER, INC",COUNSELING CENTER,,,,700 N JACKSON ST,MEDIA,PA,19063,1128a1,20000720,,,
,,,FOMENTOS MEDICAL CARE CENTER,CLINIC,,,,2366 - 2370 N W 7TH ST,MIAMI,FL,33127,1128b8,19980120,,,
,,,"FOOT SPECIALIST ASSOCIATES, P",PHYSICIAN PRACTICE (,SURGERY,1104020122,,"103 BROAD STREET, APT A",KINDERHOOK,NY,12106,1128b8,20190718,,,
,,,"FOOTSTEPS TOWARD SOLUTIONS, LL",OTHER BUSINESS,MENTAL/BEHAVIORAL HE,1386147304,,424 NEWCOMER CIRCLE,LAS VEGAS,NV,89107,1128a1,20240620,,,
,,,"FOOTWORLD MEDICAL CENTER, P C",PODIATRY PRACTICE,,,,409 N WESTERN AVENUE,PEORIA,IL,61606,1128b8,20091220,,,
,,,"FORDHAM, INC, DBA DUNCAN DRUGS",PHARMACY,,,,2529 PEACH ORCHARD RD,AUGUSTA,GA,30906,1128a3,20060420,,,
,,,FOREST HILLS NEUROPSYCHIATRIC,MENTAL HEALTH FAC,,,,103 LANDMARK DR,BELLEVUE,KY,41073,1128b7,19990528,,,
,,,FOREST LAKE HOME CARE INC.,OTHER BUSINESS,HOME HEALTH AGENCY,,,45 7TH AVE. SW,FOREST LAKE,MN,55025,1128a1,20170820,,,
,,,"FOREST PARK, L L C",SKILLED NURSING FAC,,1548392541,,8200 ROOSEVELT RD,FOREST PARK,IL,60130,1128a2,20110320,,,
,,,"FOREVER CARES, INC",OTHER BUSINESS,HOME HEALTH AGENCY,,,"21859 OLDFIELD AVE, N",SCANDIA,MN,55073,1128a1,20180719,,,
,,,"FOREVERMORE BEHAVIORAL HEALTH,",OTHER BUSINESS,MENTAL/BEHAVIORAL HE,1023515210,,"2470 WRONDEL WAY, SUITE 216",RENO,NV,89502,1128a1,20230220,,,
,,,"FORWARD IMPRESSIONS, LLC",OTHER BUSINESS,MENTAL/BEHAVIORAL HE,1922593797,,"3650 NORTH RANCHO DRIVE, SUITE",LAS VEGAS,NV,89130,1128a1,20250320,,,
,,,FOUNTAIN HEALTHCARE SERVICES,OTHER BUSINESS,LABORATORY,,,100 S MAIN STREET,BOONEVILLE,MS,38829,1128b7,20240507,,,
,,,FOUR LEAF CLOVER,DME COMPANY,DME - GENERAL,,,"3280 HWY 69,  #11",HAYESVILLE,NC,28904,1128b7,20131203,,,
,,,"FOUR SEASONS SPA THERAPY, INC",CLINIC,,,,6429 SENTRY WAY,NEW PORT RICHEY,FL,34653,1128b4,20070620,,,
,,,FOWLERVILLE CHIROPRACTIC CLINI,CHIROPRACTIC PRACT,,,,114 S SECOND ST,FOWLERVILLE,MI,48836,1128b8,20080520,,,
,,,FOX HEARING INSTRUMENT LTD,DME COMPANY,,,,6089 SIDNEY ROAD SW,PORT ORCHARD,WA,98366,1128a1,19910424,,,
,,,"FOXX  HEALTH CARE, LTD",SKILLED NURSING FAC,,,,1138 N E 118TH AVE,PORTLAND,OR,97220,1128a2,19971001,,,
,,,"FRANK M STRASEK, DPM, INC",PODIATRY PRACTICE,,,,21282 ERIE RD,ROCKY RIVER,OH,44116,1128b8,20060820,,,
,,,FRANKLIN COUNTY EMS INC,TRANSPORTATION CO,,,,221 W MARKET,CHRISTOPHER,IL,62822,1128a1,19960212,,,
,,,"FRANKLIN LABORATORIES, INC",LABORATORY,,,,"4343 W FLAGLER ST, STE 30",MIAMI,FL,33140,1128Aa,19970717,,,
,,,FREDERICK SPINAL CARE CENTER,CHIROPRACTIC PRACT,,,,101 BAUGHMANS LANE,FREDERICK,MD,21702,1128b8,19990420,,,
,,,"FREDESVINDA M GONZALEZ-PINA, M",DOCTOR OWNED ENTITY,,,,"4160 W 16TH AVENUE, #305",HIALEAH,FL,33012,1128b8,20060620,,,
,,,"FREEDOM CHOICE HOMECARE, LLC",HOME HEALTH AGENCY,,,,14254 N WESTMINSTER PL,FOUNTAIN HILLS,AZ,85268,1128b8,20091220,,,
,,,"FREEDOM MEDICAL LABS, LLC",OTHER BUSINESS,LABORATORY,,,1713 NORDIC HILL CIRCLE,SILVER SPRING,MD,20906,1128b7,20250411,,,
,,,FRESH START TO RECOVERY,COUNSELING CENTER,,,,105 STEVENS AVE,MT VERNON,NY,10550,1128a1,20060320,,,
,,,FREY CHIROPRACTIC CLINIC,CHIROPRACTIC PRACT,,,,6724 CONSTITUTION LANE,CHARLOTTE,NC,28210,1128b8,19970807,,,
,,,"FRIED & KOHLER, INC",OTHER BUSINESS,MANUF/LESSOR SUPP/EQ,1275788226,,"3595 STATE SCHOOL RD, #12G0337",ALBION,NY,14411,1128a1,20130520,,,
,,,"FRIENDLY CARE, INC",OTHER BUSINESS,HOME HEALTH AGENCY,1962775601,,"6501 E LIVINGSTON AVENUE, SUIT",REYNOLDSBURG,OH,43068,1128a1,20231220,,,
,,,"FRIENDLY RIDE, INC",AMBULANCE COMPANY,,1790833440,,3434 MONTICELLO BLVD,CLEVELAND,OH,44121,1128b8,20100318,,,
,,,FRIENDLY TRAILS TRANSPORTATION,TRANSPORTATION CO,,1013134139,,1738 49TH ST,BROOKLYN,NY,11204,1128b5,20070820,,,
,,,"FRIENDS ADULT DAY CARE, INC",OTHER BUSINESS,ADULT DAY CARE FACIL,1346582384,,9 ELIZABETH ST,NEW YORK,NY,10012,1128b5,20171019,,,
,,,FRIESEN READING CLINIC,CLINIC,,,,C/O P O BOX 27137,FT WORTH,TX,76127,1128b8,19990617,,,
,,,FRITZ THE DRUGGIST,PHARMACY,,,,1 WEST BROADWAY,MUSKEGON HEIGHT,MI,49444,1128a1,19860424,,,
,,,FT WORTH INJURY & REHAB CLINIC,CHIROPRACTIC PRACT,,,,2534 JACKSBORRO HIGHWAY,FORT WORTH,TX,76114,1128b8,20020320,,,
,,,"FULCRUM SERVICES, INC",DME COMPANY,DME - GENERAL,,,"7815 N DALE MABRY, 205",TAMPA,FL,33614,1128a1,20030420,,,
,,,"FULCRUM SERVICES, INC",DME COMPANY,DME - GENERAL,,,"7815 N DALE MABRY HWY, STE 205",TAMPA,FL,33614,1128b7,20021115,,,
,,,FUSION HEALTH AND VITALITY LLC,OTHER BUSINESS,MARKETING FIRM,,,1051 ABINGDON LN,ALPHARETTA,GA,30022,1128b1,20220519,,,
,,,FUTURE CARE CORP,DME COMPANY,DME - GENERAL,,,"2050 W 56TH ST, #32-300",HIALEAH,FL,33016,1128b8,19990720,,,
,,,"FUTURE FITNESS, INC",CLINIC,,,,2999 S VIRGINIA ST,RENO,NV,89502,1128b8,20031020,,,
,,,"FUTURE PHARMACY, INC",OTHER BUSINESS,PHARMACY,1528216520,,"9831 BUSTLETON AVE, STE 6",PHILADELPHIA,PA,19115,1128b7,20230728,,,
,,,FW TRANSPORT LLC,AMBULANCE COMPANY,,,,7511 INDIANA AVENUE,CLEVELAND,OH,44105,1128b8,20100819,,,
,,,"G & A MEDICAL CLINIC, INC",CLINIC,,,,"17330 N W 7TH AVE, #300",MIAMI,FL,33169,1128b8,20020820,,,
,,,G & A TRANSPORTATION SERVICES,TRANSPORTATION CO,,,,"6242 RIME VILLAGE RD, #10",HUNTSVILLE,AL,35806,1128b8,19990318,,,
,,,"G & G MANAGEMENT, INC",MANAGEMENT SVCS CO,,,,1800 S W 27TH AVE,MIAMI,FL,33145,1128b8,20020718,,,
,,,"G & I ORTHO SUPPLY, INC",DME COMPANY,DME - GENERAL,1811580830,,"393 AVENUE X, SUITE 2",BROOKLYN,NY,11223,1128Aa,20260623,,,
,,,"G & M INTERNATIONAL, INC",DME COMPANY,DME - GENERAL,,,33 BRIGHTON 1ST PATH,BROOKLYN,NY,11235,1128b8,19990819,,,
,,,"G H STOKES ASSOCIATION, INC",PSYCHOLOGIC PRACTICE,,,,C/O 355 W LINCOLN HWY,COATSVILLE,PA,19320,1128b5,19970903,,,
,,,"G S CARE, CORP",DME COMPANY,DME - POWER VEHICLES,,,"7815 N DALE MABRY HWY, STE 210",TAMPA,FL,33614,1128b7,20021115,,,
,,,"GAH CHIROPRACTIC CTR, P C",CHIROPRACTIC PRACT,,,,"451 W LINCOLN AVE, #251",ANAHEIM,CA,92805,1128b8,20020718,,,
,,,GAINESVILLE PAIN MANAGEMENT,OTHER BUSINESS,CLINIC,1154579191,,"3 WASHINGTON AVE, STE C",GAINESVILLE,GA,30501,1128b7,20150727,,,
,,,GAINESVILLE PAIN MANAGEMENT,OTHER BUSINESS,CLINIC,1154579191,,"3 WASHINGTON AVENUE, SUITE C",GAINESVILLE,GA,30501,BRCH CIA,20151105,,,
,,,GALATIA MEDICAL CENTER CORP,RURAL HEALTH CLINIC,,1154330421,,610 CORBIN DR,ENERGY,IL,62933,1128a1,20110720,,,
,,,GALAXY MEDICAL & DIAGNOSTIC,CLINIC,,,,C/O P O BOX 600,EGLIN AFB,FL,32542,1128b8,19991020,,,
,,,"GALE PHARMACY SERVICE, INC",PHARMACY,,,,303 S WILEY AVE,DONALSONVILLE,GA,31745,1128b8,20001120,,,
,,,GALLATIN PROSTHETICS,DME COMPANY,DME - GENERAL,,,103 COMMERCIAL DRIVE,BOZEMAN,MT,59715,1128a1,19890620,,,
,,,GALLINGER DRUG CO,PHARMACY,,,,152 N MAIN STREET,HERKIMER,NY,13350,1128a1,19880627,,,
,,,"GALLOWAY PAIN CONTROL CTR, INC",CLINIC,,,,8042 S W 89TH ST,MIAMI,FL,33156,1128Aa,19981117,,,
,,,"GAMBLE-MCKEE PARTNERSHIP, LLC",PODIATRY PRACTICE,,,,8520 BUSINES PARK DR,SHREVEPORT,LA,71105,1128b8,20060620,,,
,,,GAMBRO SUPPLY CORPORATION,DME COMPANY,DME - GENERAL,,,5200 VIRGINIA WAY,BRENTWOOD,TN,27027,1128a1,20041201,,,
,,,"GAMMA HEALTHCARE, INC",OTHER BUSINESS,LABORATORY,1992166599,,1717 W MAUD STREET,POPLAR BLUFF,MO,63901,1128b7,20240325,,,
,,,GARDNERS GROVE NURSING HOME,SKILLED NURSING FAC,,,,"P O BOX D-2, 109 GREEN ST",FAIRHAVEN,MA,02719,1128a1,19950213,,,
,,,"GARGO DENTAL ASSOCIATES, INC",DENTAL PRACTICE,,,,"7550 RED ROAD, SUITE 220",SOUTH MIAMI,FL,33143,1128b8,19950509,,,
,,,"GARNER MEDICAL CENTER, INC",PHARMACY,,,,12 YEW DRIVE,NORWOOD,MA,02062,1128b8,19880229,,,
,,,GARSON & GARSON CHARTERED,MANAGEMENT SVCS CO,,,,15801 S W 137TH AVE,MIAMI,FL,33177,1128b8,20021120,,,
,,,"GARY BLUMBERG, DO, PLC",DOCTOR OWNED ENTITY,,,,1265 SOUTH MILITARY TRAIL,DEERFIELD BEACH,FL,33442,1128b8,20060220,,,
,,,"GARY L SNYDER, DPM, RVT, P C",PODIATRY PRACTICE,,,,7220 W JEFFERSON AVENUE,LAKEWOOD,CO,80235,1128b8,20041020,,,
,,,GARY MARSHALL & ASSOCIATES,COUNSELING CENTER,,,,1180 FRANKLIN RD,MARIETTA,GA,30067,1128b8,19990120,,,
,,,"GARY P SAZAMA PHD, PC & ASSOC",PSYCHOLOGIC PRACTICE,,,,1545 SUMAC DR,LOGAN,UT,84321,1128b8,19980820,,,
,,,"GATE CITY TRANSPORATION, INC",OTHER BUSINESS,AMBULANCE COMPANY,1336334093,,P O BOX 475,GREENSBORO,NC,27402,1128a1,20200618,,,
,,,GATEWAY TO HEALTH REHABILITATI,REHAB FACILITY - GEN,,,,510 NW 207TH AVENUE,PEMBROKE PINES,FL,33029,1128b8,20060518,,,
,,,GAV HEALTH ARE CORP,DME COMPANY,DME - DIETARY SUPPLI,,,"9509 S DIXIE HWY, #118",MIAMI,FL,33156,1128b8,19990720,,,
,,,GEMSTAR OXIMETRY INC.,LABORATORY,,,,C/O 6020 E 1ST AVE,DENVER,CO,80220,1128b8,20001019,,,
,,,"GENE KUTSCH, D.M.D., P.C.",DENTAL PRACTICE,,,,3045 SOUTH SHORE DRIVE,ALBANY,OR,97321,1128a1,19970626,,,
,,,"GENE'S HEALTH CARE PHARMACY, I",PHARMACY,,,,"16541 GOTHARD ST, STE 105",HUNTINGTON BEACH,CA,92647,1128a1,20070719,,,
,,,GENERAL COSMETIC DENTISTRY,DENTAL PRACTICE,,,,39 CEDAR SWAMP RD,GLEN COVE,NY,11542,1128b8,20011018,,,
,,,"GENERAL DENTISTRY NUMBER ONE,",OTHER BUSINESS,DENTAL PRACTICE,1912339607,,703 BRIDGE VIEW ROAD,LANGHORNE,PA,19053,1128a1,20180920,,,
,,,"GENERAL HEALTH CARE OF FL, INC",DME COMPANY,DME - DIETARY SUPPLI,,,"15505 BULL RUN RD, #299",MIAMI LAKES,FL,33014,1128b8,19990720,,,
,,,"GENERAL HEARING AIDS, INC",DME COMPANY,DME - HEARING AID,,,417 NEW KARNER ROAD,ALBANY,NY,12205,1128a1,19920202,,,
,,,GENERAL MEDICAL MANAGEMENT,DME COMPANY,,,,18022 HUNTINGTON CIRCLE,VILLA PARK,CA,92667,1128b8,19921230,,,
,,,GENESIS ADVOCACY PROGRAM,COUNSELING CENTER,,,,C/O P O BOX 26020,BEAUMONT,TX,77720,1128b8,19990720,,,
,,,"GENESIS MEDICAL SERVICES, INC",DME COMPANY,DME - GENERAL,,,C/O 109 BELLA VISTA DR,MURRYSVILLE,PA,15668,1128b7,19981005,,,
,,,"GENESIS MEDICAL, INC",CHIROPRACTIC PRACT,,,,9335 SOUTHWEST 212 TER,MIAMI,FL,33189,1128b8,20000320,,,
,,,"GENESIS SERVICES, INC",TRANSPORTATION CO,,,,"50 S HAVANA ST, #512",AURORA,CO,80012,1128b8,19960213,,,
,,,GENESYS MEDICAL EQUIPMENT,DME COMPANY,DME - GENERAL,,,11426 CREEKWOOD DRIVE,FRISCO,TX,75035,1128b8,20050420,,,
,,,GEOCLAURI MOBILE DIANOSTIC SVC,CLINIC,,,,3260 N W 13TH TERRACE,MIAMI,FL,33125,1128b8,20010820,,,
,,,"GEORGE H ILODI, D P M, INC",PODIATRY PRACTICE,,,,"13944 EUCLID AVE, #105",E CLEVELAND,OH,44112,1128a1,20030919,,,
,,,GEORGE K REESE PROFESSIONAL CH,OTHER BUSINESS,CHIROPRACTIC PRACT,,,2859 EL CAJON BLVD,SAN DIEGO,CA,92104,1128a3,20190820,,,
,,,GEORGETOWN PHARMACY,PHARMACY,,,,2523 PICCADO CIRCLE,STOCKTON,CA,95207,1128a1,19881118,,,
,,,GEORGIA COMMUNITY HELP CENTER,COUNSELING CENTER,,,,"775 FRANKLIN RD, STE 200",MARIETTA,GA,30067,1128b8,19990120,,,
,,,GEORGIA MEDICAL AMB & CONV SVC,TRANSPORTATION CO,,,,77 RUSSELL RD,LAWRENCEVILLE,GA,30243,1128b8,19980120,,,
,,,"GEORGIA REFERRAL, INC",COUNSELING CENTER,,,,"3290 MEMORIAL DR, #B-3",DECATUR,GA,30032,1128b8,19990720,,,
,,,GERALD CADIEUX HEARING AID CTR,DME COMPANY,DME - HEARING AID,,,P O BOX 132,MASSENA,NY,13662,1128b8,19920706,,,
,,,GERI CARE OF NJ,DME COMPANY,DME - GENERAL,,,16 FIR DRIVE,GREAT NECK,NY,11024,1128Aa,19910107,,,
,,,GERI CARE OF NY,DME COMPANY,DME - GENERAL,,,16 FIR DRIVE,GREAT NECK,NY,11024,1128Aa,19910107,,,
,,,GERI CARE OF PENNSYLVANIA,DME COMPANY,DME - GENERAL,,,16 FIR DRIVE,GREAT NECK,NY,11024,1128Aa,19910107,,,
,,,"GERI-CARE, INC",DME COMPANY,DME - GENERAL,,,16 FIR DRIVE,GREAT NECK,NY,11024,1128Aa,19910107,,,
,,,GERIATRIC HEALTH OF S CAROLINA,DME COMPANY,,,,"1836 ASHLEY RIVER RD, #30",CHARLESTON,SC,29407,1128b8,19980319,,,
,,,GERIATRIC PSYCHOLOGICAL SVCS,PSYCHOLOGIC PRACTICE,,,,"2000 HUNTINGTON AVE, #110",ALEXANDRIA,VA,22303,1128b7,19990524,,,
,,,GERIATRICS LTD,BILLING SERVICE CO,,,,15850 N COLUMBUS BLVD,TUCSON,AZ,85737,1128b8,19930506,,,
,,,"GERISCRIPT SUPPLIES, LLC",OTHER BUSINESS,DRUG COMPANY/SUPLIER,,,"1 UNIVERSITY PLAZA, SUITE 206",HACKENSACK,NJ,07601,1128b5,20251120,,,
,,,GERMAINE PHARMACY INC,OTHER BUSINESS,PHARMACY,1376860866,,"2511 W SWANN AVE, STE 102",TAMPA,FL,33609,1128a3,20230420,,,
,,,"GET WELL CARE SERVICES, INC",DME COMPANY,DME - GENERAL,,,C/O 1331 SW 85TH COURT,MIAMI,FL,33144,1128b8,19970306,,,
,,,"GET WELL CARE SERVICES, INC",DME COMPANY,DME - GENERAL,,,"7441 WAYNE AVENUE, APT 4K",MIAMI BEACH,FL,33414,1128b8,19970306,,,
,,,"GIBSON DENTAL ASSOC, P A",DENTAL PRACTICE,,,,5065 SAND DOLLAR LANE,NAPLES,FL,33940,1128b8,20040420,,,
,,,GIBSON DRUGS COMPANY,PHARMACY,,,,P O BOX 2771,GIBSON,NC,28343,1128a1,19890607,,,
,,,GIBSON'S PHARMACY,PHARMACY,,,,HOMER ROAD,MINDEN,LA,71055,1128a1,19860213,,,
,,,GIEGER AMBULANCE SERVICE,TRANSPORTATION CO,,,,"C/O P O BOX 759, #04660-0",COLEMAN,FL,33521,1128b8,19981119,,,
,,,"GIEGER TRANSFER SERVICE, INC",TRANSPORTATION CO,,,,C/O FPC MAXWELL AIR FORCE,MONTGOMERY,AL,36112,1128b8,19980920,,,
,,,"GIST MEDI-REPS, INC",DME COMPANY,DME - GENERAL,,,"ROUTE 4, BOX 4189F",ATHENS,TX,75751,1128a1,19960927,,,
,,,GLAD MEDICAL SUPPLY,DME COMPANY,DME - UROLOGICAL SUP,,,3537 W 133RD STREET,HAWTHORNE,CA,90250,1128b8,19970423,,,
,,,"GLASSES MADE EAZY, INC",OPTICAL PRACTICE,,,,1726 W GLENWOOD AVE,PHILADELPHIA,PA,19132,1128a1,20030120,,,
,,,"GLENN P WALLIS, MD, LLC",CLINIC,,,,"575 UNION BLVD, STE 210",LAKEWOOD,CO,80228,1128b8,20070520,,,
,,,"GLENN R WISCH, DMD, INC",DENTAL PRACTICE,,,,"BOX 173, 6-05 SADDLE RIVE",FAIRLAWN,NJ,07410,1128a1,19960314,,,
,,,"GLENN SCHABEL, INC",OTHER BUSINESS,HOSPITAL,,,37 WEINMANN BLVD,MELVILLE,NY,11747,1128a1,20180920,,,
,,,GLENSIDE COUNSELING CENTER,COUNSELING CENTER,,,,941 PARKVIEW BLVD,LOMBARD,IL,60148,1128a1,19990920,,,
,,,"GLJ MEDICAL, INC",DME COMPANY,,,,1430 S W 1 STREET,MIAMI,FL,33135,1128b8,19990819,,,
,,,"GLOBAL HEALTH CARE TRAINING, I",OTHER BUSINESS,ALLIED HEALTH RELATE,,,"43 KINGSTON AVE, APT 1L",BROOKLYN,NY,11213,1128a1,20110818,,,
,,,GLOBAL MARKETING CENTER INC,DRUG COMPANY/SUPLIER,,,,19495 BISCAYNE BLVD,AVENTURA,FL,33180,1128b8,20031020,,,
,,,"GLOBAL MEDICAL DIAGNOSTICS, LL",LABORATORY,,,,"9378 ARLINGTON EXPRESSWAY, #50",JACKSONVILLE,FL,32225,1128b8,20070520,,,
,,,"GLOBAL MEDICAL SYSTEMS, INC",DME COMPANY,DME - LYMPHEDEMA PUM,,,"193 LIVINGSTON AVE, BOX 7",NEW BRUNSWICK,NJ,08903,1128b7,19960501,,,
,,,"GLOBAL MOBILITY, INC",DME COMPANY,DME - GENERAL,,,12087 93RD WAY,LARGO,FL,34643,1128b7,20021115,,,
,,,"GLYCOMEDS, LLC",OTHER BUSINESS,DRUG COMPANY/SUPLIER,,,810 W VILLA MARIA DR,PHOENIX,AZ,85023,1128b8,20120620,,,
,,,"GMS MANAGEMENT, INC",GOVERNMENT CONTRACTO,,,,5601 CHESTNUT STREET,PHILADELPHIA,PA,19139,1128a2,19941006,,,
,,,"GMS VENTURES, INC",DME COMPANY,DME - GENERAL,1508887431,,"1155 N VERMONT AVE, STE 203",LOS ANGELES,CA,90029,1128b8,20110420,,,
,,,GO WITH THE FLOW BEHAVIORAL HE,OTHER BUSINESS,MENTAL/BEHAVIORAL HE,1306358080,,"2620 SOUTH RAINBOW BLVD, SUITE",LAS VEGAS,NV,89146,1128a1,20210520,,,
,,,"GOLD COAST TAXI, INC",TRANSPORTATION CO,,,,8729 PLUTO TERRACE,LAKE PARK,FL,33403,1128a1,19971120,,,
,,,GOLD RIVER HEALTHCARE SALES,DME COMPANY,DME - GENERAL,,,"4545 HARLIN DR, ROOM A",SACRAMENTO,CA,95826,1128b8,20010920,,,
,,,"GOLDEN AGE MOBILITY, INC",AMBULANCE COMPANY,,,,2544 MCCLEARY JACOBY RD,CORTLAND,OH,44410,1128b8,20080820,,,
,,,GOLDEN ROAD BEHAVIORAL HEALTH,OTHER BUSINESS,COUNSELING CENTER,1013497452,,4018 GREAT PLAINS WAY,LAS VEGAS,NV,89121,1128a1,20260520,,,
,,,"GOLDSTAR HEALTHCARE, INC",DME COMPANY,,,,5831 IMPERIAL KEY,TAMPA,FL,33615,1128a1,20000519,,,
,,,"GOLDSTAR HEALTHCARE, INC",DME COMPANY,DME - GENERAL,,,"7815 N DALE MABRY HWY, #210",TAMPA,FL,33624,1128b7,20021115,,,
,,,"GOLDSTAR HEALTHCARE, INC",DME COMPANY,DME - GENERAL,,,5831 IMPERIAL KEY,TAMPA,FL,33615,1128b7,20000510,,,
,,,"GOLDSTAR MEDICAL SERVICES, INC",DME COMPANY,DME - GENERAL,,,5831 IMPERIAL KEY,TAMPA,FL,33615,1128a1,20010520,,,
,,,"GOLDSTAR MEDICAL SERVICES, INC",DME COMPANY,,,,133 LOUIS ST,NEWINGTON,CT,06111,1128b5,20070719,,,
,,,"GOLF VILLAGE DRUGS, INC",PHARMACY,,,,1713 GOLF ROAD,MT PROSPECT,IL,60056,1128a1,19930816,,,
,,,GONBENALE CORP,OTHER BUSINESS,CLINIC,1225828627,,C/O ALEXANDER GONZALEZ BENITIE,HIALEAH,FL,33012,1128b7,20260724,,,
,,,GONZALEZ HEALTH CARE SYSTEMS,HOME HEALTH AGENCY,,,,1000 HARKINS AVE,ALICE,TX,78332,1128a1,19980319,,,
,,,GONZO MEDICAL BILLING SPECIALT,BILLING SERVICE CO,,,,111 WEAVER ST,BAYTOWN,TX,77520,1128b8,20080320,,,
,,,"GOOD CHOICE MED SUPPLIES, CORP",DME COMPANY,,,,19901 N W 86 COURT,MIAMI,FL,33015,1128Aa,19970814,,,
,,,GOOD FAITH SERVICES LLC,OTHER BUSINESS,HOME HEALTH AGENCY,1639338643,,2701 WESLEYAN DRIVE,ANCHORAGE,AK,99503,1128a1,20160620,,,
,,,"GOOD NURSING SERVICES, INC",HOME HEALTH AGENCY,,,,12951 S W 2ND TERRACE,MIAMI,FL,33184,1128b8,20010920,,,
,,,GOOD SHEPHERD HEALTH FACILITIE,SKILLED NURSING FAC,,,,5775 EAST 8TH AVENUE,DENVER,CO,80220,1128a1,19890118,,,
,,,"GOODMAN-CHERRIER, P C",DENTAL PRACTICE,,,,1301 N E BROADWAY,PORTLAND,OR,97232,1128Aa,19890630,,,
,,,"GOODNESS BEHAVIORAL HEALTH, LL",OTHER BUSINESS,MENTAL/BEHAVIORAL HE,1417463829,,6778 HONEYSUCKLE DRIVE,RENO,NV,89506,1128a1,20250120,,,
,,,GRACE INTERNATIONAL MEDICAL SU,DME COMPANY,DME - GENERAL,,,3412 DENVER DRIVE,MCKINNEY,TX,75070,1128b8,20050420,,,
,,,GRACE MEDICAL SERVICES,DME COMPANY,DME - GENERAL,,,"902 S MCDONALD ST, STE 200",MCKINNEY,TX,75069,1128b8,20050420,,,
,,,"GRAHAM-MELVIN ASSOCIATES, INC",CLINIC,,,,7060 OAKLAND MILLS RD,COLUMBIA,MD,21046,1128a1,19980720,,,
,,,GRALOS MEDICAL CENTER CORP,OTHER BUSINESS,CLINIC,1124890371,,"8080 W FLAGER STREET, #3C",MIAMI,FL,33144,1128b7,20260724,,,
,,,"GRAMI CORPORATION, INC",CLINIC,,,,2460 W 73RD PLACE,HIALEAH,FL,33016,1128b8,20000320,,,
,,,"GRAMTO, INC",DME COMPANY,DME - HEARING AID,,,2438 GRAND CONCOURSE,BRONX,NY,10458,1128a1,19921109,,,
,,,"GRAND ACUPRESSURE, CLINIC",CLINIC,,,,1321 N GRAND AVE,WALNUT,CA,91789,1128b8,20020718,,,
,,,"GRAND BLANC APOTHECARY, INC",PHARMACY,,,,8483 HOLLY ROAD,GRAND BLANC,MI,48439,1128b4,19991118,,,
,,,GRAND COTEAU PRESCRIPTION,PHARMACY,,,,C/O P O BOX 1200,GRAN COTEAU,LA,70541,1128b8,20001019,,,
,,,GRANT COUNTY WELLNESS CENTER,OTHER BUSINESS,CLINIC,,,1044 RUNNING BROOK DRIVE,LAWRENCEBURG,KY,40342,1128a4,20170320,,,
,,,"GRANT-GRAYTON URBAN SUPPORTS,",COUNSELING CENTER,,,,C/O 9006 DANGERFIELD PL,CLINTON,MD,20735,1128a1,20090420,,,
,,,"GREAT DME, INC",DME COMPANY,DME - GENERAL,,,C/O 310 W 64TH ST,HIALEAH,FL,33012,1128b8,20040617,,,
,,,GREAT FALLS EYE SURGERY CENTER,AMBLNTRY SRGCL CNTR,,,,1717 4TH STREET SOUTH,GREAT FALLS,MT,59403,1128a1,19940718,,,
,,,"GREAT KIDS, INC",STATE/LOCAL/TRIBAL A,EMPLOYEE,,,516 N 12TH ST,EAST SAINT LOUIS,IL,62201,1128b1,20120520,,,
,,,"GREAT LAKES MEDICAL CLINICS, P",CLINIC,,,,"5967 TELEGRAPH RD, STE C",TOLEDO,OH,43612,1128b7,20080215,,,
,,,GREAT MIAMI PATIENT CARE,DME COMPANY,,,,C/O 10331 S W 66TH TERRAC,MIAMI,FL,33173,1128b8,19971120,,,
,,,"GREAT NECK DENTAL, P.C.",DENTAL PRACTICE,,,,21 BARSTOW ROAD,GREAT NECK,NY,11021,1128b4,19940630,,,
,,,GREAT VALLEY COUNSELLING CTR,COUNSELING CENTER,,,,437 DEVON STATE ROAD,DEVON,PA,19333,1128a1,19891031,,,
,,,GREATER BOSTON BEHAVIORAL HEAL,OTHER BUSINESS,CLINIC,,,85 1ST AVENUE,WALTHAM,MA,02451,1128b1,20240520,,,
,,,"GREATER VEGAS PERSONAL CARE, L",HOME HEALTH AGENCY,,,,"336 S JONES BLD, STE F",LAS VEGAS,NV,89107,1128a1,20080619,,,
,,,GREEN EXPRESS MEDICAL EQUIP,DME COMPANY,,,,855 EAST 10TH AVE,HIALEAH,FL,33010,1128b8,20000320,,,
,,,GREENTREE HEALTH,OTHER BUSINESS,CHIROPRACTIC PRACT,,,"1 CHISHOLM TRAIL, STE 300",ROUND ROCK,TX,78681,1128b8,20170220,,,
,,,GREENWICH ACUPUNCTURE CENTER,CLINIC,,,,280 RAILROAD AVENUE,GREENWICH,CT,06830,1128a1,19930816,,,
,,,"GREENWOOD MEDICAL, P.C.","MEDICAL PRACTICE, MD",,,,705 E SUNBURY STREET,MILLERSTOWN,PA,17062,1128a1,19880513,,,
,,,"GREGORY A WALSH, D C, P A",CHIROPRACTIC PRACT,,,,"2700 S RIDGEWOOD, #1",DAYTONA BEACH,FL,32119,1128b8,19991220,,,
,,,"GREGORY W STEPHENS, D C, P C",CHIROPRACTIC PRACT,,,,"1131 ALDINE BENDER RD, C",HOUSTON,TX,77032,1128b8,20011220,,,
,,,"GREY EAGLE, INC",OTHER BUSINESS,AMBULANCE COMPANY,1477738805,,P O BOX 52031,PHILADELPHIA,PA,19115,1128a1,20130120,,,
,,,GREYBOR MEDICAL TRANSPORTATION,AMBULANCE COMPANY,,,,"119 BELMONT AVENUE, STE 107",LOS ANGELES,CA,90026,1128a1,20070820,,,
,,,"GRIM THIRTY-THREE, INC",PHARMACY,,,,347 TERRY ROAD,SMITHTOWN,NY,11787,1128a1,20030820,,,
,,,"GROSS COSMETIC & FAM DENT, P C",DENTAL PRACTICE,,,,1148 JAMIE LN,HOMEWOOD,IL,60430,1128b8,20001120,,,
,,,"GROUP II MEDICAL SUPPORTS, LLC",DME COMPANY,DME - GENERAL,,,P O BOX 175,BEAVER,WV,25813,1128b7,20060512,,,
,,,"GROVE HEALTH CARE, INC",DME COMPANY,DME - DIETARY SUPPLI,,,"P O BOX 019129, FED DETEN",MIAMI,FL,33101,1128b8,19960215,,,
,,,GS CARE CORP,DME COMPANY,DME - GENERAL,,,"7815 N DALE MABRY HWY,210",TAMPA,FL,33614,1128a1,20030420,,,
,,,"GSSV PHARMACY, INC",PHARMACY,,1679630412,,40-02 QUEENS BLVD,QUEENS,NY,11104,1128b5,20091220,,,
,,,GUADALUPE MULTI SPECIALTY FAMI,CLINIC,,,,1821 CESAR CHAVEZ AVE,LOS ANGELES,CA,90033,1128b8,20030120,,,
,,,"GUARANTY HEALTH CARE, INC",DME COMPANY,DME - DIETARY SUPPLI,,,C/O P O BOX 979137,MIAMI,FL,33197,1128b8,19991118,,,
,,,GUARDIAN ANGEL HOME HEALTH,HOME HEALTH AGENCY,,,,C/O P O BOX 2149,BRYAN,TX,77805,1128a1,19990520,,,
,,,GUEST CARE MANAGEMENT OF TEXAS,MANAGEMENT SVCS CO,,,,C/O 806 BROOK HOLLOW DRIVE,SHREVEPORT,LA,71105,1128b8,20060620,,,
,,,"GULF SHORE ANESTHESIA, PA",MEDICAL GROUP,,,,C/O  P O BOX 6185,FT MYERS,FL,33906,1128b8,20050420,,,
,,,"GULF STATES MEDICAL SUPPLY, IN",DME COMPANY,,,,2633 GREENBRIAR DR,COLUMBUS,MS,39701,1128b8,20010419,,,
,,,"GUSTAVO E COLL, M D, P A",OPTICAL PRACTICE,,,,10840 SNAPPER CREEK ROAD,CORAL GABLES,FL,33156,1128b8,20040617,,,
,,,GUYER CHIROPRACTIC,CHIROPRACTIC PRACT,,,,809 COLLEGE AVE,SANTA ROSA,CA,95404,1128b8,20011120,,,
,,,"GYNECOLOGICAL ASSOCIATES, INC",CLINIC,,,,945 ELFORD DRIVE NW,SEATTLE,WA,98177,1128a1,19920405,,,
,,,H & H INDUSTRIES,DME COMPANY,,,,1525 ADRIAN ROAD,BURLINGAME,CA,94010,1128b8,19870806,,,
,,,H & H MEDICAL SUPPLY,DME COMPANY,DME - GENERAL,,,"1732 N HARVARD BLVD, #209",LOS ANGELES,CA,90027,1128b5,20001120,,,
,,,"H & J SHOES, INC",DME COMPANY,DME - GENERAL,,,131 ORCHARD STREET,NEW YORK,NY,10013,1128a1,19920227,,,
,,,H & M HOME FOR ALTERNATIVE LIV,ADULT HOME,,,,29182 E CHANTICLEER DRIVE,SOUTHFIELD,MI,48034,1128a1,19961117,,,
,,,"H & W THERAPY, P.C.",REHAB FACILITY - GEN,,,,"37920 N 45TH, DEPT 1775",PHOENIX,AZ,85027,1128b8,19970312,,,
,,,H W WEIDCO/STER LLC,OTHER BUSINESS,SKILLED NURSING FAC,1699783910,,794 N FORKLANDING RD,MAPLE SHADE,NJ,08052,1128b5,20251120,,,
,,,H-M OPTICAL,OPTICAL PRACTICE,,,,FEDERAL CORR INSTITUTE,TEXARKANA,TX,75505,1128b8,19920301,,,
,,,"HAFAR MEDICAL EQUIPMENT, INC",DME COMPANY,,,,C/O 10101 W OKEECHOBEE RD,HIALEAH,FL,33016,1128b8,20070220,,,
,,,HALIFAX CONVALESCENT CENTER,SKILLED NURSING FAC,,,,820 N CLYDE MORRIS BLVD,DAYTONA BEACH,FL,32117,1128a2,20051020,,,
,,,"HALLMARK NURSING CENTER, INC",SKILLED NURSING FAC,,,,526 ALTAMONT AVE,SCHENECTADY,NY,12302,1128a2,20051120,,,
,,,HALMOR TRADING CORP,PHARMACY,,,,80 29TH STREET,BROOKLYN,NY,11232,1128a1,20020418,,,
,,,"HAMLET PHARMACY, INC",PHARMACY,,,,19 ROLAND DR,WHITE PLAINS,NY,10605,1128a1,20020320,,,
,,,HAMPTON MEDICAL ASSOCIATES,MEDICAL GROUP,,,,283 SECOND STREET PIKE,SOUTHAMPTON,PA,18966,1128b8,20000420,,,
,,,HAND IN HAND COUNSELING SVCS,COUNSELING CENTER,,,,5534 OLD NATIONAL HIGHWAY,COLLEGE PARK,GA,30349,1128b8,19981119,,,
,,,"HANFORD NUCLEAR SERVICES, INC",CONSULTING FIRM,,,,214 WEST MAIN ST,WEST PLAINS,MO,65775,1128a1,20100120,,,
,,,"HANNAYA HEALTH CARE, INC",OTHER BUSINESS,HOME HEALTH AGENCY,,,"2110 NICOLLET AVE, SUITE 206",MINNEAPOLIS,MN,55404,1128a1,20160818,,,
,,,"HANSON MEDICAL SUPPLY, INC",DME COMPANY,DME - GENERAL,,,88 BIG ROCK LANE,HANSON,MA,02341,1128a1,20000920,,,
,,,HARBOUR MEDICAL PRIMARY CARE,CLINIC,,1699896746,,"1000 DIVISION ST, E, #70",GREENWICH,RI,02818,1128b8,20091026,,,
,,,HARMONY HOME HEALTH CARE LLC,OTHER BUSINESS,HOME HEALTH AGENCY,1720427123,,"123 NORTHAMPTON ST, APT 3B",BOSTON,MA,02118,1128b8,20201220,,,
,,,HARMONY TURNING POINT PLLC,PHYSICIAN PRACTICE (,GENERAL PRACTICE,1588979686,,"20755 GREENFIELD RD, STE 100",SOUTHFIELD,MI,48075,1128b8,20131020,,,
,,,HARO G CORPORATION,PHARMACY,,,,441 N W 12TH AVE,MIAMI,FL,33128,1128b8,19970807,,,
,,,"HARTFORD DENTAL INCORPORATED,",OTHER BUSINESS,DENTAL PRACTICE,1801197298,,740 N MAIN STREET,WEST HARTFORD,CT,06117,1128b7,20150306,,,
,,,HARVE'S DRUG CORP,PHARMACY,,,,111 MILL STREET,GROVE CITY,PA,16127,1128b5,19900621,,,
,,,HATO REY HOME CARE MED EQUIP,DME COMPANY,DME - GENERAL,,,P O BOX 1902,HATO REY,PR,00929,1128b8,19870316,,,
,,,HAVEN HILLS MEDICAL CLINIC,OTHER BUSINESS,CLINIC,1750469763,,1611 LURLYN ROAD,POPLAR BLUFF,MO,63901,1128b7,20110718,,,
,,,HAWKINS CHIROPRACTIC CLINIC,CHIROPRACTIC PRACT,,,,10267 S 1300 EAST,SANDY,UT,84094,1128b8,19991220,,,
,,,HAYA MEDICAL GROUP,MEDICAL GROUP,,,,"16701 VALLEY BLVD, SUITE F",FONTANA,CA,92335,1128b8,20041020,,,
,,,HAYWARD CHIROPRACTIC HEALTH,CHIROPRACTIC PRACT,,,,"22971 SUTRO STREET, #A",HAYWARD,CA,94541,1128b8,20000420,,,
,,,HCMF CORPORATION,SKILLED NURSING FAC,,,,C/O 934 COMMANDER DR,ROANOKE,VA,24012,1128a1,20030828,,,
,,,HEALTH & HOME CARE MED EQUIP,DME COMPANY,DME - GENERAL,,,BOX 29961 65 INF STA,RIO PIEDRAS,PR,00929,1128b8,19870316,,,
,,,HEALTH & WELLNESS MEDICAL CLIN,CLINIC,,,,4405 S MAIN STREET,LOS ANGELES,CA,90037,1128b8,20050620,,,
,,,"HEALTH CARE 2000, INC",MEDICAL GROUP,,,,270 FIRST STREET,CHAVIES,KY,41727,1128a1,20050420,,,
,,,"HEALTH CARE CONCEPTS, INC",OTHER BUSINESS,CONSULTING FIRM,,,"3011 N INTERSTATE 35, STE 100",AUSTIN,TX,78722,1128b7,20150127,,,
,,,"HEALTH CARE INNOVATIONS, INC",DME COMPANY,DME - GENERAL,,,917 RED OAK CREEK ROAD,OVILLA,TX,75154,1128b8,19970129,,,
,,,HEALTH CARE INTERNATIONAL HOLD,MANAGEMENT SVCS CO,,,,"1800 E SAHARA AVE, STE 107",LAS VEGAS,NV,89104,1128b8,20081020,,,
,,,HEALTH CARE MEDICINE SUPPLY CO,OTHER BUSINESS,PHARMACY,,,"1916 81 STREET, APT 1",EAST ELMHURST,NY,11370,1128a1,20180520,,,
,,,HEALTH CARE PROVIDERS INC,DME COMPANY,DME - GENERAL,,,228 CHESTERFIELD INDUST B,CHESTERFIELD,MO,63005,1128a1,19970804,,,
,,,HEALTH CARE RESOURCES GROUP,DME COMPANY,,,,142 MARION ST,DENVER,CO,80218,1128b8,19990214,,,
,,,"HEALTH CAREERS, INC",AMBULANCE COMPANY,,,,102 GYNMONT CIRCLE,NORTH WALES,PA,19454,1128a1,19950509,,,
,,,"HEALTH CENTER PHARMACY, INC",PHARMACY,,,,9 SYNDICATE STREET,NEWPORT,NH,03773,1128a1,19930929,,,
,,,"HEALTH CLINIC MANAGEMENT, INC",CLINIC,,,,1800 S W 27TH AVE,MIAMI,FL,33145,1128b8,20020718,,,
,,,HEALTH EDUCATION SERVICES,COUNSELING CENTER,,,,HIGHWAY 67 WEST,EL RENO,OK,73036,1128b8,19950803,,,
,,,HEALTH ESTEEM INCORPORATED,HOME HEALTH AGENCY,,,,1172 N E 196TH STREET,N MIAMI BEACH,FL,33179,1128b8,19980319,,,
,,,"HEALTH EXTENDERS, INC",CLINIC,,,,83 EAST AVENUE,NORWALK,CT,06851,1128b8,20090319,,,
,,,HEALTH FORCE ONE,NURSING FIRM,,,,"1108 K STREET, NW",WASHINGTON,DC,20005,1128b7,20060126,,,
,,,"HEALTH GUARD SCREENING, INC",CLINIC,,,,C/O 15431 RIVER BY RD,FT MYERS,FL,33908,1128b8,19981119,,,
,,,"HEALTH GUARD, INC",PHYSICIAN PRACTICE (,FAMILY PRACTICE,1093041097,,"2424 WILLIAMS BLVD, STE K",KENNER,LA,70062,1128a1,20140220,,,
,,,"HEALTH HORIZONS, INC",HOME HEALTH AGENCY,,,,712 W AIRPORT ROAD,SPRINGERVILLE,AZ,85938,1128b8,20041020,,,
,,,"HEALTH INFORMATION RESOURCES,",PHARMACY,,,,17868 BELLOWS FALLS COURT,SOUTH BEND,IN,46614,1128a3,20040520,,,
,,,HEALTH MANAGEMENT INC,CLINIC,,,,2999 S VIRGINIA ST,RENO,NV,89502,1128b8,20031020,,,
,,,HEALTH PARK FLORIDA FITNESS CT,REHAB FACILITY - GEN,,,,"636 DEL PRADO BLVD, N",CAPE CORAL,FL,33990,1128b4,20040420,,,
,,,"HEALTH PARTNERS, P C",OSTEOPATHIC PRAC,,,,"3700 BELLMEADE AVE, #119",EVANSVILLE,IN,47714,1128b8,20001019,,,
,,,HEALTH PLAN MEDICAL SUPPLIES,DME COMPANY,,,,62 FLUSHING AVE,BROOKLYN,NY,11205,1128b8,19980420,,,
,,,"HEALTH PLAN SOUTHERN ILLINOIS,",OTHER BUSINESS,RURAL HEALTH CLINIC,1215925102,,C/O 205 BAILEY LANE,BENTON,IL,62812,1128a1,20110818,,,
,,,"HEALTH PLUS CONSULTING, INC",PHYSICIAN PRACTICE (,GENERAL PRACTICE,,,"P O BOX 7001, #31944-034",TAFT,CA,93268,1128a1,20131120,,,
,,,"HEALTH PLUS, LLC",OTHER BUSINESS,PHYS THERAPY PROVIDE,1366970204,,"16000 W 9 MILE ROAD, STE 603B",SOUTHFIELD,MI,48075,1128b11,20250324,,,
,,,HEALTH PRO MEDICAL LABS,LABORATORY,,,,2250 W WHITTIER BLVD,LA HABRA,CA,90631,1128b8,20030820,,,
,,,HEALTH PROMOTIONS SYSTEMS,OTHER BUSINESS,CONSULTING FIRM,,,4578 SEDONA LANE,DACONO,CO,80514,1128b8,20130520,,,
,,,HEALTH RESOURCES & REHAB,REHAB FACILITY - GEN,,,,P O BOX 310595,HOUSTON,TX,77231,1128b8,20050119,,,
,,,HEALTH RESOURCES & REHAB CENTE,REHAB FACILITY - GEN,,,,11431 CHIMNEY ROCK RD,HOUSTON,TX,77035,1128b8,20050119,,,
,,,"HEALTH SYSTEM TRANSPORTATION,",TRANSPORTATION CO,,,,21700 GREENFIELD,OAK PARK,MI,48237,1128a1,20050119,,,
,,,"HEALTHCARE OPTIONS, INC",HOME HEALTH AGENCY,,,,"2738 WINNETKA AVE, N",GOLDEN VALLEY,MN,55427,1128b8,20110420,,,
,,,"HEALTHCARE TRANSPORT, INC",TRANSPORTATION CO,,,,P O BOX 903,VIDALIA,GA,30474,1128b8,19920910,,,
,,,HEALTHCARE VIRGINIA LLC,OTHER BUSINESS,HOME HEALTH AGENCY,,,277-R N MAPLE AVENUE,COVINGTON,VA,24426,1128a1,20120520,,,
,,,"HEALTHCON INTERNATIONAL, INC",MANAGEMENT SVCS CO,,,,429 S W 27TH ROAD,MIAMI,FL,33129,1128b8,20020919,,,
,,,HEALTHCREST MANAGEMENT GROUP,GOVERNMENT CONTRACTO,,,,"C/O 315 PONCE DE LEON, #3",DECATUR,GA,30330,1128b11,19931220,,,
,,,"HEALTHERAPY OF NEVADA, INC",OTHER BUSINESS,MENTAL/BEHAVIORAL HE,1205155470,,3275 LAKESHORE DRIVE,WASHOE VALLEY,NV,89704,1128a1,20140220,,,
,,,"HEALTHRIGHT, LLC",OTHER BUSINESS,MARKETING FIRM,,,181 WASHINGTON STREET,CONSHOHOCKEN,PA,19428,1128a3,20230518,,,
,,,"HEALTHSMART PACIFIC, INC",OTHER BUSINESS,HOSPITAL,1861407637,,"20377 SW ACACIA ST, STE 110",NEWPORT BEACH,CA,92660,1128b8,20210420,,,
,,,HEALTHWISE MEDICAL REHAB CTRS,REHAB FACILITY - GEN,,,,1109 S MILITARY HWY,CHESAPEAKE,VA,23320,1128a3,20020820,,,
,,,"HEALTHY SMILE DENTISTRY, INC",DENTAL PRACTICE,,,,7952 N W 161 TERRACE,MIAMI LAKES,FL,33016,1128b8,20041220,,,
,,,HEARING AID CENTER OF TROY INC,DME COMPANY,,,,"4 STARLIGHT RD, BOX 473",NEWTONVILLE,NY,12128,1128a1,19911124,,,
,,,HEART TO HEART MEDICAL SUPPLY,DME COMPANY,DME - GENERAL,,,"C/O P O BOX 7007, #66590-179",MARIANNA,FL,32447,1128b8,20091220,,,
,,,"HEART TRACE OF NASHUA, INC",LABORATORY,,,,"42 PATTON RD, #01895-049",DEVENS,MA,01432,1128a1,20010920,,,
,,,"HEARTLAND ANESTHESIA, PC",DOCTOR OWNED ENTITY,,,,908 S LAKE DRIVE,WATERTOWN,SD,57201,1128b8,20031218,,,
,,,"HEAVENLY CARE REMEMBER ME, INC",MENTAL HEALTH FAC,,,,7554 NORTH 87TH ST,MILWAUKEE,WI,53224,1128a2,20040819,,,
,,,"HEAVENLY HOME HEALTH, INC.",OTHER BUSINESS,HOME HEALTH AGENCY,1477799021,,"805 EAST BROADWAY, SUITE H",GLENDALE,CA,91205,1128a1,20190220,,,
,,,HEILIG CHIROPRACTIC,CHIROPRACTIC PRACT,,,,3333 N CANDLE AVENUE,TUCSON,AZ,85705,1128b8,19960314,,,
,,,HEINEKEN CHIROPRACTIC,CHIROPRACTIC PRACT,,,,"214 AVE DELMAR, STE A",SAN CLEMENTE,CA,92672,1128b8,19990520,,,
,,,HEINZE PHARMACY,PHARMACY,,,,8TH & CENTRE STREETS,ASHLAND,PA,17921,1128a1,19880226,,,
,,,"HELPING HANDS TRANSPORTATION,",TRANSPORTATION CO,,,,11 HIGH STREET,JACKSONVILLE,OH,45740,1128b8,20051020,,,
,,,"HELPING OTHERS, LLC",OTHER BUSINESS,MENTAL/BEHAVIORAL HE,1922642867,,3660 REMINGTON PARK DRIVE,RENO,NV,89512,1128a1,20240520,,,
,,,"HELPING TO LIVE, INC",DME COMPANY,DME - GENERAL,,,21300 SW 236 STREET,HOMESTEAD,FL,33031,1128b7,19961122,,,
,,,HEMATOLOGY AND ONCOLOGY CENTER,PHYSICIAN PRACTICE (,HEMATOLOGY,,,"401 BOGLE STREET, STE 101",SOMERSET,KY,42503,1128b7,20140103,,,
,,,HEMBREE CHIROPRACTIC,CHIROPRACTIC PRACT,,,,P O DRAWER 1001,FAIRHOPE,AL,36533,1128b8,19960708,,,
,,,HENDERSON MANAGEMENT GROUP INC,SKILLED NURSING FAC,,,,205 WARWICK DRIVE,MARION,SC,29571,1128a1,19970316,,,
,,,"HENRY L HUCKABY, P A","MEDICAL PRACTICE, MD",,,,"2000 CRAWFORD, SUITE 124",HOUSTON,TX,77002,1128a1,19880421,,,
,,,HERITAGE NURSING HOME,SKILLED NURSING FAC,,,,C/O 127 ELM ST,ATHENS,PA,18810,1128a1,20051020,,,
,,,HERITAGE OB/GYN,CLINIC,,,,216 S ACADEMY ST,AHOSKIE,NC,27910,1128a1,20020620,,,
,,,HERLIN PHARMACY,PHARMACY,,,,1842 BEACON STREET,BROOKLINE,MA,02146,1128a1,19880331,,,
,,,HERNANDO ANESTHESIA ASSOCIATES,MEDICAL GROUP,,,,4547 LAKE INI THE WOODS DR,WEEKI WACHEE,FL,34607,1128b8,20061019,,,
,,,HERNIA INSTITUTE OF LYON,DME COMPANY,,,,"19 WEST 34TH ST, ROOM 915",NEW YORK,NY,10001,1128b8,19980120,,,
,,,HHCH HEALTH CARE INC,OTHER BUSINESS,HOME HEALTH AGENCY,,,"C/O GLEN RAY RD, BX A, #65107-",ALDERSON,WV,24910,1128b8,20170518,,,
,,,HI-LIFE MEDICAL CENTER,CLINIC,,,,C/O 407 PERUGIA AVE,CORAL GABLES,FL,33146,1128b8,19980120,,,
,,,"HIALEAH DME, INC",DME COMPANY,DME - GENERAL,,,"1333 W 49TH PLACE, #204",HIALEAH,FL,33012,1128b8,20041220,,,
,,,HICKORY TREE RESCUE SQUAD,TRANSPORTATION CO,,,,2024 HICKORY TREE RD,BLUFF CITY,TN,37618,1128b4,19990617,,,
,,,"HICKSVILLE PODIATRIC SVCS, PC",PODIATRY PRACTICE,,,,C/O 63 E OLD COUNTRY ROAD,HICKSVILLE,NY,11801,1128b4,19941207,,,
,,,HIGDON TRANSPORTATION CORPORAT,SUBCONTRACTING CO,,,,756 N WASHINGTON ST,DALE,IN,47523,1128b8,20090520,,,
,,,HIGH TECH MEDICAL CENTER,CLINIC,,,,61 HOOK SQUARE,MIAMI SPRINGS,FL,33166,1128b8,20041220,,,
,,,HIGHLAND DRUG CO,PHARMACY,,,,1036-10 DUNN AVE,JACKSONVILLE,FL,32218,1128b8,20020418,,,
,,,HIGHLAND HILLS MANAGEMENT CORP,MANAGEMENT SVCS CO,,,,"2600 HWY 301 S, NUM 12533-035",JESUP,GA,31599,1128b8,20061019,,,
,,,HIGHLAND PARK HEALTHCARE CENTE,CLINIC,,,,5676 YORK BOULEVARD,LOS ANGELES,CA,90042,1128b8,20040120,,,
,,,HIGHLAND PARK MEDICAL SUPPLY,DME COMPANY,DME - GENERAL,,,"6100 N FIGUEROA ST, C",LOS ANGELES,CA,90042,1128b8,20020418,,,
,,,"HILL PHARMACY, INC",PHARMACY,,,,3120 N DAVIS HIGHWAY,PENSACOLA,FL,32503,1128a1,19940331,,,
,,,"HILLCREST CLINICS, INC",CHIROPRACTIC PRACT,,,,"1900 SIMLER AVE, FCI#5797",BIG SPRING,TX,79720,1128b8,19960813,,,
,,,HILLCREST HEALTH CARE CENTER,SKILLED NURSING FAC,,,,5 RICHARD BROWN DRIVE,UNCASVILLE,CT,06382,1128a2,20050511,,,
,,,HINTON PHARMACY,OTHER BUSINESS,PHARMACY,,,C/O 1447 COUNTY FARM ROAD,RAYMOND,MS,39154,1128b8,19950216,,,
,,,HIS MAJESTY'S CARE,SKILLED NURSING FAC,,,,P O BOX 128,OTTER LAKE,MI,48464,1128b8,19930412,,,
,,,HISPANIA INTERAMERICANA #1,PHARMACY,,,,2085 SW 1ST STREET,MIAMI,FL,33135,1128a1,19900315,,,
,,,HISPANIA INTERAMERICANA #2,PHARMACY,,,,853 WASHINGTON AVENUE,MIAMI BEACH,FL,33139,1128a1,19900315,,,
,,,"HOBART MENTAL HEALTH, INC",CLINIC,,,,400 SOUTH WABASH,HOBART,IN,46342,1128a1,19880720,,,
,,,HOI LEE D D S,DENTAL PRACTICE,,,,1011 NORTH 2ND ST,RENTON,WA,98055,1128b8,20030520,,,
,,,HOJO DETAIL CENTER INC,OTHER BUSINESS,TRANSPORTATION CO,,,C/O RICHARD SEHL,MECHANICVILLE,NY,12118,1128a1,20260920,,,
,,,"HOLISTIC HOME CARE AGENCY, INC",HOME HEALTH AGENCY,,1063630945,,68 PAERDEGAT 1ST STREET,BROOKLYN,NY,11236,1128a1,20101020,,,
,,,"HOLSTON AMBULANCE SERVICE, INC",AMBULANCE COMPANY,,,,P O BOX 3184,LAKE CHARLES,LA,70602,1128a1,19950803,,,
,,,HOME AWAY HOME,ADULT HOME,,,,C/O 14091 W EXPOSITION DR,LAKEWOOD,CO,80228,1128b8,20000320,,,
,,,HOME BOUND EYECARE,OPTOMETRIC PRACTICE,,,,P O BOX 948,GILMER,TX,75644,1128Aa,19950223,,,
,,,HOME CONVALESCENT EQUIPMENT,DME COMPANY,DME - GENERAL,,,P O BOX 9000 (FPC),BRADFORD,PA,16701,1128a1,19901011,,,
,,,HOME HEALTH CARE RESOURCES,HOME HEALTH AGENCY,,,,142 MARION ST,DENVER,CO,80218,1128b8,19990214,,,
,,,HOME INFUSION MGMT SVCS,DME COMPANY,,,,"50 HARRISON AVE, #15",CONGERS,NY,10920,1128b8,20010118,,,
,,,HOME MEDICAL EQUIPMENT COMPANY,DME COMPANY,DME - GENERAL,,,P O BOX 452,SHEPHERDSVILLE,KY,40165,1128b8,19940630,,,
,,,"HOME MEDICAL EQUIPMENT, INC.",DME COMPANY,DME - OXYGEN,,,2413 HADDENHURST COURT,FALSTON,MD,21047,1128a1,19970811,,,
,,,"HOME MEDICAL MART, INC",DME COMPANY,DME - GENERAL,,,C/O 728 CAPTAIN MORTON DR,BRIERFIELD,AL,35035,1128b8,20030720,,,
,,,HOME NURSING PATIENT CARE,HOME HEALTH AGENCY,,,,"R D #2, BEAR CREEK RD",AVOCA,PA,18641,1128a1,19940427,,,
,,,HOMECARE,DME COMPANY,,,,WILCREST AT SOUTHWEST FWY,HOUSTON,TX,77099,1128a1,19900426,,,
,,,HOMECARE P C DOCTORS,PHYSICIAN PRACTICE (,FAMILY PRACTICE,1487821799,,"100 N POND DR, SUITE A",WALLED LAKE,MI,48390,1128b8,20120220,,,
,,,HOMED SCAN (HOMED SCAN/METROL),LABORATORY,,,,1578 OLD YORK RD,ABINGTON,PA,19001,1128b7,20010309,,,
,,,HOMED SCAN (PULMONARY SYSTEMS),LABORATORY,,,,1578 OLD YORK RD,ABINGTON,PA,19001,1128b7,20010309,,,
,,,HOMEHEALTH MEDICAL SERVICES,DME COMPANY,,,,"817 MAIN, SUITE 203",CINCINNATI,OH,45202,1128a1,19900426,,,
,,,"HOMETOWN CHIROPRACTIC, LLC",OTHER BUSINESS,CHIROPRACTIC PRACT,1699738039,,120 N 1ST ST,OSKALOOSA,IA,52577,1128b8,20111020,,,
,,,HOMETOWN HOMECARE,DME COMPANY,DME - GENERAL,,,110 EAST AZALEA AVE,FOLEY,AL,36535,1128b8,20021020,,,
,,,HOPE CANCER INSTITUTE,PHYSICIAN PRACTICE (,ONCOLOGY,,,26109 E BLUE MILLS RD,SIBLEY,MO,64088,1128b7,20140408,,,
,,,"HOPE ROAD HOME CARE, INC",HOME HEALTH AGENCY,,,,9 OLD FARM RD,FOLEY,MO,63347,1128b8,20081020,,,
,,,HOPEFUL PROSPECT LLC,OTHER BUSINESS,MENTAL/BEHAVIORAL HE,,,7213 W FLEETWOOD LANE,GLENDALE,AZ,85303,1128a1,20250619,,,
,,,HOPKINS CHIROPRACTIC CLINIC,CHIROPRACTIC PRACT,,,,3648 S CAMPBELL,SPRINGFIELD,MO,65807,1128a1,19910123,,,
,,,HOPMEADOW CHIROPRACTIC OF SIMS,CHIROPRACTIC PRACT,,1174707731,,1 GRIST MILL LANE,SIMSBURY,CT,06070,1128b8,20100617,,,
,,,HORISONS UNLIMITED,OTHER BUSINESS,NON-PROFIT ORGANIZAT,1184674582,,5320 HIGHWAY 49 N,MARIPOSA,CA,95338,1128b7,20191117,,,
,,,"HORIZON RESIDENTIAL CENTERS, I",INTER CARE FACILITY,,,,36355 MAIN STREET,NEW BALTIMORE,MI,48047,1128a1,20070820,,,
,,,HOSPITALITY CARE TRANSPORTATIO,TRANSPORTATION CO,,,,6543 N 86TH STREET,MILWAUKEE,WI,53224,1128b8,20060220,,,
,,,HOUSE CALLS HOME HEALTH AGENCY,HOME HEALTH AGENCY,,,,1841 WYOMING AVE,EXETER,PA,18643,1128a1,19930304,,,
,,,HOUSE CALLS HOME HEALTH CARE,HOME HEALTH AGENCY,,,,1841 WYOMING AVE,EXETER,PA,18643,1128a1,19930304,,,
,,,"HOUSE CALLS UNLIMITED M D, INC",CLINIC,,,,3301 W 111TH ST,CLEVELAND,OH,44111,1128b8,20071120,,,
,,,"HOUSE CALLS, INC",HOME HEALTH AGENCY,,,,1841 WYOMING AVE,EXETER,PA,18643,1128a1,19930304,,,
,,,"HOUSTON A LEWIS, D D S, INC",DENTAL PRACTICE,,,,1118 MAIN STREET,WHEELING,WV,26003,1128a1,19900809,,,
,,,"HOUSTON COMPLETE CARE CLINIC,",CHIROPRACTIC PRACT,,,,"6666 HARWIN DR, STE 655",HOUSTON,TX,77036,1128b8,20080619,,,
,,,HOUSTON MEDICAL SUPPLIES SERVI,DME COMPANY,,,,"C/O 264 FM 3478, #01529547",HUNTSVILLE,TX,77320,1128b8,20091220,,,
,,,"HOWARD CITY PLAZA, INC",PHARMACY,,,,733 SHAW STREET,HOWARD CITY,MI,49329,1128a1,19911223,,,
,,,HOWARD'S HOME RESPIRATORY,DME COMPANY,DME - GENERAL,,,1601 BROAD ST,SELMA,AL,36701,1128b8,20010419,,,
,,,"HUMAN SERVICE CENTERS, INC",MENTAL HEALTH FAC,,,,87-08 JUSTICE AVENUE,ELMHURST,NY,11373,1128a1,20060320,,,
,,,HUMAN SERVICES TRANSPORT PROVI,OTHER BUSINESS,TRANSPORTATION CO,1760432249,,730 CLINTON STREET,GARY,IN,46406,1128a1,20120620,,,
,,,HUTTON'S PHARMACY,PHARMACY,,,,2101 DORR STREET,TOLEDO,OH,43607,1128b4,19981220,,,
,,,HY-LOND MENT HEALTH & MED GRP,DOCTOR OWNED ENTITY,,,,2900 WEST VERNON AVE,LOS ANGELES,CA,91710,1128a1,19840312,,,
,,,HYLAN BOULEVARD PHYSICAL MEDIC,PHYSICIAN PRACTICE (,PAIN MANAGEMENT,1306166889,,1396 MYRTLE AVENUE,BROOKLYN,NY,11237,1128a1,20200618,,,
,,,"HYLAND MEDICAL, P C",MEDICAL GROUP,,,,"710 EAST 200 SOUTH, STE 1B",SALT LAKE CITY,UT,84102,1128b8,20031218,,,
,,,"I & I INVALID COACH, INC",TRANSPORTATION CO,,,,85 CENTRAL AVE,CLIFTON,NJ,07015,1128a1,20040219,,,
,,,"I & Y ENTERPRISE, INC",DME COMPANY,DME - GENERAL,,,C/O 16721 N W 72ND AVE,HIALEAH,FL,33015,1128b8,20040720,,,
,,,I KNOW WE CARE &  INC,HOME HEALTH AGENCY,,,,"2419 DUPONT AVE, N",MINNEAPOLIS,MN,55411,1128b8,20071018,,,
,,,"I.M.G. TESTING, INC",CHIROPRACTIC PRACT,,,,"1900 SIMLER AVE, FCI#5797",BIG SPRING,TX,79720,1128b8,19960813,,,
,,,IBT TRANSPORTATION,OTHER BUSINESS,TRANSPORTATION CO,,,9544 S VANDERPOEL AVE,CHICAGO,IL,60643,1128b5,20180118,,,
,,,IDAHO CHILDREN'S ACADEMY AND T,OTHER BUSINESS,PHYS THERAPY PROVIDE,,,"223 N EAGLE RD, STE 100",EAGLE,ID,83616,1128b8,20110920,,,
,,,IDEAL CARE AND HEALTH SERVICES,OTHER BUSINESS,COMM MNTL HLTH CNTR,1831302371,,"1920 N GAREY AVE, STE A",POMONA,CA,91767,1128a1,20180320,,,
,,,IDEAL COUNTRY PL & SCHOOL,CLINIC,,,,33 N E 4TH STREET,MIAMI,FL,33101,1128b8,20030320,,,
,,,"IDEAL HEALTH DIAGNOSTICS, INC",OTHER BUSINESS,RADIOLOGY FACILITY,1629158605,,145 W DUNDEE ROAD,BUFFALO GROVE,IL,60089,1128b7,20250826,,,
,,,"IDEAL HEALTH, INC",HOME HEALTH AGENCY,,,,501 N E 167TH STREET,NORTH MIAMI,FL,33161,1128a1,19930203,,,
,,,"IDLEWOOD ASSOCIATES, LTD",SKILLED NURSING FAC,,,,P O BOX 12322,KNOXVILLE,TN,37912,1128a2,20001120,,,
,,,"IHECHI, INC",AMBULANCE COMPANY,,,,"2490 LEE BLVD, STE 315",CLEVELAND,OH,44118,1128b8,20080918,,,
,,,"ILLINOIS HEALTH CARE CLINIC, P",RURAL HEALTH CLINIC,,1194734459,,610 CORBIN DR,ENERGY,IL,62933,1128a1,20110720,,,
,,,"IMAGINE CONSULTING SERVICES, I",DME COMPANY,DME - GENERAL,,,"C/O 1800 SUNSET HARBOR DR, #22",MIAMI BEACH,FL,33139,1128b8,20041220,,,
,,,IMEX MEDICAL EQUIPMENT & SUPPL,DME COMPANY,DME - GENERAL,,,"15600 W 10 MILE RD, UNIT 14",SOUTHFIELD,MI,48075,1128a1,20060920,,,
,,,"IMMEDIATE HOME CARE, INC",HOME HEALTH AGENCY,,,,204 BROADWAY,BROOKLYN,NY,11211,1128a1,20081218,,,
,,,"IMPACT THERAPY, LLC",OTHER BUSINESS,SUBSTANCE ABUSE REHA,1881025641,,"3450 W CENTRAL AVE, STE 354",TOLEDO,OH,43606,1128a1,20241020,,,
,,,"IMPERIAL MEDICAL & RENTAL, INC",DME COMPANY,,,,"13800 S W 8TH ST, STE 179",MIAMI,FL,33184,1128b8,19980920,,,
,,,"IMPERIAL MEDICAL SUPPLY, INC",DME COMPANY,DME - GENERAL,1417972381,,"15125 VENTURA BLVD, #204",SHERMAN OAKS,CA,91403,1128a1,20121120,,,
,,,"INCOMRX SYSTEMS, INC",BILLING SERVICE CO,,,,C/O 195 STATE STREET,BOSTON,MA,02109,1128a1,19911121,,,
,,,"INDEPENDENCE EMS, INC",AMBULANCE COMPANY,,,,P O BOX 1000,LEWISBURG,PA,17837,1128a1,20000518,,,
,,,"INDEPENDENCE HOME HEALTHCARE,",OTHER BUSINESS,HOME HEALTH AGENCY,1003148149,,135 W WALNUT STREET,GARDENA,CA,90248,1128b7,20240108,,,
,,,INDEPENDENT HOME MEDICAL,DME COMPANY,DME - OXYGEN,,,"45 FRONT ST, WEST",COEBURN,VA,24230,1128a3,20000320,,,
,,,"INDEPENDENT HOMECARE, INC",DME COMPANY,,,,4 CHELSEA DRIVE,STANDISH,ME,04084,1128a1,20020919,,,
,,,"INDEPENDENT LIVING APARTMENTS,",ADULT HOME,,,,4530 N 56TH ST,LINCOLN,NE,68504,1128b7,20070423,,,
,,,INDIAN RIVER YELLOW CAB,TRANSPORTATION CO,,,,7800 INDUSTRIAL ST,W MELBOURNE,FL,32904,1128b8,19980618,,,
,,,INDIGO REHAB CENTER,REHAB FACILITY - GEN,,,,P O BOX 2018,GEORGETOWN,SC,29442,1128b7,19990305,,,
,,,"INDIVIOR SOLUTIONS, INC",OTHER BUSINESS,DRUG COMPANY/SUPLIER,,,"10710 MIDLOTHIAN TURNPIKE, SUI",RICHMOND,VA,23235,1128a1,20210819,,,
,,,"INFINITE CARE, INC",OTHER BUSINESS,HOME HEALTH AGENCY,1073549671,,860 SECOND STREET PIKE,SOUTHAMPTON,PA,18966,1128a1,20160120,,,
,,,"INFINITE WELLNESS GROUP, LLC",OTHER BUSINESS,MENTAL/BEHAVIORAL HE,1770072076,,"4520 SOUTH PECOS ROAD, SUITE 3",LAS VEGAS,NV,89121,1128a1,20250120,,,
,,,"INFU TRENDS, INC",DRUG COMPANY/SUPLIER,,,,C/O 5721 OAKVIEW TERR,HOLLYWOOD,FL,33312,1128b8,20020718,,,
,,,"INFUSTAT HOLDING, INC",PHARMACY,,,,"C/O P O BOX 779800, #12257-021",MIAMI,FL,33177,1128b8,20070620,,,
,,,INLAND VALLEY CHIROPRACTIC,CHIROPRACTIC PRACT,,,,"10064 CITRUS AVE, #C",FONTANA,CA,92335,1128b8,20011120,,,
,,,INMAN MEDICAL REHAB SUPPLY INC,DME COMPANY,DME - GENERAL,,,648 E WASHINGTON STREET,NEW CASTLE,PA,16103,1128a1,19930527,,,
,,,INNOVATIONS & IMAGINATIONS,CONSULTING FIRM,,,,2115 MELANIE PARK DR,SPRING,TX,77388,1128b8,20070920,,,
,,,INNOVATIVE MEDICAL PRODUCTS IN,DME COMPANY,DME - GENERAL,,,228 CHESTERFIELD INDUST B,CHESTERFIELD,MO,63005,1128a1,19970804,,,
,,,INNOVATIVE SEATING LLC,DME COMPANY,,1790879039,,"9457 S UNIVERSITY BLVD, STE 24",LITTLETON,CO,80126,1128b8,20101118,,,
,,,INSPIRATIONAL HOMECARE SERVICE,HOME HEALTH AGENCY,,,,11644 MIMEAUX DRIVE,SAINT LOUIS,MO,63138,1128b5,20080918,,,
,,,INSTITUTE FOR COSMETIC SURGERY,CLINIC,,,,2708 N W 25TH COURT,FT LAUDERDALE,FL,33305,1128b8,20030120,,,
,,,INSTITUTE OF CARDIOVASCULAR EX,PHYSICIAN PRACTICE (,INTERNAL MEDICINE,1295975803,,"4600 SW 46TH COURT, STE 340",OCALA,FL,34474,1128b7,20170201,,,
,,,INSTITUTO LATINO AMER DE IMPOT,CLINIC,,,,1990 SW FIRST STREET,MIAMI,FL,33135,1128b8,19971113,,,
,,,"INSURE NUTRITION, INC",OTHER BUSINESS,PHARMACY,1831584812,,"440 HINDRY AVE, STE F",INGLEWOOD,CA,90301,1128a1,20211029,,,
,,,"INSYS PHARMA, INC",OTHER BUSINESS,DRUG COMPANY/SUPLIER,,,444 S ELLIS STREET,CHANDLER,AZ,85224,1128a1,20210120,,,
,,,"INTEGRATED CARE, LLC",OTHER BUSINESS,LAB - CLINICAL,,,7717 WATER TOWER ROAD,KNOXVILLE,TN,37920,1128b7,20221121,,,
,,,INTEGRATED MEDICAL NETWORKS,MEDICAL GROUP,,,,"3659  MAGUIRE BLVD, #100",ORLANDO,FL,32803,1128b8,20020919,,,
,,,INTEGRITY OXYGEN & MEDICAL EQU,DME COMPANY,DME - OXYGEN,,,"1780 E BERT KOUNS LOOP, STE 80",SHREVEPORT,LA,71105,1128b8,20051120,,,
,,,INTERAMA FAMILY PRACTICE,CLINIC,,,,"1666 NE 19TH AVE, STE 110",N MIAMI BEACH,FL,33162,1128b8,19930803,,,
,,,"INTERCARE, INC",DME COMPANY,DME - GENERAL,,,124-A EAST DIVISION,OAK RIDGE,TN,37830,1128a1,19870604,,,
,,,INTERCORPORATE FINANCIAL SVCS,DME COMPANY,,,,"C/O P O BOX 600, #39781-018",EGLIN AFB,FL,32542,1128b7,20020715,,,
,,,INTERIM HEALTHCARE OF HOLLYWOO,HOME HEALTH AGENCY,,,,"PO BOX 779800, FCI",MIAMI,FL,33177,1128b8,20011018,,,
,,,INTERIM HEALTHCARE OF HOLLYWOO,HOME HEALTH AGENCY,,,,"P O BOX 779800, FCI",MIAMI,FL,33177,1128b7,20010323,,,
,,,INTERNATIONAL HEALTH CARE SVCS,NURSING FIRM,,,,"1108 K STREET, NW",WASHINGTON,DC,20005,1128b7,20060126,,,
,,,INTERNATIONAL HEALTH LAB,LABORATORY,,,,6846 N W 169TH ST,HIALEAH,FL,33015,1128b7,20000419,,,
,,,INTERNATIONAL HEARING AID,DME COMPANY,DME - HEARING AID,,,"1150 S W 1ST ST, SUITE 20",MIAMI,FL,33130,1128b8,19930310,,,
,,,INTERNATIONAL HUMANITY HEALTH,HOME HEALTH AGENCY,,,,14871 NORTHEAST 14 AVENUE,N MIAMI BEACH,FL,33161,1128b8,19950103,,,
,,,"INTERNATIONAL MEDICAL CLINIC,",CLINIC,,,,2121 SW 17TH ST,MIAMI,FL,33145,1128b8,20070220,,,
,,,INTERNATIONAL NURSES RESOURCES,NURSING FIRM,,,,"2001 RICKABAUGH DR, #56074-179",BIG SPRING,TX,79720,1128b8,20080320,,,
,,,INTERSTATE MEDICAL SUPPLY,DME COMPANY,DME - GENERAL,,,"9888 BISSONNET ST, STE 656",HOUSTON,TX,77036,1128b8,20080120,,,
,,,INTERVENTIONAL PAIN CONSULTANT,CLINIC,,1780743732,,"5106 MCCLANAHAN DR, STE B",N LITTLE ROCK,AR,72116,1128b8,20090319,,,
,,,"INTERVENTIONS, INC",MENTAL HEALTH FAC,,,,5313 BURCHETTE RD,TAMPA,FL,33647,1128b8,19991020,,,
,,,INVERRARY CHIROPRACTIC CENTER,CHIROPRACTIC PRACT,,,,5548 W OAKLAND PARK BLVD,LAUDERHILL,FL,33319,1128a1,19900111,,,
,,,"IOS CONSULTANTS, LLC",OTHER BUSINESS,CONSULTING FIRM,,,5600 LIBERTY WOOD DRIVE,HAMILTON,OH,45011,1128b7,20230817,,,
,,,"IOWA FOOT HEALTH CENTER, P.C.",PODIATRY PRACTICE,,,,7975 UNIVERSITY BLVD,DES MOINES,IA,50325,1128a1,19960619,,,
,,,"IRVING LASSOFF, M D INC","MEDICAL PRACTICE, MD",,,,8915 S BROADWAY,LOS ANGELES,CA,90003,1128b8,19910424,,,
,,,"ISERVE TECHNOLOGIES, INC",OTHER BUSINESS,COMPUTER RELATED,,,2400 HOSPITAL DRIVE,ALIQUIPPA,PA,15001,1128a3,20190520,,,
,,,"ISIS LTC, INC",BILLING SERVICE CO,,,,"1515 HERITAGE DR, STE 212",MCKINNEY,TX,75069,1128b8,20070820,,,
,,,"ISLAND AMBULETTE, INC",TRANSPORTATION CO,,,,395 SUNKEN MEADOW RD,KINGS PARK,NY,11754,1128a1,20000420,,,
,,,ISLAND CHIROPRACTIC,CHIROPRACTIC PRACT,,,,2316 CENTRAL AVE,ALAMEDA,CA,94501,1128b8,20060820,,,
,,,ISTA PHARMACEUTICALS,OTHER BUSINESS,PHARMACY,,,15295 ALTON PARKWAY,IRVINE,CA,92618,1128a1,20131124,,,
,,,ITHACA MEDICAL GROUP,MEDICAL GROUP,,,,"1850 S AZUSA AVE, #102",HACIENDA HGTS,CA,91745,1128b8,20011120,,,
,,,IV PHARMACEUTICAL WHOLESALERS,DRUG COMPANY/SUPLIER,,,,C/O 5721 OAKVIEW TERR,HOLLYWOOD,FL,33312,1128b8,20020718,,,
,,,"IXE, INC","MEDICAL PRACTICE, MD",,,,4053 18TH STREET,SAN FRANCISCO,CA,94114,1128b8,19991220,,,
,,,"J & J SLEEP, INC",CLINIC,,,,9143 TIARA COURT,NEW PORT RICHEY,FL,34655,1128a1,20050420,,,
,,,"J & L SERVICES, INC",DME COMPANY,,,,C/O 301 W 18TH ST,HIALEAH,FL,33010,1128b8,19990819,,,
,,,J & S PHARMACY INC,PHARMACY,,,,214 SECOND STREET,ELIZABETH,NJ,07207,1128b8,19981220,,,
,,,"J A B MEDICAL SUPPLIES, INC",DME COMPANY,DME - GENERAL,,,C/O 24250 S W 212TH AVE,HOMESTEAD,FL,33031,1128b8,20040720,,,
,,,"J A CRUZ, M D, P A",MEDICAL GROUP,,,,8785 SW 61ST PLACE,MIAMI,FL,33139,1128b8,20050420,,,
,,,J D'S EAST SYRACUSE PHARMACY,PHARMACY,,,,101 E MANLIUS STREET,EAST SYRACUSE,NY,13057,1128a1,19870526,,,
,,,J D'S EAST SYRACUSE PHARMACY,PHARMACY,,,,101 E MANLIUS ST,EAST SYRACUSE,NY,13057,1128a1,19870526,,,
,,,"J F WATERS, P A",DOCTOR OWNED ENTITY,,,,237 NE 33RD STREET,MIAMI,FL,33137,1128b8,20060518,,,
,,,J MEDICAL BRACING LLC,DME COMPANY,DME - GENERAL,1750648770,,"450 E 96TH STREET, STE 500",INDIANAPOLIS,IN,46240,1128b5,20160519,,,
,,,"J P HARRISON, INC",SKILLED NURSING FAC,,,,101 DELAWARE AVENUE,DELMAR,DE,19940,1128a1,19950829,,,
,,,"J SPRINGER, MD PA",CLINIC,,,,"C/O P O BOX 27109, STE 100",SHAWNEE MISSION,KS,66225,1128b8,20071018,,,
,,,J'S HOMECARE MEDICAL SERVICES,DME COMPANY,DME - GENERAL,,,13001 STACY LANE,LITTLE ROCK,AR,72211,1128a1,19930412,,,
,,,J'S HOMECARE MEDICAL SERVICES,DME COMPANY,DME - GENERAL,,,13005 STACY LANE,LITTLE ROCK,AR,72211,1128a1,19930412,,,
,,,"JACK A KAUFMAN, D P M, P C",PODIATRY PRACTICE,,,,30990 WESTWOOD,FARMINGTON HILLS,MI,48331,1128a1,20030919,,,
,,,"JACK A KAUFMAN, DPM, PC",PODIATRY PRACTICE,,,,30990 WESTWOOD,FARMINGTON HILLS,MI,48331,1128a1,20060220,,,
,,,JACKSON DURABLE MEDICAL EQUIPM,DME COMPANY,DME - INCONTINENCE K,1669587515,,5510 S JACKSON ROAD,EDINBURG,TX,78539,1128a1,20141020,,,
,,,JACKSON MED CENTER PHARMACY,PHARMACY,,,,779 WEST FOREST AVENUE,JACKSON,TN,38301,1128b5,19901011,,,
,,,JACKSONVILLE HEALTH CARE SYSTE,CLINIC,,1952587172,,"9471 BAYMEADOWS RD, STE 108",JACKSONVILLE,FL,32256,1128b8,20051120,,,
,,,"JACOB MORGAN MD, A MEDICAL COR",CLINIC,,,,C/O 4998 LAMIA WAY,OCEANSIDE,CA,92056,1128a4,20100920,,,
,,,JACOB UNIGOVSKY SALES CORP,DME COMPANY,,,,"C/O 4600 9TH AVENUE, APT",BROOKLYN,NY,11215,1128b8,19901030,,,
,,,"JACOBS MARKETING, INC",OTHER BUSINESS,MARKETING FIRM,,,"17484 NORTHWEST FREEWAY, #276",HOUSTON,TX,77040,1128b7,20251009,,,
,,,"JACOBS MEDICAL CENTER, INC",CLINIC,,,,519 ST JOHN STREET,LAFAYETTE,LA,70501,1128b8,19970729,,,
,,,"JACQUELINE, INC",PHARMACY,,,,8707 FLATLANDS AVE,BROOKLYN,NY,11236,1128a1,19971006,,,
,,,"JAMES A SAPALA, M D, P C","MEDICAL PRACTICE, MD",,,,27931 C DRIVE N,ALBION,MI,49224,1128a1,19920504,,,
,,,"JAMES D C JARAMILLO, MD, PC","MEDICAL PRACTICE, MD",,,,P O BOX 640,LOS LUNAS,NM,87031,1128b8,19960213,,,
,,,"JAMES N HUESER, MD, INC",CLINIC,,,,401 KEENE STREET,COLUMBIA,MO,65201,1128b7,20051231,,,
,,,JAMES PHARMACY,PHARMACY,,,,100 E DEPOT STREET,ANGIER,NC,27501,1128a1,19891115,,,
,,,"JAMILEH K NADDAF, D C",CHIROPRACTIC PRACT,,,,602 W WASHINGTON ST,NEWTON,IL,62448,1128b8,20020320,,,
,,,"JANETTE J GRAY M D, INC",PHYSICIAN PRACTICE (,INTERNAL MEDICINE,1609177294,,"3636 FIFTH AVENUE, STE 300",SAN DIEGO,CA,92103,1128b7,20241007,,,
,,,"JAVARONE CHIROPRACTIC, P C",CHIROPRACTIC PRACT,,,,"105 SEMINARY AVE, STE 106",OAKDALE,PA,15071,1128b8,20000620,,,
,,,"JAVIER CANO, INC",DOCTOR OWNED ENTITY,,,,2012 W 25TH,CLEVELAND,OH,44113,1128a1,19940818,,,
,,,"JAY DRUGS, INC",PHARMACY,,,,1942 GREAT NECK ROAD,COPIAGUE,NY,11726,1128b8,20000920,,,
,,,"JAY PSYCHOLOGICAL, P C",OTHER BUSINESS,PSYCHOLOGIC PRACTICE,,,"C/O P O BOX 2000, #67767-054",FORT DIX,NY,08640,1128b8,20150820,,,
,,,"JAYMEE J FRIMML, D C",CHIROPRACTIC PRACT,,,,1203 10TH STREET,NAMPA,ID,83651,1128b8,20000720,,,
,,,JAYS AUTO CARE INC,OTHER BUSINESS,TRANSPORTATION CO,,,330 COLUMBIA TURNPIKE,RENSSELAER,NY,12144,1128a1,20260920,,,
,,,"JAZA MEDICAL SUPPLY, INC",DME COMPANY,,,,"10721 PLANO RD, STE 200",DALLAS,TX,75238,1128b8,20081020,,,
,,,"JC DRUGS, INC",PHARMACY,,,,97-30 64TH RD,REGO PARK,NY,11374,1128b8,20010419,,,
,,,JDS AMBULANCE CORP,AMBULANCE COMPANY,,,,379 YALE AVENUE,WOODMERE,NY,11598,1128a1,20030820,,,
,,,JEF-TON DBA ROCKLEDGE MANOR,SKILLED NURSING FAC,,,,5 GERALD ROAD,MARBLEHEAD,MA,01945,1128a1,19880725,,,
,,,"JEFF BARNES, INC",OTHER BUSINESS,PHARMACY,1407958598,,8764 HIGHWAY AD,LOUISIANA,MO,63353,1128a1,20070419,,,
,,,JEFFERSON FAMILY DENTAL,DENTAL PRACTICE,,,,12871 E JEFFERSON,DETROIT,MI,48215,1128a1,19880606,,,
,,,"JEFFREY NABATMAMA, PROFESSIONA",CHIROPRACTIC PRACT,,,,P O BOX 3402,BEVERLY HILLS,CA,90212,1128b8,20060518,,,
,,,"JENAMED, INC",DME COMPANY,,,,C/O 365 CLAY PITTS RD,E NORTHPORT,NY,11731,1128b5,19971120,,,
,,,"JEREMY A STOWELL, M D, P C",MEDICAL GROUP,,,,C/O P O BOX 8000,BRADFORD,PA,16701,1128a1,20070719,,,
,,,JEROLD R FORD CHIROPRACTIC,CHIROPRACTIC PRACT,,,,"1208 FLOY, STE D11",MODESTO,CA,95350,1128b8,19990520,,,
,,,JERRY'S PHARMACY,PHARMACY,,,,404 N MAIN STREET,ELOY,AZ,85231,1128b8,19930802,,,
,,,"JESS E JEN PHARMACY, INC",PHARMACY,,,,"C/O P O BOX 10, #01220-192",LISBON,OH,44432,1128b4,20080120,,,
,,,JEUNEDERM COSMETIC SURGERY CEN,PHYSICIAN PRACTICE (,PLASTIC SURGERY,,,"43195 MISSION BLVD, STE B-1431",FREMONT,CA,94539,1128b8,20141218,,,
,,,JEWISH MEMORIAL HOSPITAL,HOSPITAL,,,,BROADWAY AND 196TH ST,NEW YORK,NY,10040,1160,19830705,,,
,,,"JIM JIM RENTALS, INC",OTHER BUSINESS,TRANSPORTATION CO,,,404 AVONDALE DRIVE,SHIRLEY,NY,11967,1128a1,20260920,,,
,,,"JJ PHARMACY, INC",OTHER BUSINESS,PHARMACY,1750661914,,728 RED LION ROAD,PHILADELPHIA,PA,19115,1128b7,20230728,,,
,,,"JL WEBB DME, LLC",DME COMPANY,DME - GENERAL,1063414571,,"330 31 W BY-PASS, SUITE 401",BOWLING GREEN,KY,42101,1128Aa,20260619,,,
,,,"JLO DIAGNOSTIC OF MIAMI, INC",CLINIC,,,,"C/O 3900 N W 79 AVE, #511",MIAMI,FL,33166,1128a1,19990617,,,
,,,JMD COUNSELING & OUTREACH CENT,OTHER BUSINESS,COUNSELING CENTER,1760881106,,4332 STACEY AVENUE,LAS VEGAS,NV,89108,1128a1,20171120,,,
,,,JOBECA SERVICES INC,OTHER BUSINESS,CLINIC,1982401576,,"2699 STIRLING ROAD, STE C306A",DAVIE,FL,33312,1128b7,20260815,,,
,,,JOERGENS' CHIROPRACTIC CTR,CHIROPRACTIC PRACT,,,,C/O 7481 AMBOY ROAD,STATEN ISLAND,NY,10307,1128b8,19960213,,,
,,,"JOHN A GIDDINGS, M D, INC",CLINIC,,,,"931 BUENA VISTA ST, #101",DUARTE,CA,91010,1128b8,20040819,,,
,,,"JOHN F HILDEBRANDT, MD, PC",CLINIC,,,,330 LOVELL ST,IONIA,MI,48846,1128b8,20070719,,,
,,,"JOHN J MERENDINO, SR, MD, PA","MEDICAL PRACTICE, MD",,,,C/O 4701 RANDOLPH RD,ROCKVILLE,MD,20852,1128b7,19980219,,,
,,,"JOHN MICHKOVITS, D D S, P C",DENTAL PRACTICE,,,,550 WILLIAMS STREET,SOUTH HAVEN,MI,49090,1128a1,19990617,,,
,,,"JOHN R MINARCIK,MD, SC",MEDICAL GROUP,,,,8136 KEDVALE AVE,SKOSIE,IL,60076,1128b8,20030919,,,
,,,"JOHN R MROZEK, MD, PC","MEDICAL PRACTICE, MD",,,,955 E COLORADO AVE,COLORADO SPNGS,CO,80903,1128a1,19980120,,,
,,,"JOHN R WHITE DRUGS, INC",PHARMACY,,,,1226 FORT BRAGG ROAD,FAYETTEVILLE,NC,28305,1128a1,19950814,,,
,,,"JOHN'S MINI-BUS SERVICE, INC",OTHER BUSINESS,TRANSPORTATION CO,,,148-14 LIBERTY AVENUE,JAMAICA,NY,11435,1128a1,19870302,,,
,,,JOHN'S PHARMACY,PHARMACY,,,,36 ELM STREET,MANCHESTER,NH,03103,1128a1,19881121,,,
,,,"JOHNSON MEDICAL GROUP, PLLC",PHYSICIAN PRACTICE (,FAMILY PRACTICE,1710261771,,"1012 CAMPBELL RD, A",HOUSTON,TX,77055,1128b7,20210527,,,
,,,"JOHNSON MEDICAL, INC",DME COMPANY,DME - GENERAL,,,11403 BLUEGRASS PARKWAY,LOUISVILLE,KY,40299,1128a1,19950706,,,
,,,JOHNSON'S PHARMACY,PHARMACY,,,,2225 NORTH SCHOOL ST,HONOLULU,HI,96819,1128b8,19981220,,,
,,,"JOMA DIAGNOSTIC, CORP",LABORATORY,,,,C/O 6135 N W 186TH ST,MIAMI,FL,33015,1128b8,20000119,,,
,,,"JOMADRIENNE, INC",PHARMACY,,,,73-16 13TH AVE,BROOKLYN,NY,11218,1128a1,19971005,,,
,,,"JON COLBERT, INC",DME COMPANY,DME - GENERAL,,,95 SYLVAN TRAIL,MONROE,NY,10950,1128b8,20000420,,,
,,,JONATHAN FAMILY CHIROPRACTIC,CHIROPRACTIC PRACT,,,,"711 W LAKE ST, #202",MINNEAPOLIS,MN,55408,1128b8,20051220,,,
,,,JONES FAMILY CHIROPRACTIC,CHIROPRACTIC PRACT,,,,"3393 CHEROKEE ST, N W",KENNESAW,GA,30144,1128b8,19980720,,,
,,,JONESVILLE FAMILY COUNSELING,COUNSELING CENTER,,,,308 NASIF STREET,JONESVILLE,LA,71343,1128b5,20060220,,,
,,,JORDAN CLINIC,CLINIC,,,,1627 MILLS B LANE,SAVANNAH,GA,31405,1128b8,19970130,,,
,,,JORDAN CLINICAL LABORATORY,LABORATORY,,,,27701 DEQUINDRE,MADISON HGTS,MI,48071,1128a1,19861105,,,
,,,JORMER SPECIALTY CORPORATION,DME COMPANY,DME - DIETARY SUPPLI,,,"C/O 9181 FOUNTAINBLEAU, #",MIAMI,FL,33172,1128b8,19980219,,,
,,,"JOSE MARTI HOME HEALTH, INC",HOME HEALTH AGENCY,,,,"2390 N W 7 ST, #208",MIAMI,FL,33125,1128b7,19991115,,,
,,,JOSEPH E COBBS CHIROPRATCIC,CHIROPRACTIC PRACT,,,,4861 CONVOY ST,SAN DIEGO,CA,92111,1128b8,20030820,,,
,,,JOSEPH HAECKEL CHIROPRACTIC,CHIROPRACTIC PRACT,,,,752 1ST STREET,GILROY,CA,95020,1128b8,19990720,,,
,,,"JOSEPH N STAN, D D S, INC",DENTAL PRACTICE,,,,"8500 WILSHIRE BLVD, #505",BEVERLY HILLS,CA,90211,1128b8,20001220,,,
,,,"JOSEPH Y NG, DMD, PC",DENTAL PRACTICE,,,,"180 LINCOLN ST, STE 2A",BOSTON,MA,02111,1128a1,20090219,,,
,,,"JOY BEHAVIORAL HEALTH, LLC",OTHER BUSINESS,COMM MNTL HLTH CNTR,1114587813,,"7040 LAREDO ST, SUITE E",LAS VEGAS,NV,89117,1128a1,20240418,,,
,,,"JR MICK, INC",PHARMACY,,,,"C/O P O BOX 7450, #000380766B",TRENTON,NJ,08625,1128a1,20041220,,,
,,,"JRL HEALTH ASSOCIATES, LTD",HOME HEALTH AGENCY,,,,C/O 479 INNES RD,WOOD RIDGE,NJ,07075,1128a1,20001019,,,
,,,JS ATLANTIC DENTAL PC,OTHER BUSINESS,DENTAL PRACTICE,1851427199,,1707 AVENUE P,BROOKLYN,NY,11229,1128a1,20200820,,,
,,,"JSH HOME HEALTH CARE, INC",HOME HEALTH AGENCY,,,,"7171 CORAL WAY, STE 400",MIAMI,FL,33155,1128b8,20010820,,,
,,,"JUAN A. MEDINA MEDICAL OFFICE,",PHYSICIAN PRACTICE (,GENERAL PRACTICE,1477868032,,32 SAMPSON AVENUE,ISLANDIA,NY,11749,1128b8,20190620,,,
,,,JUBILEE MEDICAL TRANSPORTATION,TRANSPORTATION CO,,1003960204,,1320 E 112TH STREET,CLEVELAND,OH,44106,1128b8,20100420,,,
,,,"JULES HARVEY SHOES, INC",DME COMPANY,DME - GENERAL,,,135 ORCHARD STREET,NEW YORK,NY,10013,1128a1,19920202,,,
,,,"JULIE ROBERTS, L L C",BILLING SERVICE CO,,,,C/O 1655 INGRAM HILL RD,SPRINGFILED,MO,65804,1128b8,20000920,,,
,,,JUST MEDICAL EQUIPMENT & SERVI,DME COMPANY,DME - GENERAL,,,"7370 N W 36TH ST, #220H",MIAMI,FL,33166,1128b8,20040720,,,
,,,JUST RITE DRUGS,PHARMACY,,,,1810 CUMBERLAND,MIDDLEBORO,KY,40965,1128b8,19940810,,,
,,,JUSTIN MEDICAL,DME COMPANY,DME - GENERAL,,,4528 STATE ROUTE 850,BIDWELL,OH,45614,1128b7,20060407,,,
,,,"K & C MEDICAL SUPPLY CO, INC",DME COMPANY,DME - GENERAL,,,160 CORPORATE WOODS CT,ST LOUIS,MO,63044,1128b7,20010430,,,
,,,"K & F SERVICES, CORP",DME COMPANY,DME - GENERAL,,,C/O 409 SARAH WOOD DR,RED LION,PA,17356,1128b8,20041220,,,
,,,K & G MEDICAL SUPPLY,DME COMPANY,DME - GENERAL,,,P O BOX 10454,GLENDALE,CA,91209,1128b8,20020820,,,
,,,"K & R TRANSPORTATION, INC",OTHER BUSINESS,TRANSPORTATION CO,1477610764,,12909 WOODSIDE AVE,CLEVELAND,OH,44108,1128b8,20120119,,,
,,,K & S MEDICAL SUPPLIES,DME COMPANY,,,,"ROUTE 7, BOX 720",MT PLEASANT,TX,75455,1128b8,19980120,,,
,,,K E S MEDICAL SUPPLIES CORP,DME COMPANY,DME - GENERAL,,,C/O 11055 N W 59TH COURT,HIALEAH,FL,33012,1128b8,20050720,,,
,,,"KADISHA, INC",RADIOLOGY FACILITY,,,,92 PEABODY PLACE,NEWARK,NJ,07104,1128b5,19981119,,,
,,,KAE'S CUBE OF LIFE LLC,OTHER BUSINESS,COUNSELING CENTER,1447766670,,C/O BENSON COOKS,LAS VEGAS,NV,89121,1128a1,20260120,,,
,,,"KAI HEART, INC",OTHER BUSINESS,HOME HEALTH AGENCY,,,"1720 REGAL ROW, STE 235",DALLAS,TX,75235,BRCH SA,20140613,,,
,,,KALAMAZOO FOOTCARE SPECIALISTS,PODIATRY PRACTICE,,,,515 HOWARD STREET,KALAMAZOO,MI,49008,1128b1,19970410,,,
,,,KARE'S HOME HEALTH,HOME HEALTH AGENCY,,,,4785 ANTELOPE DR,BAR NUNN,WY,82601,1128b8,20071018,,,
,,,KARE-MORE HOME HEALTH SERVICES,HOME HEALTH AGENCY,,,,5030 AGNES AVENUE,KANSAS CITY,MO,64130,1128b5,20081120,,,
,,,"KARIL HEALTH CARE, INC",DME COMPANY,DME - DIETARY SUPPLI,,,"P O BOX 019129, FED DETEN",MIAMI,FL,33101,1128b8,19960215,,,
,,,KAST ORTHOTICS AND PROSTHETICS,DME COMPANY,,,,825 CLEARWATER-LARGO RD,LARGO,FL,33770,1128Aa,20090211,,,
,,,KAYE SURGICAL APPLIANCE,DME COMPANY,,,,11 WASHINGTON AVENUE,MIAMI BEACH,FL,33139,1128a1,19840510,,,
,,,"KEEGAN ENTERPRISES, LLC",OTHER BUSINESS,TRANSPORTATION CO,1235339300,,4 CORINTHIA COURT,DUDLEY,MA,01571,1128a1,20141218,,,
,,,KEENAN CHIROPRACTIC,CHIROPRACTIC PRACT,,,,718 LERAY STREET,WATERTOWN,NY,13601,1128b8,20090120,,,
,,,"KEITH R OHANESIAN, D C",CLINIC,,,,13600 VENTURA BLVD,SHERMAN OAKS,CA,91423,1128b8,20040819,,,
,,,"KELLER MEDICAL SERVICE, INC",TRANSPORTATION CO,,,,"P O BOX 7000, FCI",FORREST CITY,AR,72336,1128a1,20020718,,,
,,,"KELLY KARE, LTD",HOME HEALTH AGENCY,,,,121 VILLA STREET,MOUNT VERNON,NY,10552,1128a1,19940301,,,
,,,KELLY MEDICAL GROUP,MEDICAL GROUP,,,,"1282 STABLER LANE, STE 630",YUBA CITY,CA,95993,1128a1,20110119,,,
,,,KENDALL BEHAVIORAL HEALTHCARE,MENTAL HEALTH FAC,,,,C/O P O BOX 1029,COLEMAN,FL,33521,1128b8,20030820,,,
,,,"KENDALL MED HOME, INC",DME COMPANY,,,,"19901 N W, 86 COURT",MIAMI,FL,33015,1128Aa,19970814,,,
,,,"KENDALL PHYSICAL THERAPHY CTR,",CLINIC,,,,"13500 S W 88TH ST, 277",MIAMI,FL,33186,1128b8,20030820,,,
,,,"KENI PHARMACY, INC",OTHER BUSINESS,PHARMACY,,,"13911 SW 42ND ST, STE 208",MIAMI,FL,33175,1128b4,20120119,,,
,,,KENSON NURSING HOME,SKILLED NURSING FAC,,,,2922 ARUNAH AVENUE,BALTIMORE,MD,21216,1128a1,19880523,,,
,,,"KENT W POLLOCK, D C, A CHIROPR",CHIROPRACTIC PRACT,,,,1108 VIA PALMERO,NEWBURY PARK,CA,91320,1128b8,20100420,,,
,,,KENTUCKY CONVALESCENT SUPPLY,DME COMPANY,DME - GENERAL,,,1808 LOCKBOURNE DRIVE,CINCINNATI,OH,45240,1128a1,19960806,,,
,,,"KEY MANAGEMENT, INC",CLINIC,,,,"2800 19TH AVE, #2",GULFPORT,MS,39501,1128a1,19950103,,,
,,,KEYSTONE MEDICAL PROPERTIES IN,DME COMPANY,DME - UROLOGICAL SUP,,,C/O 27 VALLEY ESTATE DRIV,LITTLE ROCK,AR,72212,1128b8,19961211,,,
,,,KEYSTONE MEDICAL TRANSPORT,AMBULANCE COMPANY,,,,710 EAST CRAWFORD AVENUE,CONNELLSVILLE,PA,15425,1128a1,19890502,,,
,,,KICKAPOO HEALTH CARE CLINIC,OSTEOPATHIC PRAC,,,,3648 S CAMPBELL,SPRINGFIELD,MO,65807,1128a1,19910123,,,
,,,"KIDNEY KARE OF LAPLACE, INC",DME COMPANY,,,,"19 W AIRLINE HWY, #15",LAPLACE,LA,70068,1128Aa,19881018,,,
,,,"KIDS CHARIOT, INC",TRANSPORTATION CO,,,,4705 BUCKAROO DRIVE,COLORADO SPRNGS,CO,80918,1128a1,20000620,,,
,,,"KIDS HEALTH SERVICES, INC",OPTICAL PRACTICE,,,,6216 N W 125TH AVE,CORAL SPRINGS,FL,33076,1128a1,20040420,,,
,,,"KIMBERLY HOME HEALTH CARE, INC",HOME HEALTH AGENCY,,,,175 BROAD HOLLOW RD,MELVILLE,NY,11747,1128b7,19990719,,,
,,,KING CHIROPRACTIC,CHIROPRACTIC PRACT,,,,212 W SUPERSTITION BLVD,APACHE JUNCTION,AZ,85220,1128b8,19990520,,,
,,,KINREY MEDICINE SUPPLIES CORP,OTHER BUSINESS,PHARMACY,,,"1916 81ST STREET, APT 1",EAST ELMHURST,NY,11370,1128a1,20180419,,,
,,,"KIRPA, LLC",PHYSICIAN PRACTICE (,INTERNAL MEDICINE,1891747051,,9326 OLIVE BLVD,SAINT LOUIS,MO,63132,1128a1,20140120,,,
,,,KIRTLEY EXTRA CARE INC,DME COMPANY,DME - UROLOGICAL SUP,,,C/O 27 VALLEY ESTATE DRIV,LITTLE ROCK,AR,72212,1128b8,19961211,,,
,,,KISKI VALLEY CLINICAL LAB,LABORATORY,,,,306 CLAY AVENUE,JEANNETTE,PA,15644,1128a1,19890621,,,
,,,KJS TRAVELING SHOE CORP,DME COMPANY,,,,49 LAWTON STREET,NEW ROCHELLE,NY,10804,1128b8,19870603,,,
,,,KLEIN PHARMACY,PHARMACY,,,,17 HAMILTON CIRCLE,PHILADELPHIA,PA,19130,1128a1,19890302,,,
,,,KNIGHT'S PHARMACY *,PHARMACY,,,,4589 N HIGH STREET,COLUMBUS,OH,43214,1128a1,19850110,,,
,,,"KNJ GROUP, INC",MANAGEMENT SVCS CO,,,,P O BOX 8692,CALABASA,CA,91372,1128b8,20050420,,,
,,,KNOXVILLE MEDICAL MGMT GROUP,"MEDICAL PRACTICE, MD",,,,8861 KINGSTON PIKE,KNOXVILLE,TN,37923,1128b8,20010320,,,
,,,"KOBIL MEDICAL SUPPLIES, INC.",DME COMPANY,DME - GENERAL,1356561906,,820 E SHAMROCK ST,RIALTO,CA,92376,1128b8,20110920,,,
,,,"KOMAL PHARMACY, INC",PHARMACY,,,,730 CONEY ISLAND AVE,BROOKLYN,NY,11218,1128b5,19971006,,,
,,,KONANIAH MEDICAL EQUIPMENT & S,DME COMPANY,DME - GENERAL,1164891925,,2304 OAK LANE,GRAND PRAIRIE,TX,75051,1128Aa,20260622,,,
,,,KONINGH CHIROPRACTIC,CHIROPRACTIC PRACT,,,,"3919 WESTERLY PL, STE#101",NEW PORT BEACH,CA,92660,1128b8,20041020,,,
,,,KONZA FAMILY HEALTH CENTER,CHIROPRACTIC PRACT,,,,426 HOUSTON ST,MANHATTAN,KS,66502,1128b8,20011120,,,
,,,"KPMD, INC",OTHER BUSINESS,COMPUTER RELATED,,,"6363 US HIGHWAY, 50 E",CARSON CITY,NV,89701,1128a1,20211220,,,
,,,"KRAYE CARE, INC",DME COMPANY,DME - GENERAL,,,C/O P O BOX 7000,TEXARKANA,TX,75505,1128b8,19990520,,,
,,,"KRISON MEDICAL EQUIP, INC",DME COMPANY,,,,"3750 W 16TH AVE, STE 1420",HIALEAH,FL,33012,1128b8,20000620,,,
,,,"KRISTA DISCOUNT PHARMACY, INC",PHARMACY,,,,5989 S W 8TH STREET,MIAMI,FL,33144,1128b8,20030619,,,
,,,"KRIZIA'S ADULT CARE HOME, L L",ADULT HOME,,,,8407 N 51ST DRIVE,GLENDALE,AZ,85302,1128b8,20110420,,,
,,,"KUBSKI & KUBSKI, M D, P A",MEDICAL GROUP,,,,"2001 PALM BEACH LAKES BLVD, #5",WEST PALM BEACH,FL,33409,1128b8,20040819,,,
,,,"KUSH FAMILY PAIN CARE, CLINIC",CLINIC,,,,"101 N LA BREA AVE, 300",INGLEWOOD,CA,90301,1128b8,20020320,,,
,,,KUSKOKWIM INN,ADULT HOME,,,,751 3RD AVENUE,BETHEL,AK,99559,1128a1,19951010,,,
,,,KYLE DRUG STORE,PHARMACY,,,,206 HIGHWAY 81 NORTH,KYLE,TX,78640,1128a1,19900305,,,
,,,L & M HEALTH CARE AND MGMT INC,DME COMPANY,DME - DIETARY SUPPLI,,,"P O BOX 019129, FED DETEN",MIAMI,FL,33101,1128b8,19960215,,,
,,,L & M MEDICAL ASSOCIATES,DME COMPANY,DME - GENERAL,,,5301 DARLINGTON ROAD,PITTSBURGH,PA,15217,1128b8,19870602,,,
,,,"L & R SHOE, INC.",DME COMPANY,DME - ORTHOTICS,,,953 KINGS HIGHWAY,BROOKLYN,NY,11223,1128b8,19900528,,,
,,,L & R TRANSPORTATION,TRANSPORTATION CO,,,,19386 HULL,DETROIT,MI,48203,1128a1,19960704,,,
,,,L & Z CORPORATION,TRANSPORTATION CO,,,,C/O 6 PLEASANT VALLEY WAY,W ORANGE,NJ,08052,1128a1,20030619,,,
,,,L & Z TRANSPORTATION,TRANSPORTATION CO,,,,"C/O 37 YORK DRIVE, #4A",EDISON,NJ,08817,1128b5,19990120,,,
,,,"L AND L INVESTMENTS, LLC",OTHER BUSINESS,COMM MNTL HLTH CNTR,,,3498 E TERRACE AVENUE,GILBERT,AZ,85234,1128a1,20250619,,,
,,,"L B M & ASSOCIATES, CORP",DRUG COMPANY/SUPLIER,,,,950 N W 123RD COURT,MIAMI,FL,33182,1128b8,20020919,,,
,,,"L G M D INVESTMENT CO, LTD",MANAGEMENT SVCS CO,,,,1800 S W 27TH ST,MIAMI,FL,33145,1128b8,20020718,,,
,,,"L K RATHI MD, INC","MEDICAL PRACTICE, MD",,,,67 MULBERRY ST,SPRINGFIELD,MA,11051,1128a1,19980720,,,
,,,L T INDUSTRIES INC,INTER CARE FACILITY,,,,3755 CORLEY,BEAUMONT,TX,77701,1128a1,19880731,,,
,,,"L5 MEDICAL HOLDINGS, LLC",OTHER BUSINESS,SUBSTANCE ABUSE REHA,1336491877,,"10 RESOLUTE LN, STE 200",MOUNT PLEASANT,SC,29464,1128a1,20260420,,,
,,,LA COVADONGA MEDICAL CENTER,CLINIC,,,,"1704 N W 7TH ST, STE 103",MIAMI,FL,33125,1128b8,20010620,,,
,,,"LA FAMILIA PHARMACY III, INC",PHARMACY,,,,9981 SW 20TH ST,MIAMI,FL,33156,1128b4,20061019,,,
,,,"LA FAMILIA PHARMACY IV, INC",PHARMACY,,,,"1525 NW 3RD ST, STE 14",DEERFIELD BEACH,FL,33442,1128b4,20061019,,,
,,,"LA FUENTE OCULAR PROSTHETICS,",DME COMPANY,DME - PROSTHETICS,1811194368,,1116 N ROBINSON AVENUE,OKLAHOMA CITY,OK,73103,BRCH SA,20180821,,,
,,,"LA FUENTE OCULAR PROSTHETICS,",DME COMPANY,DME - PROSTHETICS,1639577885,,229 NW 9TH STREET,OKLAHOMA CITY,OK,73102,BRCH CIA,20180914,,,
,,,"LA LUNETTERIE, LLC",PRIVATE CIT/ENTITY,,,,C/O 17A HAROLD AVE,GREENWICH,CT,06830,1128b4,20080320,,,
,,,"LA MEDICAL GROUP, INC",PHYSICIAN PRACTICE (,GENERAL PRACTICE,1831493550,,4428 CONLIN STREET,METAIRIE,LA,70006,1128a1,20140220,,,
,,,"LA MESA MEDICAL ASSOC, INC",CLINIC,,,,"8851 CENTER DR, STE 404",LA MESA,CA,91942,1128b8,20020718,,,
,,,"LAB I, INC.",LABORATORY,,,,250 S CHESTNUT ST,RAVENNA,OH,44266,1128a1,19981119,,,
,,,LABORATORIO CLINICO SAN JUAN I,OTHER BUSINESS,CLINIC,1255665261,,C-16 LIRIO,DORADO,PR,00646,1128a1,20250619,,,
,,,LABORATORY MANAGEMENT SERVICES,LABORATORY,,,,720 MAIDEN CHOICE LANE,CATONSVILLE,MD,21228,1128a1,19890704,,,
,,,"LABTECH DIAGNOSTIC, LLC",OTHER BUSINESS,LABORATORY,1386915700,,1502 E GREENVILLE ROAD,ANDERSON,SC,29621,1128b7,20251219,,,
,,,"LABTOX, LLC",OTHER BUSINESS,LABORATORY,1235576398,,"2716 OLD ROSEBUD ROAD, STE 280",LEXINGTON,KY,40509,1128b7,20240202,,,
,,,LADD MANAGEMENT CORPORATION,DOCTOR OWNED ENTITY,,,,6363 W 110TH ST,LEAWOOD,KS,66211,1128b8,20050320,,,
,,,"LAFAYETTE AMBULANCE SVC, INC",AMBULANCE COMPANY,,,,4817 MURCHINSON ROAD,FAYETTEVILLE,NC,28301,1128a1,19910829,,,
,,,"LAFFERTY ENTERPRISES, INC",OTHER BUSINESS,AMBULANCE COMPANY,1558356444,,C/O PAUL ALLEN LAFFERTY,PRESTONSBURG,KY,41653,BRCH SA,20241106,,,
,,,LAKE GEORGE MENTAL HEALTH,MENTAL HEALTH FAC,,,,C/O FEDERAL PRISON CAMP,MARION,IL,62957,1128a1,19880831,,,
,,,"LAKE PLACID DRUGS, INC",PHARMACY,,,,33 MAIN STREET,LAKE PLACID,NY,12946,1128a1,19880808,,,
,,,LAKE TAHOE EYECARE,OPTOMETRIC PRACTICE,,,,"276 KINGSBURY, STE 101",STATELINE,NV,89449,1128b8,20000420,,,
,,,LAKESHORE DIAGNOSTIC ULTRASOUN,OTHER BUSINESS,LABORATORY-IDTF,1598746919,,1003 WOODSIDE AVENUE,ESSEXVILLE,MI,48732,1128b7,20191108,,,
,,,"LAKESHORE SPINE & PAIN, P C",OTHER BUSINESS,PHYS THERAPY PROVIDE,1699043299,,5511 W US HIGHWAY 10,LUDINGTON,MI,49431,1128b7,20130621,,,
,,,LAKEWOOD COUNSELING CENTER,PSYCHOLOGIC PRACTICE,,,,"5150 CANDLEWOOD STREET, #",LAKEWOOD,CA,90712,1128b8,19910424,,,
,,,LAMAR'S PHARMACY,PHARMACY,,,,1212 CIRCLEVIEW,DOTHAN,AL,36301,1128b3,19880930,,,
,,,LAMB CHIROPRACTIC,CHIROPRACTIC PRACT,,,,420 MORRIS STREET,SEBASTOPOL,CA,95472,1128b8,19990520,,,
,,,"LAMB HEALTHCARE, INC",CHIROPRACTIC PRACT,,,,4720 GREAT NORTHERN BLVD,N OLMSTEAD,OH,44070,1128b8,20041020,,,
,,,LANCER MEDICAL INC,DME COMPANY,DME - UROLOGICAL SUP,,,C/O 27 VALLEY ESTATE DRIV,LITTLE ROCK,AR,72212,1128b8,19961211,,,
,,,"LANCER MEDICAL, INC",BILLING SERVICE CO,,,,"2 BALA PLAZA, STE 300",BALA CYNWYD,PA,19004,1128b7,20010430,,,
,,,LANDMARK DENTAL,OTHER BUSINESS,DENTAL PRACTICE,1750516399,,267 CENTER STREET,WEST HAVEN,CT,06516,1128b7,20150306,,,
,,,"LANDMARK DIAGNOSTICS, LLC",OTHER BUSINESS,LABORATORY,1699172866,,"9350 KIRBY DRIVE, SUITE 150",HOUSTON,TX,77054,1128b7,20240507,,,
,,,"LARROBY CHEMISTS, INC",PHARMACY,,,,1667 RALPH AVE,BROOKLYN,NY,11236,1128b4,19981020,,,
,,,"LARRY L KOMPUS, M D, P C","MEDICAL PRACTICE, MD",,,,4166 STODDARD ROAD,ORCHARD LAKE,MI,48033,1128a1,19910325,,,
,,,"LARY PANE, P C",DENTAL PRACTICE,,,,101 BROADWAY,MELROSE PARK,IL,60160,1128a1,19860724,,,
,,,"LAUDON DRUG STORE, INC",PHARMACY,,,,121 E MAIN STREET,LUVERNE,MN,56156,1128b8,19930204,,,
,,,"LAUREL STREET PHARMACY, INC",PHARMACY,,,,C/O 65 CAMELOT DR,BEDFORD,NH,03110,1128a1,19990218,,,
,,,"LAWRENCE B IKEN, DPM, LLC",OTHER BUSINESS,PODIATRY PRACTICE,1487898615,,"14615 MANCHESTER RD, STE 101",MANCHESTER,MO,63011,1128a1,20150720,,,
,,,LAWRENCE CARE HOMES II,OTHER BUSINESS,ADULT HOME,,,5305 MEADOWS LILLY AVE,LAS VEGAS,NV,89108,1128b5,20140520,,,
,,,"LAWRENCE MEDICAL LABORATORY, L",OTHER BUSINESS,LAB - CLINICAL,1477094274,,395 W CUMMINGS PARK,WOBURN,MA,01801,1128a1,20230620,,,
,,,LAZARO DEJESUS JR DIAGNOSTIC,CLINIC,,,,"2100 CORAL WAY, SUITE 208",MIAMI,FL,33145,1128b8,19950509,,,
,,,"LAZARUS CARE, LLC",OTHER BUSINESS,ADULT HOME,,,9822 CODY WAY,STOCKTON,CA,95209,1128a2,20180820,,,
,,,LCM LIVERY P/U INC,OTHER BUSINESS,TRANSPORTATION CO,1316440969,,"1466 BEACH AVENUE, APT 12A",BRONX,NY,10460,1128a1,20231019,,,
,,,"LE BELLE MENTE, INC",COUNSELING CENTER,,,,C/O 7424 WYOMING ST,OMAHA,NE,68122,1128b8,20100218,,,
,,,LE JUVENT,REHAB FACILITY - GEN,,,,"6040 N W 81ST AVE, #126",PEMBROKE PINES,FL,33024,1128b4,20040420,,,
,,,LEADER HEALTH CARE CORP,DME COMPANY,DME - DIETARY SUPPLI,,,"2050 W 56TH ST, # 32-288",HIALEAH,FL,33016,1128b8,19990720,,,
,,,"LEE KADOSA, MD, PA",MEDICAL GROUP,,,,C/O 15136 SPRINGVIEW ST,TAMPA,FL,33624,1128b8,20070520,,,
,,,LEE VERN HOME HEALTH SVC INC,HOME HEALTH AGENCY,,,,3000 MAYWOOD ST,ST LOUIS,MO,63121,1128b5,20020620,,,
,,,"LEE'S MAINCREST PHARMACY, INC",PHARMACY,,,,C/O 20 CUTLER ROAD,PAXTON,MA,01612,1128a1,19940301,,,
,,,"LEGCARE, INC",MEDICAL GROUP,,,,"C/O 3180 LA COSTA CIRCLE, #106",NAPLES,FL,34105,1128b8,20040720,,,
,,,LEHIGH VALLEY COMMUNITY MENTAL,OTHER BUSINESS,COMM MNTL HLTH CNTR,1407996424,,266 NORTHAMPTON STREET,EASTON,PA,18042,1128b7,20181016,,,
,,,LEHIGH VALLEY COMMUNITY MENTAL,OTHER BUSINESS,COMM MNTL HLTH CNTR,1891836078,,"210 N 6TH STREET, #214",ALLENTOWN,PA,18102,1128b7,20181016,,,
,,,LEHIGH VALLEY COMMUNITY MENTAL,OTHER BUSINESS,COMM MNTL HLTH CNTR,1336451087,,530 N 7TH STREET,ALLENTOWN,PA,18102,1128b7,20181016,,,
,,,LEHIGH VALLEY COMMUNITY MENTAL,OTHER BUSINESS,COMM MNTL HLTH CNTR,1538209564,,530 RIDGE AVENUE,ALLENTOWN,PA,18015,1128b7,20181016,,,
,,,LEHIGH VALLEY COMMUNITY MENTAL,OTHER BUSINESS,COMM MNTL HLTH CNTR,1871797167,,865 E 4TH STREET,BETHLEHEM,PA,18015,1128b7,20181016,,,
,,,LEISURE LIVING MANAGEMENT OF L,SKILLED NURSING FAC,,,,11571 E FULTON,LOWELL,MI,49331,1128a2,20040819,,,
,,,LEITO AND ASSOCIATES,OTHER BUSINESS,PHARMACY,,,4150 NW 7TH ST STE 102,MIAMI - DADE COUNTY,FL,33126,1128b4,20110818,,,
,,,LEJEUNE HEALTH PROFESSIONALS,CLINIC,,,,115 S W 42ND AVE,MIAMI,FL,33126,1128b8,19980120,,,
,,,LEON SCD UNLIMITED,DME COMPANY,,,,1071 E LANDIS AVE,VINELAND,NJ,08360,1128b7,19980205,,,
,,,"LEON WEATHERSBY, DC, A PROFESS",CHIROPRACTIC PRACT,,,,"886 W FOOTHILL BLVD, STE E",UPLAND,CA,91786,1128b8,20080120,,,
,,,"LEONARD WALKER, M D, P A",CLINIC,,,,161 S CAMELIA COURT,VERO BEACH,FL,32963,1128b8,20031218,,,
,,,LEVAN PHARMACY,PHARMACY,,,,15250 LEVAN ROAD,LIVONIA,MI,48154,1128b4,19900301,,,
,,,LEVON SOLAK DENTAL CORP,DENTAL PRACTICE,,,,525 S OLIVE STREET,LOS ANGELES,CA,90013,1128b8,20090319,,,
,,,LEWIS COMMUNITY HOME HEALTH,HOME HEALTH AGENCY,,,,"C/O BOX 8004, #06269-081",GOLDSBORO,NC,27533,1128b8,19980420,,,
,,,LEXINGTON PHARMACY,PHARMACY,,,,7620 SECOND AVENUE,DETROIT,MI,48202,1128b4,19910627,,,
,,,LEYDE ENTERPRISES INC,TRANSPORTATION CO,,,,PO BOX 2257 SHERIDAN PARK,BREMERTON,WA,98310,1128b6,19810807,,,
,,,"LGRB MANAGEMENT SERVICES, LLC",OTHER BUSINESS,MARKETING FIRM,,,17115 SAN PEDRO AVENUE,SAN ANTONIO,TX,78232,1128b7,20250527,,,
,,,LIBERTY CONVALESCENT TRANSPORT,TRANSPORTATION CO,,,,614 SANDY RUN DRIVE,HINESVILLE,GA,31313,1128b8,19940426,,,
,,,LIBERTY MEDICAL SERVICES,DME COMPANY,DME - GENERAL,,,3690 EAST BAY DR,LARGO,FL,33771,1128b7,20071115,,,
,,,"LIBRA MEDICAL, INC",DME COMPANY,DME - GENERAL,,,500 ORANGE AVE CIRCLE,BELLE GLADE,FL,33430,1128b8,20020718,,,
,,,"LIFE CENTERS, LTD",PSYCHOLOGIC PRACTICE,,,,623 E ALLEGHENY AVE,PHILADELPHIA,PA,19134,1128a1,19981020,,,
,,,"LIFE HEALTH CARE, INC",DME COMPANY,DME - DIETARY SUPPLI,,,18524 N W 67TH AVE,MIAMI LAKES,FL,33015,1128b8,19990720,,,
,,,"LIFE HEALTHCARE, INC",CHIROPRACTIC PRACT,,,,4720 GREAT NORTHERN BLVD,N OLMSTEAD,OH,44070,1128b8,20041020,,,
,,,"LIFE LABS PLUS, LLC",LABORATORY,,,,"P O BOX 779800, #12257-021",MIAMI,FL,33177,1128b8,20071120,,,
,,,LIFE LIGHT COUNSELING INC,OTHER BUSINESS,COUNSELING CENTER,1649343922,,317 W HAVENS AVE,MITCHELL,SD,57301,1128b8,20110818,,,
,,,LIFE SUPPORT CORPORATION,OTHER BUSINESS,AMBULANCE COMPANY,1659699049,,"C/O 555 GEO DRIVE, #71451-066",PHILIPSBURG,PA,16866,1128a1,20150920,,,
,,,"LIFE TOUCH, LLC",OTHER BUSINESS,SUBSTANCE ABUSE REHA,1487882205,,1879 HWY 258 N,KINSTON,NC,28504,1128a1,20260920,,,
,,,"LIFE, INC",TRANSPORTATION CO,,,,16333 S JUSTINE,MARKHAM,IL,60426,1128a1,19890710,,,
,,,"LIFE-LINE HEALTH CARE, INC",OTHER BUSINESS,HOME HEALTH AGENCY,1235360397,,"C/O 2301 IDAHO AVE, APT 421",KENNER,LA,70062,1128b5,20150820,,,
,,,LIFECHEM INC,LABORATORY,,,,95 HAYDEN AVE,LEXINGTON,MA,02420,1128a1,20000331,,,
,,,"LIFELINE HOME HEALTH SERVICES,",OTHER BUSINESS,HOME HEALTH AGENCY,1881770899,,12200 FAIRHILL ROAD,CLEVELAND,OH,44120,1128a1,20170920,,,
,,,"LIFELINE MEDICAL SUPPLY, INC",DME COMPANY,DME - GENERAL,1578139473,,"1915 NE 45TH STREET, SUITE 206",FORT LAUDERDALE,FL,33308,1128Aa,20260620,,,
,,,"LIFESSENTIALS COUNSELING, LLC",OTHER BUSINESS,PSYCHOLOGIC PRACTICE,1134455827,,"131 N LUDLOW STREET, SUITE 121",DAYTON,OH,45402,1128a1,20200920,,,
,,,"LIFESTART CLINIC, INC",MENTAL HEALTH FAC,,,,1356 UNION ST,SCHENECTADY,NY,12308,1128a1,20001120,,,
,,,LIFESTREAM HEALTHCARE ALLIANCE,OTHER BUSINESS,HOME HEALTH AGENCY,1679844161,,10 AUDUBON WAY,STURBRIDGE,MA,01566,1128a1,20200520,,,
,,,LIFT MEDICAL TRANSPORTATION,TRANSPORTATION CO,,,,855 BEECH HILL RD,CLEVELAND,OH,44143,1128b8,20070620,,,
,,,"LIGHTHOUSE SUPPORT SVCS, INC",COUNSELING CENTER,,,,130 OSBORN AVE,RIVERHEAD,NY,11901,1128b8,20000420,,,
,,,LIMIT MEDICAL SUPPLY,DME COMPANY,DME - GENERAL,,,"9241 E VALLEY BLVD, #102",ROSEMEAD,CA,91770,1128b5,20000920,,,
,,,"LINDSAY CLARK, M D, MEDICAL CO",PHYSICIAN PRACTICE (,GENERAL PRACTICE,,,"215 N SAN MATEO DR, STE 1",SAN MATEO,CA,94401,1128a3,20240820,,,
,,,LIPPENCOTT MEDICAL CENTER,CLINIC,,,,3125 N FRONT ST,PHILADELPHIA,PA,19133,1128a1,19850924,,,
,,,LITTLE BLESSING LEARNING CENTE,OTHER BUSINESS,SUBCONTRACTOR (NON-H,,,1531 S 28TH STREET,OMAHA,NE,68108,1128b1,20220119,,,
,,,LITTLE FIVE POINTS PHARMACY,PHARMACY,,,,"484 MORELAND AVE, N E",ATLANTA,GA,30307,1128b8,20021020,,,
,,,LIVERMORE CHIROPRACTIC & WELLN,CHIROPRACTIC PRACT,,,,"370 S LIVERMORE AVE, B",LIVERMORE,CA,94550,1128b8,20011018,,,
,,,"LIVING IN PEACE, INC",DME COMPANY,DME - GENERAL,,,21300 SW 236 STREET,HOMESTEAD,FL,33031,1128b7,19961122,,,
,,,LIVINGSTON PRESCRIPTION PHARM,PHARMACY,,,,18722 GRAND RIVER,DETROIT,MI,48233,1128b4,19900704,,,
,,,"LJ HOME HEALTH SERVICES, INC",HOME HEALTH AGENCY,,,,2534 HILLWOOD DR,MAPLEWOOD,MN,55119,1128b8,20020718,,,
,,,LLOYD GROUP LTD,PSYCHOLOGIC PRACTICE,,,,C/O 66 LAUREL LANE,MARLBOROUGH,CT,06447,1128b7,19981208,,,
,,,"LOD MEDICAL SERVICES, INC",DME COMPANY,,,,"C/O P O BOX 333, #M03062",RAIFORD,FL,32083,1128b8,19980618,,,
,,,LODATO'S PHARMACY,PHARMACY,,,,825 POND STREET,BRISTOL,PA,19007,1128a1,19840411,,,
,,,"LOLITA'S PHARMACY, INC",PHARMACY,,,,"C/O P O BOX 779800, NUM 70980-",MIAMI,FL,33177,1128b8,20070220,,,
,,,LONG BEACH AUDIOLOGICAL,PRIVATE CIT/ENTITY,,,,309 W PARK AVE,LONG BEACH,NY,11561,1128b8,19930527,,,
,,,"LONG TERM CARE PROVIDERS, INC",SKILLED NURSING FAC,,,,7405 MILL BRIDGE COURT,ST LOUIS,MO,63129,1128b7,20030726,,,
,,,LONGVIEW PROSTHETICS CENTER,"MEDICAL PRACTICE, MD",,,,"C/O 3150 HORTON RD, #0662",FORT WORTH,TX,76119,1128b8,19980420,,,
,,,LONGWOOD MASSAGE AND TANNING S,PRIVATE CIT/ENTITY,,,,420 STATE ROAD 434E,LONGWOOD,FL,32750,1128b4,20051120,,,
,,,"LONSDALE PHARMACY, INC.",PHARMACY,,,,7 GREENWOOD LANE,LINCOLN,RI,02865,1128a1,19900506,,,
,,,"LOOKHART DENTAL, LLC",OTHER BUSINESS,DENTAL PRACTICE,1003280991,,21890 MILE HI WAY,EAGLE RIVER,AK,99577,1128a1,20230620,,,
,,,LOS ANGELES DOCTORS HOSPITAL C,OTHER BUSINESS,HC CONGLOM - PARENT,,,2231 S WESTERN AVE,LOS ANGELES,CA,90018,1128a1,20120614,,,
,,,"LOS ANGELES HEALTH SERVICES, I",CLINIC,,,,11315 ATLANTIC AVENUE,LYNWOOD,CA,90262,1128a1,20050420,,,
,,,LOS ANGELES TREATMENT SERVICES,MENTAL HEALTH FAC,,,,11427 S AVALON BLVD,LOS ANGELES,CA,90061,1128a1,20050920,,,
,,,LOS DOCTORES MEDICAL & DIAGNOS,CLINIC,,,,C/O P O BOX 600,EGLIN AFB,FL,32542,1128b8,19991020,,,
,,,LOU'S PHARMACY,PHARMACY,,,,452 WOODHAVEN PLAZA,PHILADELPHIA,PA,19116,1128b3,19910502,,,
,,,"LOVE & LOYALTY, LLC",OTHER BUSINESS,MENTAL/BEHAVIORAL HE,1891273454,,6025 GUMSPRINGS STREET,NORTH LAS VEGAS,NV,89081,1128a1,20250420,,,
,,,LOVING HEARTS HOMECARE LLC,OTHER BUSINESS,PERSONAL CARE PROVID,1982006482,,440 MCKENZIE STREET,NEW ENGLAND,ND,58647,1128a2,20250619,,,
,,,LOW BACK PAIN CLINIC,CLINIC,,,,"2345 ERRINGER RD, STE 210",SIMI VALLEY,CA,93065,1128b8,20040420,,,
,,,"LOWERY DRUGS, INC",PHARMACY,,,,3951 QUEENS BLVD,SUNNYSIDE,NY,11104,1128b8,20040520,,,
,,,LRJ CORPORATION,DME COMPANY,DME - GENERAL,,,P O BOX 221,RENO,OH,45773,1128b7,20071030,,,
,,,LTC PERSONAL CARE HOME,HOME HEALTH AGENCY,,,,P O BOX 11251,JACKSON,MS,39283,1128b8,19931207,,,
,,,"LTC PHARMACY, INC",PHARMACY,,,,"110 E FIFTH ST, STE 2",MINONK,IL,61760,1128a1,20000928,,,
,,,"LTC PHARMACY, INC",PHARMACY,,,,"110 E FIFTH ST, STE 2",MINONK,IL,61760,1128b7,20000928,,,
,,,"LUCY'S OKYMETRY, INC",DME COMPANY,DME - GENERAL,,,21300 SW 236 STREET,HOMESTEAD,FL,33031,1128b7,19961122,,,
,,,LUGUILLO MEDICAL EQUIP CO,DME COMPANY,DME - GENERAL,,,CALLE 5 BL BRISAS DEL MAR,LUGUILLO,PR,00673,1128b8,19870330,,,
,,,LULA'S TRANSPORTATION,TRANSPORTATION CO,,,,132 LUCKETT STREET,WISNER,LA,71378,1128b8,19960606,,,
,,,LUND CHIROPRACTIC,CHIROPRACTIC PRACT,,,,4012 S GREEN OAKS BLVD,ARLINGTON,TX,76017,1128b8,20011220,,,
,,,"LUTHERAN HEALTHCARE, LLC",SKILLED NURSING FAC,,,,1265 MCLARAN AVENUE,ST LOUIS,MO,63147,1128b7,20051019,,,
,,,"LXE COUNSELING, LLC",OTHER BUSINESS,MENTAL/BEHAVIORAL HE,1932428208,,1410 S GIN ROAD,ATOKA,OK,74525,1128b7,20160720,,,
,,,"LYNWOOD BELL PHARMACY, INC",PHARMACY,,,,"9910 LONG BEACH BLVD, STE F",LYNWOOD,CA,90262,1128a1,20070820,,,
,,,"M & B TRANSPORTATION, INC",TRANSPORTATION CO,,,,5006 NORTH 76TH ST,MILWAUKEE,WI,53218,1128a1,19980618,,,
,,,"M & D FAMILY PHARMACY, INC",PHARMACY,,,,"61-35 98TH ST, APT 14M",REGO PARK,NY,11374,1128b8,20030820,,,
,,,"M & G HEALTH CARE, INC",HOME HEALTH AGENCY,,,,12115 S W BIRD RD,MIAMI,FL,33175,1128b8,20020220,,,
,,,M & G LIVERY & TRANSPORTATION,TRANSPORTATION CO,,,,"269 SHEFFIELD ST, STE 5-B",MOUNTAINSIDE,NJ,07092,1128b5,19991020,,,
,,,M & G LIVERY & TRANSPORTATION,TRANSPORTATION CO,,,,C/O 6 PLEASANT VALLEY WY,W ORANGE,NJ,08052,1128a1,20030619,,,
,,,"M & M MEDICAL TRANSPORT, INC",TRANSPORTATION CO,,,,3883 STATE ROAD,WILLIAMSON,NY,14589,1128a1,20090219,,,
,,,"M & R EQUIPMENT, INC",DME COMPANY,DME - GENERAL,,,"3408 S W 8TH ST, STE 205",MIAMI,FL,33135,1128b8,20020718,,,
,,,"M A S TRANSIT, INC",TRANSPORTATION CO,,,,P O BOX 638,COLUMBIA,LA,71418,1128a1,19950810,,,
,,,M C M MEDICAL EQUIPMENT & SUPP,DME COMPANY,DME - GENERAL,,,C/O 224 GAZELLE DR,FT MYERS,FL,33917,1128b8,20040720,,,
,,,"M E V ENTERPRISE, INC",MEDICAL GROUP,,,,6360 NORTH BAY RD,MIAMI BEACH,FL,33139,1128b8,20020718,,,
,,,"M V MEDICAL EQUIPMENT, INC",DME COMPANY,,,,10020 S W 33RD STREET,MIAMI,FL,33165,1128a4,19990202,,,
,,,M&A/ COMPREHENSIVE HEALTH CARE,OTHER BUSINESS,MANAGEMENT SVCS CO,,,1104 TEANECK RD,TEANECK,NJ,07666,1128b5,20251120,,,
,,,"M+CARE HEALTH SVCS, INC",DME COMPANY,,,,"16835 DEER CREEK DR, SUIT",SPRING,TX,77379,1128b8,19910325,,,
,,,"M-CFHC, INC",RURAL HEALTH CLINIC,,1184633455,,610 CORBIN DR,ENERGY,IL,62933,1128a1,20110720,,,
,,,"MA CONCORD, LLC",OTHER BUSINESS,DENTAL PRACTICE,,,C/O 8245 BEVERLY ROAD,KEW GARDENS,NY,11415,1128a1,20130418,,,
,,,"MACOMB PROFFESIONAL LAB, INC",LABORATORY,,,,2040 VERNIER ROAD,HARPER WOODS,MI,48225,1128a1,19880818,,,
,,,"MADE TO FIT MEDICAL SERVICE, I",DME COMPANY,DME - ORTHOTICS,,,8433 W OKEECHOBEE RD,HIALEAH GARDENS,FL,33016,1128b8,20050818,,,
,,,MAGALY BETHENCOURT MEDICAL SER,MEDICAL GROUP,,,,"7805 CORAL WAY, #114",MIAMI,FL,33155,1128b8,20060720,,,
,,,"MAGNOLIA DIAGNOSTICS, LLC",OTHER BUSINESS,LABORATORY,1922551399,,"4245 N CENTRAL EXPY, STE 420",DALLAS,TX,75206,1128b7,20260722,,,
,,,"MAGNOLIA HEALTH, LLC",OTHER BUSINESS,LABORATORY,,,5135 VANDERBILT AVENUE,DALLAS,TX,75206,1128b7,20260722,,,
,,,MAGNUS HEALTHCARESOLUTIONS COR,OTHER BUSINESS,COMM MNTL HLTH CNTR,1093571689,,C/O MARLON MILIAN TOSTE,MIAMI,FL,33147,1128b7,20260724,,,
,,,MAIN STREET DENTAL ASSOCIATES,DENTAL PRACTICE,,,,254 MAIN STREET,FARMINGTON,CT,06034,1128b8,20011218,,,
,,,"MAIN STREET DME, INC",DME COMPANY,DME - GENERAL,1689457772,,"2959 CHEROKEE STREET, SUITE 10",KENNESAW,GA,30144,1128Aa,20260628,,,
,,,"MAIN STREET TAXI, INC",TRANSPORTATION CO,,,,32 MANOMET BEACH BLVD,PLYMOUTH,MA,02360,1128a1,19921007,,,
,,,MAISON DE'VILLE NURSING HOME,OTHER BUSINESS,SKILLED NURSING FAC,1336291764,,107 SOUTH HOLLYWOOD ROAD,HOUMA,LA,70360,1128b4,20220220,,,
,,,MAISON DE'VILLE NURSING HOME O,OTHER BUSINESS,SKILLED NURSING FAC,1003968470,,2233 8TH STREET,HARVEY,LA,70058,1128b4,20220220,,,
,,,MAISON ORLEANS HEALTHCARE OF N,OTHER BUSINESS,SKILLED NURSING FAC,,,1420 GENERAL TAYLOR STREET,NEW ORLEANS,LA,70115,1128b4,20220220,,,
,,,"MAJOR MEDICAL, INC",DME COMPANY,DME - PROSTHETICS,,,1015 MONTLIMAR DRIVE,MOBILE,AL,36609,1128b8,19930803,,,
,,,MAK HEALTHCARE CONSULTING LLC,CONSULTING FIRM,,,,"917 TOULOUSE ST, UNIT 4",NEW ORLEANS,LA,70112,1128b8,20091220,,,
,,,"MALAY MEDICAL MANAGEMENT, INC",OTHER BUSINESS,CHIROPRACTIC PRACT,,,"2800 NORTH DALLAS PARKWAY, STE",PLANO,TX,75093,1128b7,20211210,,,
,,,"MALAYLA, INC",OTHER BUSINESS,COUNSELING CENTER,1326331992,,2327 SOAR DRIVE,SPARKS,NV,89441,1128a1,20161020,,,
,,,MAN SING CORPORATION,PHARMACY,,,,849 S HUDSON AVE,LOS ANGELES,CA,90005,1128b4,20081020,,,
,,,"MANAGED RISK SERVICES, INC.",HOME HEALTH AGENCY,,,,"4434 COLUMBIA RD, SUITE 1",MARTINEZ,GA,30907,1128a1,19960708,,,
,,,MANATEE MEDICAL PRODUCTS,DME COMPANY,,,,689 DELTONA BLVD,DELTONA,FL,32725,1128b7,19980624,,,
,,,"MANCEWICZ & WHITE, D D S, P C",DENTAL PRACTICE,,,,"2351 COUNTRYWOOD DR, S E",KENTWOOD,MI,49508,1128a1,20020620,,,
,,,MANCHESTER WHEELCHAIR TRANS,TRANSPORTATION CO,,,,73 STEWART STREET,MANCHESTER,NH,03102,1128a1,19930816,,,
,,,MANCINI PHARMACY INC,PHARMACY,,,,SKEET AND DIXONTOWN RDS,MEDFORD,NJ,08055,1128a1,19850701,,,
,,,MANDY'S STUDIO OF MASSAGE,PRIVATE CIT/ENTITY,,,,C/O 2586 CONWAY GARDENS RD,ORLANDO,FL,32806,1128b4,20040219,,,
,,,"MARATHON HEALTHCARE GROUP, LLC",OTHER BUSINESS,NURSING FIRM,,,99 EAST RIVER DRIVE,EAST HARTFORD,CT,06108,1128b5,20130520,,,
,,,"MARGULIS ENTERPRISES, INC",DME COMPANY,DME - POWER VEHICLES,,,2214-G GATEWAY DR,OPELIKA,AL,36801,1128a1,20060120,,,
,,,MARIETTA PSYCHIATRY ASSOC,MENTAL HEALTH FAC,,,,84 LACY STREET,MARIETTA,GA,30060,1128a1,19870713,,,
,,,MARINA CONVALESCENT HOSPITAL,SKILLED NURSING FAC,,,,5240 SEPULVEDA BOULEVARD,CULVER CITY,CA,00000,1128a2,19890125,,,
,,,MARIO MENA CORPORATION,BILLING SERVICE CO,,,,110 RABY AVE,PENSACOLA,FL,32509,1128b8,20030420,,,
,,,MARITIME HEALTH SERVICES OF TA,MEDICAL GROUP,,,,3207 TAMBAY AVENUE,TAMPA,FL,33611,1128b8,20050119,,,
,,,"MARK D SCHREIBER, MD, PA",CLINIC,,,,101 SE 27TH AVE,BOYNTON BEACH,FL,33435,1128b8,20070620,,,
,,,"MARK GERRY PLUCER, D O, P C",MEDICAL GROUP,,,,G-5377 CORUNNA RD,FLINT,MI,48532,1128a1,20030120,,,
,,,"MARK R HAKANSON, D D S, INC",DENTAL PRACTICE,,,,"638 W DUARTE RD, #9",ARCADIA,CA,91007,1128b8,20050420,,,
,,,"MARK S COLBURN, D D S, P C",DENTAL PRACTICE,,,,"1300 13TH ST, STE B",ST CLOUD,FL,34769,1128a1,19930708,,,
,,,"MARK T PASKEWITZ, M D, INC",CLINIC,,,,"5060 WHITSITT AVE, #6",VALLEY VILLAGE,CA,91607,1128b8,20101118,,,
,,,"MARK W IZARD, M D, P C",OTHER BUSINESS,CLINIC,1154554483,,"85 SEYMOUR ST, STE 901",HARTFORD,CT,06106,1128b7,20110531,,,
,,,"MARKAVA TRANSPORTATION CO, INC",TRANSPORTATION CO,,,,61 WILDER RD,SUFFERN,NY,10901,1128a1,20020718,,,
,,,MARKETING & MANAGEMENT SPECIAL,BILLING SERVICE CO,,,,"778 RAYS RD, STE 103",ATLANTA,GA,30083,1128b8,20000518,,,
,,,MARKSDALE DISCOUNT PHARMACY,PHARMACY,,,,120 HUMBOLDT AVE,DORCHESTER,MA,02121,1128a1,19930304,,,
,,,"MARSHALL G TASCMAN, MD, PA",MEDICAL GROUP,,,,1375 SE MACARTHUR BLVD,STUART,FL,34996,1128b8,20060620,,,
,,,MARSHALL NEWSOME ENTERPRISE,TRANSPORTATION CO,,,,1410 HWY 138,RIVERDALE,GA,30274,1128b8,20010419,,,
,,,MARTIN AND ASSOCIATES MEDICAL,CLINIC,,1568492460,,"321 E 3RD STREET, N",NEWTON,IA,50208,1128b8,20110720,,,
,,,"MARTINEZ PHARMACY DISCOUNT, IN",PHARMACY,,,,1901 W FLAGLER ST,MIAMI,FL,33135,1128b4,20030420,,,
,,,"MARTLAND ENTERPRISES, INC.",CLINIC,,,,C/O 1209 AGUILA AVE,CORAL GABLES,FL,33134,1128b8,19970803,,,
,,,"MARY HOPE CARE HOME, LLC",SKILLED NURSING FAC,,,,99 AIRPORT BLVD,FREEDOM,CA,95019,1128b8,20070520,,,
,,,"MASCOT TRANSPORTATION, INC",OTHER BUSINESS,TRANSPORTATION CO,,,C/O 35 SEDGEFIELD COURT,ROCHESTER,NY,14622,1128a1,20230620,,,
,,,MASON MEDICAL SUPPLY,DME COMPANY,DME - GENERAL,,,9735 MASON AVENUE,CHATSWORTH,CA,91311,1128b5,20000620,,,
,,,"MASSAGE FOR WELLNESS, LLC",CLINIC,,,,"763 ELDORADO BLVD, #2121",BROOMFIELD,CO,80021,1128b8,20090520,,,
,,,"MASSEY ANALYTICAL LABS, INC",LABORATORY,LAB - CLINICAL,,,2214 MAIN STREET,BRIDGEPORT,CT,06606,1128a1,19960813,,,
,,,MASTER MEDICAL EQUIPMENT INC,DME COMPANY,,,,"16835 DEER CREEK DR, SUIT",SPRING,TX,77379,1128b8,19910325,,,
,,,"MASTERS BILLING SERVICES, INC",OTHER BUSINESS,BILLING SERVICE CO,,,"809 CAMINITO FRANCISO, #5",CHULA VISTA,CA,91913,1128a1,20160519,,,
,,,MAT-SU ACTIVITY AND RESPITE CE,OTHER BUSINESS,MENTAL/BEHAVIORAL HE,1679603740,,"951 E BOGARD RD, STE 101",WASILLA,AK,99654,1128a1,20151020,,,
,,,"MATRIX BIOKINETICS, INC",DME COMPANY,DME - TENS,,,6741 W ALEXANDER,LAS VEGAS,NV,89108,1128a1,20001019,,,
,,,"MATTHEW OKEKE MD, LTD",PHYSICIAN PRACTICE (,GENERAL PRACTICE,1821378043,,2021 S JONES BOULEVARD,LAS VEGAS,NV,89146,1128a1,20230920,,,
,,,"MAX CLINIC SERVICES, INC",CLINIC,,,,"11338 S W 184TH ST, #22",MIAMI,FL,33157,1128b8,19980120,,,
,,,"MB GLOBUS, LLC",OTHER BUSINESS,DENTAL PRACTICE,,,165-10 JAMAICA AVENUE,JAMAICA,NY,11432,1128a1,20130418,,,
,,,"MCAN'S CITY LINK, INC",BILLING SERVICE CO,,,,"3290 MEMORIAL DR, #A-1",DECATUR,GA,30032,1128b8,19990720,,,
,,,MCCARTHY'S DRUG STORE,PHARMACY,,,,524 EAST MAIN ST,LITTLE FALLS,NY,13365,1128a1,19860813,,,
,,,MCGOVERN'S AMBULANCE SERVICE,AMBULANCE COMPANY,,,,C/O 2474 PELLAM BLVD,PORT CHARLOTTE,FL,33948,1128b7,20020416,,,
,,,"MCGOVERN'S AMBULANCE SERVICE,",AMBULANCE COMPANY,,,,2474 PELLAM BLVD,PORT CHARLOTTE,FL,33948,1128a1,20030820,,,
,,,"MEADOWREED, INC",COUNSELING CENTER,,,,P O BOX 671,MANZANITA,OR,97130,1128b8,20060220,,,
,,,"MED AMERICA DIAGNOSTICS, INC",CHIROPRACTIC PRACT,,,,"1900 SIMLER AVE, FCI#5797",BIG SPRING,TX,79720,1128b8,19960813,,,
,,,MED CARE RENTAL OF ALABAMA,DME COMPANY,DME - GENERAL,,,C/O 728 CAPTAIN MORTON DR,BRIERFIELD,AL,35035,1128b8,20030720,,,
,,,MED CARE RENTAL OF W ALABAMA,DME COMPANY,DME - GENERAL,,,728 CAPTAIN MORTON DR,BRIERFIELD,AL,35035,1128b8,20030720,,,
,,,MED EO DIAGNOSTIC INC,RADIOLOGY FACILITY,,,,C/O 6438 SW 23RD ST,MIAMI,FL,33155,1128b8,19970415,,,
,,,"MED LEGAL SOURCE, INC",DME COMPANY,,,,3 HARBOR ROAD,COLD SPRING HARBOR,NY,11724,1128b8,20091220,,,
,,,MED ONE MOBILE,OTHER BUSINESS,AMBULANCE COMPANY,1982076550,,4104 S STATE ROAD 39,NORTH JUDSON,IN,46366,1128b7,20250214,,,
,,,"MED PAY, INC",DRUG COMPANY/SUPLIER,,,,245 ROSEWOOD DR,METAIRIE,LA,70005,1128b8,20021020,,,
,,,MED PHARMACY,PHARMACY,,,,1641 HOLMES,YPSILANTI,MI,48198,1128b3,19880819,,,
,,,MED STAR AMBULANCE SERVICE,AMBULANCE COMPANY,,,,"1151 SHERIDAN ROAD, N E",ATLANTA,GA,30324,1128b8,19970101,,,
,,,MED TECHNOLOGY ORTHO & PROSTH,DME COMPANY,DME - ORTHOTICS,,,11 VAN BUREN,PEARL RIVER,NY,10965,1128b8,19940406,,,
,,,"MED-AMERICA CLINICS, INC",CHIROPRACTIC PRACT,,,,"1900 SIMLER AVE, FCI#5797",BIG SPRING,TX,79720,1128b8,19960813,,,
,,,MED-AMERICA HEALTH CENTER,CHIROPRACTIC PRACT,,,,"1900 SIMLER AVE, FCI#5797",BIG SPRING,TX,79720,1128b8,19960813,,,
,,,"MED-AMERICA PHYSICIAN, PC",MEDICAL GROUP,,,,1098 ESTER STREET,FRANKLIN SQUARE,NY,11919,1128a1,19980219,,,
,,,MED-CARE & MEDICAL CTR OF DADE,CLINIC,,,,9310 FOUNTAINBLEAU BLVD,MIAMI,FL,33172,1128b8,19990420,,,
,,,"MED-CARE DISTRIBUTORS, INC",DME COMPANY,DME - GENERAL,,,"HC 68, BOX 14",SMITHVILLE,WV,26178,1128b7,20071030,,,
,,,"MED-CARE DISTRIBUTORS, INC",DME COMPANY,DME - GENERAL,,,"HC 68, BOX 14",SMITHVILLE,WV,26178,1128a1,20030520,,,
,,,"MED-CON, INC",DME COMPANY,DME - GENERAL,,,113 SECOND ST,PAINTSVILLE,KY,41240,1128b7,20041229,,,
,,,MED-EQUIP SALES AND RENTALS,DME COMPANY,,,,WILCREST AT SOUTHWEST FWY,HOUSTON,TX,77531,1128a1,19900426,,,
,,,"MED-PRO, INC",OTHER BUSINESS,DRUG COMPANY/SUPLIER,,,210 E 4TH STREET,LEXINGTON,NE,68850,1128b8,20120520,,,
,,,"MED-TECH TECHNOLOGIES, INC",OTHER BUSINESS,MANUF/LESSOR SUPP/EQ,,,"445 W GARFIELD AVE, STE 1",GLENDALE,CA,91204,1128a1,20131219,,,
,,,MEDCARE CITY PHARMACY,DME COMPANY,,,,POST OFFICE BOX 155,CLOVER,SC,29710,1128b8,19950212,,,
,,,"MEDCLINIC, INC",CLINIC,,,,"2455 S W 27TH AVE, STE 11",MIAMI,FL,33142,1128b8,19980120,,,
,,,"MEDDEX SOLUTIONS, LLC",DME COMPANY,DME - GENERAL,,,"830 EYRIE DRIVE, STE 6B",OVIEDO,FL,32765,1128b7,20210601,,,
,,,MEDEX AMBULANCE INC,OTHER BUSINESS,AMBULANCE COMPANY,,,"P O BOX 759, 368441-066",MINERSVILLE,PA,17954,1128a1,20140420,,,
,,,MEDI CAB CORP,OTHER BUSINESS,TRANSPORTATION CO,,,330 COLUMBIA TURNPIKE,RENSSELAER,NY,12144,1128a1,20250720,,,
,,,"MEDI SHIELD, INC",DME COMPANY,DME - INCONTINENCE K,,,6412 N UNIVERSITY DR,TAMARAC,FL,33321,1128a1,19971217,,,
,,,"MEDI-CORP OF ARKANSAS, INC",DME COMPANY,DME - GENERAL,,,"ROUTE 3, BOX 172",SEARCY,AR,72143,1128a1,19891214,,,
,,,MEDI-EXPRESS MEDICAL,DME COMPANY,,,,1874 N W 6 ST,MIAMI,FL,33125,1128b8,20000920,,,
,,,MEDI-KARE AMBULANCE SERVICE,AMBULANCE COMPANY,,,,C/O 1110 RACELAND AVE,RACELAND,KY,41169,1128a1,19970710,,,
,,,"MEDI-RIDE, INC",TRANSPORTATION CO,,1184687519,,P O BOX 311,SALEM,IN,47167,1128b8,20100720,,,
,,,MEDI-SERV,DME COMPANY,,,,2579 MORGAN LANE,MARIETTA,GA,30066,1128b8,19990218,,,
,,,MEDI-VAN TRANSPORT SERVICE INC,TRANSPORTATION CO,,,,C/O 3308 50TH AVE EAST,BRADENTON,FL,34203,1128b8,19971002,,,
,,,"MEDIBUS-HELPMOBILE, INC",AMBULANCE COMPANY,,,,2900 CLINTON AVENUE SOUTH,MINNEAPOLIS,MN,55408,1128a1,19911223,,,
,,,MEDIC CARE & DME DISTRIBUTION,DME COMPANY,,,,16309 S W 2ND DR,PEMBROKE PINES,FL,33030,1128Aa,19970715,,,
,,,MEDICAB OF METRO NEW ORLEANS,AMBULANCE COMPANY,,,,BOX 445,GRETNA,LA,70053,1128a1,19851223,,,
,,,MEDICAL & NUTRITIONAL SUPPORT,DME COMPANY,,,,3775 N W 16TH ST,LAUDERHILL,FL,33313,1128b8,19980420,,,
,,,MEDICAL ARTS PHARMACY,PHARMACY,,,,8483 HOLLY ROAD,GRAND BLANC,MI,48439,1128a1,19890103,,,
,,,MEDICAL ARTS PHARMACY,PHARMACY,,,,817 E. LAMAR ALEXANDER PA,MARYVILLE,TN,37801,1128b4,19901101,,,
,,,MEDICAL ARTS PHARMACY,PHARMACY,,,,3710 FIFTH AVENUE,PITTSBURGH,PA,15213,1128b3,19901101,,,
,,,MEDICAL ASSISTANCE SVC,TRANSPORTATION CO,,,,"P O BOX 500, CUMMINS UNIT",GRADY,AR,71644,1128b8,19950216,,,
,,,MEDICAL CORPORATION,MEDICAL GROUP,,,,P O BOX 220,OAK RIDGE,LA,71264,1128b8,20000119,,,
,,,"MEDICAL DESIGNS, LLC",PHYSICIAN PRACTICE (,NEUROLOGY,,,"6709 S MINNESOTA AVE, STE 204",SIOUX FALLS,SD,57108,1128b7,20210430,,,
,,,MEDICAL EMPORIUM CORP,CLINIC,,,,"C/O 13787 S W 66 ST, D156",MIAMI,FL,33183,1128b8,20021020,,,
,,,"MEDICAL EQUIPMENT, INC",DME COMPANY,,,,3380 N W 194 TERRACE,MIAMI,FL,33056,1128Aa,19970814,,,
,,,MEDICAL GERIATRICS INC,DME COMPANY,DME - GENERAL,,,"457 RAY HILL ROAD, BOX 342",WILMINGTON,VT,05363,1128b7,20060327,,,
,,,MEDICAL HOME CARE INC,DME COMPANY,DME - GENERAL,1952481509,,32 STONEY HILL ROAD,BETHEL,CT,06801,1128Aa,20260620,,,
,,,MEDICAL HOME CARE SERVICES INC,HOME HEALTH AGENCY,,,,25 E MAIN STREET,ALHAMBRA,CA,91801,1128b8,19931130,,,
,,,MEDICAL HOME SUPPLIES,DME COMPANY,DME - GENERAL,,,652 W IRIS DRIVE,NASHVILLE,TN,37204,1128a1,19901125,,,
,,,"MEDICAL INFORMATIONAL SVC, INC",MANAGEMENT SVCS CO,,,,33 N E 4TH ST,MIAMI,FL,33101,1128b8,20030320,,,
,,,MEDICAL INSTITUTE FOR MENTAL,"MEDICAL PRACTICE, MD",,,,P O BOX 640,LOS LUNAS,NM,87031,1128b8,19960409,,,
,,,"MEDICAL JOINT VENTURES, INC",MEDICAL GROUP,,,,3775 N W 16TH ST,LAUDERHILL,FL,33313,1128b8,19980420,,,
,,,MEDICAL OF WASHINGTON COUNTY,DME COMPANY,DME - GENERAL,,,"3407 MONTROSE, SUITE 203",HOUSTON,TX,77006,1128a1,19900621,,,
,,,MEDICAL OFFICE OF ANAND R PERS,PHYSICIAN PRACTICE (,GENERAL PRACTICE,1114201340,,17325 JAMAICA AVENUE,JAMAICA,NY,11432,1128a1,20160420,,,
,,,"MEDICAL OUTLET, INC",DME COMPANY,DME - GENERAL,,,7936 BAYOU CLUB BLVD,LARGO,FL,33777,1128b8,20021020,,,
,,,MEDICAL REHABILITATION SPECIAL,REHAB FACILITY - GEN,,,,1060 LAKEMONT DRIVE,PITTSBURGH,PA,15243,1128a1,19920326,,,
,,,MEDICAL RENTAL UNLIMITED,DME COMPANY,DME - GENERAL,,,"ROUTE 1, BOX 169",SPRINGFIELD,AR,72157,1128Aa,19871127,,,
,,,"MEDICAL REPAIR CENTER, INC",DME COMPANY,DME - GENERAL,,,8300 CENTER DRIVE,LA MESA,CA,91942,1128b8,20010118,,,
,,,"MEDICAL RESEARCH CENTER, INC",CLINIC,,,,3990 W FLAGER ST,MIAMI,FL,33177,1128b8,19980120,,,
,,,"MEDICAL RESEARCH, INC",CLINIC,,,,1005 S THIRD STREET,LAS VEGAS,NV,89101,1128b8,19880830,,,
,,,"MEDICAL SERVICES CORPS, INC",AMBULANCE COMPANY,,,,P O BOX 1000,LEWISBURG,PA,17837,1128a1,20000518,,,
,,,"MEDICAL SOUTH, INC",DME COMPANY,DME - GENERAL,,,"501 7TH ST, N, #9",COLUMBUS,MS,39701,1128b8,20041118,,,
,,,MEDICAL SQUARE PROF PHARMACY,PHARMACY,,,,12852 PALM ST SUITE 102,GARDEN GRAVE,CA,92640,1128b8,19870727,,,
,,,MEDICAL STAFFING CENTER,HOME HEALTH AGENCY,,,,BOX 80127,BILLINGS,MT,59108,1128Aa,19911226,,,
,,,MEDICAL SUPPORT SERVICES INC,DME COMPANY,DME - UROLOGICAL SUP,,,C/O 27 VALLEY ESTATE DRIV,LITTLE ROCK,AR,72212,1128b8,19961211,,,
,,,MEDICAL SVCS OF DADE COUNTY,CLINIC,,,,"C/O P O BOX 019120, #4967",MIAMI,FL,33101,1128b8,19981220,,,
,,,MEDICAL THERAPY SERVICES,DME COMPANY,,,,1325 MORRIS PARK AVE,BRONX,NY,10461,1128b6,19791210,,,
,,,MEDICAL TRANSPORT & COURIER LL,TRANSPORTATION CO,,,,2715 W 44TH ST,INDIANAPOLIS,IN,46228,1128b8,20091119,,,
,,,MEDICAL TRANSPORTATION AMBULAN,AMBULANCE COMPANY,,,,212 E 10TH STREET,NEW YORK,NY,10003,1128a1,19910429,,,
,,,MEDICAL TRANSPORTATION SERVICE,AMBULANCE COMPANY,,,,P O BOX 86,ELKHART,IN,46515,1128a1,19890131,,,
,,,MEDICAL WEB SERVICES LLC,DRUG COMPANY/SUPLIER,,,,1201 HAYS ST,TALLAHASSEE,FL,32301,1128a4,20100617,,,
,,,"MEDICALAB, INC",LABORATORY,LAB - CLINICAL,,,C/O 2 JONATHAN DR,BROCKTON,MA,02401,1128Aa,19970731,,,
,,,MEDICAP PHARMACY,PHARMACY,,,,9300 BURNING TREE DR,GRAND BLANC,MI,48439,1128b4,20060119,,,
,,,"MEDICARE CENTER, LC",CLINIC,,,,"1050 S E MONTEREY RD, #101",STUART,FL,34994,1128b8,20051220,,,
,,,"MEDICENTER DIABETIC SUPPLY, IN",DME COMPANY,DME - GENERAL,,,"3050 STERLING CIRCLE, STE A",BOULDER,CO,80301,1128b7,20051114,,,
,,,MEDICINE SHOPPE,PHARMACY,,1144332149,,600 PARK LANE,CHILLICOTHE,MO,64601,1128b4,20100318,,,
,,,MEDICINE SHOPPE,PHARMACY,,,,3130-B WEST COLORADO AVE,COLORADO SPRINGS,CO,80904,1128b8,19940630,,,
,,,MEDICO,DME COMPANY,DME - GENERAL,,,2810 WENTWOOD DRIVE,GRAPEVINE,TX,76051,1128b8,19961211,,,
,,,"MEDICUS LABORATORIES, LLC",OTHER BUSINESS,LABORATORY,1841505153,,7809 HANOVER STREET,DALLAS,TX,75225,BRCH SA,20181113,,,
,,,MEDIQUIP & HOME CARE SERVICE,DME COMPANY,DME - GENERAL,,,"219 KENNEDY STREET, N W",WASHINGTON,DC,20011,1128a1,19890331,,,
,,,"MEDISCOPE DIAGNOSTIC LAB, INC",LABORATORY,,,,1250 PARK AVE,PLAINFIELD,NJ,07060,1128b5,19981119,,,
,,,MEDITRANS NY INC,OTHER BUSINESS,TRANSPORTATION CO,,,15 LAMBROS DR,MONROE,NY,10950,1128a1,20260120,,,
,,,"MEDIVIEW CONSULTING, INC",DME COMPANY,,,,C/O 117 HALLOCK LANE,ROCKY POINT,NY,11778,1128b8,19980520,,,
,,,"MEDIX PHYSICIAN, INC","MEDICAL PRACTICE, MD",,,,389 E 8TH STREET,HIALEAH,FL,33010,1128b8,19971120,,,
,,,MEDLINK HEALTH SERVICES,HOME HEALTH AGENCY,,,,"10101 HARWIN DR, STE 205",HOUSTON,TX,77036,1128b8,20080320,,,
,,,MEDLINK PROFESSIONAL MANAGEMEN,OTHER BUSINESS,COMM MNTL HLTH CNTR,,,1809 NE 2ND AVE,MIAMI,FL,33132,1128a1,20120320,,,
,,,MEDLINK PROFESSIONAL MANAGEMEN,OTHER BUSINESS,CLINIC,,,1809 NE 2ND AVENUE,MIAMI,FL,33132,1128b7,20160115,,,
,,,"MEDMASTER SERVICE, INC",DME COMPANY,NEPHROLOGY,,,19003 SUNLAKE BLVD,LUTZ,FL,33549,1128a1,19991228,,,
,,,"MEDSTAR AMBULANCE SERVICE, INC",AMBULANCE COMPANY,,,,N5860 PERTZSCH DRIVE,ONALASKA,WI,54650,1128a1,19960704,,,
,,,"MEDWIN PHARMACY, INC",PHARMACY,,,,C/O 1 WAVERLY RD,OLD WESTBURY,NY,11568,1128a3,20100120,,,
,,,MELCO MEDICAL EQUIPMENT DIST,DME COMPANY,,,,19400 N W 56 PL,MIAMI,FL,33055,1128Aa,19970715,,,
,,,MELNAR CHIROPRACTIC,CHIROPRACTIC PRACT,,,,"3805 MCCAIN PARK DR, 104",N LITTLE ROCK,AR,72116,1128b8,20011120,,,
,,,MEMORIAL MEDICAL CENTER,MEDICAL GROUP,,,,465 MCKENNA DRIVE,MOUNTAIN HOME,ID,83647,1128b8,20020520,,,
,,,"MEMORIAL NURSING CENTERS, INC",PRIVATE CIT/ENTITY,,,,P O BOX 68,LILLINGTON,NC,27546,1128b7,19801007,,,
,,,"MERCEDES GOMEZ, INC",DRUG COMPANY/SUPLIER,,,,"C/O P O BOX 1029, FCI",COLEMAN,FL,33521,1128b8,20020919,,,
,,,MERCURY DRUGS INC,PHARMACY,,,,"MAIN STREET,  P O BOX 162",WISE,VA,25293,1128b1,19911121,,,
,,,"MERCY REGIONAL HEALTH SYSTEMS,",AMBULANCE COMPANY,,1518997469,,205 BAILEY LANE,BENTON,IL,62812,1128a1,20091020,,,
,,,MERIDIAN CLINIC,CLINIC,,,,"648 MENLO AVE, NOS 2 & 2A",MENLO PARK,CA,94025,1128b1,19881109,,,
,,,MERIDIAN DENTAL GROUP INC,DENTAL PRACTICE,,,,5556 N MERIDIAN ST,INDIANAPOLIS,IN,46208,1128a1,19970420,,,
,,,"MERIDIAN MEDICAL RESOURCES, IN",DME COMPANY,DME - GENERAL,1538414743,,"740 W MILL ST, SUITE G",SAN BERNARDINO,CA,92410,1128a3,20200820,,,
,,,MERRIMON W BAKER MD PA,CLINIC,,,,1000 S WASHINGTON AVE,CLEVELAND,TX,77327,1128b8,20080918,,,
,,,MESA DRIVE PHARMACY,PHARMACY,,,,C/O 1210 MOSSRIDGE DR,MISSOURI CITY,TX,77489,1128b8,19990617,,,
,,,"METAIRIE HEALTH CENTER, INC",PHYSICIAN PRACTICE (,FAMILY PRACTICE,1821327651,,"3704 N LOYOLA DR, APT 205",KENNER,LA,70065,1128a1,20130820,,,
,,,METRIC MEDICAL LABORATORY,LABORATORY,,,,"18161 W 13 MILE ROAD, SUI",SOUTHFIELD,MI,48076,1128a1,19920301,,,
,,,"METRO AMBULANCE SERVICES, INC",AMBULANCE COMPANY,,,,P O BOX 174,HELLERTOWN,PA,18055,1128b5,20000320,,,
,,,"METRO AMBULANCE, INC",AMBULANCE COMPANY,,,,939 S GOVERNOR'S AVE,DOVER,DE,19904,1128a1,19980120,,,
,,,METRO CARE PHARMACY,PHARMACY,,,,"6323 GEORGIA AVE, NW",WASHINGTON,DC,20011,1128b8,19910911,,,
,,,"METRO CARE TRANSPORT, INC",TRANSPORTATION CO,,,,3806 W BURLEIGH,MILWAUKEE,WI,53210,1128b8,20071018,,,
,,,METRO HEALTH CARE SERVICES INC,HOME HEALTH AGENCY,,,,292 FIFTH AVE,NEW YORK,NY,10001,1128b5,19980920,,,
,,,"METRO MED AMBULETTE, INC",AMBULANCE COMPANY,,,,33 FRONT ST,E ROCKAWAY,NY,11518,1128a1,19990720,,,
,,,"METRO PHARMACY, INC",PHARMACY,,,,9685 GRAND RIVER,DETROIT,MI,48204,1128a1,19940207,,,
,,,"METRO-MED AMBULETTE, INC",AMBULANCE COMPANY,,,,"77 N CENTRE AVE, STE 205",ROCKVILLE CENTRE,NY,11570,1128b5,19971006,,,
,,,"MIA TRANSPORTATION SERVICES, I",TRANSPORTATION CO,,,,"166 EAST 219TH ST, STE B",EUCLID,OH,44123,1128b8,20040819,,,
,,,"MIA'S PHARMACY SLIDELL, LLC",PHARMACY,,,,"P O BOX 7007, #29361-034",MARIANNA,FL,32447,1128a4,20070920,,,
,,,"MIA'S PHARMACY, LLC",PHARMACY,,,,"P O BOX 7007, #29361-034",MARIANNA,FL,32447,1128a4,20070920,,,
,,,"MIAMI CARE, INC",DME COMPANY,DME - GENERAL,,,15015 S W 139TH PLACE,MIAMI,FL,33186,1128b8,20011002,,,
,,,MIAMI MEDICAL RENTALS INC,DME COMPANY,DME - GENERAL,,,15361 S W 43RD TERRACE,MIAMI,FL,33185,1128b8,19970101,,,
,,,"MIAMI MEDICAL SUPPLIES, INC",DME COMPANY,,,,3501 S W 15TH ST,MIAMI,FL,33145,1128b8,19980720,,,
,,,"MIAMI RESPIRATORY CARE, INC",DME COMPANY,DME - GENERAL,,,11492 QUAIL ROOST DR,MIAMI,FL,33167,1128b8,20040720,,,
,,,"MICHAEL A ROSIN, MD, PA",CLINIC,,,,1966 HILLVIEW STREET,SARASOTA,FL,34239,1128b8,20071018,,,
,,,"MICHAEL D MIRAN, PHD, PSYCHOLO",OTHER BUSINESS,PSYCHOLOGIC PRACTICE,,,272 SYLVAN ROAD,ROCHESTER,NY,14168,1128a1,20110920,,,
,,,"MICHAEL E SMITH, D P M, P A",MEDICAL GROUP,,,,4265 HAWS COURT,ORLANDO,FL,32814,1128b8,20050320,,,
,,,MICHAEL GERARD REHABILITATION,REHAB FACILITY - GEN,,,,1060 LAKEMONT DRIVE,PITTSBURGH,PA,15243,1128a1,19920326,,,
,,,MICHAEL J MILLETTE MD LLC,CLINIC,,,,5709 CHRIS LN,CRYSTAL LAKE,IL,60014,1128b8,20080220,,,
,,,"MICHAEL KRICHEFF, INC",DME COMPANY,DME - HEARING AID,,,28 CARRIAGE HILL LANE,POUGHKEEPSIE,NY,12601,1128a1,19920202,,,
,,,"MICHAEL T PARRA MD, PC",PHYSICIAN PRACTICE (,HEMATOLOGY,1497845622,,"2555 S DOWNING ST, STE 220",DENVER,CO,80210,1128b8,20140220,,,
,,,"MICHAEL W HARDEE, D M D, M S,",DENTAL PRACTICE,,,,11035 117TH LANE,SEMINOLE,FL,33617,1128b8,20040819,,,
,,,"MICHAEL'S PHARMACY, INC",PHARMACY,,,,333 EAST 23RD ST,NEW YORK,NY,10010,1128a1,20010620,,,
,,,"MICHAEL'S PHARMACY, INC",PHARMACY,,,,7817 17TH AVE,BROOKLYN,NY,11214,1128b8,20010620,,,
,,,MID-ATLANTIC HEALTHCARE,DME COMPANY,DME - ORTHOTICS,,,C/O 4569 COTTMAN AVE,PHILADELPHIA,PA,19149,1128b7,20060828,,,
,,,MID-SOUTH ARTIFICIAL LIMB CO,DME COMPANY,DME - GENERAL,,,"ROUTE 1, BOX 180-B",MADISON,MS,39130,1128a1,19890703,,,
,,,"MIDLAND MEDICALS, INC",DME COMPANY,,,,320 GOVERNORS GRANT BLVD,LEXINGTON,SC,29072,1128b7,19990624,,,
,,,MIDWAY DRUGS,OTHER BUSINESS,PHARMACY,1467598722,,10410 LOWER AZUSA RD,EL MONTE,CA,91731,1128a1,20170720,,,
,,,"MIDWEST CARDIOVASCULAR, INC.",PHYSICIAN PRACTICE (,CARDIOLOGY,1235382755,,10570 GLEN OAKS DR,FESTUS,MO,63028,1128a1,20210617,,,
,,,MIDWEST CHIROPRACTIC & PHYSIO,CHIROPRACTIC PRACT,,,,5500 RIDGE RD,PARMA,OH,44129,1128b8,20010820,,,
,,,"MIDWEST CONTINUING CARE, INC",DME COMPANY,DME - GENERAL,,,2349 CHAFFEE DRIVE,ST LOUIS,MO,63146,1128b7,20010430,,,
,,,"MIDWEST HOSPITAL PHARMACY, INC",PHARMACY,,,,7328 MAPLE ST,OMAHA,NE,68134,1128a1,19980420,,,
,,,"MIDWEST MEDICAL LABORATORY, IN",LABORATORY,,,,1915 N HARLEM,CHICAGO,IL,60707,1128b7,20070119,,,
,,,MIDWEST MOBILE DENTAL CARE INC,DENTAL PRACTICE,,,,3799 RIVA DRIVE,HAMILTON,OH,45011,1128a1,19950411,,,
,,,"MIGVA MEDICAL CENTER, GROUP",CLINIC,,,,5145 S W 8TH ST,MIAMI,FL,33134,1128b8,20000720,,,
,,,"MILAN MEDICAL, P C",CLINIC,,,,"401 76TH STREET, STE H1",BROOKLYN,NY,11209,1128a3,20100920,,,
,,,"MILENA HERNANDEZ THERAPY, LLC",OTHER BUSINESS,MENTAL/BEHAVIORAL HE,1649669151,,8064 VILLA ROSARITO STREET,LAS VEGAS,NV,89131,1128a1,20230720,,,
,,,MILLER MED TRANS,TRANSPORTATION CO,,,,P O BOX 3014,MEKINLEYVILLE,CA,95519,1128b8,19990318,,,
,,,MINA MEDICAL EQUIPMENT AND SUP,DME COMPANY,,,,2616 ASH CREEK,MESQUITE,TX,75181,1128b8,20080120,,,
,,,MINI TRANSPORTATION WHEELCHAIR,TRANSPORTATION CO,,,,13613 EMILY RD,E CLEVELAND,OH,44112,1128b8,20070620,,,
,,,MIR SONS CORP,OTHER BUSINESS,HOME HEALTH AGENCY,,,36 TWIN POND LN,WHITE PLAINS,NY,10607,1128a1,20201220,,,
,,,MIRAMAR CORPORATION,SKILLED NURSING FAC,,,,C/O 2601 W CHARLESTON BLV,LAS VEGAS,NV,89102,1128a1,19970930,,,
,,,MIRAMAR MEDICAL TRAUMA CENTER,CLINIC,,,,"C/O P O BOX 888, ROUTE 71",ASHLAND,KY,41405,1128b8,19971120,,,
,,,MIRIAM C JONES & ASSOCIATES,MENTAL HEALTH FAC,,,,7300 WEAVER AVENUE,NEW ORLEANS,LA,70127,1128b5,20060220,,,
,,,MIRTLEY INC,CLINIC,,,,1165-1167 S W 8TH STREET,MIAMI,FL,33130,1128a1,19910811,,,
,,,MISSION HEARING AID CENTER,DOCTOR OWNED ENTITY,,,,"3870 MISSION AVE, #D5",OCEANSIDE,CA,92054,1128b8,20041020,,,
,,,MISSION HEARING AID CENTER,DOCTOR OWNED ENTITY,,,,"1001 E VISTA WAY, #F",VISTA,CA,92084,1128b8,20041020,,,
,,,"MITCHELL COUNSELING SERVICES,",OTHER BUSINESS,COUNSELING CENTER,,,"C/O 26 LONG POND RD, #63088",PLYMOUTH,MA,02360,1128a1,20140420,,,
,,,MKM NURSING HOME SPECIALITIES,DME COMPANY,,,,3600 BOUNDBROOK AVE,TREVEOSE,PA,19053,1128b7,20000131,,,
,,,"MMK, INC",PHARMACY,,,,C/O 46 SELKIRK STREET,STATEN ISLAND,NY,10309,1128a1,19941207,,,
,,,MOBILE DENTAL SERVICES OF INDI,DENTAL PRACTICE,,,,2702 EAST 225 S,WARSAW,IN,46580,1128a1,20071018,,,
,,,MOBILE IMAGING SERVICES,RADIOLOGY FACILITY,,,,P O BOX 2023,DENTON,TX,76202,1128b8,19990819,,,
,,,MOBILE MEDICAL,TRANSPORTATION CO,,,,P O BOX 6331,PORTLAND,OR,97228,1128b5,19981020,,,
,,,MOBILE OPTICS,OPTICAL PRACTICE,,,,"P O BOX 9300, FPC#05997-0",TEXARKANA,TX,75505,1128b8,19970129,,,
,,,MOBILITY PLUS MEDICAL SUPPLY,DME COMPANY,,1598864027,,570 COTTAGE ST,SPRINGFIELD,MA,01104,1128Aa,20091003,,,
,,,MOBILITY SPECIALISTS,DME COMPANY,,,,"140 N 8TH STREET, STE 30",LINCOLN,NE,68508,1128a1,20090126,,,
,,,"MOBILSONIX SERVICES, INC",LABORATORY,,,,6330 FORT KING RD,ZEPHYRHILLS,FL,33541,1128b8,19980820,,,
,,,MOBLEY CHIROPRACTIC FAMILY CL,CHIROPRACTIC PRACT,,,,5523 MAIN STREET,ZACHARY,LA,70191,1128b8,19961211,,,
,,,MOCK'S LOVING LIFE LEARNING CE,OTHER BUSINESS,SUBCONTRACTOR (NON-H,,,1531 S 28TH STREET,OMAHA,NE,68105,1128b1,20220119,,,
,,,MODAD PHARMACY,PHARMACY,,,,ONE ACADEMY STREET,ULYSSES,PA,16948,1128a1,19880519,,,
,,,MODERN LABORATORY INCORPORATED,OTHER BUSINESS,LAB - CLINICAL,1366612731,,"1793 BLOOMINGDALE ROAD, STE 1",GLENDALE HEIGHTS,IL,60139,1128b7,20240601,,,
,,,MODERN MEDICAL CENTER,CLINIC,,,,"7345 W 4TH AVE, APT 205",HIALEAH,FL,33014,1128Aa,19970620,,,
,,,"MODERN MEDICAL CENTER, INC",CLINIC,,,,C/O 15801 S W 137TH AVE,MIAMI,FL,33187,1128Aa,19990920,,,
,,,"MODERN PHARMACY, INC",PHARMACY,,,,127 NORTH MAIN STREET,CHEBOYGAN,MI,49721,1128a1,19920504,,,
,,,MOM'S TAXI CORP,TRANSPORTATION CO,,,,C/O 2 COLIER DRIVE,CARMEL,NY,10512,1128a1,19950507,,,
,,,MONTANA MED & OXYGEN SUPPLY,DME COMPANY,DME - OXYGEN,,,980 WAGNER ROAD,KALISPELL,MT,59901,1128a1,19840125,,,
,,,"MONTEBELLO PHARMACY, INC",OTHER BUSINESS,PHARMACY,1326030776,,817 WEST WHITTIER BLVD,MONTEBELLO,CA,90640,1128b8,20230220,,,
,,,"MONTECINO'S DRUGS, INC",PHARMACY,,,,"C/O 1420 AVENUE F, #C",MARRERO,LA,70072,1128b8,20050220,,,
,,,MONTERAY SELLERS DEANDRE MCGEE,OTHER BUSINESS,COUNSELING CENTER,1790227007,,922 W OWENS AVENUE,LAS VEGAS,NV,89106,1128a1,20260219,,,
,,,MONTGOMERY COUNTY FAM LIFE CTR,MENTAL HEALTH FAC,,,,"7101 WISCONSIN AVE, #1404",BETHESDA,MD,20814,1128a1,19920730,,,
,,,MONTGOMERY COUNTY TAXI,TRANSPORTATION CO,,,,807 S FREDERICK ROAD,GAITHERSBURG,MD,20877,1128b8,19940630,,,
,,,MOORES MEDICAL TRANSPORT CORP,TRANSPORTATION CO,,,,"2470 WINDY HILL RD, STE 2",MARIETTA,GA,30067,1128b8,19970729,,,
,,,"MORFA HEALTHCARE, INC",DME COMPANY,DME - DIETARY SUPPLI,,,"P O BOX 019129, FED DETEN",MIAMI,FL,33101,1128b8,19960215,,,
,,,MORGAN'S SHOE CORPORATION,DME COMPANY,DME - GENERAL,,,61-18 188TH STREET,FRESH MEADOWS,NY,11365,1128a1,19911126,,,
,,,MORNINGSIDE HEARING AID,DME COMPANY,DME - HEARING AID,,,1112 W MARTIN LUTHER KING,LOS ANGELES,CA,90037,1128b8,19870803,,,
,,,"MOUNT ZION PODIATRY, P C",PHYSICIAN PRACTICE (,MULTI-SPECIALTY,1386716926,,"106 PENNSYLVANIA AVENUE, APT 1",BROOKLYN,NY,11207,1128b8,20180419,,,
,,,MOUNTAIN AMBULANCE,AMBULANCE COMPANY,,,,P O BOX 959,CAMPTON,KY,41301,1128b8,19970130,,,
,,,"MOUNTAINEER DATA PROCESSING, I",BILLING SERVICE CO,,,,51 MCGREGOR DR,SUTTON,WV,26601,1128a1,20080220,,,
,,,MOUNTAINSIDE FAMILY PRACTICE L,CLINIC,,,,C/O 15933 GOLDEN VALLEY DR,PIEDMONT,SD,57769,1128b8,20091220,,,
,,,"MOVIC ENTERPRISES, INC",DRUG COMPANY/SUPLIER,,,,4851 N W 183RD STREET,MIAMI,FL,33055,1128b4,20040420,,,
,,,MOVING FORWARD COUNSELING SOLU,OTHER BUSINESS,COUNSELING CENTER,1245609130,,"2700 E SUNSET ROAD, SUITE 16",LAS VEGAS,NV,89120,1128a1,20190620,,,
,,,MP CARE INC,AMBULANCE COMPANY,,,,2284 HALCYON RD,BEACHWOOD,OH,44122,1128b8,20070620,,,
,,,"MQ PROFESSIONAL SERVICES, INC",DME COMPANY,,,,8746 N W 149 TERRACE,MIAMI LAKES,FL,33016,1128b8,20000720,,,
,,,"MR J'S LIQUOR, INC",PRIVATE CIT/ENTITY,,,,1005 WEST CENTURY BLVD,LOS ANGELES,CA,90044,1128a1,20051220,,,
,,,"MRF, INC",PHARMACY,,,,3365 BURNS RD,PALM BEACH,FL,33410,1128b8,20070719,,,
,,,"MSK PHARMACY, INC",PHARMACY,,,,17-59 RIDGEWOOD PLACE,BROOKLYN,NY,11237,1128b5,19990318,,,
,,,"MT LEBANON OPERATIONS, LLC",OTHER BUSINESS,SKILLED NURSING FAC,1134662489,,350 OLD GILKESON ROAD,PITTSBURGH,PA,15228,1128a1,20260520,,,
,,,MT ZION MEDICAL REHABILITATION,CLINIC,,,,C/O 3505 N W 167TH ST,MIAMI,FL,33160,1128Aa,19980131,,,
,,,"MUGAHID MEDICAL SHUTTLE, INC",TRANSPORTATION CO,,,,7-11 TONNELE AVE - 2 MN,JERSEY CITY,NJ,07306,1128b5,19980319,,,
,,,MULTI-MED EQUIPMENT COMPANY,DME COMPANY,DME - GENERAL,,,"13311 SW 124TH ST, STE 9",MIAMI,FL,33186,1128a1,20090616,,,
,,,"MUSTAFA INTERNATIONAL, INC",PHARMACY,,,,104-26 ROOSEVELT AVENUE,CORONA,NY,11368,1128b4,19920903,,,
,,,"MUSTAPHA KIBIRIGE, MD, PA",PHYSICIAN PRACTICE (,OPHTHALMOLOGY,1730259268,,"2000 CRAWFORD ST, SUITE 800",HOUSTON,TX,77002,BRCH SA,20230626,,,
,,,MUTUAL HOME HEALTH NURSING,HOME HEALTH AGENCY,,,,"14750 N W 77TH CT, 210",MIAMI LAKES,FL,33016,1128b8,20010820,,,
,,,"MW & W GLOBAL ENTERPRISES, INC",OTHER BUSINESS,PHARMACY,,,911 MANHATTAN AVENUE,BROOKLYN,NY,11222,1128a4,20180118,,,
,,,"MY SLEEP APNEA, LLC",DME COMPANY,DME - GENERAL,1740556356,,"4910 TAMIAMI TRAIL NORTH, SUIT",NAPLES,FL,34103,1128Aa,20260620,,,
,,,"MYERS SOUTHERN, LLC",OTHER BUSINESS,AMBULANCE COMPANY,1124622618,,5263 AIRPORT BLVD,BARTOW,FL,33830,1128b11,20260409,,,
,,,N SHREVEPORT MEDICAL CLINIC,CLINIC,,,,305 PLUM STREET,MONROE,LA,71201,1128a1,19860310,,,
,,,N T  PLASTIC & ALLERGY CENTER,CLINIC,,,,124 N 16TH AVENUE,LAUREL,MS,39440,1128b8,19940817,,,
,,,NA CONTINENTAL GROUP LLC,OTHER BUSINESS,DENTAL PRACTICE,,,911 AVENUE U,BROOKLYN,NY,11223,1128a1,20130220,,,
,,,"NANY'S MEDICAL SUPPLY, INC",DME COMPANY,DME - GENERAL,,,C/O 3311 S W 94TH PLACE,MIAMI,FL,33165,1128b8,20021020,,,
,,,"NARCO FREEDOM, INC",OTHER BUSINESS,COMM MNTL HLTH CNTR,1528377181,,2780 3RD AVENUE,BRONX,NY,10455,1128a1,20170713,,,
,,,"NASMA, INC DBA OAKCREST MANOR",SKILLED NURSING FAC,,,,9507 HIGHWAY 290 EAST,AUSTIN,TX,78724,1128a1,19890814,,,
,,,"NASON MEDICAL ASSOCIATES, P C",PHYSICIAN PRACTICE (,GENERAL PRACTICE,1427118405,,1101 BOWMAN ROAD,MOUNT PLEASANT,SC,29464,1128b7,20151030,,,
,,,NASON MEDICAL CENTER,PHYSICIAN PRACTICE (,GENERAL PRACTICE,1689972739,,8901 UNIVERSITY BLVD,CHARLESTON,SC,29406,1128b7,20151030,,,
,,,"NASSAU ROAD CHEMISTS, INC",PHARMACY,,,,251 NASSAU ROAD,ROOSEVELT,NY,11575,1128a1,19911124,,,
,,,NAT'L MEDICAL EQUIP & SUPPLIES,DME COMPANY,DME - GENERAL,,,5240 S W 8TH ST,PLANTATION,FL,33317,1128b8,20030520,,,
,,,NATHAN'S PHARMACY,PHARMACY,,,,512 BELVEDERE ROAD,W PALM BEACH,FL,33045,1128b8,19930902,,,
,,,"NATIONAL CARDIO LABS, LLC",LABORATORY,,1902935935,,P O BOX 5460,STATELINE,NV,89449,1128b8,20100420,,,
,,,NATIONAL IMPOTENCE CONSULTANTS,CLINIC,,,,408 SANIBEL COURT,NEPTUNE BEACH,FL,32266,1128b8,19981119,,,
,,,"NATIONAL INSURANCE AUDITORS, L",CONSULTING FIRM,,,,4010 MUIRFIELD DRIVE,PRESTO,PA,15142,1128a3,20070719,,,
,,,NATIONAL MEDICAL & SURGICAL,CLINIC,,,,C/O P O BOX 7007 FCI,MARIANNA,FL,32447,1128b8,19990920,,,
,,,NATIONAL MEDICAL SYSTEM & SUPP,DME COMPANY,DME - GENERAL,,,"C/O P O BOX 779800, FCI",MIAMI,FL,33177,1128b8,20060620,,,
,,,NATIONAL NUTRITIONAL FOOD COMP,OTHER BUSINESS,MANAGEMENT SVCS CO,,,"218 ROUTE 17 NORTH, SUITE 410",ROCHELLE PARK,NJ,07662,1128b5,20251120,,,
,,,"NATIONAL OSTOMY SUPPLY, INC",DME COMPANY,DME - GENERAL,,,"C/O RD #8, BOX B",GREENBURG,PA,15601,1128a1,19960917,,,
,,,"NATIONAL PHARMACEUTICALS, INC",MEDICAL GROUP,,,,"1515 N FEDERAL HWY, #300",BOCA RATON,FL,33432,1128b8,20021020,,,
,,,"NATIONAL PUBLIC TRANSPORT, INC",TRANSPORTATION CO,,,,"820-B FREEWAY DR, N",COLUMBUS,OH,43229,1128a1,19991118,,,
,,,"NATIONAL RESPIRATORY SERVICES,",OTHER BUSINESS,PHARMACY,1831172204,,"11540 BLANKENBAKER ACCESS DR,",LOUISVILLE,KY,40299,1128a1,20140420,,,
,,,NATIONAL SPINE MEDICAL CENTERS,DOCTOR OWNED ENTITY,,,,2103 GOLDEN POND DR,KINGWOOD,TX,77345,1128b8,20050420,,,
,,,"NATIONALITIES UNITED, INCORPOR",PRIVATE CIT/ENTITY,,,,4520 N 56TH,LINCOLN,NE,68504,1128b8,20061019,,,
,,,NATIVE AMERICAN HEALTH SUP INC,DME COMPANY,DME - GENERAL,,,"3618 CANYON LAKE DR, #112",RAPID CITY,SD,57702,1128b7,19990824,,,
,,,NATIVE AMERICAN HEALTH SVC INC,DME COMPANY,DME - GENERAL,,,"3618 CANYON LAKE DR, #112",RAPID CITY,SD,57702,1128b7,19990824,,,
,,,NATURAL HEALTH RESOURCES,CHIROPRACTIC PRACT,,,,"11700 JEFFERSON ST, N E",BLAINE,MN,55434,1128b8,19991020,,,
,,,NATURAL MOLD SHOE CORP.,DME COMPANY,,,,49 LAWTON STREET,NEW ROCHELLE,NY,10804,1128b8,19870603,,,
,,,"NAZARENO DENTAL CENTER, INC",DENTAL PRACTICE,,,,"3934 SW 8TH STREET, #304",CORAL GABLES,FL,33134,1128b8,20060420,,,
,,,"NAZARET MEDICAL CENTER, INC",CLINIC,,,,C/O 8650 N W 30 RD,MIAMI,FL,33147,1128b8,19980120,,,
,,,NAZIK MEDI TRANSPORT INC,OTHER BUSINESS,TRANSPORTATION CO,1730345000,,5208 MAHONING AVENUE,YOUNGSTOWN,OH,44515,1128a3,20211118,,,
,,,"NC DIAGNOSTIC AND BILLING, INC",BILLING SERVICE CO,,,,"C/O DISIBIO, 4595 HYLAND",STATEN ISLAND,NY,10312,1128b8,20000620,,,
,,,"NCC TRANSPORTATION, INC",AMBULANCE COMPANY,,,,P O BOX 1000,LEWISBURG,PA,17837,1128a1,20000518,,,
,,,NCLEX REVIEW & PREPARATORY SOL,OTHER BUSINESS,HOME HEALTH AGENCY,,,962 OGDEN AVEUE,BRONX,NY,10452,1128a1,20120419,,,
,,,"NECK TO BACK LAKE COUNTY, LLC",OTHER BUSINESS,CHIROPRACTIC PRACT,1750506077,,71 WAUKEGAN ROAD,LAKE BLUFF,IL,60044,1128b7,20121017,,,
,,,"NECK TO BACK PEORIA, LLC",OTHER BUSINESS,CHIROPRACTIC PRACT,1164475976,,5105 N GLEN PARK PLACE RD,PEORIA,IL,61614,1128b7,20121017,,,
,,,"NECK TO BACK QUAD CITIES, LLC",OTHER BUSINESS,CHIROPRACTIC PRACT,1285687087,,2001 52ND AVENUE,MOLINE,IL,61265,1128b7,20121017,,,
,,,"NECK TO BACK ROCKFORD, LLC",OTHER BUSINESS,CHIROPRACTIC PRACT,1427004084,,"7177 CRIMSON RIDGE DR, STE 14",ROCKFORD,IL,61107,1128b7,20121017,,,
,,,"NECK TO BACK SPRINGFIELD, LLC",OTHER BUSINESS,CHIROPRACTIC PRACT,1790730919,,"2921 GREENBRIAR DR, STE C",SPRINGFIELD,IL,62704,1128b7,20121017,,,
,,,NEIL PHARMACY INC,PHARMACY,,,,407 N JAMES ROAD,COLUMBUS,OH,43219,1128a1,19880622,,,
,,,NEL GROUP INC,OTHER BUSINESS,CLINIC,1306668637,,"5901 NW 183RD STREET, UNIT 204",HIALEAH,FL,33015,1128b7,20260724,,,
,,,NEPTUNE MEDICAL & SURGICAL SUP,DME COMPANY,DME - ORTHOTICS,1851543284,,1050 OCEAN VIEW AVENUE,BROOKLYN,NY,11235,1128Aa,20260623,,,
,,,NESTELL'S PHARMACY,PHARMACY,,,,2714 S WASHINGTON,SAGINAW,MI,48601,1128a1,19850926,,,
,,,"NESTOR GARCIA, M D, P A","MEDICAL PRACTICE, MD",,,,11501 N W  2 AVE,MIAMI,FL,33168,1128b8,19990420,,,
,,,"NEURO-VASCULAR INSTITUTE, INC",LABORATORY,,,,C/O 6135 N W 186TH ST,MIAMI,FL,33015,1128b8,20000119,,,
,,,"NEURODIAGNOSTIC SYSTEMS, INC",CLINIC,,,,15601 PADDOCK DR,MONTVERDE,FL,34756,1128b8,20020520,,,
,,,"NEURODIAGNOSTICS, LLC",CLINIC,,1326235854,,P O BOX 2152,SOUTHGATE,MI,48195,1128b8,20101118,,,
,,,NEUROFLEX-10,PHARMACY,,,,258 BLUE GRASS DRIVE,HENDERSON,TN,37075,1128a1,19840328,,,
,,,NEUROLOGY ASSOCIATES OF GREENV,PHYSICIAN PRACTICE (,NEUROLOGY,1811989221,,P O BOX 8157,GREENVILLE,SC,29604,1128a1,20180320,,,
,,,NEUROMUSCULAR REHABILITATION,CLINIC,,,,"7171 CORAL WAY, STE 315",MIAMI,FL,33155,1128b8,19980120,,,
,,,"NEUROSCIENCE, INC",OTHER BUSINESS,LABORATORY,,,373 28TH ST,OSCEOLA,WI,54020,1128a1,20171019,,,
,,,"NEVADA FIRST CHOICE, LLC",OTHER BUSINESS,MENTAL/BEHAVIORAL HE,1023572658,,REGISTERED AGENT,PHOENIX,AZ,85044,1128a1,20241120,,,
,,,"NEVADA STATE FAMILY SERVICES,",OTHER BUSINESS,COUNSELING CENTER,1649949124,,"3430 E FAMINGO RD, STE 348",LAS VEGAS,NV,89121,1128a1,20260120,,,
,,,NEW AGE PULMONARY DIAGNOSTICS,LABORATORY,,,,836 N WINDING BROOK LANE,WALNUT,CA,91789,1128b7,19990312,,,
,,,"NEW AGE UNLIMITED SVCS, INC",DRUG COMPANY/SUPLIER,,,,"13800 S W 8TH ST, #349",MIAMI,FL,33184,1128b8,20020919,,,
,,,"NEW BEDFORD PHARMACY, INC",PHARMACY,,,,C/O 854 TUCKER ROAD,N DARTMOUTH,MA,02747,1128a1,20061120,,,
,,,NEW DAY PHARMACY,PHARMACY,,,,C/O 13818 S W 16TH TER,MIAMI,FL,33175,1128b4,20060420,,,
,,,NEW DAY PHARMACY,OTHER BUSINESS,PHARMACY,,,"12322 EAST FREEWAY, STE B1",HOUSTON,TX,77015,1128b4,20170720,,,
,,,NEW ENGLAND NEUROLOGY MANAGMEN,CLINIC,,,,20 TREMONT ST,DUXBURY,MA,02332,1128b8,20080619,,,
,,,"NEW ENGLAND SLEEP DISORDERS, P",CLINIC,,,,20 TREMONT ST,DUXBURY,MA,02332,1128b8,20080720,,,
,,,"NEW HORIZONS OF PINELLAS, INC",CLINIC,,,,"4332 W WATERS AVE, STE 10",TAMPA,FL,33614,1128b8,19971120,,,
,,,NEW JOURNEYS IN RECOVERY,OTHER BUSINESS,SOBER HOME,1588709604,,C/O LAWRENCE GALLAGHER,PHILADELPHIA,PA,19133,1128a1,20260120,,,
,,,"NEW LIFE DIRECTIONS, INC",CLINIC,,,,119 EAST CENTRAL STREET,FRANKLIN,MA,02038,1128a1,19881021,,,
,,,NEW LIFE HOME HEALTH,HOME HEALTH AGENCY,,,,"1421 S W 8TH STREET, #4B",MIAMI,FL,33135,1128b8,19981119,,,
,,,"NEW LIFE WELLNESS CENTER, LLC",OTHER BUSINESS,MENTAL/BEHAVIORAL HE,1164013959,,"3725 E ROESER RD, STE 15",PHOENIX,AZ,85040,1128a1,20241120,,,
,,,"NEW LIFE WELLNESS FLAGSTAFF, L",OTHER BUSINESS,MENTAL/BEHAVIORAL HE,1144983180,,"3104 E CAMELBACK RD, PMB 242",PHOENIX,AZ,85016,1128a1,20241120,,,
,,,"NEW MEDICAL CENTER, INC",CLINIC,,,,5940 WEST 16TH DRIVE,HIALEAH,FL,33012,1128Aa,19971018,,,
,,,"NEW MILLENNIUM MEDICAL GROUP,",PHYSICIAN PRACTICE (,GENERAL PRACTICE,1578796678,,"3901 HOUMA BLVD, SUITE 400",METAIRIE,LA,70006,1128a1,20131219,,,
,,,"NEW PLAZA GROUP, INC",OTHER BUSINESS,ACUPUNCTURE PRACTICE,,,196-43 46TH AVENUE,FLUSHING,NY,11358,1128b8,20170518,,,
,,,NEW SHOES OF BROOKLYN INC,DME COMPANY,DME - ORTHOTICS,,,1 DEKALB AVENUE,BROOKLYN,NY,11201,1128a1,19900627,,,
,,,NEW YORK HEALTH PLAN,HEALTH MAINT ORG,,,,"445 PARK AVE, 15TH FLR",NEW YORK,NY,10022,1128a1,20011220,,,
,,,"NEW YORK HEALTH PLAN, INC",DME COMPANY,DME - GENERAL,,,115 WEST 18TH STREET,NEW YORK,NY,10011,1128b5,19970608,,,
,,,"NEW YORK PHARMACY, INC",OTHER BUSINESS,PHARMACY,1336221126,,"131 WALKER STREET, APT 50G",NEW YORK,NY,10013,1128a1,20200319,,,
,,,NEW YORK PLACEMENT RESOURCES,OTHER BUSINESS,HOME HEALTH AGENCY,,,962 OGDEN AVENUE,BRONX,NY,10452,1128a1,20120520,,,
,,,NEWAY HEALTH CARE CORP,DME COMPANY,DME - DIETARY SUPPLI,,,"2050 W 56TH ST, #32-288",HIALEAH,FL,33016,1128b8,19990720,,,
,,,"NEWPORT CENTER, INC",ADULT HOME,,,,207 NORTH AVE,BATTLE CREEK,MI,49017,1128a1,19981119,,,
,,,NEXEON MEDSYSTEMS PUERTO RICO,GOVERNMENT GRANTEE,NIH,,,"105 CARR, #21 BO MONACILLOS, S",SAN JUAN,PR,00927,1128b7,20201013,,,
,,,"NEXEON MEDSYSTEMS, INC",GOVERNMENT GRANTEE,NIH,,,1708 JAGGIE FOX WAY,LEXINGTON,KY,40511,1128b7,20201013,,,
,,,NEXUS MEDICAL SERVICES,OTHER BUSINESS,LABORATORY-IDTF,1255421541,,1621 GOFF AVENUE,CLARKSBURG,WV,26301,1128b7,20160726,,,
,,,"NFIC, INC",CLINIC,,,,C/O 408 SANIBEL COURT,NEPTUNE BEACH,FL,32266,1128b8,19981119,,,
,,,"NIANN FOOTWEAR, INC",PRIVATE CIT/ENTITY,,,,105-43 64TH AVENUE,FOREST HILLS,NY,11374,1128a1,19911231,,,
,,,NICETOWN PHARMACY,PHARMACY,,,,4201 GERMANTOWN AVENUE,PHILADELPHIA,PA,19140,1128a1,19900614,,,
,,,NICHOLE MEDICAL EQUIPMENT SUPP,DME COMPANY,,1689677130,,"2200 MICHENER ST, STE 4",PHILADELPHIA,PA,19115,BRCH SA,20070118,,,
,,,NICO FINANCIAL SERVICES,BILLING SERVICE CO,,,,"9898 BISSONNET ST, STE 422",HOUSTON,TX,77036,1128b8,20080220,,,
,,,NIEMAN PHARMACY,PHARMACY,,,,600 W 31ST STREET,CHICAGO,IL,60616,1128b5,19960619,,,
,,,"NINA TRANSPORT, INC",TRANSPORTATION CO,,,,4701 NORTH 76TH STREET,MILWAUKEE,WI,53218,1128a1,20060420,,,
,,,NINE TO NINE CHIROPRACTIC CTR,CHIROPRACTIC PRACT,,,,8086 W MCNAB ROAD,N LAUDERDALE,FL,33068,1128a1,19900412,,,
,,,NJ GOLDEN HOME CARE CORP,OTHER BUSINESS,HOME HEALTH AGENCY,1407389828,,60 SICARD STREET,NEW BRUNSWICK,NJ,08901,1128a1,20260920,,,
,,,"NMC HOMECARE, INC",HOME HEALTH AGENCY,,,,95 HAYDEN AVE,LEXINGTON,MA,02420,1128a1,20000331,,,
,,,"NMC MEDICAL PRODUCTS, INC",MANUF/LESSOR SUPP/EQ,,,,95 HAYDEN AVE,LEXINGTON,MA,02420,1128a1,20000331,,,
,,,"NNP, INC",PRIVATE CIT/ENTITY,,,,"1901 KAPIOLANI BLVD, #200",HONOLULU,HI,96826,1128b4,20060620,,,
,,,NORA HOME CARE LLC,OTHER BUSINESS,HOME HEALTH AGENCY,1174160808,,77 TWIN OAKS OVAL,SPRINGFIELD,NJ,07081,1128a1,20260920,,,
,,,NORTH & SOUTH SUPPLY SERVICES,DRUG COMPANY/SUPLIER,,,,"13800 S W 8TH ST, #348",MIAMI,FL,33184,1128b8,20020919,,,
,,,NORTH AMERICA DRUGS CORP,OTHER BUSINESS,PHARMACY,,,592 PALISADE AVENUE,TEANECK,NJ,07666,1128a1,20180520,,,
,,,NORTH BERGEN OPTOMETRY,PRIVATE CIT/ENTITY,,,,501 78TH STREET,NORTH BERGEN,NJ,07047,1128b8,19911124,,,
,,,"NORTH DELTA MEDICAL TRANS, INC",TRANSPORTATION CO,,,,"ROUTE 1, BOX 115",MANGHAM,LA,71259,1128b8,19971218,,,
,,,"NORTH FULTON MEDICAL CENTER, I",OTHER BUSINESS,CLINIC,,,3000 HOSPITAL BLVD,ROSWELL,GA,30076,1128a1,20160930,,,
,,,"NORTH STAR INDUSTRIES, INC",DME COMPANY,DME - POWER VEHICLES,,,16219 SEPTEMBER DRIVE,LUTZ,FL,33549,1128b7,20021115,,,
,,,"NORTH STAR OIL AND GAS, INC",DME COMPANY,DME - GENERAL,,,"HC 68, BOX 14A, STATE RT 47",SMITHVILLE,WV,26178,1128b7,20021115,,,
,,,"NORTHCOAST TESTING, INC",CHIROPRACTIC PRACT,,,,4720 GREAT NORTHERN BLVD,N OLMSTEAD,OH,44070,1128b8,20041020,,,
,,,NORTHEAST ARKANSAS AMBULANCE,AMBULANCE COMPANY,,,,C/O 3536 NORTH HIGHWAY 61,BLYTHEVILLE,AR,71315,1128b8,19950216,,,
,,,NORTHEAST ARKANSAS AMBULANCE,AMBULANCE COMPANY,,,,C/O 339 MISSOURI STREET,STEELE,MS,63877,1128b8,19950216,,,
,,,NORTHEAST CAB COMPANY,TRANSPORTATION CO,,,,2906 E BROADWAY,ALTON,IL,62024,1128b8,19971218,,,
,,,NORTHEAST COMMUNITY MENTAL HEA,OTHER BUSINESS,COMM MNTL HLTH CNTR,1902947211,,2152 N FRONT STREET,PHILADELPHIA,PA,19122,1128b7,20181016,,,
,,,NORTHEAST COMMUNITY MENTAL HEA,OTHER BUSINESS,COMM MNTL HLTH CNTR,1043304199,,"2927 N 5TH ST, 2ND FLR",PHILADELPHIA,PA,19133,1128b7,20181016,,,
,,,NORTHEAST DIAGNOSTIC SERVICES,LABORATORY,,,,1841 WYOMING AVE,EXETER,PA,18643,1128a1,19930310,,,
,,,NORTHEAST LINCOLN ADULT DAY AC,ADULT HOME,,,,4530 N 56TH ST,LINCOLN,NE,68504,1128b7,20070423,,,
,,,NORTHEAST MEDICAL SUPPLIES INC,DME COMPANY,,,,221 SUMMIT ST,BURLINGTON,VT,05401,1128Aa,19980824,,,
,,,NORTHEASTERN HOME HEALTH SVCS,HOME HEALTH AGENCY,,,,C/O 29 BRANDYWYN DR,MOUNTAIN TOP,PA,18707,1128a1,20030220,,,
,,,NORTHERN WISCONSIN COUNSELING,COUNSELING CENTER,,,,135 1/2 N LAKE AVENUE,PHILLIPS,WI,54555,1128a1,19890707,,,
,,,"NORTHLAND DENTAL, INC",DENTAL PRACTICE,,,,"4115 LAKE OTIS PKWY, #201",ANCHORAGE,AK,99507,1128b8,19980820,,,
,,,NORTHRIDGE DENTAL,DENTAL PRACTICE,,,,8349 RESEDA BLVD,NORTHRIDGE,CA,91325,1128b8,20031218,,,
,,,"NORTHSHORE EYE CLINIC, P A",CLINIC,,,,12970 EAST FREEWAY,HOUSTON,TX,77015,1128a1,19970129,,,
,,,NORTHSIDE MEDICAL EQUIPMENT,DME COMPANY,DME - GENERAL,,,"1201 W PEACHTREE ST, #375",ATLANTA,GA,30309,1128Aa,19940831,,,
,,,NORTHSIDE PHARMACY,PHARMACY,,,,714 BLOSSOMWOOD DR,ARLINGTON,TX,76017,1128a1,19850220,,,
,,,NORTHTOWN CHIROPRACTIC CLINIC,CHIROPRACTIC PRACT,,,,"59 E QUEEN AVE, #101",SPOKANE,WA,99207,1128b8,20030120,,,
,,,NORTHWAY PHARMACY,PHARMACY,,,,1505 BURCHFIELD ROAD,ALLISON PARK,PA,15101,1128b3,19900521,,,
,,,"NORTHWEST REGION SERVICE, INC",DME COMPANY,,,,846 EAST 26TH ST,HIALEAH,FL,33013,1128b8,19980120,,,
,,,NORTON CHIROPRACTIC CENTER,CHIROPRACTIC PRACT,,,,190 WESTERN AVE,AUGUSTA,ME,04330,1128b8,19980920,,,
,,,NORWELL FAMILY CHIROPRACTIC,CHIROPRACTIC PRACT,,,,687 MAIN ST,NORWELL,MA,02061,1128b8,20020620,,,
,,,NOVA HEALTH MEDICAL SUPPLIES,DME COMPANY,,,,5534 CORTEZ RD WEST,BRANDENTON,FL,34210,1128b8,19980420,,,
,,,NOVA PHARMACY,PHARMACY,,,,3224 N W 7TH ST,MIAMI,FL,33125,1128b8,20010220,,,
,,,"NRI GROUP, LLC",OTHER BUSINESS,SUBSTANCE ABUSE REHA,1306239116,,100 15TH STREET,GARDEN CITY,NY,11530,1128a1,20200220,,,
,,,"NTB, LTD",OTHER BUSINESS,CHIROPRACTIC PRACT,,,7177 CRIMINSON RIDGE DR,ROCKFORD,IL,61107,1128b7,20121017,,,
,,,"NU ERA TRANSPORTATION, LLC",OTHER BUSINESS,TRANSPORTATION CO,,,C/O 35 SEDGEFIELD COURT,ROCHESTER,NY,14622,1128a1,20230620,,,
,,,NURIAS LA FAMILIA PHARMACY,PHARMACY,,,,"1525 NW 3RD ST, STE 14",DEERFIELD BEACH,FL,33442,1128b4,20061019,,,
,,,"NURSERY ROAD VILLA, INC",DME COMPANY,DME - GENERAL,,,2446 NURSERY ROAD,CLEARWATER,FL,33764,1128a1,20021219,,,
,,,"NURSES BY SARA, INC",NURSING FIRM,,,,P O BOX 4490,ALBUQUERQUE,NM,87196,1128a1,20040219,,,
,,,"NURSES NOW AGENCY, INC",HOME HEALTH AGENCY,,,,931 SIPP AVENUE,EAST PATCHOGUE,NY,11772,1128a1,19960905,,,
,,,NURSES POOL HOME HEALTH CARE,HOME HEALTH AGENCY,,,,715 BRUNSWICK BLVD,SAN ANTONIO,TX,78214,1128Aa,19870413,,,
,,,NURSING & NURSES,NURSING FIRM,,,,"1010 SPRING CYPRESS, STE 107",SPRING,TX,77373,1128b8,20070920,,,
,,,"NURSING SERVICES, INC",HOME HEALTH AGENCY,,,,12951 S W 2ND TERRACE,MIAMI,FL,33184,1128b8,20010820,,,
,,,NURTURE HOME CARE SERVICES,HOME HEALTH AGENCY,,,,276 BABYLON TURNPIKE,ROOSEVELT,NY,11575,1128a1,19950316,,,
,,,"NUTCRACKER BUSINESS SVCS, INC",BILLING SERVICE CO,,,,3936 MASSACHUSSETS AVE,LA MESA,CA,91941,1128a1,20010820,,,
,,,NUTRITION AND HEALTH CARE INC,DME COMPANY,DME - DIETARY SUPPLI,,,"7171 CORAL WAY, SUITE 317",MIAMI,FL,33155,1128b8,19960215,,,
,,,"NW ADULT DAY CARE CENTER, INC",COMM MNTL HLTH CNTR,,,,1500 ROWE AVE,JACKSONVILLE,FL,32208,1128b8,20030420,,,
,,,NW ADULT DAYCARE CTR OF JACK,COMM MNTL HLTH CNTR,,,,1500 ROWE AVE,JACKSONVILLE,FL,32208,1128b8,20030420,,,
,,,"NY HEALTHFIRST PHARMACY, INC",OTHER BUSINESS,PHARMACY,1669748836,,"131 WALKER STREET, APT 50G",NEW YORK,NY,10013,1128a1,20200319,,,
,,,NYC MEDICINE SUPPLY INC,OTHER BUSINESS,PHARMACY,,,"1916 81ST STREET, APT 1",EAST ELMHURST,NY,11370,1128a1,20180520,,,
,,,"NYC PHARMACY, INC",OTHER BUSINESS,PHARMACY,1609912088,,"131 WALKER STREET, APT 50G",NEW YORK,NY,10013,1128a1,20200319,,,
,,,NYC PODIATRY P C,OTHER BUSINESS,PODIATRY PRACTICE,1598041998,,"67-15 102ND STREET, APT 6J",FORESTHILLS,NY,11375,1128a1,20190320,,,
,,,NYKO PHARMACY,PHARMACY,,,,2108 AMSTERDAM AVENUE,NEW YORK,NY,10032,1128a1,19930304,,,
,,,O & J PHARMACY INC,PHARMACY,,,,126 JACKSON ST,HEMPSTEAD,NY,11572,1128a1,20031020,,,
,,,OAK CLIFF IMAGING CENTER,RADIOLOGY FACILITY,,,,P O BOX 2023,DENTON,TX,76202,1128b8,19990720,,,
,,,"OAK FOREST NORTH, LLC",SKILLED NURSING FAC,,,,2600 REDMAN ROAD,ST LOUIS,MO,63136,1128b7,20051019,,,
,,,OAKDALE MEDICAL ASSOCIATES,DME COMPANY,DME - GENERAL,,,5301 DARLINGTON ROAD,PITTSBURGH,PA,15217,1128b8,19870408,,,
,,,OASIS PHARMACY,OTHER BUSINESS,PHARMACY,1720328453,,15020 JOSHUA ST,HESPERIA,CA,92345,1128a4,20210120,,,
,,,"OBATA CHIROPRACTIC CLINCI, P C",CHIROPRACTIC PRACT,,,,"5526 OLD NATIONAL HWY,101",COLLEGE PARK,GA,30349,1128b8,20020911,,,
,,,"OCEAN ADULT, CHILD AND FAMILY",OTHER BUSINESS,MENTAL/BEHAVIORAL HE,1902137664,,"2285 RENAISSANCE DR, #A",LAS VEGAS,NV,89119,1128b5,20130919,,,
,,,OCEAN HILLS CHIROPRACTIC,CHIROPRACTIC PRACT,,,,8405 PLAYA DEL REY 404,PLAYA DEL REY,CA,90293,1128b8,20000620,,,
,,,"OGLETHORPE, INC",OTHER BUSINESS,SUBSTANCE ABUSE REHA,,,"201 N FRANKLIN STREET, STE 191",TAMPA,FL,33602,BRCH CIA,20260630,,,
,,,OGONTZ MEDICAL CENTER,PHARMACY,,,,6060 0GONTZ AVE,PHILADELPHIA,PA,19143,1128a1,19880523,,,
,,,"OHM PHARMACY SERVICES, INC",OTHER BUSINESS,PHARMACY,,,301 HAVENDALE BLVD,AUBURNDALE,FL,33823,1128a1,20251120,,,
,,,"OHUN KWON CHIROPRACTIC, INC",CHIROPRACTIC PRACT,,,,19123 BLOOMFIELD AVE,CERRITOS,CA,90703,1128b8,20080918,,,
,,,OK MEDICAL EQUIPMENT & SUPPLY,DME COMPANY,DME - GENERAL,,,"23100 PROVIDENCE DR, SUITE 153",SOUTHFIELD,MI,48075,1128b8,20051120,,,
,,,"OKEFENOKEE EMS, INC",OTHER BUSINESS,AMBULANCE COMPANY,1598834459,,611 RIVERSIDE AVE,WAYCROSS,GA,31502,BRCH SA,20220525,,,
,,,"OLD RED HOOK PHARMACY, INC",PHARMACY,,,,376 VAN BRUNDT ST,BROOKLYN,NY,11231,1128a1,20050920,,,
,,,OLD TOWNE CHIROPRACTIC,CHIROPRACTIC PRACT,,,,29321 MAIN ST,CHISAGO CITY,MN,55013,1128b8,20051120,,,
,,,"OLIVE SLEEP & EEG, INC",OTHER BUSINESS,CLINIC,1518387760,,931 W OLIVE AVE,BURBANK,CA,91506,1128b7,20170908,,,
,,,OLIVE TREE FOSTER HOME,OTHER BUSINESS,ADULT HOME,,,94-245 PUPUKOAE STREET,HONOLULU,HI,96797,1128a1,20180220,,,
,,,OLIVET COMPREHENSIVE HUMAN SVC,PSYCHOLOGIC PRACTICE,,,,628 ST JOSEPH RD,BERRIEN SPRNGS,MI,49103,1128b7,20010411,,,
,,,"OM TSM, LLC",OTHER BUSINESS,PHARMACY,1104198688,,"14965 OLD ST AUGUSTINE RD, UNI",JACKSONVILLE,FL,32258,1128b7,20160223,,,
,,,OMEGA DME COMPANY,DME COMPANY,DME - GENERAL,,,10214 N W  125 STREET,HIALEAH GARDENS,FL,33016,1128Aa,19970218,,,
,,,"OMEGA PSYCHOLOGICAL, P C",OTHER BUSINESS,PSYCHOLOGIC PRACTICE,,,C/O P O BOX 2000,FORT DIX,NJ,08640,1128b8,20150820,,,
,,,OMEGA REIMBURSEMENT CONCEPTS,BILLING SERVICE CO,,,,"C/O 4 GATEWAY CENTER, 20T",PITTSBURGH,PA,15222,1128a1,19980820,,,
,,,"OMNI MEDICAL, P C",CLINIC,,,,1200 ROUTE 109,N LINDENHURST,NY,11757,1128b8,19891124,,,
,,,ON SITE THERAPY AND EDUCATION,OTHER BUSINESS,PHYS THERAPY PROVIDE,1215034582,,7310 SW 169TH STREET,MIAMI,FL,33457,1128a1,20141218,,,
,,,"ON-SITE IMAGING, LLC",OTHER BUSINESS,CLINIC,1942344262,,"50 U S HIGHWAY 9, SUITE 102",MORGANVILLE,NJ,07751,BRCH SA,20230208,,,
,,,"ONE ACCORD MANAGEMENT, INC",OTHER BUSINESS,MULTI-SPECIALTY,,,21707 HAWTHORNE BLVD,TORRANCE,CA,90503,1128a3,20230420,,,
,,,"ONE ACCORD MANAGEMENT, INC",OTHER BUSINESS,MULTI-SPECIALTY,,,"21707 HAWTHORNE BLVD, STE 201",TORRANCE,CA,90503,1128b5,20200618,,,
,,,"ONE STOP MEDICAL CLINIC, INC",CLINIC,,,,1312 LAKE STREET,LAKE PROVIDENCE,LA,71254,1128b8,19960606,,,
,,,ONTARIO FOOT & ANKLE CLINIC,PODIATRY PRACTICE,,,,"49 N W 1ST ST, STE 3",ONTARIO,OR,97914,1128b8,20041118,,,
,,,OPA LOCKA DRUGSTORE,PHARMACY,,,,C/O 2100 N E 211 TERRACE,N MIAMI BEACH,FL,33162,1128b8,19970710,,,
,,,"OPI PROPERTIES, INC",DME COMPANY,DME - DIETARY SUPPLI,,,5320 WEST 23RD STREET,ST LOUIS PARK,MN,55416,1128b2,20050211,,,
,,,OPIS MURRAY TRANSPORTATION,TRANSPORTATION CO,,,,15708 S WHIPPLE,MARKHAM,IL,60426,1128b8,19990617,,,
,,,"OPTICAL LAB, INC",OPTICAL PRACTICE,,,,C/O 4280 EMPRESS STREET,PALM BCH GARDENS,FL,33410,1128b8,19970306,,,
,,,"OPTIMAL SERVICES, INC",DME COMPANY,DME - POWER VEHICLES,,,742 EATON TERRACE,THE VILLAGES,FL,32162,1128a1,20051020,,,
,,,OPTIMUM FAITH LAB CORP,OTHER BUSINESS,LABORATORY,1245772748,,1360 N GREEN BAY ROAD,WAUKEGAN,IL,60085,1128b7,20250903,,,
,,,OPTIMUM HEALTH CHIROPRACTIC,CHIROPRACTIC PRACT,,,,"30111 NIGUEL RD, #D",LAGUNA,CA,92677,1128b8,20011120,,,
,,,"OPTIMUMCARE MEDICAL CTR, L L C",CLINIC,,,,444 N FREDERICK AVE,GAITHERSBURG,MD,20877,1128a1,20010920,,,
,,,OR INVESTMENT CORPORATION,CLINIC,,,,1057 WASHINGTON AVENUE,MIAMI BEACH,FL,33139,1128a1,19890213,,,
,,,"ORANGE CENTER PHARMACY, INC",PHARMACY,,,,9 OLD COLONY RD,MONROE,CT,06468,1128b8,19990318,,,
,,,ORBIT MANAGEMENT GROUP INC,OTHER BUSINESS,SOBER HOME,,,239 BRIGHTON BEACH AVENUE,BROOKLYN,NY,11235,1128a1,20200319,,,
,,,ORBIT MARKETING,OTHER BUSINESS,CLINIC,1831742246,,1604 W MILHAM AVENUE,PORTAGE,MI,49024,1128b7,20230924,,,
,,,OREM MEDICAL CORPORATION,DME COMPANY,DME - GENERAL,,,2413 HADDENBURST COURT,FALSTON,MD,21047,1128a1,19970612,,,
,,,ORLANDO FAMILY PRACTICE,CLINIC,,,,700 N HAMPTON AVE,ORLANDO,FL,32803,1128a1,19990120,,,
,,,ORLANDO RECOVERY CENTER,COUNSELING CENTER,,,,3103 W COLONIAL DR,ORLANDO,FL,32808,1128b8,19971120,,,
,,,ORPHAN MEDICAL INC,DRUG COMPANY/SUPLIER,,,,3180 PORTER DR,PALO ALTO,CA,94304,1128a3,20081218,,,
,,,ORTHOPEDIC SURGERY OF S SHORE,"MEDICAL PRACTICE, MD",,,,40 CRABTREE ROAD,QUINCY,MA,02171,1128a1,20010118,,,
,,,"ORTHOSTAT, INC",DME COMPANY,DME - GENERAL,,,"10860 76TH COURT, N STE C",LARGO,FL,33771,1128b7,20071030,,,
,,,ORTHOTIC & PROSTHETIC HEALTH S,DME COMPANY,,,,20965 28TH AVE N,HAWLEY,MN,56549,1128b8,20080820,,,
,,,ORTHOTIC & PROSTHETIC IMAGES,DME COMPANY,DME - PROSTHETICS,,,500 FRONT ST,HEMPSTEAD,NY,11550,1128b5,19970416,,,
,,,ORTHOTIC FITTERS & SERVICES,DME COMPANY,DME - ORTHOTICS,,,"37-49 91ST ST, LOWER LEV",JACKSON HGTS,NY,11372,1128b8,19940602,,,
,,,"ORTHOTIC TECHNOLOGIES LAB, INC",DME COMPANY,DME - ORTHOTICS,,,C/O 1118 PAUL AVE,SCHENECTADY,NY,12306,1128a1,19970504,,,
,,,ORZAME & ORZAME MDS PLLC,MEDICAL GROUP,,,,872 E NAPIER AVE,BENTON HARBOR,MI,49085,1128a1,19980820,,,
,,,"OSMOMEDIC, INC",DME COMPANY,DME - GENERAL,,,3610 N ARMENIA AVENUE,TAMPA,FL,33607,1128a1,19910811,,,
,,,"OSTEOPATHIC WELLNESS CENTER, L",PHYSICIAN PRACTICE (,GENERAL PRACTICE,1891026878,,"158 DANBURY ROAD, STE 6",RIDGEFIELD,CT,06877,1128b7,20150609,,,
,,,"OTC DISTRIBUTORS, INC",OTHER BUSINESS,MARKETING FIRM,,,"2962 AVENUE X, BASEMENT",BROOKLYN,NY,11235,1128a1,20220320,,,
,,,OTISMED CORPORATION,OTHER BUSINESS,MANUF/LESSOR SUPP/EQ,,,"1600 HARBOR BAY PKWY, STE 200",ALAMEDA,CA,94502,1128a3,20140916,,,
,,,OUR COMMUNITY PHARMACY,OTHER BUSINESS,PHARMACY,1205462538,,1226 N 52ND STREET,PHILADELPHIA,PA,19131,1128b7,20250919,,,
,,,"OUR HOUSE, INC",MENTAL HEALTH FAC,,,,"3690 JAMES RD, BOX 915",HANNIBAL,MO,63401,1128b4,20011120,,,
,,,"OUTREACH DIAGNOSTIC CLINIC, LL",PHYSICIAN PRACTICE (,OPHTHALMOLOGY,1902061575,,"2000 CRAWFORD S, SUITE 800",HOUSTON,TX,77002,BRCH SA,20230626,,,
,,,OUTREACH MEDICAL,DME COMPANY,,,,1920 N CLAREMONT STREET,JAMESVILLE,WI,53545,1128a1,19870824,,,
,,,OUTREACH MEDICAL INC,DME COMPANY,DME - GENERAL,1447200027,,"1000 36TH AVENUE, STE 100",MOLINE,IL,61265,1128a1,20160120,,,
,,,"OXFORD DIABETIC SUPPLY, INC",DME COMPANY,DME - DIABETIC SUPPL,1700016045,,"53 FRONTAGE ROAD, SUITE 100",HAMPTON,NJ,08827,1128b7,20160907,,,
,,,OXIGENO Y EQUIPOS MED,DME COMPANY,,,,BOX 29928 65TH INF STA,RIO PIEDRAS,PR,00919,1128b8,19870330,,,
,,,"OXY MED SERVICES, INC",DME COMPANY,DME - GENERAL,,,14 BERRY HILL RD,OYSTER BAY COVE,NY,11771,1128b8,20010920,,,
,,,"OZARK CHIROPRACTIC CLINIC, P C",CHIROPRACTIC PRACT,,,,751 N 20TH STREET,OZARK,MO,65721,1128b8,20000720,,,
,,,"P & B DISTRIBUTORS, INC",DME COMPANY,DME - GENERAL,,,168 TERRACE AVE,OREGON CITY,OR,97045,1128a3,19991118,,,
,,,"P & D SURGICAL, INC",DME COMPANY,,,,1211 FOREST RD,NEW HAVEN,CT,06515,1128b8,19990120,,,
,,,P & M MEDICAL EQUIPMENT,DME COMPANY,DME - OXYGEN,,,1090 N E 79TH ST,MIAMI,FL,33138,1128b8,20000720,,,
,,,P D MEDICAL SUPPLY,DME COMPANY,DME - GENERAL,,,3726 W SUNSET BLVD,LOS ANGELES,CA,90026,1128b8,20011018,,,
,,,"P D NUNEZ, D D S, INC",DENTAL PRACTICE,,,,1211 N DEL MAR AVE,FRESNO,CA,93728,1128b8,19990520,,,
,,,"P M O S, LLC",OTHER BUSINESS,MENTAL/BEHAVIORAL HE,1295004869,,9916 MARKHORN COURT,LAS VEGAS,NV,89149,1128a1,20250420,,,
,,,"P M R, INC",DME COMPANY,,,,142 MARION ST,DENVER,CO,80218,1128b8,19990214,,,
,,,P R MEDICAL SERVICES,DME COMPANY,,,,C/O 10331 S W 66TH TERRAC,MIAMI,FL,33173,1128b8,19971120,,,
,,,"P-CARES MEDICAL SUPPLIES, LLC",DME COMPANY,DME - GENERAL,1063967768,,"126 S COMMERCE STREET, STE 205",NATCHEZ,MS,39120,1128Aa,20260619,,,
,,,"PA PARAMEDICS, LLC",OTHER BUSINESS,AMBULANCE COMPANY,1144325762,,727 WICKER AVENUE,BENSALEM,PA,19020,1128b7,20190708,,,
,,,"PACHRE, INC",PHARMACY,,,,27450 MICHIGAN AVENUE,INKSTER,MI,48141,1128a1,19940810,,,
,,,"PACIFIC CARE MEDICAL SUPPLY, I",DME COMPANY,DME - GENERAL,,,306 CERRITOS AVE,LONG BEACH,CA,90802,1128b8,20060720,,,
,,,PACIFIC FAMILY CLINIC,CHIROPRACTIC PRACT,,,,"2625 S RAINBOW BLVD, C102",LAS VEGAS,NV,89146,1128b8,20020320,,,
,,,"PACIFIC FAMILY CLINIC, INC",CHIROPRACTIC PRACT,,,,"1101 N PACIFIC AVE, 103",GLENDALE,CA,91202,1128b8,20011120,,,
,,,PACIFICA PHARMACY CORP,OTHER BUSINESS,PHARMACY,1639281553,,"18682 BEACH BLVD, STE 115",HUNTINGTON BEACH,CA,92648,1128b4,20140520,,,
,,,PACOIMA MEDICAL SUPPLY,DME COMPANY,DME - GENERAL,,,10768 GLENDALE BLVD,PACOIMA,CA,91331,1128b8,20020418,,,
,,,"PAIN CENTER, LLC",OTHER BUSINESS,MANAGEMENT SVCS CO,,,498 WANDO PARK BLVD,MOUNT PLEASANT,SC,29464,1128a1,20240820,,,
,,,PAIN FREE DIAGNOSTICS,OTHER BUSINESS,CHIROPRACTIC PRACT,1336370097,,6944 RESEDA BLVD,RESEDA,CA,91335,1128a3,20190919,,,
,,,PAIN MANAGEMENT CENTER OF DAYT,CLINIC,,,,511 MISTY MORNING,DAYTON,OH,45429,1128b8,20040120,,,
,,,PAIN MANAGEMENT INSTITUTE LLC,OTHER BUSINESS,CLINIC,1639333859,,601 JENNINGS AVE,EUSTIS,FL,32726,1128b7,20260430,,,
,,,PAIN RELIEF MEDICAL CENTER,CHIROPRACTIC PRACT,,,,"7301 SEPULVEDA BLVD, #3",VAN NUYS,CA,91405,1128b8,20050320,,,
,,,"PAIN SPECIALISTS, P A",PHYSICIAN PRACTICE (,PAIN MANAGEMENT,1922161470,,"1907 NEW RD, STE 2",NORTHFIELD,NJ,08225,1128a1,20250720,,,
,,,"PALLADIUM HEALTHCARE, LLC",OTHER BUSINESS,HOME HEALTH AGENCY,1073842712,,16910 HARVARD AVE,CLEVELAND,OH,44128,1128a1,20150720,,,
,,,PALM BCH SPORTS MEDICINE ASSOC,CHIROPRACTIC PRACT,,,,6607 BOYNTON BEACH,BOYNTON BEACH,FL,33437,1128b8,20041220,,,
,,,PALM BEACH LIFE EXTENSION,OTHER BUSINESS,CLINIC,,,"11000 PROSPERITY FARMS RD, STE",PALM BEACH GARDENS,FL,33410,1128a4,20140720,,,
,,,"PALM BEACH TOTAL HEALTH CARE,",CLINIC,,,,"2828 S SEA CREST BLVD, #104",BOYNTON BEACH,FL,33435,1128b8,20041118,,,
,,,PALM CANYON DENTAL,DENTAL PRACTICE,,,,180 E PALM CANYON DR,PALM SPRINGS,CA,92262,1128b8,20040120,,,
,,,PALMCREST HOUSE LLC,OTHER BUSINESS,ASSISTED LIVING FACI,1568761013,,175 N MCCADDEN PL,LOS ANGELES,CA,90004,1128a2,20160519,,,
,,,"PALMETTO ADVOCATES, LLC",COUNSELING CENTER,,1447301114,,425 GRANTHAM ROAD,IRMO,SC,29063,1128b8,20091220,,,
,,,"PALMETTO MEDICAL SUPPLY, CORP",DRUG COMPANY/SUPLIER,,,,1761 S W 21ST TERRACE,MIAMI,FL,33045,1128b8,20020919,,,
,,,"PAN AMERICAN DRUGS, INC",PHARMACY,,,,C/O 1100 MIAMI CTR,MIAMI,FL,33131,1128b8,19991220,,,
,,,PANAC MEDICAL RENTALS & SALES,DME COMPANY,DME - GENERAL,,,15361 S W 43RD TERRACE,MIAMI,FL,33185,1128b8,19970101,,,
,,,PANSY NP ADULT HEALTHCARE SERV,OTHER BUSINESS,NURSING FIRM,,,"247 HARRIS ROAD, #15G0747",BEDFORD HILLS,NY,10507,1128b8,20180419,,,
,,,PARADIGM SHIFT HEALTH SERVICES,OTHER BUSINESS,MENTAL/BEHAVIORAL HE,1447729694,,"C/O TONYA MCCLEARIN, OWNER AND",LAS VEGAS,NV,89183,1128a1,20250420,,,
,,,"PARADISE TAXI CAB, INC",TRANSPORTATION CO,,,,P O BOX 1332,DADE CITY,FL,33526,1128b8,19971120,,,
,,,PARADISE VALLEY GROUP HOME LLC,OTHER BUSINESS,HOME HEALTH AGENCY,,,P O BOX 4260,BLUE GAP,AZ,86520,1128a1,20260420,,,
,,,"PARAGON MEDICAL MANAGEMENT, IN",OTHER BUSINESS,MANAGEMENT SVCS CO,,,6400 HILLCROFT STREET,HOUSTON,TX,77081,1128a1,20250720,,,
,,,"PARALLEL MANAGEMENT GROUP, INC",BILLING SERVICE CO,,,,"1122 CONEY ISLAND AVE, STE 203",BROOKLYN,NY,11230,1128a3,20080619,,,
,,,"PARAMOUNT HEALTH SYSTEMS, INC",DME COMPANY,DME - GENERAL,,,6464 N CENTRAL AVE,CHICAGO,IL,60646,1128b8,20040720,,,
,,,"PARATRANSIT ASSOCIATES, INC",TRANSPORTATION CO,,,,P O BOX 346,BETHPAGE,NY,11714,1128b5,19980120,,,
,,,PARIVAN INVALID COACH SERVICES,TRANSPORTATION CO,,,,40 BROOKSIDE ROAD,EDISON,NJ,08817,1128b5,20041118,,,
,,,PARK EAST SURGICAL EQUIPMENT,DME COMPANY,DME - GENERAL,,,2578 ATLANTIC AVE,BROOKLYN,NY,11207,1128a1,19940103,,,
,,,"PARK MANAGEMENT & REALTY, INC",PRIVATE CIT/ENTITY,,,,6330 FORT KING RD,ZEPHYRHILLS,FL,33541,1128b8,19980820,,,
,,,PARK MEDICAL CLINIC,CLINIC,,,,5025 LONGVIEW DRIVE,TROY,MI,48098,1128a1,19970730,,,
,,,"PARK PLACE HEALTHCARE,  LLC",OTHER BUSINESS,SKILLED NURSING FAC,1881206100,,535 COMMERCE STREET,GRETNA,LA,70056,1128b4,20220220,,,
,,,"PARK RIDGE ASSOCIATES, INC",SKILLED NURSING FAC,,,,"32300 NORTHWESTERN HWY, STE 23",FARMINGTON HILLS,MI,48334,1128a2,20100120,,,
,,,"PARKER CHIROPRACTIC LIFE CTR,",CHIROPRACTIC PRACT,,,,2949 TURKEY FOOT RD,AKRON,OH,44309,1128b8,20040617,,,
,,,"PARKSIDE MENTAL HEALTH, INC",MENTAL HEALTH FAC,,,,18820 WOODWARD AVE,DETROIT,MI,48221,1128a1,19981119,,,
,,,PARKVIEW PSYCHOLOGICAL SERVICE,OTHER BUSINESS,PSYCHOLOGIC PRACTICE,1306972716,,"7111 HARWIN DRIVE, STE 280",HOUSTON,TX,77036,1128b7,20140708,,,
,,,"PARTNERS, INC",DENTAL PRACTICE,,,,65 S GREEN STREET,NAZARETH,PA,18064,1128b8,20020320,,,
,,,PAS RADIOLOGY ASSOCIATES,RADIOLOGY FACILITY,,,,C/O FEDERAL PRISON CAMP,EGLIN AFB,FL,32542,1128b8,19970703,,,
,,,"PASSAGES HOSPICE, LLC",OTHER BUSINESS,HOSPICE,1386641298,,134 N MCLEAN BLVD,ELGIN,IL,60123,1128a1,20170620,,,
,,,PATIENT CARE MGMT RESOURCES,HOME HEALTH AGENCY,,,,13365 MARQUETTE AVE,ELM GROVE,WI,53122,1128b8,19991118,,,
,,,"PATILLO, INC",MENTAL HEALTH FAC,,,,13050 E OUTER DR,DETROIT,MI,48224,1128b1,19980820,,,
,,,"PATRICK J VALICENTI, D D S, P",DENTAL PRACTICE,,,,505 ROUTE 9 W,NEWBURGH,NY,12550,1128b8,20040920,,,
,,,"PATTERSON MEDICAL CLINIC, INC",PHYSICIAN PRACTICE (,GENERAL PRACTICE,1639352545,,2175 CHARBONIER ROAD,FLORISSANT,MO,63031,1128a3,20160320,,,
,,,"PAUL PICARD, INC",CONSULTING FIRM,,,,C/O 41 CIRCLE AVE,MELBOURNE,FL,32935,1128b8,20000220,,,
,,,PAUNOVIC & PAUNOVIC,DENTAL PRACTICE,,,,1 POWELTON RD,NEWBURGH,NY,12550,1128b8,20001019,,,
,,,PAYNE'S APOTHECARY,PHARMACY,,,,219 FIELDTOWN RD BOX 456,GARDENDALE,AL,35071,1128a1,19831115,,,
,,,"PCAH, INC",OTHER BUSINESS,HOME HEALTH AGENCY,1700824802,,"6960 MARTIN DRIVE, #C",NEW ORLEANS,LA,70126,1128a1,20190418,,,
,,,PEACE OF MIND COUNSELING SERVI,COUNSELING CENTER,,,,"1330 N CLASSEN BLVD, STE 316",OKLAHOMA CITY,OK,73106,1128b8,20081020,,,
,,,PEACH STATE HOME MEDICAL,DME COMPANY,,,,"1458 MERCER AVE, STE B",COLLEGE PARK,GA,30337,1128b8,19990318,,,
,,,"PEACH STATE SONOGRAPHERS, INC",RADIOLOGY FACILITY,,,,"2194 N LAKE PKWY, 11, 101",TUCKER,GA,30084,1128b8,20010920,,,
,,,PEARLAND OPTICAL,OPTICAL PRACTICE,,,,3219 E BROADWAY,PEARLAND,TX,77581,1128a1,19860505,,,
,,,"PECK & CHASE SHOES, INC",DME COMPANY,,,,163 ORCHARD STREET,NEW YORK,NY,10013,1128a1,19920227,,,
,,,PEDIAPLUS MEDICAL CENTER,DOCTOR OWNED ENTITY,,,,1401 W SPRING ST,MONROE,GA,30655,1128b8,20021020,,,
,,,PEDIATRIC & FAMILY HEALTH,CLINIC,,,,"3970 W FLAGLER ST, STE 20",MIAMI,FL,33134,1128b8,19980120,,,
,,,PEDIATRIC ASSOCIATES OF THOMAS,OTHER BUSINESS,CLINIC,1689884694,,210 HANNAHS MILL RD,THOMASTON,GA,30286,1128b8,20111020,,,
,,,"PEMBROKE MEDICAL LAB, INC",LABORATORY,,,,P O BOX 245726,PEMBROKE PINES,FL,33024,1128b8,20010820,,,
,,,"PENINSULA BRACE & LIMB, INC",DME COMPANY,,,,C/O 16028 EAGLE RIVER WAY,TAMPA,FL,33624,1128Aa,19980219,,,
,,,"PENINSULA BRACE & LIMB, INC",DME COMPANY,,,,C/O 16028 EAGLE RIVER WAY,TAMPA,FL,33624,1128a1,19970811,,,
,,,PENN CHOICE AMBULANCE,OTHER BUSINESS,AMBULANCE COMPANY,1457645343,,"9301 NEIL RD, UNIT B",PHILADELPHIA,PA,19115,1128a1,20150618,,,
,,,PENNACLE REHAB SERVICES OF FLO,REHAB FACILITY - GEN,,,,"P O BOX 779800, FCI #55849-004",MIAMI,FL,33177,1128b8,20060620,,,
,,,PENTOWN PHARMACY,PHARMACY,,,,1500 LINCOLN AVENUE,PITTSBURGH,PA,15206,1128b3,19890425,,,
,,,PEOPLE CHOICE HOME CARE INC,OTHER BUSINESS,HOME HEALTH AGENCY,,,430 MORRIS AVENUE,ELIZABETH,NJ,07208,1128b8,20170518,,,
,,,PEOPLE MOVER INC,TRANSPORTATION CO,,,,C/O 6909 SOUTH OLIVE WAY,ENGLEWOOD,CO,80112,1128a1,19971007,,,
,,,"PEOPLE'S CHIROPRACTIC, INC",CHIROPRACTIC PRACT,,,,4720 GREAT NORTHERN BLVD,N OLMSTEAD,OH,44070,1128b8,20041020,,,
,,,PEOPLE'S CHOICE SURGICAL SUPPL,DME COMPANY,DME - GENERAL,,,C/O 224 CHADMORE LANE,TYRONE,GA,30290,1128a1,20100520,,,
,,,PEOPLE'S DENTURE CENTER,PRIVATE CIT/ENTITY,,,,306 12TH AVENUE S,NAMPA,ID,83651,1128b8,20100520,,,
,,,PEREZ-MEDINA BILLING CO INC,BILLING SERVICE CO,,,,"C/O P O BOX 019120, #4967",MIAMI,FL,33101,1128b8,19981220,,,
,,,PERFECT GIFT US INC,OTHER BUSINESS,PHARMACY,1669522983,,397 MOTHER GASTON BLVD,BROOKLYN,NY,11212,1128a1,20160120,,,
,,,PERFECT HEALTH & BEAUTY CLINIQ,MEDICAL GROUP,,,,134 MARY'S CHAPEL COURT,OSPREY,FL,34229,1128b8,20050420,,,
,,,PERFECT NURSING HOME HEALTH,HOME HEALTH AGENCY,,,,"5545 S W 8TH ST, STE 210",MIAMI,FL,33134,1128b8,20010820,,,
,,,PERFORMANCE HEALTH OF BRIDGEPO,CLINIC,,,,"3180 MAIN ST, STE 304",BRIDGEPORT,CT,06606,1128a1,20071018,,,
,,,PERFORMANCE MEDICAL,DME COMPANY,DME - GENERAL,,,"13151 MAGISTERIAL DR, STE 101",LOUISVILLE,KY,40223,1128b8,20101020,,,
,,,PERFORMANCE MEDICAL & REHAB CE,OTHER BUSINESS,MULTI-SPECIALTY,1619113677,,"27707 HAWTHORNE BLVD, STE 201",TORRANCE,CA,90503,1128b5,20200618,,,
,,,PERFORMANCE MEDICAL & REHAB CE,OTHER BUSINESS,MULTI-SPECIALTY,1619113677,,"21707 HAWTHORNE BLVD, SUITE 20",TORRANCE,CA,90503,1128a3,20230420,,,
,,,PERRY COUNTY HOME HEALTH,HOME HEALTH AGENCY,,,,"C/O CALLER BOX 8004, 0626",GOLDSBORO,NC,27533,1128b8,19980420,,,
,,,"PERRY RUDICH, M D, S C",PHYSICIAN PRACTICE (,RADIOLOGY,1073700209,,2600 BOB-O-LINK LANE,NORTHBROOK,IL,60062,1128b7,20231215,,,
,,,"PERSONAL COMFORT, INC",AMBULANCE COMPANY,,,,P O BOX 126,NEWARK,NJ,07101,1128b8,19911230,,,
,,,"PETER J EMBRIANO, M D, P C","MEDICAL PRACTICE, MD",,,,C/O 40 HALLIE LANE,SOMERS,CT,06071,1128b7,19980728,,,
,,,PETER V BOESEN MD & ASSOCIATES,CLINIC,,,,"1000 73RD ST, STE 18",DES MOINES,IA,50311,1128b8,20080320,,,
,,,"PETERSON ENTERPRISES,INC.",ADULT HOME,,,,1500 W 3RD AVE,COLUMBUS,OH,43212,1128a1,19981119,,,
,,,"PETRA HEALTH CARE, LLC",OTHER BUSINESS,HOME HEALTH AGENCY,1598175671,,55 MIDDLESEX STREET,NORTH CHELMSFORD,MA,01863,1128a1,20240118,,,
,,,"PHARM-ASSIST, INC",PHARMACY,,,,C/O 7819 N W 228TH STREET,RAIFORD,FL,32026,1128b8,20041020,,,
,,,PHARMACADE PHARMACY INC,OTHER BUSINESS,PHARMACY,1477543189,,45 HALE PL,TAPPAN,NY,10983,1128b8,20181120,,,
,,,"PHARMACARE, INC",PHARMACY,,,,25 TENBY COURT,LUTHERVILLE,MD,21093,1128a1,20011018,,,
,,,"PHARMACIA AND UPJOHN COMPANY,",DRUG COMPANY/SUPLIER,,,,235 EAST 42ND ST,NEW YORK,NY,10017,1128a3,20080918,,,
,,,"PHARMACIST RUS, INC",PHARMACY,,,,607 PALM BAY LANE,MIAMI,FL,33138,1128b8,20031020,,,
,,,"PHARMASAN LABS, INC",OTHER BUSINESS,LABORATORY,1760576755,,375 280TH STREET,OSCEOLA,WI,54020,1128b8,20190120,,,
,,,"PHARMEX PHARMACY, LLC",OTHER BUSINESS,PHARMACY,1487884060,,C/O 1887 54TH STREET,BROOKLYN,NY,11204,BRCH SA,20201113,,,
,,,PHELPS COUNTY HEALTH/WELLNESS,CLINIC,,,,1210 HIGHWAY 72 E,ROLLA,MO,65401,1128b7,20011107,,,
,,,"PHENOMENAL ANGELS, LLC",OTHER BUSINESS,MENTAL/BEHAVIORAL HE,1477908275,,"3380 E RUSSELL ROAD, STE 104",LAS VEGAS,NV,89120,1128a1,20220818,,,
,,,PHILLIP KIM CHIROPRACTIC CENTE,OTHER BUSINESS,CHIROPRACTIC PRACT,,,"520 S VIRGIL AVE, STE 204",LOS ANGELES,CA,90020,1128b4,20140520,,,
,,,PHLEBOLOGIC INSTITUTE OF THE M,CLINIC,,,,C/O 4721 BLACK SWAN DR,SHAWNEE MISSION,KS,66216,1128b8,20070820,,,
,,,PHOENIX AUTOMATED MEDICAL SERV,DME COMPANY,DME - GENERAL,,,"526 SUPERIOR AVE E, #711",CLEVELAND,OH,44114,1128b8,20071018,,,
,,,PHOENIX MEDICAL CORP,HOME HEALTH AGENCY,,,,"1140 N E 163RD ST, STE 7",MIAMI,FL,33162,1128a1,19940203,,,
,,,"PHOENIX TREATMENT CTR, P C",CHIROPRACTIC PRACT,,,,7150 NORTH 7TH STREET,PHOENIX,AZ,85020,1128b8,19991220,,,
,,,"PHYSICAL & SPORTS THERAPY, INC",CLINIC,,,,2404 MONTGOMERY ST,WILSON,NC,27983,1128a1,19980319,,,
,,,PHYSICAL THERAPY & REHAB,CLINIC,,,,"207 4TH STREET, S E",FT WALTON BEACH,FL,32549,1128b8,19991020,,,
,,,PHYSICAL THERAPY & REHAB,CLINIC,,,,"3970 W FLAGLER ST, STE 20",MIAMI,FL,33134,1128b8,19980120,,,
,,,"PHYSICIAN HOME SERVICES, INC",CLINIC,,,,419 S 5TH STREET,DESOTO,MO,63020,1128a1,20100120,,,
,,,"PHYSICIAN'S 1ST CHOICE, INC",CLINIC,,,,C/O 4301 BLUE WATER POINT,HOMOSASSA SPRNGS,FL,34448,1128Aa,19971010,,,
,,,PHYSICIAN'S ANALYTICAL SERVICE,OTHER BUSINESS,MANAGEMENT SVCS CO,1932218609,,"P O BOX 26020, #31662-034",BEAUMONT,TX,77720,1128a3,20120820,,,
,,,"PHYSICIAN'S SERVICE GROUP, INC",MEDICAL GROUP,,,,7925 S W 154 TERRACE,MIAMI,FL,33157,1128b8,19990819,,,
,,,"PHYSICIANS HEALTH CARE, INC",CLINIC,,,,"1050 S E MONTEREY RD, #101",STUART,FL,34994,1128b8,20051220,,,
,,,"PHYSICIANS HEALTH MED-CARE, IN",MEDICAL GROUP,,,,241 S W 113TH TERRACE,PEMBROKE PINES,FL,33009,1128b8,20051220,,,
,,,"PHYSICIANS MED-CARE, INC",MEDICAL GROUP,,,,"8150 S W 8TH ST, #113",MIAMI,FL,33144,1128b8,20051220,,,
,,,"PHYSICIANS PRIMARY CARE, PLLC",PHYSICIAN PRACTICE (,FAMILY PRACTICE,1033510664,,3922 S DUPONT SQUARE,LOUISVILLE,KY,40207,1128a1,20240520,,,
,,,PICKENS EYE CLINIC,OTHER BUSINESS,CLINIC,1508900879,,360 W CHURCH STREET,JASPER,GA,30143,1128b8,20110920,,,
,,,PICO MEDICAL PRODUCT,DME COMPANY,DME - GENERAL,,,3802 W PICO BLVD,LOS ANGELES,CA,90006,1128b5,20010220,,,
,,,PIEDMONT AMBULANCE SERVICE,AMBULANCE COMPANY,,,,806 MAIN STREET,DANVILLE,VA,24541,1128a1,19890620,,,
,,,PIERCE HOME HEALTH AGENCY,HOME HEALTH AGENCY,,,,720 - 9TH AVENUE NORTH,BUHL,ID,83316,1128b5,19920528,,,
,,,PIERCE'S PHARMACY,PHARMACY,,,,P O BOX 473,DOVER,DE,19903,1128a1,19910317,,,
,,,"PIERRE PILOVETZKY, MD, INC",CLINIC,,,,"9468 MAGNOLIA AVE, #63",RIVERSIDE,CA,92503,1128b8,20080918,,,
,,,PINE TREE THERAPEUTIC MASSAGE,CLINIC,,,,"629 SENTRY WAY, #5",NEW PORT RICHEY,FL,34653,1128b4,20070620,,,
,,,PIONEER DRUG INC,PHARMACY,,,,"P O BOX 517, MAIN ST",PARSHALL,ND,58770,1128b5,20030919,,,
,,,PIONEER REHABILIATION AGENCY,REHAB FACILITY - GEN,,,,P O BOX 31682,AURORA,CO,80041,1128b6,19870615,,,
,,,PLAINS DRUGS,PHARMACY,,,,P O BOX 277,TELLICO PLAINS,TN,37385,1128a1,19880526,,,
,,,"PLANO MARKETING, INC",DME COMPANY,DME - GENERAL,,,2810 WENTWOOD DRIVE,GRAPEVINE,TX,76051,1128b8,19950405,,,
,,,PLASMA PRODUCTS INC,DME COMPANY,,,,8121 WOOD CREST,GROSSE ILE,MI,48138,1128a1,19831219,,,
,,,PLATINUM HEALTH CARE,CLINIC,,,,"101 W 14TH ST, STE 202",GREENVILLE,NC,27834,1128b8,19971007,,,
,,,PLAZA DISCOUNT DRUGS,PHARMACY,,,,"2533 GRESHAM ROAD, S E",ATLANTA,GA,30316,1128b8,19941006,,,
,,,"PLAZA MEDI GROUP, INC",OTHER BUSINESS,ACUPUNCTURE PRACTICE,,,"C/O P O BOX 2000, #85935-053",JOINT BASE MDL,NJ,08640,1128b8,20170518,,,
,,,PLAZA REXALL PHARMACY,PHARMACY,,,,1175 GLENDALE DRIVE,SALT LAKE CITY,UT,84104,1128a1,19881115,,,
,,,PLEASANT MANOR NURSING HOME,SKILLED NURSING FAC,,,,HIGHWAY 35 EAST,WAXAHACHIE,TX,75165,1128a1,19880708,,,
,,,"PLEASANT RUN PODIATRY, INC",PODIATRY PRACTICE,,,,11740 HAMILTON AVE,CINCINNATI,OH,45231,1128b8,20040219,,,
,,,PLYMOUTH ROAD DENTAL,DENTAL PRACTICE,,,,20720 PLYMOUTH RD,DETROIT,MI,48282,1128a1,20100218,,,
,,,"PM CONSULTING GROUP, INC",DME COMPANY,DME - ORTHOTICS,,,"13014 N DALE MABRY HWY, #327",TAMPA,FL,33614,1128b7,20020715,,,
,,,"PMC MANAGEMENT COMPANY, LLC",OTHER BUSINESS,CLINIC,,,555 CONKINNON DRIVE,LENOIR CITY,TN,37772,1128b7,20180123,,,
,,,PO TRANSPORTATION LLP,TRANSPORTATION CO,,,,"3675 S DALLAS ST, G-207",AURORA,CO,80014,1128b8,20110620,,,
,,,POCONO IMMEDIATE MEDICAL CARE,CLINIC,,,,P O BOX 590,STROUDSBURG,PA,18360,1128b8,19960215,,,
,,,"POINT PHARMACY, LLC",OTHER BUSINESS,PHARMACY,1942295746,,45 HALE PL,TAPPAN,NY,10983,1128b8,20181120,,,
,,,"POLY-MED CONSULTANTS, INC",CONSULTING FIRM,,,,25880 IVANHOE,HUNTINGTON WOOD,MI,48070,1128a1,19920301,,,
,,,POMONA ALCOHOL AND DRUG RECOVE,OTHER BUSINESS,MENTAL/BEHAVIORAL HE,1548531064,,558 N TOWNE AVE,POMONA,CA,91767,1128a1,20170920,,,
,,,"PONY SYSTEMS LIMITED, INC.",TRANSPORTATION CO,,,,15330 S WOOD ST,HARVEY,IL,60426,1128b7,20000630,,,
,,,"PORT HURON CLINIC, P C",CLINIC,,1093756934,,"18597 W 10 MILE RD, #2",SOUTHFIELD,MI,49075,1128a1,20090920,,,
,,,PORTILLO CHIROPRACTIC,CHIROPRACTIC PRACT,,,,"1790 WINCHESTER BLVD, #4",CAMPBELL,CA,95008,1128b8,20000620,,,
,,,"POSITIVE CARE PHARMACY, INC",PHARMACY,,,,502A E TREMONT AVE,BRONX,NY,10457,1128b5,20090420,,,
,,,POSITIVE HOME OXYGEN,DME COMPANY,,1881789741,,1223 WASHINGTON ST,FRANKLINTON,LA,70438,1128a1,20090724,,,
,,,POSTIGLIONE PHARMACY,PHARMACY,,,,147 IRVING AVE,PORT CHESTER,NY,10573,1128a1,20060720,,,
,,,POTTSBORO DRUG,PHARMACY,,,,HIGHWAY 120 WEST,POTTSBORO,TX,75076,1128b8,19940228,,,
,,,POWER OF HOPE LLC,OTHER BUSINESS,MENTAL/BEHAVIORAL HE,,,11311 W CITRUS GROVE WAY,AVONDALE,AZ,85392,1128a1,20250720,,,
,,,POWERFUL MINDS MENTAL HEALTH L,OTHER BUSINESS,PSYCHOLOGIC PRACTICE,1649854126,,10761 MUSCARI WAY,LAS VEGAS,NV,89141,1128a1,20260420,,,
,,,POWERMEDICA,PHARMACY,,,,"600 W HILLSBORO BLVD, #104",DEERFIELD BEACH,FL,33441,1128b4,20060518,,,
,,,"PRACTICE SOLUTIONS, INC",CONSULTING FIRM,,,,4010 MUIRFIELD DR,PRESTO,PA,15142,1128a3,20070719,,,
,,,"PRAIRIE PHARMACY, INC",PHARMACY,,,,8920 WILSHIRE BOULEVARD,BEVERLY HILLS,CA,90211,1128a1,19900730,,,
,,,PRAISE DME SUPPLIES,DME COMPANY,,1487739967,,"6201 BONHOMME RD, STE 187N",HOUSTON,TX,77036,1128b8,20090120,,,
,,,"PRAISE HEALTHCARE, INC",CHIROPRACTIC PRACT,,,,4720 GREAT NORTHERN BLVD,N OLMSTEAD,OH,44070,1128b8,20041020,,,
,,,"PRECIOUS TRANSIT, LLC",OTHER BUSINESS,TRANSPORTATION CO,,,9746 W APPLETON AVE,MILWAUKEE,WI,53225,1128a1,20130320,,,
,,,PRECISE MEDICAL LABORATORIES,LABORATORY,,,,"C/O 40 PATERSON ST, BOX 4",NEW BRUNSWICK,NJ,08903,1128b8,19971006,,,
,,,"PRECISION PHYSICAL THERAPY, IN",CLINIC,,1588846836,,1925 VALLEY VIEW COURT,HURON,SD,57350,1128b8,20110720,,,
,,,PREDDY'S FUNERAL HOME,AMBULANCE COMPANY,,,,BOX 321 MAIN STREET,ORANGE,VA,22942,1128a1,19880617,,,
,,,PREDDY'S FUNERAL HOME,AMBULANCE COMPANY,,,,BOX 714,GORDONVILLE,VA,22942,1128a1,19880617,,,
,,,"PREFERRED DIAGNOSTICS, INC",CLINIC,,,,"1025 S SEMORAN BLVD, #109",WINTER PARK,FL,32792,1128b8,19980120,,,
,,,PREFERRED MEDICAL EQUIPMENT,DME COMPANY,,,,2526B TAMPA BAY BLVD,TAMPA,FL,33607,1128b8,19990120,,,
,,,"PREFERRED MEDICAL, INC",COUNSELING CENTER,,,,2300 PEACHFORD RD,ATLANTA,GA,30338,1128b8,19990120,,,
,,,PREFERRED TRANSPORTATION,TRANSPORTATION CO,,,,C/O SEMINOLE A-PMB 7007,MARIANNA,FL,32446,1128b8,19980120,,,
,,,"PREMIER CONSULTING COMPANY, IN",MANAGEMENT SVCS CO,,,,7905 SHERWOOD GLEN,BLOOMFIELD HILLS,MI,48302,1128a1,20090920,,,
,,,"PREMIER DENTAL, P C",OTHER BUSINESS,DENTAL PRACTICE,1962651687,,1155 BROADWAY,BROOKLYN,NY,11221,1128a1,20140720,,,
,,,"PREMIER DIAGNOSTIC LAB, INC",OTHER BUSINESS,LABORATORY,,,8964 ARROWLEAF CIRCLE,CORONA,CA,91719,1128b7,20000921,,,
,,,"PREMIER MED SERVICES, INC",OTHER BUSINESS,PHARMACY,1972864460,,"11207 S LA CIENEGA BLVD, STE 1",LOS ANGELES,CA,90045,1128a1,20211029,,,
,,,PREMIER MEDICAL CENTER,DME COMPANY,,,,2503 S W 27TH AVE,MIAMI,FL,33133,1128b8,19980420,,,
,,,"PREMIUM HEALTH GROUP, INC",DME COMPANY,DME - GENERAL,,,6108 MIRAMAR PKWY,MIRAMAR,FL,33023,1128b7,20060127,,,
,,,"PRESCRIPTION SERVICES, INC",PHARMACY,,,,17868 BELLOWS FALLS COURT,SOUTH BEND,IN,46614,1128a3,20040520,,,
,,,PRESTIGE TAXI,TRANSPORTATION CO,,,,C/O 903 WYNNDALE WAY,LANTANA,FL,33462,1128b8,19970708,,,
,,,"PRETTY IN PINK BOUTIQUE, INC",DME COMPANY,DME - PROSTHETICS,1902423684,,2300 GEORGGE DIETER DRIVE,EL PASO,TX,79936,1128Aa,20260622,,,
,,,"PREVENTION PHYSICAL THERAPY, I",CLINIC,,,,P O BOX 780,PORTAGE,MI,49081,1128a3,20040405,,,
,,,"PREVENTIVE MEDICENTER, INC",CLINIC,,,,"1350 S W 57TH AVE, STE 20",MIAMI,FL,33144,1128b8,19990120,,,
,,,PREVENTIVE MEDICINE ASSOCIATES,BOARDING HOME,,,,1312 FEDERAL STREET,PITTSBURGH,PA,15212,1128a1,19900122,,,
,,,PREVENTIVE MEDICINE ASSOCIATES,PHYSICIAN PRACTICE (,FAMILY PRACTICE,1871759498,,"59 TEMPLE PLACE, SUITE 612",BOSTON,MA,02111,1128a1,20150920,,,
,,,PRIARIE HILLS FOR THE ELDERLY,ADULT HOME,,,,R R BOX 567,BELLE FOURCHE,SD,57717,1128b8,19971007,,,
,,,PRICE MEDICAL TRANSPORTATION,TRANSPORTATION CO,,,,C/O P O BOX 2149,BRYAN,TX,77805,1128b8,19991020,,,
,,,"PRIME CARE SERVICES, INC",HOME HEALTH AGENCY,,,,"P O BOX 8000, FCI",BRADFORD,PA,16701,1128a1,20050220,,,
,,,"PRIME CARE, INC",DME COMPANY,DME - DIETARY SUPPLI,,,"18524 NW 67TH AVE, #258",MIAMI,FL,33015,1128b8,19990720,,,
,,,PRIME QUALITY MEDICAL SVCS,DME COMPANY,DME - GENERAL,,,500 ORANGE AVE CIRCLE,BELLE GLADE,FL,33430,1128b8,20020718,,,
,,,PRINCESS RX INC,OTHER BUSINESS,PHARMACY,1942339734,,2061 ATLANTIC AVENUE,BROOKLYN,NY,11212,1128a1,20160120,,,
,,,PRINCIPAL NURSING SERVICES,HOME HEALTH AGENCY,,,,"C/O 2650 SW 27TH AVE, 2ND",MIAMI,FL,33133,1128Aa,19950910,,,
,,,"PRINCIPAL PHARMACY, INC",PHARMACY,,,,387 W 29TH STREET,HIALEAH,FL,33012,1128a1,19900507,,,
,,,"PRINCIPLE MEDICAL MGMT, INC",BILLING SERVICE CO,,,,"6464 N SUNSET BLVD, #850",HOLLYWOOD,CA,90028,1128b8,20030520,,,
,,,"PRIORITY HEALTH CARE SERVICES,",OTHER BUSINESS,COUNSELING CENTER,1467698340,,2023 W COMPTON BLVD,COMPTON,CA,90220,1128a1,20170720,,,
,,,PRIORITY OXYGEN & MEDICAL EQPT,DME COMPANY,DME - GENERAL,,,"5639 PARK ST, N",ST PETERSBURG,FL,33709,1128b7,20011214,,,
,,,PRIVATE CLINIC LABS,LABORATORY,,,,"275 CARPENTER DR N E, 310",ATLANTA,GA,30328,1128b8,20010620,,,
,,,"PRO CARE OF FULTON, INC",CLINIC,,,,"2945 STONE HOGAN, STE 213",ATLANTA,GA,30331,1128b8,19970903,,,
,,,PRO MED ALLIANCE MEDICAL STAFF,OTHER BUSINESS,MANAGEMENT SVCS CO,1790248557,,"4905 SW 319TH LN, APT D204",FEDERAL WAY,WA,98023,1128a1,20250918,,,
,,,"PRO MED SERVICES, INC",DME COMPANY,DME - POWER VEHICLES,,,742 EATON TERRACE,THE VILLAGES,FL,32162,1128a1,20050920,,,
,,,"PRO MEDEX, INC",DME COMPANY,DME - GENERAL,1922163468,,136-71 41ST AVE,FLUSHING,NY,11355,1128b5,20171019,,,
,,,PRO-VENTION CHIROPRACTIC PC,CHIROPRACTIC PRACT,,,,2135 MISSISSIPPI BLVD,BETTENDORF,IA,52722,1128b8,20061019,,,
,,,"PROCARE MEDICAL SUPPLIERS, INC",DME COMPANY,DME - WOUND CARE KIT,,,C/O 221 SOUTH RIDGE ROAD,LAKE FOREST,IL,60062,1128b7,19971031,,,
,,,"PRODIGY HEALTHCARE, INC",PHYSICIAN PRACTICE (,RADIOLOGY,1215980594,,"621 NORTH AVE, STE C-30",ATLANTA,GA,30354,1128b2,20140716,,,
,,,PROF MED RESOURCES OF OREGON,HOME HEALTH AGENCY,,,,142 MARION ST,DENVER,CO,80218,1128b8,19990214,,,
,,,"PROFESSIONAL CARE, INC",PRIVATE CIT/ENTITY,,,,125 EAST BETHPAGE ROAD,PLAINVIEW,NY,11803,1128a1,19891213,,,
,,,PROFESSIONAL CASE MANAGEMENT,INTER CARE FACILITY,,,,6110 WILLOW HIGHWAY,LANSING,MI,48917,1128a1,19990720,,,
,,,PROFESSIONAL CLINIC MANAGEMENT,MANAGEMENT SVCS CO,,,,1401 DUDLEY AVENUE,TEXARKANA,AR,71854,1128a1,20080520,,,
,,,PROFESSIONAL CORPORATIONS MANA,MANAGEMENT SVCS CO,,,,"5967 TELEGRAPH RD, STE C",TOLEDO,OH,43612,1128b7,20080215,,,
,,,"PROFESSIONAL DIAGNOSTIC, INC",CLINIC,,,,"7171 CORAL WAY, STE 305",MIAMI,FL,33155,1128b8,19970803,,,
,,,PROFESSIONAL HEALTH RESOURCES,HOME HEALTH AGENCY,,,,142 MARION ST,DENVER,CO,80218,1128b8,19990214,,,
,,,PROFESSIONAL MEDICAL BILLERS,BILLING SERVICE CO,,,,P O BOX 2023,DENTON,TX,76202,1128b8,19990819,,,
,,,PROFESSIONAL MEDICAL CARE SVCS,HOME HEALTH AGENCY,,,,1000 N W 129TH STREET,MIAMI,FL,33168,1128a1,19900412,,,
,,,"PROFESSIONAL MEDICAL CARE, INC",CLINIC,,,,"7221 CORAL WAY, #213",MIAMI,FL,33155,1128b8,20000518,,,
,,,"PROFESSIONAL MEDICAL CTR, INC",CLINIC,,,,12271 S W 6TH ST,MIAMI,FL,33184,1128b8,20020820,,,
,,,PROFESSIONAL MEDICAL RESOURCES,DME COMPANY,,,,142 MARION ST,DENVER,CO,80218,1128b8,19990214,,,
,,,PROFESSIONAL MEDICAL TRANSPORT,TRANSPORTATION CO,,,,"2001 RICKABAUGH DR, #56074-179",BIG SPRING,TX,79720,1128b8,20080320,,,
,,,PROFESSIONAL PHARM OF FRAMING,PHARMACY,,,,11 CONCORD STREET,FRAMINGHAM,MA,01701,1128a1,19910109,,,
,,,PROFESSIONAL PHARMACY,PHARMACY,,,,310 S PALM AVENUE,PALATKA,FL,32301,1128a1,19870722,,,
,,,"PROFESSIONAL SERVICES SUPPLY,",DME COMPANY,DME - GENERAL,,,1840 W 49 STREET,HIALEAH,FL,33012,1128b8,20061220,,,
,,,PROGRESSIVE BILLING & MGMT SVC,BILLING SERVICE CO,,,,6438 S W 23RD STREET,MIAMI,FL,33155,1128b8,19970130,,,
,,,PROGRESSIVE CARE AMBULANCE SVC,AMBULANCE COMPANY,,,,C/O P O BOX 536,JESSUP,MD,20794,1128a1,20000920,,,
,,,PROGRESSIVE CARE MED & SURGICA,CLINIC,,,,C/O P O BOX 7006,MARIANNA,FL,32447,1128b8,19990819,,,
,,,PROGRESSIVE HEALTH CARE SERVIC,OTHER BUSINESS,HOME HEALTH AGENCY,1790912178,,"2852 BOUDINOT AVE, STE 202",CINCINNATI,OH,45238,1128a1,20220519,,,
,,,PROGRESSIVE HEALTH CHIROPRACT,CHIROPRACTIC PRACT,,,,530 W VISTA WAY,VISTA,CA,92083,1128b8,20011120,,,
,,,"PROGRESSIVE SERVICES, INC",COUNSELING CENTER,,,,"4001 N CLASSEN BLVD, STE 118",OKLAHOMA CITY,OK,73118,1128b8,20071018,,,
,,,"PROHEALTH NEURODIAGNOSTIC, INC",OTHER BUSINESS,CLINIC,1396070603,,6613 COLUMBUS AVENUE,VAN NUYS,CA,91405,1128b7,20171024,,,
,,,"PROMETEO COUNSELING CTR, INC",COUNSELING CENTER,,,,1720 SW 8TH ST,MIAMI,FL,33135,1128b8,20001019,,,
,,,"PROMETO COUNSELING CENTER, INC",COUNSELING CENTER,,,,1720 S W 8TH ST,MIAMI,FL,33135,1128b8,20000518,,,
,,,PRONTO MEDICAL EQUIPMENT,DME COMPANY,DME - GENERAL,,,BOX 29928 65 INF STA,RIO PIEDRAS,PR,00828,1128b8,19870316,,,
,,,PROPELLED THERAPEUTIC SERVICES,MENTAL HEALTH FAC,COUNSELOR,,,18820 WOODWARD AVE,DETROIT,MI,48203,1128a1,20030820,,,
,,,PROSTHETIC ORTHOTIC AND PEDORT,DME COMPANY,DME - PROSTHETICS,1275571671,,1157 MADISON AVE,MEMPHIS,TN,38104,1128a1,20071206,,,
,,,PROVIDENT HOME HEALTH CARE SER,HOME HEALTH AGENCY,,,,4312 EAGLE ROCK BLVD,LOS ANGELES,CA,90041,1128b7,20050601,,,
,,,"PSL COMMUNITY CARE CTR, INC",HOME HEALTH AGENCY,,,,"3659 MAGUIRE BLVD, #100",ORLANDO,FL,32803,1128b8,20020919,,,
,,,PSYCHIATRIC CLINIC OF MUSKOGEE,CLINIC,,,,"333 SOUTH 36TH STREET, SU",MUSKOGEE,OK,74401,1128b8,19920301,,,
,,,PSYCHIATRIC PROFESSIONAL GROUP,PSYCHOLOGIC PRACTICE,,,,26777 LORAIN RD,N OLMSTEAD,OH,44070,1128b8,20020220,,,
,,,"PSYCHIATRIC SERVICES, INC",MENTAL HEALTH FAC,,,,215 SUMMER STREET,HAVERHILL,MA,01830,1128a1,19880219,,,
,,,"PSYCHIATRY ASSOCIATES, INC",MENTAL HEALTH FAC,,,,205 QUINCY STREET,BROCKTON,MA,02402,1128a1,19880512,,,
,,,"PSYCHOLOGICAL SOLUTIONS, INC",PRINTING FIRM,,,,C/O 2764 VISTA DEL ORO,CARLSBAD,CA,92009,1128a1,20070719,,,
,,,"PTD, INC",DOCTOR OWNED ENTITY,,,,4962 MAGNOLIA,ST LOUIS,MO,63139,1128a1,19871203,,,
,,,PUBLIC GUARDIAN OF WEST MICHIG,INTER CARE FACILITY,,,,28840 63RD ST,BANGOR,MI,49013,1128a1,20000920,,,
,,,"PULMONARY ANALYTIC LABS, INC",LABORATORY,,,,"3454 OAK ALLEY CT, #308",TOLEDO,OH,43606,1128b7,20030314,,,
,,,PULMONARY THERAPEUTIC CONSULT,DME COMPANY,DME - GENERAL,,,HARTLEY ROUTE BOX 35,DUMAS,TX,79029,1128a1,19880226,,,
,,,"PULSUS MEDICAL, LLC",GOVERNMENT GRANTEE,NIH,,,"1708 JAGGIE FOX WAY, SUITE 120",LEXINGTON,KY,40511,1128b7,20201013,,,
,,,"PURDUE FREDERICK COMPANY, INC",DRUG COMPANY/SUPLIER,,,,1 STAMFORD FORUM,STAMFORD,CT,06901,1128a3,20070725,,,
,,,"PURDUE PHARMA, L P",OTHER BUSINESS,DRUG COMPANY/SUPLIER,,,"C/O JENNIFER L BRAGG, ESQ",WASHINGTON,DC,20004,1128a1,20260720,,,
,,,"PURE CARE NURSING SVCES, INC",HOME HEALTH AGENCY,,,,9971 S W 20TH ST,MIAMI,FL,33165,1128b8,20010920,,,
,,,"PURPLE HEART TRANSPORTATION, I",OTHER BUSINESS,TRANSPORTATION CO,,,"8116 ROCKAWAY BLVD, 2ND FLOOR",OZONE PARK,NY,11416,1128a1,20260920,,,
,,,PUYALLUP VALLEY TAXI,TRANSPORTATION CO,,,,6418 50TH AVENUE EAST,TACOMA,WA,98443,1128a1,19830809,,,
,,,PYEMAG INSURANCE AND TRUST,DME COMPANY,,,,"C/O BARRY HAUGHT, P O BOX 600",EGLIN AFB,FL,32542,1128b7,20020715,,,
,,,"QD'S PHARMACY, INC",PHARMACY,,,,80-30 JAMAICA AVE,WOODHAVEN,NY,11412,1128a1,20040920,,,
,,,QRSS,REHAB FACILITY - GEN,,,,C/O 4701 RANDOLPH RD,ROCKVILLE,MD,20852,1128b7,19980219,,,
,,,"QUALITY AMBULANCE SERVICE, INC",AMBULANCE COMPANY,,,,"FCC AT ASHLAND, P O BOX 8",ASHLAND,KY,41105,1128a1,19971120,,,
,,,"QUALITY BILLING SERVICES, INC",DME COMPANY,DME - GENERAL,,,"13014 N DALE MABRY HWY, #276",TAMPA,FL,33614,1128b7,20020715,,,
,,,"QUALITY CLINICAL LAB SCIENCE,",LABORATORY,,1699704395,,"1101 E BROADWAY, STE 109",GLENDALE,CA,91205,1128b8,20061220,,,
,,,"QUALITY CLINICAL LABS, INC",LABORATORY,,,,10234 PURITAN AVENUE,DETROIT,MI,48238,1128a1,19911223,,,
,,,"QUALITY DRUGS, INC",OTHER BUSINESS,PHARMACY,1164561015,,1003 OGDEN AVENUE,BRONX,NY,10452,1128b8,20170518,,,
,,,QUALITY HOME HEALTH CARE INC,OTHER BUSINESS,HOME HEALTH AGENCY,1427275718,,810 CEDAR PARKWAY,SCHEREVILLE,IN,46375,1128b5,20160218,,,
,,,QUALITY LIFE CARE MANAGEMENT,OTHER BUSINESS,MANAGEMENT SVCS CO,,,7027 W CAPITAL DRIVE,MILWAUKEE,WI,53216,1128a1,20120119,,,
,,,"QUALITY MEDICAL RENTALS, INC",DME COMPANY,DME - GENERAL,,,C/O 224 GAZELLE DR,FT MYERS,FL,33917,1128b8,20040720,,,
,,,QUALITY ORTHOPEDICS,DME COMPANY,DME - ORTHOTICS,,,395 FORT WASHINGTON AVE,NEW YORK,NY,10033,1128b5,19980120,,,
,,,QUALITY PAINTERS & INTERIOR,PRIVATE CIT/ENTITY,,,,1634 SW 36 AVENUE,MIAMI,FL,33145,1128b7,19960730,,,
,,,"QUALITY PLUS DIAGNOSTIC, INC.",CLINIC,,,,11000 SW 32 STREET,MIAMI,FL,33165,1128b7,19970612,,,
,,,QUALITY THERAPY & CONSULTATION,OTHER BUSINESS,CLINIC,1982633715,,16170 KINGSPORT ROAD,ORLAND PARK,IL,60467,1128b7,20181011,,,
,,,QUALITY TRANSPORTATION,AMBULANCE COMPANY,,,,1029 TIMBERVALE LANE,LITHONIA,GA,30058,1128b8,19970101,,,
,,,"QUEEN CITY PHARMACY, INC.",PHARMACY,,,,LINCOLN AND VALLEY STREET,MANCHESTER,NH,03103,1128a1,19900814,,,
,,,QUEEN'S MEDICAL SUPPLY,DME COMPANY,,,,2567 ZOE AVE,HUNTINGTON PARK,CA,90255,1128b5,20001019,,,
,,,QUEENS INTERGRATED MEDICAL CAR,OTHER BUSINESS,CLINIC,,,"40 RECTOR STREET, STE 1502",NEW YORK,NY,10006,1128a3,20160218,,,
,,,QUEENS SURGICAL PHARMACY,PHARMACY,,,,C/O 116-57 QUEENS BLVD,FOREST HILLS,NY,11375,1128b5,19980219,,,
,,,"QUICK TRANSPORTATION, INC",OTHER BUSINESS,TRANSPORTATION CO,,,54 BROOKCREST WAY,ROCHESTER,NY,14611,1128a1,20201220,,,
,,,QUIRANTES BROTHERS ORTHOPEDIC,DME COMPANY,,,,1158 SW 1ST STREET,MIAMI,FL,33130,1128a1,19920330,,,
,,,QUIRANTES INTERPRISE,DME COMPANY,,,,631 EAST 13TH STREET,HIALEAH,FL,33010,1128b8,19971218,,,
,,,QUIVVY TECH CORPORATION,DME COMPANY,DME - GENERAL,,,"1489 W PALMETTO PARK ROAD, STE",BOCA RATON,FL,33486,1128b7,20250516,,,
,,,"R & A DIAGNOSTIC SERVICES, INC",CLINIC,,,,C/O P O BOX 349350,MIAMI,FL,33034,1128b8,19991220,,,
,,,R & M LABORATORY,LABORATORY,LAB - CLINICAL,,,1990 SW FIRST STREET,MIAMI,FL,33135,1128b7,19970729,,,
,,,"R & V MEDICAL SUPPLIES, LLC",DME COMPANY,DME - GENERAL,1518990654,,"P O BOX 1000, #64385-066",LORETTO,PA,15940,1128a1,20120719,,,
,,,R AND G PHARMACY,PHARMACY,,,,1039 EMERICK ST,YPSILANTI,MI,48198,1128b4,20090618,,,
,,,"R E BALDWIN, D O, INC","MEDICAL PRACTICE, MD",,,,313 EAST MAIN STREET,DAVIS,OK,73030,1128a1,19900102,,,
,,,R G PHARMACY,PHARMACY,,,,348 MAIN STREET,MANCHESTER,CT,06040,1128b5,20100329,,,
,,,"R G PHARMACY, INC",PHARMACY,,,,"1111 SW 8TH STREET, #202",MIAMI,FL,33130,1128b4,20060518,,,
,,,"R I G H T PROGRAM, A CALIFORNI",OTHER BUSINESS,COMMUNITY HLTH CTR (,1457576282,,"1704 W MANCHESTER AVE, STE 103",LOS ANGELES,CA,90047,1128a1,20180320,,,
,,,"R LYNN CARLSON, MD, PC",PHYSICIAN PRACTICE (,GENERAL PRACTICE,1811135247,,P O BOX 240,KENAI,AK,99611,1128a1,20250619,,,
,,,R M MEDICAL SUPPLY,DME COMPANY,DME - GENERAL,,,7204 MOSS RIDGE,PARKER,TX,75002,1128b8,19950810,,,
,,,R R T HOME CARE,DME COMPANY,,,,"12178 GREENSPOINT DR, #10",HOUSTON,TX,77060,1128b8,19910508,,,
,,,"R W PURYEAR, DMD, INC",DENTAL PRACTICE,,,,C/O 3412 THOMAS DR,BONIFAY,FL,32425,1128b8,20040617,,,
,,,"R Y B REALTY, LLC",OTHER BUSINESS,SOBER HOME,,,227 CORBIN PLACE,BROOKLYN,NY,11235,1128a1,20200319,,,
,,,R&B MEDICAL TRANSPORTATION,TRANSPORTATION CO,,,,844 JEROME AVE,HILLSIDE,NJ,07205,1128b5,20061120,,,
,,,"RACHEL PHARMACY DISCOUNT, INC",PHARMACY,,,,528 HIALEAH DR,HIALEAH,FL,33010,1128b4,20020520,,,
,,,RADIATION ONCOLOGY GROUP,MEDICAL GROUP,,,,"C/O 98 FORD RD, STE 3H",DENVILLE,NJ,07834,1128b5,19970708,,,
,,,RAINBOW CHILD AND FAMILY SERVI,OTHER BUSINESS,COUNSELING CENTER,1174818223,,6105 SAPPHIRE GOLD STR,LAS VEGAS,NV,89031,1128a1,20130620,,,
,,,RAINBOW CHIROPRACTIC,CHIROPRACTIC PRACT,,,,"11000 FONDREN RD, STE C7",HOUSTON,TX,77096,1128b8,20030804,,,
,,,RAINBOW HOME MEDICAL EQPT CO,DME COMPANY,DME - OXYGEN,,,701 NW 36 AVENUE,MIAMI,FL,33125,1128b7,19970620,,,
,,,"RAINBOW MEDICAL, P C",OTHER BUSINESS,CLINIC,,,8301 RIDGE BLVD,BROOKLYN,NY,11209,1128a1,20130418,,,
,,,RAINBOWS OF REALITY INC,COUNSELING CENTER,,,,214 E CLAY STREET,RICHMOND,VA,23219,1128b8,19930211,,,
,,,RAMON QUIRANTES ORTHOPEDICS,DME COMPANY,,,,4180 W 12TH AVE,HIALEAH,FL,33012,1128a1,19940203,,,
,,,"RAMOS EQUIPMENT SERVICES, INC",DME COMPANY,,,,"C/O P O BOX 779800, NUM 63704-",MIAMI,FL,33177,1128b8,20070220,,,
,,,"RANBAXY USA, INC",OTHER BUSINESS,DRUG COMPANY/SUPLIER,,,"C/O 750 E PRATT ST, STE 900",BALTIMORE,MD,21202,1128a3,20140520,,,
,,,RANCOCAS VALLEY ANESTHESIA ASS,MEDICAL GROUP,ANESTHESIOLOGY,,,700 U S 130 NORTH,CINNAMINSON,NJ,08077,1128a1,20021114,,,
,,,RAND MANAGEMENT CORP,BILLING SERVICE CO,,,,POST OFFICE BOX 1897,LOUISVILLE,KY,40202,1128b1,19900227,,,
,,,RANDY L SHELLY DME,DME COMPANY,DME - GENERAL,,,917 RED OAK CREEK ROAD,OVILLA,TX,75154,1128b8,19970129,,,
,,,"RANDY'S PHARMACY, INC",PHARMACY,,,,4123 S 173RD ST,OMAHA,NE,68135,1128b8,20101118,,,
,,,"RAPID OXIMETRY SERVICES, INC",DME COMPANY,DME - OXYGEN,,,"7331 CORAL WAY, STE 269",MIAMI,FL,33155,1128b8,20000720,,,
,,,"RAVIN MEHTA, D D S, P A",DENTAL PRACTICE,,,,3796 N W 19TH STREET,LAUDERHILL,FL,33313,1128b8,19990720,,,
,,,"RAY PHARMACY, INC",PHARMACY,,,,524 ADVENT STREET,WESTBURY,NY,11590,1128a1,19930304,,,
,,,"RAYMOND LIMANSKY, MD INC",CLINIC,,,,"1433 W MERCED AVE, STE 220",WEST COVINA,CA,91709,1128b8,20101118,,,
,,,"RAYMOND NEWSOME, D C",CHIROPRACTIC PRACT,,,,1100 E PLASANT RUN RD,DE SOTO,TX,75115,1128b8,19991020,,,
,,,READY MEDICAL EQUIPMENT CORP,DME COMPANY,DME - OXYGEN,,,"C/O 501 CAPITAL CIR, N E FCI",TALLAHASSEE,FL,32301,1128b8,20030820,,,
,,,REASON CHIROPRACTIC,CHIROPRACTIC PRACT,,,,C/O P O BOX 5169,WOODLAND PARK,CO,80866,1128b8,19970903,,,
,,,REASON CHIROPRACTIC,CHIROPRACTIC PRACT,,,,800 RESEARCH DR,WOODLAND PARK,CO,80863,1128b8,20011018,,,
,,,RECONSTRUCTIVE AND MICROSURGER,CLINIC,,,,P O BOX 8359,SAINT LOUIS,MO,63132,1128a3,20090120,,,
,,,RECOVERY CONNECTION CENTERS OF,OTHER BUSINESS,SUBSTANCE ABUSE REHA,1124516349,,381 WICKENDEN ST,PROVIDENCE,RI,02903,1128a1,20250720,,,
,,,"RECOVERY COUNSELING ASSOC, INC",CLINIC,,,,160 FAIRVIEW PLAZA,HUDSON,NY,12534,1128a1,19990120,,,
,,,RECOVERY MANAGEMENT CORP III,HOSPITAL,,,,17579 WARWICK BOULEVARD,NEWPORT NEWS,VA,23603,1128a1,19950511,,,
,,,RED CROSS DRUG STORE #2,PHARMACY,,,,HIGHWAY 165 SOUTH,COLUMBIA,LA,71418,1128b8,19930803,,,
,,,RED RIVER EYE ASSOCIATES,OPTOMETRIC PRACTICE,,,,3107 KENNEDY LANE,TEXARKANA,TX,75503,1128Aa,19941214,,,
,,,"REDDY SOLUTIONS, INC",PHYSICIAN PRACTICE (,RADIOLOGY,1376707109,,"200 ARIZONA AVE NE, STE 200",ATLANTA,GA,30307,1128b2,20140716,,,
,,,"REDLAND DRUGS, INC",PHARMACY,,,,"7921 S W 40TH ST, #50",MIAMI,FL,33155,1128b4,20020718,,,
,,,REDMOND DENTAL CARE,DENTAL PRACTICE,,,,"6055 MERIDIAN AVE, STE 60",SAN JOSE,CA,95120,1128b8,20110119,,,
,,,"REGENCY HEALTH SERVICES, INC",SKILLED NURSING FAC,,,,C/O 1535 MEADOWS LANE,GLEN MILES,PA,19342,1128b7,20040506,,,
,,,REGIONAL MEDICAL SERVICES,OTHER BUSINESS,CLINIC,1356609812,,725 N SHEPARD ST,ANAHEIM,CA,92806,1128b8,20181220,,,
,,,"REGIONAL MEDICAL TRANSPORT, IN",AMBULANCE COMPANY,,,,"801 BROADWAY, RTE 1 BOX 293",GLENWOOD,AR,71943,1128a1,20050720,,,
,,,"REHAB MEDICAL SERVICES, INC",DME COMPANY,DME - POWER VEHICLES,,,"10801 NATIONAL BLVD, STE 260",LOS ANGELES,CA,90064,1128a1,20121018,,,
,,,REHABILITATION CENTER AT HOLLY,OTHER BUSINESS,SKILLED NURSING FAC,1487039392,,12605 BISCAYNE BAY DRIVE,MIAMI,FL,33181,1128b5,20181120,,,
,,,"REHABSOURCE, INC",REHAB FACILITY - GEN,,,,1914 GREENWICH PLACE,HOUSTON,TX,77019,1128a1,20090219,,,
,,,"RELIABLE DOCUMENT SOLUTIONS, L",DME COMPANY,DME - GENERAL,1306227269,,"902 CLINT MOORE ROAD, SUITE 11",BOCA RATON,FL,33487,1128b7,20250516,,,
,,,RELIABLE HOME HEALTH AGENCY,HOME HEALTH AGENCY,,,,1216 S FEDERAL HIGHWAY,DANIA,FL,33004,1128b5,19980420,,,
,,,RELIABLE HOME HEALTH CARE INC,HOME HEALTH AGENCY,,,,8919 MEADOW CREEK DR,SHREVEPORT,LA,71129,1128b11,20030220,,,
,,,RELIABLE LIFECARE STAFFING AGE,OTHER BUSINESS,HOME HEALTH AGENCY,1144453200,,3594 BERKELEY LANE,BRUNSWICK,OH,44212,1128a1,20221120,,,
,,,"RELIABLE MEDICAL CARE, INC",CLINIC,,,,"865 N EASTERN AVE, #D",LAS VEGAS,NV,89101,1128a1,20040120,,,
,,,REMAX MEDICAL SERVICES,DME COMPANY,,,,"8428 S W 24TH ST, STE 229",MIAMI,FL,33155,1128b8,19980420,,,
,,,REMEDY WELLNESS AND RESOURCE C,OTHER BUSINESS,MENTAL/BEHAVIORAL HE,1164066601,,"3650 N RANCHO DRIVE, SUITE 107",LAS VEGAS,NV,89130,1128a1,20250120,,,
,,,REMPHY MEDICAL SUPPLIES,DME COMPANY,DME - GENERAL,,,9600 S W 8TH ST,MIAMI,FL,33174,1128b8,19990720,,,
,,,REN-PHARM INC,OTHER BUSINESS,PHARMACY,1376655365,,P O BOX 69,MATTAWAN,MI,49071,1128a1,20120620,,,
,,,"RENAISSANCE, INC",HOME HEALTH AGENCY,,,,12206 HUNTERS GLEN COURT,GLEN ALLEN,VA,23059,1128a1,20091220,,,
,,,RENT-A-NURSE,NURSING FIRM,,,,107 INTERLUDE RD,NEW IBERIA,LA,70563,1128b8,20051020,,,
,,,RESOURCE MGMT GROUP OF S FL,CONSULTING FIRM,,,,C/O 2276 ASHLEY WOOD DR,TUCKER,GA,30084,1128b8,20000320,,,
,,,RESPIRATORY CARE SVCS LTD,DME COMPANY,DME - OXYGEN,,,P O BOX 1249,CONWAY,NH,03818,1128a1,19851213,,,
,,,"RESPIRATORY DRUGGIST, INC",DME COMPANY,DME - GENERAL,,,110 EAST AZALEA AVE,FOLEY,AL,36535,1128a1,20021120,,,
,,,"RESPIRATORY HEALTH CARE, INC",DME COMPANY,DME - GENERAL,,,"2441 N W 93RD AVE, #103",MIAMI,FL,33172,1128b8,19940426,,,
,,,RESPIRATORY INC,DME COMPANY,DME - OXYGEN,,,4109 RAVINE DR,CANALWINCHESTER,OH,43110,1128a1,19880703,,,
,,,RESPIRATORY THERAPY RENTALS,DME COMPANY,DME - GENERAL,,,509 WHITE WING WAY,ROUNDROCK,TX,78664,1128b8,19870630,,,
,,,RESPIRATORY WELLNESS OF MIAMI,DME COMPANY,,,,7366 S W 48TH ST,MIAMI,FL,33155,1128b8,19980420,,,
,,,"RESTORATION COUNSELING CTR,INC",COUNSELING CENTER,,,,13281 MONIX DR,SAINT JOHN,IN,46373,1128a1,20010220,,,
,,,"REVIVE BEHAVIOR HEALTH, LLC",OTHER BUSINESS,MENTAL/BEHAVIORAL HE,1609344720,,"2027 REVERE STREET, SUITE G",LAS VEGAS,NV,89106,1128a1,20250420,,,
,,,REYES CHIROPRACTIC CENTER,CHIROPRACTIC PRACT,,,,"609 W ACEQUIA AVE, STE B",VISALIA,CA,93291,1128b8,20000620,,,
,,,"REYES DRUGS, LTD",PHARMACY,,,,217-15 49TH AVENUE,BAYSIDE,NY,11364,1128a1,19930711,,,
,,,"REYMAR CLINIC HEALTH CARE, INC",CLINIC,,,,6032 S HALSTED,CHICAGO,IL,60621,1128a1,19910411,,,
,,,"REYMAR CLINIC PHARMACY, INC.",CLINIC,,,,6032 S HALSTED,CHICAGO,IL,60621,1128a1,19910411,,,
,,,"REYMAR CLINIC X-RAY, INC.",CLINIC,,,,6032 S HALSTED,CHICAGO,IL,60621,1128a1,19910411,,,
,,,"REYNOLDS NURSING HOME, INC",SKILLED NURSING FAC,,,,"RD #1, BOX 51",ADENA,OH,43901,1128b3,19890614,,,
,,,"REZA HAKIMPOUR, DDS, INC",DENTAL PRACTICE,,,,2390 HECATE COURT,SAN JOSE,CA,95124,1128b8,20110119,,,
,,,RGR MEDICAL MANAGEMENT CORP,MANAGEMENT SVCS CO,,,,18723 SW 76TH COURT,MIAMI,FL,33157,1128b8,20061120,,,
,,,RHODE ISLAND AMBULANCE SERVICE,AMBULANCE COMPANY,,,,C/O 32 CENTRE STREET,EAST PROVIDENCE,RI,02914,1128a1,19901122,,,
,,,RIALTO,CLINIC,,,,440 BALBOA AVE,ENCINO,CA,91316,1128b8,19880329,,,
,,,"RIBBON HEALTH CARE, INC",DME COMPANY,DME - DIETARY SUPPLI,,,P O BOX 019120,MIAMI,FL,33101,1128b8,19991118,,,
,,,"RICARDO CASTRO, M D, PA",MEDICAL GROUP,,,,1351 N W 12TH STREET,MIAMI,FL,33125,1128b8,20040920,,,
,,,RICCI PHARMACY INC,PHARMACY,,,,189 AVE U,BROOKLYN,NY,11223,1128a1,19980520,,,
,,,RICE LAKE DAY TREATMENT CENTER,OTHER BUSINESS,CLINIC,,,413 S MAIN STREET,RICE LAKE,WI,54868,1128a2,20080120,,,
,,,"RICHARD A COLE, M.D., INC","MEDICAL PRACTICE, MD",,,,3504 STATE STREET,ERIE,PA,16508,1128a1,19931207,,,
,,,RICHARD CLARK CHIROPRACTIC,CHIROPRACTIC PRACT,,,,5055 N HARBOR DRIVE,SAN DIEGO,CA,92106,1128b8,20000420,,,
,,,"RICHARD GARRARD, D P M, P C",PODIATRY PRACTICE,,,,2015 E CREEDANCE BLVD,PHOENIX,AZ,85024,1128b7,20060817,,,
,,,RICHARD WEBBS FAMILY PHARMACY,PHARMACY,,,,408 NORTH BOARD ST,TOCCOA,GA,30577,1128b8,19971002,,,
,,,RICHARDSON'S TOTUM,TRANSPORTATION CO,,,,P O BOX 44745,MADISON,WI,53711,1128b8,19940102,,,
,,,RICHMAN DRUGS *,PHARMACY,,,,3878 DIX ROAD,LINCOLN PARK,MI,48146,1128a1,19850221,,,
,,,RICHMOND PARAMEDICAL SERVICES,DME COMPANY,DME - GENERAL,,,501 JEFFERSON DAVIS HIGHW,RICHMOND,VA,23224,1128a1,19880218,,,
,,,RIGHT AT HOME CORPORATION,OTHER BUSINESS,HOME HEALTH AGENCY,,,1415 ARCADE STREET,SAINT PAUL,MN,55106,1128a1,20160720,,,
,,,"RIGID, INC",CLINIC,,,,C/O 15431 RIVER BY RD,FT MYERS,FL,33908,1128b8,19981020,,,
,,,"RIO GRANDE CLINIC, INC",CLINIC,,,,"2111 CENTRAL AVENUE, N W",ALBUQUERQUE,NM,87104,1128a1,19890112,,,
,,,RITE AID NURSING HOME HEALTH,HOME HEALTH AGENCY,,,,1032 N W 130TH AVE,MIAMI,FL,33182,1128b8,20010920,,,
,,,RITE SURGICAL COMPANY,DME COMPANY,DME - GENERAL,,,C/O 228 KINGS HIGHWAY,BROOKLYN,NY,11226,1128b5,19981020,,,
,,,"RIVER PALMS NURSING AND REHAB,",OTHER BUSINESS,SKILLED NURSING FAC,1699233130,,5301 TULLIS DRIVE,NEW ORLEANS,LA,70131,1128b4,20220220,,,
,,,RIVERDEL PHARMACY,PHARMACY,,,,1105 FAIRVIEW ST,BURLINGTON,NJ,08075,1128b8,19880801,,,
,,,RIVERLAND MEDICAL CENTER,CLINIC,,,,C/O P O BOX 462,BALDWIN,LA,70514,1128b8,19991220,,,
,,,"RIVERSIDE RECOVERY, LLC",OTHER BUSINESS,SUBSTANCE ABUSE REHA,1518356708,,"48 PRIVATE DRIVE, #339",SOUTH POINT,OH,45680,BRCH SA,20250611,,,
,,,"RIVERVIEW NURSING CENTRE, INC",OTHER BUSINESS,SKILLED NURSING FAC,,,4597 ROUTE 9 N,HOWELL,NJ,07731,1128a1,20011018,,,
,,,ROBERT & BROTHERS IMPORT-EXP,PRIVATE CIT/ENTITY,VENDOR,,,21300 SW 236 STREET,HOMESTEAD,FL,33031,1128b7,19961122,,,
,,,ROBERT & BROTHERS MED REPAIRS,DME COMPANY,VENDOR,,,21300 SW 236 STREET,HOMESTEAD,FL,33031,1128b7,19961122,,,
,,,"ROBERT A ROSEVEAR D D S, P C",DENTAL PRACTICE,,,,"11233 NALL AVE, #140",LEAWOOD,KS,66211,1128a1,20010827,,,
,,,"ROBERT B STEPHAN, D D S, P S",DENTAL PRACTICE,,,,731 WEST INDIANA,SPOKANE,WA,99205,1128a1,19881012,,,
,,,"ROBERT F KELISEK, D D S, P C",DENTAL PRACTICE,,,,"630 COPE RD, BARTON CENTE",KENNETT SQUARE,PA,19348,1128a1,19980820,,,
,,,"ROBERT J NORTON, MD, PA",MEDICAL GROUP,,,,"2215 NEBRASKA AVE, 3D",FT PIERCE,FL,34950,1128b8,20051220,,,
,,,"ROBERT J PFAFF, M D, P A",MEDICAL GROUP,,,,C/O 302 MIRAMAR RD,LAKELAND,FL,33803,1128b8,20040520,,,
,,,"ROBERT M STREETER, DPM, PC",PODIATRY PRACTICE,,,,891 ST MARK'S AVENUE,BROOKLYN,NY,11213,1128a1,19920330,,,
,,,ROBERT P LOUIS FAM DENTISTRY,DENTAL PRACTICE,,,,"1111 OCEAN AVE, #A",BROOKLYN,NY,11230,1128b8,20010220,,,
,,,"ROBERT T MORGAN, MD, PC",MEDICAL GROUP,,,,C/O P O BOX 428,ADEL,GA,31620,1128b8,20060820,,,
,,,ROBERTS PHYSICAL AND AQUATIC T,OTHER BUSINESS,CLINIC,1689775504,,2 WILDWOOD ROAD,OLD SAYBROOK,CT,06475,BRCH CIA,20151116,,,
,,,ROBINSON INSTITUTE FOUNDATION,COUNSELING CENTER,,,,"C/O 201 W 74TH ST, APT 14F",NEW YORK,NY,10023,1128b8,20030720,,,
,,,"ROBINSON INSTITUTE, INC",COUNSELING CENTER,,,,"2124 BROADWAY, STE 295",NEW YORK,NY,10023,1128b8,20030619,,,
,,,ROBINSON PHARMACY,PHARMACY,,,,116 BRYANT LAKE ROAD,CHARLESTON,WV,25313,1128a1,19891024,,,
,,,"ROCKET MARINE, INC",DME COMPANY,,,,5368 WHISPERING PINE CIRC,ST CLOUD,FL,34771,1128b8,19980420,,,
,,,"ROCKVIEW, INC",SKILLED NURSING FAC,,,,70 ROCKVIEW STREET,BOSTON,MA,02130,1128a1,19890329,,,
,,,ROCKWELL COMPOUNDING ASSOCIATE,OTHER BUSINESS,PHARMACY,1770860991,,350 THEODORE FREMD AVENUE,RYE,NY,10580,1128b4,20150520,,,
,,,ROCKY MOUNTAIN CTR FOR ORAL AN,OTHER BUSINESS,DENTAL PRACTICE,,,"2820 CENTRAL AVE, STE A",BILLINGS,MT,59102,1128b8,20130220,,,
,,,ROGER LEE PICKETT LIMITED PART,DOCTOR OWNED ENTITY,,,,4052 NW 61ST STREET,OKLAHOMA CITY,OK,73112,1128b8,20050420,,,
,,,"ROGER LEE PICKETT MD, INC",DOCTOR OWNED ENTITY,,,,7317 N MACARTHUR BLVD,OKLAHOMA CITY,OK,73132,1128b8,20050420,,,
,,,"ROLANDO ROZAS, MD, PA",MEDICAL GROUP,,,,"C/O 11880 SW 40TH ST, #202",MIAMI,FL,33175,1128b8,20060320,,,
,,,"ROLYJANE HOME CARE, INC",HOME HEALTH AGENCY,,,,256 N W 42BD AVE,MIAMI,FL,33126,1128b8,20030520,,,
,,,"RON COKER DRUG, INC",PHARMACY,,,,"BOX 1000, #04896-010, FCI",ANTHONY,NM,88021,1128b8,19960213,,,
,,,RON'S DOWNTOWN DRUGS,PHARMACY,,,,108 N BROWN STREET,CHADBOURN,NC,28431,1128a1,19880511,,,
,,,RON'S ETHICAL PHARMACY,PHARMACY,,,,134 EAST 4800 SOUTH,MURRAY,UT,84107,1128a1,19880323,,,
,,,"RONALD D BROWN, M.D., INC","MEDICAL PRACTICE, MD",,,,13220 EAST HEDDA PLACE,CERRITOS,CA,00000,1128b8,19891113,,,
,,,"RONALD P MCPIKE, D O, P C",OSTEOPATHIC PRAC,,,,706 5TH ST,BONAPARTE,IA,52620,1128b8,20060720,,,
,,,"RONALD Q SHERMER, D M D, P A",DENTAL PRACTICE,,,,1211 GREENLAWN DR,COLUMBIA,SC,29209,1128a1,20010920,,,
,,,"RONALD W HIGGINS, D D S, P C",OTHER BUSINESS,DENTAL PRACTICE,,,3400 SQUALICUM PARKWAY,BELLINGHAM,WA,98225,1128a1,19881228,,,
,,,"ROOSEVELT MEDICAL CENTER, INC",PSYCHOLOGIC PRACTICE,,,,"2459 ROOSEVELT HWY, #C-21",COLLEGE PARK,GA,30337,1128a1,19990617,,,
,,,ROOT CANAL ASSOCIATES,DENTAL PRACTICE,,,,"1420 LOCUST ST, APT 36A",PHILADELPHIA,PA,19102,1128a1,19870403,,,
,,,ROSENBAUM HEARING AID CTR,DME COMPANY,DME - HEARING AID,,,39 S CLINTON AVENUE,BAYSHORE,NY,11706,1128a1,19921007,,,
,,,ROSENBERG/PIETRACK & ASSOC,DENTAL PRACTICE,,,,681 BROADWAY AVE,BEDFORD,OH,44146,1128b6,19980603,,,
,,,"ROSETTA V CANNATA, MD, PA",MEDICAL GROUP,,,,"2727 W MLK JR, BLVD, #760",TAMPA,FL,33607,1128b8,20050420,,,
,,,ROYAL CREST HEALTH CARE CTR,SKILLED NURSING FAC,,,,398 WILKINSON ROAD,GASTONIA,NC,28052,1128a1,19940203,,,
,,,"ROYAL MEDICAL GROUP, LTD (RMG)",CLINIC,,,,"3990 W FLAGER ST, STE 203",MIAMI,FL,33134,1128b8,19981220,,,
,,,"ROYAL MEDICAL SUPPLIES, INC",DME COMPANY,DME - GENERAL,,,62 FLUSHING AVE,BROOKLYN,NY,11205,1128b8,19980420,,,
,,,ROYAL TRANSPORTATION,AMBULANCE COMPANY,,,,17065 S DIXIE HWY,HAZEL CREST,IL,60429,1128b7,20020612,,,
,,,ROYCE MEDICAL SUPPLY LLC,DME COMPANY,DME - GENERAL,1942934195,,"2950 W CYPRESS CREEK ROAD, SUI",FORT LAUDERDALE,FL,33309,1128Aa,20260620,,,
,,,"RPH CARE, INC",PHARMACY,,1518159771,,"6631 COMMERCE PKWY, STE A",DUBLIN,OH,43017,1128b8,20090720,,,
,,,"RPH CONSULTING, INC",PHARMACY,,,,"3128 MCKINNEY AVE, STE D",DALLAS,TX,75204,1128a1,19930412,,,
,,,RSP MEDICAL SUPPLY,DME COMPANY,DME - UROLOGICAL SUP,,,20125 PASEO LORENZO,YORBA LINDA,CA,92686,1128b5,19920305,,,
,,,"RUBEN COSCA, M D, P A","MEDICAL PRACTICE, MD",,,,17529 REDLAND ROAD,DERWOOD,MD,20855,1128a1,19900413,,,
,,,"RUPERT ASHSTON FRANCIS, MD, PA",CLINIC,,,,4224 E 4TH AVENUE,HIALEAH,FL,33013,1128b7,20071210,,,
,,,RURAL HEALTH NETWORKS OF FLORI,MEDICAL GROUP,,,,17805 N US HWY 301,CITRA,FL,32112,1128b8,20060320,,,
,,,"RURAL HEALTH TECHNOLOGIES, INC",CLINIC,,,,712 W AIRPORT RD,SPRINGERVILLE,AZ,85938,1128b8,20040318,,,
,,,"RUSEVA, INC",PHARMACY,,,,119 N W 29TH STREET,MIAMI,FL,33127,1128a1,19920109,,,
,,,"RUSSELL M POSNER, D C, P A",CHIROPRACTIC PRACT,,,,"C/O MONTOMERY FPC, MOBILE D",MONTGOMERY,AL,36112,1128b8,20041220,,,
,,,"RUSSELL R ROBY, MD, PA",OTHER BUSINESS,CLINIC,1932125945,,"4407 BEECAVES RD, #122",AUSTIN,TX,78746,1128b7,20130619,,,
,,,"RUSSELL TAGG, DC, PS",OTHER BUSINESS,CHIROPRACTIC PRACT,1902091390,,P O BOX 1384,RICHLAND,WA,99352,1128b8,20130820,,,
,,,RUSSO TRANSPORTATION CORP,AMBULANCE COMPANY,,,,2337 E 72ND STREET,BROOKLYN,NY,11207,1128a1,19920227,,,
,,,"RX 2000 PHARMACY, INC",PHARMACY,,,,2125-A KENNEDY BLVD,JERSEY CITY,NJ,07305,1128a1,20040120,,,
,,,RX CLINIC PHARMACY INC,PHARMACY,,,,24 HIGH ST,NEWVILLE,PA,17241,1128b8,19860630,,,
,,,RYAN MARCELLE TRANSPORTATION,TRANSPORTATION CO,,,,7701 HIGHWAY ONE SOUTH,ALEXANDRIA,LA,71302,1128b8,19910613,,,
,,,"RZAN MEDICAL TRANSPORTATION, I",TRANSPORTATION CO,,,,227 GRACE STREET,SYRACUSE,NY,13204,1128b5,20080220,,,
,,,"S  L B T J, INC",PHARMACY,,1972795854,,16101 MACK AVE,DETROIT,MI,48224,1128b4,20090420,,,
,,,"S & A RESPIRATORY CARE, INC",DME COMPANY,DME - TENS,,,9511 STONELANDING PLACE,LOUISVILLE,KY,40272,1128a1,20000720,,,
,,,"S & R MEDICAL ENTERPRISES, LLC",OTHER BUSINESS,CLINIC,,,"100 EASTSIDE DRIVE, STE B",GEORGETOWN,KY,40324,1128a4,20170320,,,
,,,S & S CONVALESCENT TRANSPORT,TRANSPORTATION CO,,,,C/O 4425 MEMORIAL DRIVE,DECATUR,GA,30322,1128a1,19981119,,,
,,,"S A L WHOLESALE, INC",DRUG COMPANY/SUPLIER,,,,"22529 S W 66TH AVE, V306",BOCA RATON,FL,33428,1128b8,20021020,,,
,,,S E AR  MEDICAL TRANSPORTATION,TRANSPORTATION CO,,,,6 CLOVERDALE DRIVE,WARREN,AR,71671,1128b8,19940426,,,
,,,"S FLORIDA HEARING SVC, INC",DME COMPANY,DME - GENERAL,,,408 FORT COUCH RD,PITTSBURGH,PA,15241,1128b8,20021120,,,
,,,"S FT MYERS MEDICAL CENTER, INC",MEDICAL GROUP,,,,C/O 16440-5 S TAMIAMI TRAIL,FT MYERS,FL,33908,1128b8,20050320,,,
,,,"S&G STAFFING, LLC",OTHER BUSINESS,MANAGEMENT SVCS CO,,,1018 TRAILWOOD ESTATES DRIVE,MAGNOLIA,TX,77354,1128b7,20251009,,,
,,,S.H.E. DBA OPELIKA HEALTH CARE,SKILLED NURSING FAC,,,,1980 1/2 PEPPERELL PARKWA,OPELIKA,AL,65686,1128a1,19970316,,,
,,,"SA & SB ENTERPRISES, INC",OTHER BUSINESS,CONSULTING FIRM,,,C/O SHAMIZA ALLY,SOUTH OZONE PARK,NY,11420,1128a1,20260120,,,
,,,"SAAB DRUGS, INC",PHARMACY,,1538260633,,29114 W 5 MILE RD,LIVONIA,MI,48154,1128b4,20090618,,,
,,,SAFE HARBOR COUNSELING,CLINIC,,,,4537 E 300 N,RIGBY,ID,83442,1128b8,20040617,,,
,,,"SAFE TRANSIT, INC",TRANSPORTATION CO,,,,21300 LORAIN RD,FAIRVIEW PARK,OH,44126,1128b8,20071120,,,
,,,"SAFE-T AMBULETTE, INC",AMBULANCE COMPANY,,,,4110 MONTICELLO AVE,BRONX,NY,10466,1128a1,20000518,,,
,,,SAFETY DRUGS INC,PHARMACY,,,,1601 KINGS HWY,BROOKLYN,NY,11229,1128b8,20020919,,,
,,,SAFETY MEDICAL TRANSPORTATION,TRANSPORTATION CO,,,,"P O DRAWER 2197, #08961-0",BRYAN,TX,77806,1128b8,19960813,,,
,,,SAFETY MEDICAL TRANSPORTATION,TRANSPORTATION CO,,,,"FPC#08977-035, SAUFLEY FI",PENSACOLA,FL,32509,1128b8,19960915,,,
,,,SAINT JOSEPH HEALTH CENTER,CLINIC,,,,"2101 ALEXIAN DR, UNIT 21",SAN JOSE,CA,95116,1128b8,20000420,,,
,,,SAJER MEDICAL INC,PHARMACY,,,,2101 NE 210TH STREET,MIAMI,FL,33179,1128b8,20031020,,,
,,,SAM SUNG PHARMACY CORP,PHARMACY,,,,2255 GRAND CONCOURSE,BRONX,NY,10453,1128b5,19980319,,,
,,,"SAM'S DRUGS & MEDICAL, INC",PHARMACY,,,,3325 TAMPA RD,PALM HARBOR,FL,34684,1128b8,20020820,,,
,,,"SAMAD HOME HEALTHCARE, LLC",OTHER BUSINESS,HOME HEALTH AGENCY,1275779522,,"149 THOMAS AVENUE, SUITE 207",SAINT PAUL,MN,55118,1128a1,20210420,,,
,,,"SAMARITAN HEALTH SYSTEMS, INC",LABORATORY,,,,"C/O 3301 LEESTOWN RD, FMC",LEXINGTON,KY,40511,1128a1,20001019,,,
,,,"SAMARITAN TELE-MED, INC",LABORATORY,,,,950 EGRET CIRCLE,DELRAY BEACH,FL,33444,1128a1,20000320,,,
,,,SAN GABRIEL VALLEY WOMEN'S MED,CLINIC,,,,1415 N BROADWAY,SANTA ANA,CA,92706,1128b8,20080820,,,
,,,SAN JOAQUIN VALLEY COMMUNITY S,COUNSELING CENTER,,,,"4705 N SONORA AVE, STE 109",FRESNO,CA,93722,1128a1,20061220,,,
,,,SANDERS CHIROPRACTIC,CHIROPRACTIC PRACT,,,,694 EAU GALLIE BLVD,INDIAN HARBOUR BCH,FL,32937,1128b8,19991220,,,
,,,SANFORD DIAGNOSTICS ASSOC,RADIOLOGY FACILITY,,,,C/O FEDERAL PRISON CAMP,EGLIN AFB,FL,32542,1128b8,19970703,,,
,,,SANTA MONICA DISCOUNT PHARMACY,PHARMACY,,,,"7901 MELROSE AVE, #204",LOS ANGELES,CA,90046,1128b8,20030420,,,
,,,SANTANA MEDICAL & DIAGNOSTIC,CLINIC,,,,"10340 S W PLACE, #E41",MIAMI,FL,33196,1128b8,20010419,,,
,,,SARATOGA CARE AND REHABILITATI,OTHER BUSINESS,SKILLED NURSING FAC,,,"4581 US HIGHWAY 9, STE 100",HOWELL,NJ,07731,1128b6,20230227,,,
,,,"SARATOGA CENTER FOR CARE, LLC",OTHER BUSINESS,SKILLED NURSING FAC,1154727949,,149 BALLSTON AVE,BALLSTON SPA,NY,12020,1128b6,20230227,,,
,,,SARTZ CHIROPRACTIC,CHIROPRACTIC PRACT,,,,3120 N ARIZONA AVE,CHANDLER,AZ,85224,1128b8,20000720,,,
,,,SAS HEALTHCARE SERVICES INC,DME COMPANY,DME - GENERAL,,,ONE MONTGOMERY AVENUE,BALA CYNWYD,PA,19114,1128b7,19960927,,,
,,,"SAS HEALTHCARE, INC",OTHER BUSINESS,HOSPITAL,1578878245,,7000 US HWY 287,ARLINGTON,TX,76001,1128a1,20200720,,,
,,,"SASB, INC",DME COMPANY,DME - GENERAL,,,"6800 RESEDA BLVD, STE D",RESEDA,CA,91335,1128b8,20030320,,,
,,,SASWITZ CORP,TRANSPORTATION CO,,,,1 BAKER STREET,MOHEGAN LAKE,NY,10547,1128a1,20061220,,,
,,,"SATORI RECOVERY CENTER, LLC",OTHER BUSINESS,SUBSTANCE ABUSE REHA,1831545078,,2260 PARK AVENUE,LAGUNA BEACH,CA,92651,1128a1,20250820,,,
,,,"SATURN MEDICAL GROUP, INC",PHYSICIAN PRACTICE (,GENERAL PRACTICE,1639318124,,"3901 HOUMA BLVD, SUITE 108",METAIRIE,LA,70006,1128a1,20131219,,,
,,,SAUGUS GENERAL HOSPITAL,HOSPITAL,,,,81 CHESTNUT STREET,SAUGUS,MA,01906,1128b7,19800812,,,
,,,"SAUGUS TAXI, INC",TRANSPORTATION CO,,,,C/O 577 MASSACHUSETTS AVE,BOSTON,MA,02117,1128a1,19901112,,,
,,,SAVE MEDICAL SERVICE CORP,DME COMPANY,,,,"13800 S W 8TH ST, STE 179",MIAMI,FL,33184,1128b8,19980920,,,
,,,SAVE RX DISCOUNT PHARMACY,PHARMACY,,,,2215 59TH STREET WEST,BRADENTON,FL,34209,1128b8,19941006,,,
,,,SAVEWAY PHARMACY,PHARMACY,,1295924488,,5640 W VERNOR HWY,DETROIT,MI,48209,1128b4,20100720,,,
,,,SCHECTMAN'S PHARMACY,PHARMACY,,,,575 GRAMATAN AVENUE,MT VERNON,NY,10552,1128b8,20000420,,,
,,,SCHERER PHYSICIANS WEIGHT LOSS,CLINIC,,,,743 ROBERT ROAD,SLIDELL,LA,70458,1128a4,20070920,,,
,,,SCHERER'S GRETNA MEDICAL CENTE,CLINIC,,,,"P O BOX 7007, #29361-034",MARIANNA,FL,32447,1128a4,20070920,,,
,,,"SCHERER'S MEDICAL CENTER, INC",CLINIC,,,,"P O BOX 7007, #29361-034",MARIANNA,FL,32447,1128a4,20070920,,,
,,,SCHERER'S SLIDELL MEDICAL CENT,CLINIC,,,,"C/O P O BOX 7007, #29361-034",MARIANNA,FL,32447,1128a4,20070920,,,
,,,SCHERING SALES CORPORATION,OTHER BUSINESS,DRUG COMPANY/SUPLIER,,,2000 GALLOPING HILL ROAD,KENILWORTH,NJ,07033,1128a1,20051020,,,
,,,SCHERING SALES CORPORATION,DRUG COMPANY/SUPLIER,,,,2000 GALLOPING HILL RD,KENILWORTH,NJ,07033,1128b7,20051020,,,
,,,SCHRADER HEARING INSTRUMENT CO,DME COMPANY,DME - HEARING AID,,,160 REMSEN STREET,COHOES,NY,12047,1128a1,19920202,,,
,,,"SCM TRUE AIR TECHNOLOGIES, INC",OTHER BUSINESS,MANUF/LESSOR SUPP/EQ,1972514040,,7955 NATIONAL TURNPIKE,LOUISVILLE,KY,40214,1128a3,20200618,,,
,,,"SCOPE MEDICAL SERVICES, INC",HOME HEALTH AGENCY,,,,54 CARR ST,PROVIDENCE,RI,02905,1128a1,20010419,,,
,,,"SCOTT EVAN BERNSTEIN, DPM, P A",PODIATRY PRACTICE,,,,15801 S W 137TH AVE,MIAMI,FL,33177,1128a1,20010823,,,
,,,SE TEXAS SCHOOL HEALTH & RELAT,COUNSELING CENTER,,,,"515 RUSK, RM 12102, #11775-078",BEAUMONT,TX,77720,1128b8,20060820,,,
,,,"SEACOAST SLEEP SOLUTIONS, INC",DME COMPANY,DME - OXYGEN,1659305845,,"1 ROUTE 236, STE 3",KITTERY,ME,03904,1128a1,20120419,,,
,,,SEAPORT PHARMACY,PHARMACY,,,,120 MAIN STREET,PORT JEFFERSON,NY,11777,1128a1,19880331,,,
,,,SEATTLE PAIN CENTER,PHYSICIAN PRACTICE (,PAIN MANAGEMENT,1972777951,,"1536 N 115TH ST, SUITE 310",SEATTLE,WA,98133,1128b8,20161220,,,
,,,SECOND CHANCE INC,TRANSPORTATION CO,,,,2862 N GRANT BLVD,MILWAUKEE,WI,53210,1128b8,20071018,,,
,,,"SEELIN MEDICAL, INC",DME COMPANY,DME - GENERAL,,,P O BOX  5990,MIDLAND,TX,79704,1128b8,20050119,,,
,,,"SELF DISCOVERY, INC",REHAB FACILITY - GEN,,,,P O BOX 489,LANETT,AL,36863,1128a1,20051020,,,
,,,SELMA ANCILLARY SERVICES,DME COMPANY,DME - GENERAL,,,147 N EUFAULA AVE,EUFAULA,AL,36027,1128b8,20010419,,,
,,,SELMA ANCILLARY SERVICES,DME COMPANY,DME - GENERAL,,,1601 BROAD ST,SELMA,AL,36701,1128b8,20010419,,,
,,,SELMA ANCILLARY SERVICES,DME COMPANY,,,,506 W ELM ST,WRIGHTSVILLE,GA,31096,1128b8,20010419,,,
,,,SENECA MEDICAL GROUP,CLINIC,,,,P O BOX 755,BUFFALO,NY,14240,1128b6,19891025,,,
,,,"SENIOR CARE ASSOC., INC.",SKILLED NURSING FAC,,,,685 OAK STREET,BROCKTON,MA,02401,1128a1,19890305,,,
,,,SENIOR CARE PHARMACY SERVICES,OTHER BUSINESS,PHARMACY,1154617215,,12600 HOOVER ST,GARDEN GROVE,CA,92841,1128b4,20230119,,,
,,,"SENIOR CARE PHARMACY SERVICES,",OTHER BUSINESS,PHARMACY,1720046709,,12600-16601 HOOVER ST,GARDEN GROVE,CA,92841,1128b4,20221120,,,
,,,SENIOR EXECUTIVE COACH INC.,TRANSPORTATION CO,,,,4035 BARDSTOWN ROAD,LOUISVILLE,KY,40218,1128b7,20070417,,,
,,,SENIOR EYECARE SERVICES LLC,OPTICAL PRACTICE,,,,117 WILLOW BRANCH RD,NORMAN,OK,73072,1128b8,20090219,,,
,,,SENIOR HEALTHCARE ASSOCIATES,OTHER BUSINESS,CLINIC,1932105996,,100 N KEEL RIDGE ROAD,HERMITAGE,PA,16148,1128b7,20160818,,,
,,,"SENIOR LIFE ADVOCACY GROUP, LL",OTHER BUSINESS,PERSONAL CARE PROVID,1598162489,,"1064 E SAHARA AVENUE, SUITE A",LAS VEGAS,NV,89104,1128a1,20211118,,,
,,,"SENIOR MEDICAL SERVICES, INC",DME COMPANY,DME - GENERAL,,,450 FAME ROAD,WEST CAROLLTON,OH,45449,1128b8,20080220,,,
,,,SEQUOIA COMMUNITY HEALTH FOUND,OTHER BUSINESS,MENTAL/BEHAVIORAL HE,1871784587,,"1945 N FINE AVE, STE 116",FRESNO,CA,93727,1128a1,20111020,,,
,,,SERENITY MANOR AT WESTERN SKIE,ADULT HOME,,,,869 S NIELSON ST,GILBERT,AZ,85296,1128b8,20081020,,,
,,,"SERONO LABORATORIES, INC",LABORATORY,,,,C/O ONE TECHNOLOGY PL,ROCKLAND,MA,02370,1128a1,20080120,,,
,,,"SERRANO PHARMACY DISCOUNT, INC",PHARMACY,,,,11423 S E 2ND STREET,MIAMI,FL,33174,1128b8,20040219,,,
,,,SERVIALL SYSTEMS,PHARMACY,,,,"2750 N W S RIVER DR, F605",MIAMI,FL,33125,1128b8,20021219,,,
,,,SEVEN D CORP,PHARMACY,,,,1252 SHAKESPEARE AVE,BRONX,NY,10457,1128a1,20091020,,,
,,,SHACKELFORD VISION CENTER,OPTOMETRIC PRACTICE,,,,970 BOULDER DRIVE,SOUTHAVEN,MS,38671,1128a1,19891019,,,
,,,SHALOM MEDICAL CENTER,CLINIC,,,,"6050 N W, 201 TERRACE",MIAMI LAKES,FL,33015,1128Aa,19971018,,,
,,,SHANKMAN DAVIDSON PSYCH MGMT,PSYCHOLOGIC PRACTICE,,,,"1612 FREDERICA RD, STE 5",ST SIMON,GA,31522,1128b8,19980120,,,
,,,"SHANTIRAM, INC",DENTAL PRACTICE,,,,552 OLD COUNTRY RD,PLAINVIEW,NY,11803,1128b8,20040520,,,
,,,SHARP COMMUNITY AMBULANCE SVC,AMBULANCE COMPANY,,,,C/O 1771-5 EDGEWOOD AVE W,JACKSONVILLE,FL,32208,1128b8,19970306,,,
,,,SHAWNEE NEURO-MUSCULO-SKELETAL,CLINIC,,,,514 N FOREST RIDGE BLVD,BROKEN ARROW,OK,74014,1128Aa,19950412,,,
,,,"SHELDON M SALANT, S C",DENTAL PRACTICE,,,,333 W MIFFLIN STREET,MADISON,WI,53703,1128a1,19890501,,,
,,,"SHELLE'S PHARMACY, INC",PHARMACY,,,,3525-A ELIZABETH LAKE RD,PONTIAC,MI,48341,1128a1,19900320,,,
,,,SHEPHERD PHARMACY,PHARMACY,,,,C/O 2115 LIMRICK DR,PEARLAND,TX,77581,1128b8,19990617,,,
,,,SHEPHERDS HEART SERVICES LLC,OTHER BUSINESS,PSYCHOLOGIC PRACTICE,1376087700,,"9050 W TROPICANA AVE, UNIT 115",LAS VEGAS,NV,89147,1128b5,20180118,,,
,,,SHERI LAHAIE CHIROPRACTIC,CHIROPRACTIC PRACT,,,,697 MENLO AVE,MENLO PARK,CA,94025,1128b8,19990520,,,
,,,SHERMAN HEALTH CARE GROUP,INTER CARE FACILITY,,,,505 FM 1417 NORTH,SHERMAN,TX,75090,1128a2,19910404,,,
,,,SHERMAN WAY MEDICAL SUPPLY,DME COMPANY,DME - GENERAL,,,"14126 SHERMAN WAY, #5",VAN NUYS,CA,91405,1128b8,20010520,,,
,,,"SHIRLEY MASTIC PHARMACY, INC",PHARMACY,,,,940 MONTAUK HWY,SHIRLEY,NY,11967,1128a1,20011018,,,
,,,"SHOALS MEDICAL GROUP, LLC",PHYSICIAN PRACTICE (,INTERNAL MEDICINE,1891930491,,"1120 S JACKSON HWY, STE 301-B",SHEFFIELD,AL,35660,1128Aa,20160928,,,
,,,"SHOE AND FOOT, INC",DME COMPANY,DME - ORTHOTICS,1639137755,,129 FULTON SPRING RD,MEDFORD,MA,02155,1128a1,20071120,,,
,,,"SHOP RITE PHARMACY, INC",PHARMACY,,,,C/O 22 E 4TH STREET,BAYONNE,NJ,07002,1128a1,20101020,,,
,,,"SHREELAL M SHINDORE, MD, PA",MEDICAL GROUP,,,,"4081 TAMIAMI TRAIL, #C101",NAPLES,FL,34103,1128b8,20050320,,,
,,,"SHREVEPORT PROSTHETICS, INC",DME COMPANY,DME - PROSTHETICS,1700120524,,"1801 FAIRFIELD AVE, STE 301",SHREVEPORT,LA,71101,BRCH SA,20210329,,,
,,,"SHREVEPORT PROTHETICS, INC",DME COMPANY,DME - PROSTHETICS,1700120524,,"181 FAIRFIELD AVE, SUITE 301",SHREVEPORT,LA,71101,BRCH CIA,20210901,,,
,,,SI PREMIER ENTERPRISES LLC,OTHER BUSINESS,DENTAL PRACTICE,,,"579 FULTON STREET, 2ND FLR",BROOKLYN,NY,11201,1128a1,20130220,,,
,,,"SICAGE, LLC",PHYSICIAN PRACTICE (,NEUROLOGY,,,"6709 S MINNESOTA AVE, STE 206",SIOUX FALLS,SD,57108,1128b7,20210430,,,
,,,SIEGFRIED PSYCHOLOGICAL CONSUL,PSYCHOLOGIC PRACTICE,,,,1495 BAVARIAN SHORES DR,CHASKA,MN,55318,1128b8,20040420,,,
,,,"SIERRA DENTAL, PC",DENTAL PRACTICE,,,,"10411 LAGRIMA DE OORO RD, NE",ALBUQUERQUE,NM,87111,1128a1,20100218,,,
,,,SIGNATURE OF MIAMI,DME COMPANY,,,,"4471 N W 36TH ST, #253",MIAMI,FL,33166,1128b8,19971007,,,
,,,SIKES DEVELOPMENT CENTER,CLINIC,,,,C/O 1685 BRENTWOOD CROSSI,CONYERS,GA,30305,1128b8,19980720,,,
,,,SILVER LAKE MEDICAL SUPPLY,DME COMPANY,DME - GENERAL,,,341 N GLENDALE BLVD,LOS ANGELES,CA,90026,1128b5,20000720,,,
,,,SILVER STATE COMMUNITY & HEALT,OTHER BUSINESS,MENTAL/BEHAVIORAL HE,1811426711,,6669 SMOKE RANCH ROAD,LAS VEGAS,NV,89108,1128a1,20250120,,,
,,,"SISCK, INC",OTHER BUSINESS,MENTAL/BEHAVIORAL HE,1699819433,,914 A COLUMBUS AVE,NEW YORK,NY,10025,1128a1,20110920,,,
,,,SKLASS DRUG COMPANY,PHARMACY,,,,4000 WEST DIVISION STREET,CHICAGO,IL,60651,1128b5,19960506,,,
,,,"SLEEP MEDICINE CENTER, INC",OTHER BUSINESS,CLINIC,1508069287,,"310 S PALM AVE, STE 6",PALATKA,FL,32177,1128b7,20140824,,,
,,,SMILE BRITE FAMILY DENISTRY,DENTAL PRACTICE,,,,"C/O 601 MCDONOUGH BLVD, S",ATLANTA,GA,30315,1128b8,19971120,,,
,,,"SMILES R US DENTAL GROUP, INC",DENTAL PRACTICE,,,,"3383 N W 7TH ST, STE #101",MIAMI,FL,33125,1128b8,20031120,,,
,,,"SOBER LINING, LLC",OTHER BUSINESS,SOBER HOME,,,"17221 E 17TH ST, STE L",SANTA ANA,CA,92705,1128a1,20210920,,,
,,,SOFIA MASSAGE STUDIO,PRIVATE CIT/ENTITY,,,,"11538 7TH LANE, #1305",ST PETERSBURG,FL,33716,1128b4,20060620,,,
,,,"SOLACE ADVANCEMENT, LLC",DME COMPANY,DME - GENERAL,,,"26711 WOODWARD AVENUE, STE 211",HUNTINGTON WOODS,MI,48070,1128b7,20201207,,,
,,,SOLID CARE MEDICAL SUPPLIES,DME COMPANY,DME - GENERAL,,,C/O 19621 SADDLECREST DR,WALNUT,CA,91789,1128a1,19940810,,,
,,,"SOLID DIAGNOSTICS, INC",OTHER BUSINESS,LABORATORY-IDTF,1962044164,,30 WINDMILL DRIVE,SUDBURY,MA,01776,1128a1,20241020,,,
,,,"SOLO LUCKY CLAIM PROCESSING, I",OTHER BUSINESS,BILLING SERVICE CO,,,"14348 RIVERSIDE DR, UNIT 5",SHERMAN OAKS,CA,91423,1128a1,20131219,,,
,,,"SOLOMON'S INVALID COACH, INC",TRANSPORTATION CO,,,,"142 BROAD ST, #1A",NEWARK,NJ,07104,1128b8,20030520,,,
,,,SOLOMON'S PORCH COUNSELING CEN,OTHER BUSINESS,COUNSELING CENTER,1285014977,,"6863 W CHARLESTON BLVD, STE 15","LAS VEGAS, NV  89117",NV,89117,1128a1,20160420,,,
,,,SOLUTIONS MULTISPECIALTY SURGI,MEDICAL GROUP,,,,"9903 SANTA MONICA BLVD, #744",BEVERLY HILLS,CA,90212,1128b8,20050420,,,
,,,"SOMED, CO",CLINIC,,,,C/O 4301 BLUE WATER POINT,HOMOSASSA SPNGS,FL,34448,1128Aa,19971010,,,
,,,SOMERTON PHARMACY,OTHER BUSINESS,PHARMACY,1356419592,,10806 BUSTLETON AVENUE,PHILADELPHIA,PA,19116,1128b7,20190923,,,
,,,"SONIC SNEAKER CENTER, INC",DME COMPANY,DME - GENERAL,,,1041 SOUTHERN BOULEVARD,BRONX,NY,10456,1128a1,19920227,,,
,,,SONORAN DESERT PATHOLOGY ASSOC,OTHER BUSINESS,LABORATORY-IDTF,1205162955,,661 NE 14TH AVENUE,FORT LAUDERDALE,FL,33334,1128b7,20240507,,,
,,,"SOU KWEI WONG, INC",PHARMACY,,,,6 HOLYOKE DRIVE,GREENBERG,PA,15601,1128a1,19970710,,,
,,,SOUTH BEACH COMMUNITY HOSPITAL,HOSPITAL,,,,630 ALTON RD,MIAMI BEACH,FL,33139,BRCH CIA,20060410,,,
,,,"SOUTH BEND DRUG CO, INC",DRUG COMPANY/SUPLIER,,,,4100 TECHNOLOGY DRIVE,SOUTH BEND,IN,46628,1128a1,19911125,,,
,,,"SOUTH COUNTY REHABILITATION, I",REHAB FACILITY - GEN,,,,5844 HIGHTOWER DRIVE,ST LOUIS,MO,63128,1128b7,20030331,,,
,,,SOUTH FLORIDA DIAGNOSTIC CTR,CLINIC,,,,"1717 N BAYSHORE DR, STE 1",MIAMI,FL,33132,1128Aa,19971018,,,
,,,SOUTH FLORIDA ORTHOTICS,DME COMPANY,DME - GENERAL,,,C/O 130 CLARK ST,GARDNER,MA,01440,1128b8,20021020,,,
,,,"SOUTH FLORIDA THERAPEUTIC, INC",MEDICAL GROUP,,,,15801 S W 137TH AVE,MIAMI,FL,33177,1128b8,20021120,,,
,,,"SOUTH FLORIDA ULTRASOUND, INC.",CLINIC,,,,C/O 2620 CAYENNE AVE,COOPER CITY,FL,33302,1128b8,19970702,,,
,,,SOUTH LAFOURCHE NURSING AND RE,OTHER BUSINESS,SKILLED NURSING FAC,,,146 EAST 28TH STREET,CUT OFF,LA,70345,1128b4,20220220,,,
,,,SOUTH PACIFIC MEDICAL SERVICES,DME COMPANY,,,,"8428 S W 24TH ST, STE 245",MIAMI,FL,33155,1128b8,19980920,,,
,,,SOUTH SHORE HEARING AID CTR,DME COMPANY,DME - HEARING AID,,,C/O 401A E MAIN ST,BAYSHORE,NY,11706,1128b8,19980420,,,
,,,SOUTH SHORE MALL PODIATRIC SVC,PODIATRY PRACTICE,,,,C/O 63 E OLD COUNTRY ROAD,HICKSVILLE,NY,11706,1128b4,19941207,,,
,,,SOUTH ST LOUIS ORTHOPEDIC GROU,CLINIC,,1831268663,,"130 S BEMISTON AVE, STE 610",ST LOUIS,MO,63105,1128a1,20100318,,,
,,,SOUTH TEXAS COMPREHENSIVE CANC,PHYSICIAN PRACTICE (,HEMATOLOGY,1740236207,,204 SHORE DRIVE,PORTLAND,TX,78374,1128a1,20150920,,,
,,,SOUTHEAST MEDICAL EQUIPMENT,DME COMPANY,DME - GENERAL,,,410 N W 57TH COURT,MIAMI,FL,33126,1128a1,19890405,,,
,,,"SOUTHEAST RESPIRATORY CARE, IN",DME COMPANY,DME - GENERAL,,,"8500 S W 133RD AVE RD, #309",MIAMI,FL,33183,1128b8,20041220,,,
,,,"SOUTHEASTERN MEDEQUIP, INC",DME COMPANY,DME - GENERAL,1528004108,,905 NORTH THIRD STREET,JACKSONVILLE BEACH,FL,32250,1128Aa,20260620,,,
,,,SOUTHERN CALIFORNIA CARDIOLOGY,CLINIC,,,,"931 BUENA VISTA ST, #101",DUARTE,CA,91010,1128b8,20040819,,,
,,,SOUTHERN CALIFORNIA RESPIRATOR,CLINIC,,,,609 W TERRYLYNN PL,LONG BEACH,CA,90807,1128b8,20050620,,,
,,,"SOUTHERN ILLINOIS PHARMACY, IN",OTHER BUSINESS,PHARMACY,,,1208 CHRISTINE DRIVE,CARTERVILLE,IL,62918,1128b4,20170119,,,
,,,SOUTHERN INTEGRATED MEDICAL SV,DME COMPANY,DME - GENERAL,,,PROLONGACION 25 DE JUL 35,YAUCO,PR,00698,1128b8,20030619,,,
,,,SOUTHERN MEDICAL & SURGICAL,DME COMPANY,DME - GENERAL,,,P O BOX 6437,PHILADELPHIA,PA,19145,1128a1,19920419,,,
,,,"SOUTHERN NEVADA PERSONAL CARE,",HOME HEALTH AGENCY,,,,1701 S EASTERN AVE,LAS VEGAS,NV,89104,1128a1,20070620,,,
,,,SOUTHERN PSYCHOTHERAPY ASSOC,MENTAL HEALTH FAC,,,,"202 W GORDON, SUITE B",VALDOSTA,GA,31601,1128b8,19950222,,,
,,,SOUTHERN TRANSFER SERVICE,TRANSPORTATION CO,,,,,DEQUEENS,OK,72956,1128a1,19900325,,,
,,,SOUTHERN UNITED HOME MED EQUIP,DME COMPANY,,,,305 W MOODY ST,POPLARVILLE,MS,39470,1128b7,19990207,,,
,,,SOUTHGATE HEALTH CENTER,CLINIC,,,,"1440 SOUTHGATE AVE, #4",DALY CITY,CA,94015,1128b8,20000420,,,
,,,"SOUTHSIDE CLINIC, INC",PHYSICIAN PRACTICE (,GENERAL PRACTICE,1497823314,,208 BALLYSHANNON COURT,BALLWIN,MO,63021,1128b5,20120419,,,
,,,"SOUTHWEST HEALTH SERVICES, INC",CLINIC,,,,"778 RAYS RD, #105",STONE MOUNTAIN,GA,30083,1128b8,20000518,,,
,,,"SOUTHWEST HEALTH SERVICES, INC",CLINIC,,,,"2521 BANKHEAD HWY, #D",ATLANTA,GA,30318,1128b8,20000518,,,
,,,SOUTHWEST HOME HEALTH,HOME HEALTH AGENCY,,,,"C/O 2901 N CENTRAL, #800",PHOENIX,AZ,85012,1128b7,19990830,,,
,,,SOUTHWEST MEDICAL INC,DME COMPANY,DME - UROLOGICAL SUP,,,C/O 27 VALLEY ESTATE DRIV,LITTLE ROCK,AR,72212,1128b8,19961211,,,
,,,"SOUTHWEST NU STOP, INC",OTHER BUSINESS,REHAB FACILITY - GEN,1538289822,,5616 WOODLAND AVENUE,PHILADELPHIA,PA,19143,1128a1,20221220,,,
,,,"SOUTHWESTERN HEALTH SOLUTIONS,",OTHER BUSINESS,MENTAL/BEHAVIORAL HE,1528574399,,5410 BLUE OAT AVENUE,LAS VEGAS,NV,89141,1128a1,20230620,,,
,,,SOUTHWOOD MEDICAL EQUIPMENT,DME COMPANY,DME - GENERAL,,,722 CARRELL,TOMBALL,TX,77375,1128b8,19920405,,,
,,,"SOVEREIGN MEDICAL, INC",DME COMPANY,,,,"3659 CORTEZ RD WEST, #110",BRANDENTON,FL,34210,1128b8,19980420,,,
,,,SPA ACUPUNCTURE/ACUPRESSURE,ACUPUNCTURIST,,,,327 W MANCHESTER BLVD,INGLEWOOD,CA,90301,1128b8,20021020,,,
,,,SPECIALTY CLINICAL LABORATORIE,LABORATORY,,,,"C/O 40 PATERSON ST, BOX 4",NEW BRUNSWICK,NJ,08903,1128b5,19971005,,,
,,,"SPEECH & LANGUAGE ASSOCIATES,",CLINIC,,,,2651 HIGHLAND AVE,CINCINNATI,OH,45219,1128b8,20010620,,,
,,,"SPEECH PATHOLOGY SERVICE, INC",THERAPIST,,,,5324 W 67TH ST,PRAIRIE VILLAGE,KS,66208,1128b8,20000518,,,
,,,"SPEED RENTAL MEDICAL, INC",DME COMPANY,,,,"2642 S W, 8TH STREET, #4B",MIAMI,FL,33125,1128b8,19980820,,,
,,,"SPENCER CLINIC, P A",CLINIC,,,,3309 HEALY DRIVE,WINSTON-SALEM,NC,27103,1128a1,19920803,,,
,,,"SPIVACK, INC",OTHER BUSINESS,PHARMACY,1821198573,,7960 VERRE RD,PHILADELPHIA,PA,19111,1128a3,20220811,,,
,,,SPLIT ROCK MULTI CARE CENTER,SKILLED NURSING FAC,,,,"181 BRAND RD, CALLER BX 20",MALONE,NY,12953,1128a1,20080420,,,
,,,"SQUARE ONE BEHAVIORAL HEALTH,",OTHER BUSINESS,MENTAL/BEHAVIORAL HE,1609351725,,2923 W CHARLESTON BLVD,LAS VEGAS,NV,89102,1128a1,20250820,,,
,,,"SRD MANAGEMENT, INC",SKILLED NURSING FAC,,,,1100 OLD NATIONAL BANK,SPOKANE,WA,99201,1128a1,19870715,,,
,,,ST GEMA PHARMACY,PHARMACY,,,,"1250 NW 7TH ST, SUITE 101",MIAMI,FL,33010,1128a1,19910220,,,
,,,"ST JAMES NURSING CENTER, INC",SKILLED NURSING FAC,,,,603 S BENBOW ROAD,GREENSBORO,NC,27401,1128a1,19940331,,,
,,,"ST JOHN'S DRUGS, INC",PHARMACY,,,,1614 N JAMES STREET,ROME,NY,13440,1128b8,19870618,,,
,,,"ST JUDE HOME CARE, INC",OTHER BUSINESS,HOME HEALTH AGENCY,1538168059,,445 RESERVOIR AVENUE,CRANSTON,RI,02910,1128a1,20180611,,,
,,,ST LAZARO MEDICAL CENTER CORP,CLINIC,,,,3200 S W 6TH ST,MIAMI,FL,33135,1128b8,20010419,,,
,,,"ST LUCIE PAIN CENTER, INC",CLINIC,,,,5 HARVARD CIRCLE,W PALM BEACH,FL,33409,1128b8,20061019,,,
,,,ST LUKE'S SUBACUTE HOSPITAL &,SKILLED NURSING FAC,,,,1652 MONO AVENUE,SAN LEANDRO,CA,94578,1128a1,20050119,,,
,,,ST MICHAELS HEALTH SERVICES,DME COMPANY,,,,"6223 RICHMOND AVE, STE 210",HOUSTON,TX,77057,1128b8,20081120,,,
,,,"ST PETER'S MEDICAL SUPPLY, INC",DRUG COMPANY/SUPLIER,,,,C/O 1620 S OCKNEY ST,PHILADELPHIA,PA,19147,1128b8,20020919,,,
,,,ST THOMAS MEDICAL CLINIC,CLINIC,,,,4652 HOLLYWOOD BLVD,LOS ANGELES,CA,90027,1128b8,19990420,,,
,,,STACO MARKETING & SUPPLY INC,DME COMPANY,DME - UROLOGICAL SUP,,,C/O 27 VALLEY ESTATE DRIV,LITTLE ROCK,AR,72212,1128b8,19961211,,,
,,,"STACY A BATTLE, D D S, P C",DENTAL PRACTICE,,,,6028 TROOST AVE,KANSAS CITY,MO,64110,1128b8,20010820,,,
,,,STANBRIDGE CHIROPRACTIC,CHIROPRACTIC PRACT,,,,"7007 WASHINGTON AVE, #200",WHITTIER,CA,90602,1128b8,20050720,,,
,,,STANLEY'S PHARMACY,PHARMACY,,,,3520 FIFTH AVENUE,PITTSBURGH,PA,15213,1128b3,19901101,,,
,,,STANOR PHARMACY,PHARMACY,,,,353 LYCEUM AVENUE,PHILADELPHIA,PA,19128,1128a1,19870824,,,
,,,STAR B REST PERSONAL CARE HOME,ADULT HOME,,,,101 WARD LOOP,COLUMBUS,MS,39429,1128b8,20050720,,,
,,,STAR MEDICAL ACADEMY,CLINIC,,,,"C/O 264 FM 3478, #01529547",HUNTSVILLE,TX,77320,1128b8,20091220,,,
,,,"STAR MEDICAL SUPPLY, INC",DME COMPANY,,1790874634,,"7901 MELROSE AVE, #204",LOS ANGELES,CA,90046,1128b8,20100720,,,
,,,STAR SAFETY CORPORATION,AMBULANCE COMPANY,,1780708693,,6216 TALL OAKS DR,MENTOR,OH,44060,1128b8,20090720,,,
,,,STARR HILLSIDE PHARMACY,PHARMACY,,,,2505 ELEVENTH AVENUE,GREELEY,CO,80631,1128b8,19881028,,,
,,,STARR MEDICAL ARTS PHARMACY,PHARMACY,,,,"1136 ALPINE AVENUE, 110",BOULDER,CO,80302,1128a1,19880830,,,
,,,"STAT BILLING SERVICES, INC",BILLING SERVICE CO,,,,"5555 N W, 194 TERRACE",MIAMI,FL,33055,1128Aa,19970715,,,
,,,STAT MEDICAL RESIDENTIAL SUPPL,DME COMPANY,,,,"5555 N W, 194 TERRACE",MIAMI,FL,33055,1128Aa,19970715,,,
,,,"STAT OXIMETRIES, INC",DME COMPANY,,,,5555 N W 194 LANE,MIAMI,FL,33055,1128Aa,19970814,,,
,,,"STAT REGISTERED NURSING SVC,PC",HOME HEALTH AGENCY,,,,1019 FORT SALONGA ROAD,NORTHPORT,NY,11768,1128a1,19960619,,,
,,,STAT RESPIRATORY SERVICES,DME COMPANY,,,,#9 RAVENRIDGE,THE WOODLANDS,TX,77380,1128b8,19910508,,,
,,,STATE MEDICAL OXYGEN & SUPPLY,DME COMPANY,DME - OXYGEN,,,P O BOX 1418,KALISPELL,MT,59901,1128Aa,19920115,,,
,,,STATE VETERANS MEDICAL TRANSPO,OTHER BUSINESS,TRANSPORTATION CO,,,"3329 STANLEY AVE, #C",DAYTON,OH,45404,1128b8,20110818,,,
,,,STATEWIDE DENTAL SERVICES,DENTAL PRACTICE,,,,7805 S W 24TH ST,MIAMI,FL,33016,1128b8,20000119,,,
,,,"STAVCO, INC",PHARMACY,,,,C/O P O BOX 7450,TRENTON,NJ,08625,1128a1,20041220,,,
,,,STELLA COUNSELING SERVICES PC,COUNSELING CENTER,,,,920 W LEON,LINCOLN,NE,68521,1128b8,20100420,,,
,,,"STEPHEN W RATER, D D S, S C",DENTAL PRACTICE,,,,801 S GAMMON RD,MADISON,WI,53719,1128b8,20011120,,,
,,,"STEPS TO BETTER LIVING, INC",OTHER BUSINESS,SOBER HOME,,,3250 CONEY ISLAND AVENUE,BROOKLYN,NY,11235,1128a1,20200319,,,
,,,STERLING KNIGHT PHARMACEUTICAL,OTHER BUSINESS,DRUG COMPANY/SUPLIER,,,106 MULBERRY ST,RIPLEY,MS,38663,1128a3,20230420,,,
,,,STERLING OPTICAL,OPTICAL PRACTICE,,,,C/O 208 B SENECA MALL,WEST SENECA,NY,14224,1128b8,19960213,,,
,,,"STEVEN J KUNZ, DC, PC",CHIROPRACTIC PRACT,,,,"15 GLACIER AVE, #2",FAIRBANKS,AK,99701,1128b8,20060717,,,
,,,"STEVEN LEE, INC",PHARMACY,,,,C/O 4075 OAK LANE,LAFAYETTE HILL,PA,19444,1128a1,19971218,,,
,,,STEVENS AMBULETTE SERVICE,TRANSPORTATION CO,,,,C/O 131-11 107TH AVE,RICHMOND HILL,NY,11418,1128a1,19950410,,,
,,,"STILWELL ENTERPRISES, INC",TRANSPORTATION CO,,,,4491 KINVARRA CIRCLE,MABLETON,GA,30059,1128b8,19980720,,,
,,,"STJ PATIENT SERVICES, INC",PRIVATE CIT/ENTITY,DME - GENERAL,,,"9898 BISSONNET ST, STE 422",HOUSTON,TX,77036,1128b8,20080520,,,
,,,STOCKTON CHIROPRACTIC CTR,CHIROPRACTIC PRACT,,,,"4422 N PERSHING AVE, #D-9",STOCKTON,CA,95207,1128b8,20030120,,,
,,,STODDARD ORTHOPAEDICS AND SPIN,CLINIC,,,,"6855 S HAVANA ST, STE 260",CENTENNIAL,CO,80112,1128b8,20101118,,,
,,,STOLTZ DRUG STORE,PHARMACY,,,,40 WATKINS STREET,NELSONVILLE,OH,45764,1128b8,20100218,,,
,,,STONE CHIROPRACTIC,CHIROPRACTIC PRACT,,,,193 PENTON CENTER WAY,SAN LEANDRO,CA,94577,1128b8,19960314,,,
,,,"STONE HILL HEALTH SVCS, INC",HOME HEALTH AGENCY,,,,C/O 19 TOM HARVEY RD,WESTERLY,RI,02891,1128a1,20010920,,,
,,,STONY RIDGE DAY TREATMENT INC,REHAB FACILITY - GEN,,,,"BOX 29390, 2737 N 49TH",LINCOLN,NE,68504,1128b7,20070423,,,
,,,"STORMIN TRANSPORTATION, INC",TRANSPORTATION CO,,,,"4289 MEMORIAL DR, STE C",DECATUR,GA,30032,1128b8,19990720,,,
,,,STRAIGHT CHIROPRACTIC,CHIROPRACTIC PRACT,,,,"1850 E 17TH ST, STE 102",SANTA ANA,CA,92705,1128b8,20010820,,,
,,,STRAIGHT TALK COUNSELING SVC,COUNSELING CENTER,,,,C/O 10615 HIDDEN VALLEY R,WICHITA,KS,67209,1128b8,19981020,,,
,,,STRANGE DRUG COMPANY,PHARMACY,,,,122 S JEFFERSON STREET,DUBLIN,GA,31021,1128b8,19960611,,,
,,,"STRESS X-RAY, INC",RADIOLOGY FACILITY,,,,"BOX 8, OTISVILLE CORR FAC",OTISVILLE,NY,10963,1128a1,19940630,,,
,,,"STRONG TREE CLINIC, P C",CLINIC,,1750457933,,342 EAST MAIN STREET,LOVELL,WY,82431,1128b8,20090520,,,
,,,"STUART PHARMACY, INC",PHARMACY,,,,203 WEST 231ST ST,BRONX,NY,10463,1128b5,19981020,,,
,,,STUYVESANT HGTS MEDICAL GROUP,MEDICAL GROUP,,,,1155 BROADWAY,BROOKLYN,NY,11221,1128a1,20021020,,,
,,,SUFFOLK COUNTY HEARING AID CTR,DME COMPANY,DME - HEARING AID,,,90 LAWRENCE AVE,SMITHTOWN,NY,11787,1128a1,19930816,,,
,,,SUFFOLK COUNTY PODIATRIC SVCS,PODIATRY PRACTICE,,,,C/O 63 E OLD COUNTRY ROAD,HICKSVILLE,NY,11801,1128b4,19941207,,,
,,,SUGAR SHACK AMBULATORY,TRANSPORTATION CO,,,,P O BOX 1043,JACKSONVILLE,FL,32201,1128b8,20000119,,,
,,,"SUKI SPA, INC",THERAPIST,,,,37542 US 19,PALM HARBOR,FL,34684,1128b4,20041220,,,
,,,SUMMIT CHIROPRACTIC,CHIROPRACTIC PRACT,,,,"3400 BECHELLI LANE, #A",REDDING,CA,96002,1128b8,20011018,,,
,,,"SUN ARROW, INC",TRANSPORTATION CO,,,,4808 GERALDINE AVENUE,RICHMOND HEIGHTS,OH,44143,1128b8,20070820,,,
,,,"SUN REHAB, INC",DME COMPANY,,,,P O BOX 606,MULLICA HILL,NJ,08062,1128b5,20001019,,,
,,,SUNCOAST BRACE AND LIMB INC,DME COMPANY,DME - PROSTHETICS,1013919307,,1878 59TH STREET WEST,BRADENTON,FL,34209,1128a1,20170320,,,
,,,"SUNCOAST BRACE AND LIMB, INC",DME COMPANY,DME - PROSTHETICS,1013919307,,"1878 59TH ST, W",BRADENTON,FL,34209,1128a1,20150420,,,
,,,"SUNG WOOK KIM, DDS, INC",DENTAL PRACTICE,,,,3460 WILSHIRE BLVD #104,LOS ANGELES,CA,90010,1128b8,20050920,,,
,,,SUNNYSIDE EMERGENCY AMBULANCE,AMBULANCE COMPANY,,,,2478 HOME ACRES ROAD,STEVENSVILLE,MT,59870,1128a1,19910510,,,
,,,SUNRISE ADULT DAY HEALTH CARE,ADULT HOME,,,,1601 BELMONT ST,PINE BLUFF,AR,71601,1128a1,19980319,,,
,,,"SUNRISE CENTER, INC",ADULT HOME,,,,4636 ROBERTS ST,SHAWNEE,KS,66226,1128b8,20050920,,,
,,,SUNRISE HEALTH CORPORATION,DOCTOR OWNED ENTITY,,,,1891 NORTH LEE TREVINO,EL PASO,TX,79935,1128a1,19920601,,,
,,,SUNRISE MOUNTAIN ASSISTED LIVI,OTHER BUSINESS,ADULT HOME,1245416148,,"44539 STERLING HWY, STE 206",SOLDOTNA,AK,99669,1128b5,20130620,,,
,,,SUNRISE SURGICAL & ORTHOPEDIC,DME COMPANY,DME - GENERAL,,,18 BELLEMEADE AVE,SMITHTOWN,NY,11787,1128a1,19880616,,,
,,,"SUNRISE SYRACUSE, LLC",OTHER BUSINESS,HOME HEALTH AGENCY,1942756317,,C/O 504 SEDGWICK DRIVE,SYRACUSE,NY,13203,1128a1,20230820,,,
,,,SUNSET MEDICAL & REHABILITATIO,CLINIC,,,,13526 SW 59TH TERRACE,MIAMI,FL,33183,1128b8,20071018,,,
,,,"SUNSHINE CARE PARTNERS, INC",PHYSICIAN PRACTICE (,GENERAL PRACTICE,1285138438,,9721 E 79TH STREET,TULSA,OK,74133,1128b7,20260603,,,
,,,SUNSHINE CHIROPRACTIC CLINIC,CHIROPRACTIC PRACT,,,,"266 N JACKSON AVE, STE 6",SAN JOSE,CA,95446,1128b8,20030619,,,
,,,"SUNSHINE HOME HEALTH SVCS, INC",HOME HEALTH AGENCY,,,,2000 ISLAND DRIVE,EASTPOINT,FL,32320,1128b8,19920909,,,
,,,SUNSHINE MEDICAL ENTERPRISE GR,DME COMPANY,DME - OXYGEN,,,1013 S W 67TH AVE,MIAMI,FL,33144,1128b8,20030820,,,
,,,"SUNSHINE MEDICAL SERVICES, INC",DME COMPANY,,,,1501 WEST OAKEY BLVD,LAS VEGAS,NV,89102,1128a1,19940324,,,
,,,"SUNSHINE SENIOR SOLUTIONS, LLC",DME COMPANY,DME - GENERAL,1811518392,,"100 E LINTON BLVD, STE 404B",DELRAY BEACH,FL,33483,1128Aa,20260620,,,
,,,SUPER CARE MEDICAL SUPPLIES,DME COMPANY,DME - GENERAL,,,1720 W 19TH STREET,BROADVIEW,IL,60153,1128a1,19950604,,,
,,,"SUPER DRUGS FARMACIA, INC",PHARMACY,,,,5512 SW 8TH STREET,MIAMI,FL,33134,1128a1,19910317,,,
,,,SUPER S PHARMACY,PHARMACY,,,,3048 E COMMERCE STREET,SAN ANTONIO,TX,78220,1128b4,19960423,,,
,,,SUPER-MED CARE MEDICAL & DIAGN,CLINIC,,,,C/O P O BOX 600,EGLIN AFB,FL,32542,1128b8,19991020,,,
,,,SUPERIOR AMBULANCE SERVICE,AMBULANCE COMPANY,,,,4407 SOUTH PAN AM,SAN ANTONIO,TX,78225,1128b8,19930803,,,
,,,SUPERIOR CONVALESCENT TRANSPOR,TRANSPORTATION CO,,,,"4293 MEMORIAL DR, SUITE K",DECATUR,GA,30030,1128b8,19970130,,,
,,,SUPERIOR MEDICAL CORP,DME COMPANY,DME - GENERAL,,,"1760 NORMANDY DR, #1",MIAMI BEACH,FL,33141,1128b8,20000820,,,
,,,"SUPERIOR MEDICAL WHOLESALERS,",DME COMPANY,DME - GENERAL,,,1455 N W 14TH ST,MIAMI,FL,33125,1128b8,20040617,,,
,,,"SUPPORT PRODUCTS, INC",DME COMPANY,DME - GENERAL,,,4126 CHILDRESS STREET,HOUSTON,TX,77005,1128a1,19960604,,,
,,,"SUPPORT TRANSPORTATION, INC",OTHER BUSINESS,TRANSPORTATION CO,1104120120,,1231 AVENUE U,BROOKLYN,NY,11229,1128b8,20211220,,,
,,,SUPPORTIVE HEALTH SERVICES COR,DME COMPANY,DME - GENERAL,,,"2806 N W 11 AVE, 1ST FLR",MIAMI,FL,33127,1128b8,20031218,,,
,,,SUPPORTIVE OUTREACH SERVICES I,OTHER BUSINESS,MENTAL/BEHAVIORAL HE,1720415672,,"2290 S JONES BOULEVARD, SUITE",LAS VEGAS,NV,89146,1128a1,20250420,,,
,,,SUPREME MEDICAL SERVICES,DME COMPANY,,,,C/O 210 FOUNTAINBLEU BLVD,MIAMI,FL,33172,1128b8,19971120,,,
,,,SUPREME MENTHAL HEALTH SERVICE,OTHER BUSINESS,CLINIC,1609484278,,"6710 MAIN STREET, SUITE 234",HIALEAH,FL,33014,1128b7,20260821,,,
,,,SUPREME TAXICAB SERVICE,TRANSPORTATION CO,,,,"C/O ROUTE 1, BOX 1086",PERRY,FL,32347,1128b8,19971002,,,
,,,"SURABHI DESAI, D M D, P C",OTHER BUSINESS,DENTAL PRACTICE,,,1109 W LONG LAKE RD,BLOOMFIELD HILLS,MI,48303,1128b8,20071018,,,
,,,SURGERY CENTER MANAGEMENT LLC,OTHER BUSINESS,HC CONGLOM - PARENT,,,9001 WILSHIRE BOULEVARD,BEVERLY HILLS,CA,90211,1128a3,20240418,,,
,,,"SURGICAL CARE PROVIDER, DPM,PC",PODIATRY PRACTICE,,,,C/O 63 E OLD COUNTRY ROAD,HICKSVILLE,NY,11801,1128b4,19941207,,,
,,,"SURGICAL LEASING COMPANY, LLC",PRIVATE CIT/ENTITY,,,,"3434 MIDWAY DR, STE 2004",SAN DIEGO,CA,92110,1128b8,20080420,,,
,,,"SURNIL PHARMACY, INC",OTHER BUSINESS,PHARMACY,1053528422,,1207 N 5TH ST,PHILADELPHIA,PA,19122,1128a1,20260120,,,
,,,SUTEX MEDICAL TRANSPORT,TRANSPORTATION CO,,,,814 74TH STREET,N BERGEN,NJ,07047,1128b5,19981220,,,
,,,"SUZANNE ABERGEL, DDS, PA",DENTAL PRACTICE,,,,"14050 SW 84TH ST, #103",MIAMI,FL,33183,1128b8,20060920,,,
,,,"SUZETTE L CULLINS, MD, LLC",CLINIC,,,,"P O BOX 1032, #29363-034",COLEMAN,FL,33521,1128b8,20071018,,,
,,,"SVS WELLCARE MEDICAL, PLLC",PHYSICIAN PRACTICE (,GENERAL PRACTICE,1154350361,,"C/O P O BOX 1000, #65285-053",LORETTO,PA,15940,1128b8,20150820,,,
,,,SWAMI KRUPA CORP,OTHER BUSINESS,PHARMACY,1366590366,,1187 GRAND CONCOURSE,BRONX,NY,10452,1128a1,20150219,,,
,,,"SWAMI NARAYAN PHARMACY, INC",OTHER BUSINESS,PHARMACY,1356478812,,3457 BOSTON ROAD,BRONX,NY,10469,1128a1,20140820,,,
,,,SWIFT CARE TRANSPORTATION LLC,OTHER BUSINESS,TRANSPORTATION CO,1841692688,,70 W MCKINLEY WAY,YOUNGSTOWN,OH,44514,1128a3,20211118,,,
,,,"SWISS MEDICAL SUPPLY, INC",DME COMPANY,,,,1350 AMSTERDAM AVE,NEW YORK,NY,10027,1128b5,19971005,,,
,,,"SYMA PHARMACY, INC",PHARMACY,,,,1135 EASTERN PKWY,BROOKLYN,NY,11237,1128b5,19990318,,,
,,,SYNERGISTICS MEDICAL CARE PA,CHIROPRACTIC PRACT,,,,6363 W 110TH ST,LEAWOOD,KS,66211,1128b8,20050320,,,
,,,"SYSTEMS AND ABILITIES, INC",OTHER BUSINESS,NON-PROFIT ORGANIZAT,1538322102,,30 STREIT AVENUE,POUGHKEEPSIE,NY,12603,1128a1,20160120,,,
,,,"SZS MEDICAL CARE, PLLC",PHYSICIAN PRACTICE (,GENERAL PRACTICE,1205006905,,"C/O 279 OCEAN AVENUE, APT 3B",BROOKLYN,NY,11225,1128b8,20150820,,,
,,,T & C REHAB CENTER,CLINIC,,,,"C/O P O BOX 2149, #66586-179",BRYAN,TX,77805,1128b8,20091220,,,
,,,"T & N PHARMACEUTICAL CO, INC",PHARMACY,,,,C/O 13 HIGHLAND AVE,MAPLEWOOD,NJ,07040,1128a1,20041220,,,
,,,"T & T MEDICAL, INC",DME COMPANY,DME - OXYGEN,,,15015 S W 139TH PLACE,MIAMI,FL,33186,1128b8,20030320,,,
,,,T & T TRANSPORT,TRANSPORTATION CO,,,,4017 ST CLAUDE,NEW ORLEANS,LA,70117,1128a1,19891120,,,
,,,T J & E SALES & SERVICES CORP,DME COMPANY,,,,"180 MADISON AVENUE, RM 80",NEW YORK,NY,10016,1128b5,19990120,,,
,,,"T-P DRUGS, INC",PHARMACY,,,,1427 RACE STREET,CINCINNATI,OH,45207,1128b8,19950411,,,
,,,"T-TECH MEDICAL SERVICES, INC",DME COMPANY,DME - GENERAL,,,35 OSPREY STREET,SAFETY HARBOR,FL,34695,1128b7,20020715,,,
,,,"T-TECH MEDICAL SERVICES, INC",DME COMPANY,DME - GENERAL,,,35 OSPREY ST,SAFETY HARBOR,FL,34695,1128a1,20030520,,,
,,,TAHARA CENTER,CLINIC,,,,"4725 1ST ST, STE 270",PLEASANTON,CA,94566,1128b8,20110420,,,
,,,"TAILOR MADE COMPOUNDING, LLC",OTHER BUSINESS,PHARMACY,1235591165,,200 MOORE DRIVE,NICHOLASVILLE,KY,40356,1128a3,20230119,,,
,,,TAMIAMI MEDICAL RENTAL CORP,DME COMPANY,DME - GENERAL,,,C/O 3730 S W 58TH AVE,MIAMI,FL,33155,1128b8,19980120,,,
,,,"TAMID MEDICAL TRANSPORT, INC",TRANSPORTATION CO,,,,6770 N LINCOLN AVE,LINCOLNWOOD,IL,60712,1128b7,19991117,,,
,,,"TAMPA HOME HEALTH CARE, INC",HOME HEALTH AGENCY,,,,4510 EDEN ROCK DRIVE,TAMPA,FL,33634,1128a1,19911126,,,
,,,TANITH ENTERPRISES LLC,OTHER BUSINESS,MANAGEMENT SVCS CO,,,"8222 118TH AVE, STE 605",LARGO,FL,33773,1128a3,20230518,,,
,,,TARZANA GARDEN OB/GYN MEDICAL,CLINIC,,,,"18411 CLARK ST, SUITE 301",TARZANA,CA,91356,1128b8,20050420,,,
,,,TAYLORSVILLE CHIROPRACTIC,CHIROPRACTIC PRACT,,,,"2530 W 4700 ST, STE B-4",TAYLORSVILLE,UT,84118,1128b8,19990520,,,
,,,"TBC PRODUCTS, INC",DME COMPANY,DME - GENERAL,,,"8121 10TH AVE, NORTH",GOLDEN VALLEY,MN,55427,1128a1,20041112,,,
,,,"TBI SERVICES, LLC",HOME HEALTH AGENCY,,1700936127,,7857 CHESTNUR RIDGE RD,GASPORT,NY,14120,1128a1,20091119,,,
,,,TDM TRANSPORTATION,TRANSPORTATION CO,,,,3324 LAUREL AVENUE,HAZEL CREST,IL,60429,1128b5,19960506,,,
,,,"TEACHING EXCELLENCE, LLC",OTHER BUSINESS,HOME HEALTH AGENCY,1326459272,,"893 TAIT ROAD, SW",WARREN,OH,44481,1128b5,20200220,,,
,,,TEAM TECH SOLUTIONS,OTHER BUSINESS,CONSULTING FIRM,,,1125 SHETLAND COURT,RALEIGH,NC,27609,1128b7,20130726,,,
,,,"TECHNIQUE MEDICAL DIAGNOSTICS,",CLINIC,,,,C/O P O BOX 019120,MIAMI,FL,33101,1128b8,19990420,,,
,,,"TECHNO/HEALTH SERVICES, INC",CLINIC,,,,"3990 W FLAGLER ST, STE 10",MIAMI,FL,33145,1128b8,19980120,,,
,,,"TECHNOKURE, INC",CLINIC,,,,"4700 N W 7TH ST, STE 324",MIAMI,FL,33126,1128b8,19980120,,,
,,,"TEEMAC MEDICAL RENTAL, INC",DME COMPANY,DME - GENERAL,,,P O BOX 454,MEDFORD,NY,11763,1128b8,19901011,,,
,,,"TEMECULA MEDICAL SUPPLIES, INC",DME COMPANY,DME - GENERAL,1063294221,,"43180 BUSINESS PARK DRIVE, SUI",TEMECULA,CA,92590,1128Aa,20260619,,,
,,,TEMPLE'S MEDICINE CHEST PHARM,PHARMACY,,,,1602 SOUTH 35TH STREET,TEMPLE,TX,76501,1128b8,19910403,,,
,,,"TENDER CARE MOBILE X-RAY CO, I",STATE/LOCAL/TRIBAL A,STATE GOV'T,1932281896,,1278 E DIVISION ROAD,VEEDERSBURG,IN,47987,1128b5,20160218,,,
,,,TENDER CARE PHARMACY,PHARMACY,,,,642 E 47TH STREET,CHICAGO,IL,60653,1128b4,19901104,,,
,,,TENDER GUARDIAN HOME HEALTH,HOME HEALTH AGENCY,,,,"5600 S W 135 AVE, STE 208",MIAMI,FL,33183,1128b8,19981119,,,
,,,"TENDER HEALTH CARE SVCS., INC.",HOME HEALTH AGENCY,,,,1504 NW 119TH STREET,MIAMI,FL,33168,1128a1,19910416,,,
,,,TENDER LOVING CARE HOME HEALTH,HOME HEALTH AGENCY,,,,C/O 6753 CEZANNE AVE,BATON ROUGE,LA,70806,1128b8,19990819,,,
,,,"TEOFILO PO, MD, FACS, INC",MEDICAL GROUP,,,,15929 YOUNGWOOD DRIVE,WHITTIER,CA,90603,1128b8,20040520,,,
,,,"TERDAC, INC",CLINIC,,,,"C/O 3813-7 N MONROE, #100",TALLAHASSEE,FL,32303,1128b8,19981119,,,
,,,"TERESITA EARLEY, P.C.",DOCTOR OWNED ENTITY,,,,222 E 24TH STREET,NEW YORK,NY,10010,1128a1,19951218,,,
,,,TERGLO ASSOCIATES INC,RADIOLOGY FACILITY,,,,C/O 69-26 DARTMOUTH ST,FOREST HILLS,NY,11375,1128b8,19931208,,,
,,,TERRACE VIEW DIVERSIFIED HELTH,SKILLED NURSING FAC,,,,"C/O 4744 41ST AVE, S W",SEATTLE,WA,98116,1128a1,19980520,,,
,,,TERRELL MEDIC PHARMACY INC.,PHARMACY,,,,144 POINSETTIA,TERRELL,TX,75160,1128a1,19910508,,,
,,,"TERRY L LOVELACE, PH.D., INC",MENTAL HEALTH FAC,,,,2867 GENERAL ISAAC SMITH,SCOTLANDVILLE,LA,70807,1128b8,19961230,,,
,,,TERRY'S MEDICAL TRANSPORT,TRANSPORTATION CO,,,,C/O 3308 50TH AVE EAST,BRADENTON,FL,34203,1128b8,19971002,,,
,,,TEXAS MEDICAL INSTITUTE OF TEC,OTHER BUSINESS,RESEARCH COMPANY,,,"3011 N INTERSTATE 35, STE 200",AUSTIN,TX,78722,1128b7,20150227,,,
,,,"TEXAS OPTICAL PRODUCTS, INC",DOCTOR OWNED ENTITY,,,,9727 CHECKERBOARD,HOUSTON,TX,77096,1128a1,19860505,,,
,,,TEXAS ORTHOTICS PROSTHETICS,"MEDICAL PRACTICE, MD",,,,"C/O 3150 HORTD RD, #06662",FORT WORTH,TX,76119,1128b8,19980420,,,
,,,"TEXAS THERAPY CLINICS, P C",CLINIC,,,,"P O BOX 1010, #26864-077",BASTROP,TX,78602,1128b8,19970316,,,
,,,"TEXAS UNITED HEALTH CARE, INC",DME COMPANY,DME - GENERAL,,,917 RED OAK CREEK ROAD,OVILLA,TX,75154,1128b8,19970129,,,
,,,TEXAS WELLNESS CLINIC,OTHER BUSINESS,CLINIC,1063076651,,1833 RICHMOND PARKWAY,RICHMOND,TX,77469,1128b7,20231221,,,
,,,TEXOMA CHIROPRACTIC CLINIC,CHIROPRACTIC PRACT,,,,804 E PECAN GROVE RD,SHERMAN,TX,75090,1128b8,20010920,,,
,,,TEXOMA ORTHOPEDIC ASSOCIATES,DOCTOR OWNED ENTITY,,,,1300 HIGHWAY 75-A NORTH,DENISON,TX,75020,1128b8,19921206,,,
,,,"THATCHER'S PHARMACY, INC",PHARMACY,,,,6 INDEPENDENCE DR,MARLBOROUGH,CT,06447,1128b8,20091220,,,
,,,THE CENTER FOR LYMPHATIC DISOR,PHYSICIAN PRACTICE (,GENERAL PRACTICE,,,"301 CENTRAL AVENUE, STE D",EGG HARBOR TOWNSHIP,NJ,08234,1128a1,20120419,,,
,,,THE CENTER FOR SURGERY,PHYSICIAN PRACTICE (,SURGERY,1316276868,,"333 RECTOR PLACE, APT 706",NEW YORK,NY,10280,1128a1,20190620,,,
,,,THE CREST CLINICS OF MIAMI,CLINIC,,,,"351 N W LEJEUNE RD, #105",MIAMI,FL,33126,1128b8,20000119,,,
,,,"THE DRIVE-IN PHARMACY, INC",OTHER BUSINESS,PHARMACY,1134119043,,200 E JACKSON ST,MEXICO,MO,65265,1128a1,20121120,,,
,,,"THE DRUG STORE, INC",OTHER BUSINESS,PHARMACY,1609953611,,1044 N LUTHER ROAD,GEORGETOWN,IN,47122,1128b4,20171120,,,
,,,THE FAMILY PRACTICE CLINIC,CLINIC,,,,502 W JASPER DR,KILLEEN,TX,76542,1128a1,20041020,,,
,,,THE HEALING TREE WELLNESS CENT,OTHER BUSINESS,MENTAL/BEHAVIORAL HE,1093161812,,"4270 S DECATUR BOULEVARD, SUIT",LAS VEGAS,NV,89103,1128a1,20250420,,,
,,,THE HERBERT ALDEN PROFESSIONAL,CLINIC,,,,2509 N E 37TH ST,FT LAUDERDALE,FL,33308,1128b8,20030619,,,
,,,THE HOME HEALTH STORE OF TOMBA,DME COMPANY,DME - GENERAL,1508826199,,"444 HOLDERRIETH BLVD, SUITE 6",TOMBALL,TX,77375,1128Aa,20260622,,,
,,,THE HUMAN RESOURCE INC CONCEPT,COUNSELING CENTER,,,,"250 GEORGIA AVE, S E",ATLANTA,GA,30312,1128b8,19990720,,,
,,,THE MORROW GROUP LLC,OTHER BUSINESS,COUNSELING CENTER,1609124288,,8265 MOUNT MCKINLEY DR,DAYTON,OH,45424,1128a1,20180118,,,
,,,THE NATIONAL COMMITTEE ON YOUT,OTHER BUSINESS,COUNSELING CENTER,1619259421,,1115 PENDLETON STREET,CINCINNATI,OH,45202,1128a1,20220519,,,
,,,"THE PLASTIC SURGERY GROUP, INC",OTHER BUSINESS,CLINIC,1386651495,,"1365 WASHINGTON AVE, STE 200",ALBANY,NY,12206,1128a3,20120320,,,
,,,"THE PSYCH NETWORK, INC",OTHER BUSINESS,MENTAL/BEHAVIORAL HE,1295279131,,1504 COUPLES STREET,LAS VEGAS,NV,89128,1128a1,20211118,,,
,,,THE RECOVERY SOURCE UNLIMITED,CONSULTING FIRM,,,,C/O 41 CIRCLE AVE,MELBOURNE,FL,32935,1128b8,20000220,,,
,,,"THERAPEUTIC INTERVENTIONS, INC",COUNSELING CENTER,,,,1309 W NEWTON ST,VERSAILLES,MO,65084,1128b8,20000320,,,
,,,THERESA K MILLER FAMILY,DENTAL PRACTICE,,,,"326 N MULBERRY ST, #101",ELIZABETHTOWN,KY,42701,1128b8,20020620,,,
,,,THIBODEAUX PHARMACY,PHARMACY,,,,1606 S LAKE ARTHUR,JENNINGS,LA,70546,1128Aa,19921023,,,
,,,THIRD AVE MEDICAL INSTITUTE,CLINIC,,,,115 S W LEJEUNE RD,MIAMI,FL,33145,1128b8,19980120,,,
,,,"THOMAS M WILLOUGHBY, D O, P A",OSTEOPATHIC PRAC,,,,"10900 HAINES, N E",ALBUQUERQUE,NM,87112,1128b8,19920802,,,
,,,THORNHILL CONVALSCENT TRANS,TRANSPORTATION CO,,,,1315 HENDRIX AVE,EAST POINT,GA,30344,1128b8,19921210,,,
,,,THORNTON PHARMACY *,PHARMACY,,,,9675 WEST 25TH PLACE,LAKEWOOD,CO,80226,1128a1,19840711,,,
,,,"THREE FOUNTAINS CHIROPRACTIC,",CHIROPRACTIC PRACT,,1679560742,,P O BOX 84428,LEXINGTON,SC,29073,1128b8,20080619,,,
,,,THREE STAR TAXI,TRANSPORTATION CO,,,,C/O 1555 WEST 8TH STREET,RIVIERA BEACH,FL,33404,1128b8,19970710,,,
,,,THUMB PHYSICAL MEDICINE AND RE,PHYSICIAN PRACTICE (,GENERAL PRACTICE,1104129303,,"1117 S VAN DYKE RD, STE 100",BAD AXE,MI,48413,1128b8,20140520,,,
,,,TICHENOR'S BROADWAY PHARMACY,PHARMACY,,,,4327 GUS THOMASSON RD,MESQUITE,TX,75150,1128b4,19980319,,,
,,,TIKES ENTERPRISES LTD,TRANSPORTATION CO,,,,657 COURT ST,AUBURN,ME,04210,1128b8,19980520,,,
,,,"TIMELESS SHOE, INC",DME COMPANY,,,,2353 EAST 86TH STREET,BROOKLYN,NY,11214,1128a1,19900814,,,
,,,"TIMOTHY D LUCEY, LTD",PODIATRY PRACTICE,,,,5177 ROUTE 9W,NEWBURGH,NY,12550,1128b14,20020718,,,
,,,TLC ADULT FAMILY HOME,OTHER BUSINESS,ADULT HOME,,,"9447 36TH AVE, SW",SEATTLE,WA,98126,1128b8,20120520,,,
,,,TLC ADULT FAMILY HOME ROXBURY,OTHER BUSINESS,ADULT HOME,,,"9454 37TH AVE, SW",SEATTLE,WA,98126,1128b8,20120520,,,
,,,TLC HOME HEALTH CARE CORP,HOME HEALTH AGENCY,,,,25 E MAIN STREET,ALHAMBRA,CA,91801,1128b8,19931130,,,
,,,TLG ELDERCARE INC,PSYCHOLOGIC PRACTICE,,,,C/O 66 LAUREL LANE,MARLBOROUGH,CT,06447,1128b7,19981208,,,
,,,"TMMI FOR GERIATRICS, INC",DME COMPANY,,1093909442,,4562 GRIGGS RD,HOUSTON,TX,77021,1128b8,20090219,,,
,,,TODD KAUFMANN CHIROPRACTIC,CHIROPRACTIC PRACT,,,,520 TAMALPAIS DR,CORTE MADERA,CA,94925,1128b8,19990720,,,
,,,"TODDLER TRANSPORT, INC",OTHER BUSINESS,TRANSPORTATION CO,,,4405 S E MARYLAND AVE,TOPEKA,KS,66609,1128b8,20060420,,,
,,,"TOMORROW MEDICAL CENTER, INC",DME COMPANY,,,,3145 S W 108 AVE,MIAMI,FL,33165,1128b7,19990202,,,
,,,TOP NOTCH BEHAVIORAL HEALTH SE,OTHER BUSINESS,PSYCHOLOGIC PRACTICE,1083152458,,"9050 W TROPICANA AVE, UNIT 115",LAS VEGAS,NV,89147,1128b5,20180118,,,
,,,TOP OF THE LINE MEDICAL SUPPLY,DME COMPANY,DME - GENERAL,,,2212 WOODHEAD,HOUSTON,TX,77019,1128b8,20091220,,,
,,,TOPICAL MEDICAL CORP,DME COMPANY,,,,"8428 S W 24TH ST, STE 229",MIAMI,FL,33155,1128b8,19980420,,,
,,,TOTAL CARE HEALTH SERVICES,HOME HEALTH AGENCY,,,,142 MARION ST,DENVER,CO,80218,1128b8,19990214,,,
,,,"TOTAL FAMILY EYE CARE, INC",OPTICAL PRACTICE,,,,7650 W FLAGLER STREET,MIAMI,FL,33144,1128b8,20040617,,,
,,,TOTAL FAMILY SUPPORT,OTHER BUSINESS,COUNSELING CENTER,1770737918,,3501 ATLANTIC BLVD,LONG BEACH,CA,90806,1128a1,20180320,,,
,,,TOTAL HEALTH & REJUVENATION CE,OTHER BUSINESS,CLINIC,,,"3345 BURNS RD, STE 204",PALM BEACH GARDENS,FL,33410,1128a4,20140619,,,
,,,TOTAL HEALTH CENTER,CLINIC,,,,"1870 N MAIN ST, #205",CEDAR CITY,UT,84720,1128b8,20060420,,,
,,,"TOTAL LAB CARE, LLC",OTHER BUSINESS,LAB - CLINICAL,1306240171,,"7685 103RD STREET, ST 1A",JACKSONVILLE,FL,32210,1128b7,20171019,,,
,,,"TOTAL NUTRITION, INC",MEDICAL GROUP,,,,17330 NW 27TH AVENUE,MIAMI,FL,33056,1128b8,20051220,,,
,,,TOUHY PHARMACY ENTERPRISE INC,OTHER BUSINESS,PHARMACY,1396850327,,"4545 W TOUHY AVE, UNIT 516W",LINCOLNWOOD,IL,60712,1128b5,20180118,,,
,,,TOWER DENTAL,CLINIC,,1306019609,,15400 GRAND RIVER AVE,DETROIT,MI,48227,1128b8,20100218,,,
,,,TOWER MULTI-SPECIALTY MEDICAL,OTHER BUSINESS,MULTI-SPECIALTY,1992071476,,"8635 WEST 3RD STREET, STE 1090",LOS ANGELES,CA,90048,1128b7,20230414,,,
,,,TRAN-LEE FOOT AND ANKLE SPECIA,PHYSICIAN PRACTICE (,SURGERY,1720201015,,"28001 SCHOENHERR RD, STE 101",WARREN,MI,48088,1128b8,20140420,,,
,,,TRANS HOME CARE SERVICES INC,HOME HEALTH AGENCY,,1992878136,,"6500 BROOKLYN BLVD, STE 103",BROOKLYN CENTER,MN,55429,1128b8,20090219,,,
,,,"TRANS MOBAL EXPRESS, INC",TRANSPORTATION CO,,,,24569 FRAMINGTON DRIVE,WESTLAKE,OH,44145,1128b8,20101020,,,
,,,TRANS TEXAS VISION ASSOCIATES,OPTICAL PRACTICE,,,,"P O BOX 9300, FPC#05997-0",TEXARKANA,TX,75505,1128b8,19970129,,,
,,,TRANS-CAPITAL INVESTMENT GROUP,DME COMPANY,DME - GENERAL,,,13801 MAGDALENE LAKE COVE,TAMPA,FL,33613,1128a1,20030520,,,
,,,TRANS-CAPITAL INVESTMENT GROUP,DME COMPANY,DME - GENERAL,,,13801 MAGDALENE LAKE COVE,TAMPA,FL,33613,1128b7,20071030,,,
,,,"TRANSACT DISTRIBUTION, LLC",OTHER BUSINESS,MANAGEMENT SVCS CO,,,"C/O 7701 WURZBACK RD, #2002",SAN ANTONIO,TX,78229,1128a1,20140720,,,
,,,"TRANSIT 7, INC",AMBULANCE COMPANY,,1689704041,,"6501 MARSOL RD, APT 445",CLEVELAND,OH,44124,1128b8,20100720,,,
,,,"TRANSMERICA, INC",TRANSPORTATION CO,,,,21374 STAHELIN,SOUTHFIELD,MI,48075,1128a2,20010820,,,
,,,TREATING PHYSICIAN MEDICAL CAR,PHYSICIAN PRACTICE (,PSYCHIATRY,1295084978,,"2379 RALPH AVENUE, 2ND FLOOR",BROOKLYN,NY,11234,1128a1,20190520,,,
,,,"TREATMENT DIMENSIONS, INC",MENTAL HEALTH FAC,,,,5313 BURCHNETTE RD,TAMPA,FL,33647,1128b8,19991020,,,
,,,"TREATMENT RESOURCES II, INC",MENTAL HEALTH FAC,,,,"EGLIN FPC, #63026-004",EGLIN AFB,FL,32542,1128b8,20031120,,,
,,,TREE OF LIFE PROFESSIONAL BEHA,OTHER BUSINESS,MENTAL/BEHAVIORAL HE,1639299167,,7048 CASTOR AVE,PHILADELPHIA,PA,19149,1128b7,20191231,,,
,,,"TRESHA L MORTON AMBULANCE, CO",AMBULANCE COMPANY,,,,P O BOX 44375,SHREVEPORT,LA,71134,1128b8,19960708,,,
,,,TRI MED WHOLESALERS,OTHER BUSINESS,DRUG COMPANY/SUPLIER,,,52 E SANTA ANITA,BURBANK,CA,00000,1128a3,20220119,,,
,,,"TRI-ATRIA MEDICAL EQUIPMENT, I",DME COMPANY,,1316003676,,"29217 FORD RD, STE 117",GARDEN CITY,MI,48135,1128b8,20091220,,,
,,,TRI-BOROUGH LIMO INC,OTHER BUSINESS,TRANSPORTATION CO,,,"1916 81ST STREET, APT 1",EAST ELMHURST,NY,11370,1128a1,20180520,,,
,,,"TRI-COUNTY AMBULANCE, INC",OTHER BUSINESS,AMBULANCE COMPANY,1023230562,,12 INDIANA AVENUE,BATESVILLE,IN,47006,BRCH CIA,20190403,,,
,,,"TRI-COUNTY MEDICAL CLINIC, LTD",OTHER BUSINESS,CHIROPRACTIC PRACT,,,1401 N 8TH ST,VANDALIA,IL,62471,1128b8,20000518,,,
,,,TRI-REGIONAL HOME HEALTH CARE,HOME HEALTH AGENCY,,,,"150 N WALNUT AVE, STE H",SAN DIMAS,CA,91773,1128b7,20050601,,,
,,,TRIANGLE COR INC,LABORATORY,,,,C/O 15801 S W 137TH AVE,MIAMI,FL,33187,1128b8,19981220,,,
,,,"TRICO, INC",AMBULANCE COMPANY,,,,1326 HARRISON STREET,PHILADELPHIA,PA,19124,1128a1,19920227,,,
,,,"TRIDENT DISTRIBUTORS, INC",DME COMPANY,DME - GENERAL,,,"4014 GUNN HIGHWAY, SUITE 258",TAMPA,FL,33624,1128b7,20021115,,,
,,,"TRINITY MEDICAL TRANSPORT, INC",TRANSPORTATION CO,,,,40 KESTREL COURT,PIQUA,OH,45356,1128b8,20070920,,,
,,,TRINITY TRANSPORT AMBULETTE,TRANSPORTATION CO,,,,42198 ENTERPRISE DR,POMEROY,OH,45769,1128b8,20041020,,,
,,,"TRISTATE EXPRESS NY, INC",OTHER BUSINESS,TRANSPORTATION CO,,,581 STATE ROUTE 17M,MONROE,NY,10950,1128a1,20260120,,,
,,,TRIVILLIANS PHARMACY,OTHER BUSINESS,PHARMACY,1548324676,,215 35TH STREET SE,CHARLESTON,WV,25304,1128a1,20160420,,,
,,,TRU-FORM INC,DME COMPANY,,,,49 LAWTON STREET,NEW ROCHELLE,NY,10804,1128b8,19870603,,,
,,,"TRUE CHOICE HOSPICE, INC",OTHER BUSINESS,HOSPICE,1669096756,,"5301 LAUREL CANYON BLVD, STE 1",VALLEY VILLAGE,CA,91607,1128b5,20260810,,,
,,,"TRUE FAMILY SERVICES, INC",OTHER BUSINESS,MENTAL/BEHAVIORAL HE,1124308267,,914 EAST SAHARA AVENUE,LAS VEGAS,NV,89104,1128a1,20250120,,,
,,,"TRUFAITH HEALTH SERVICES, INC",HOME HEALTH AGENCY,,,,"7 N W 183RD ST, SUITE D",MIAMI,FL,33169,1128b8,19950509,,,
,,,TRUMANN PARAMEDIC,AMBULANCE COMPANY,,,,201 GUM AVE,TRUMANN,AR,72472,1128a1,20020620,,,
,,,TRUNG TIN GIFT & PHARMACY,PHARMACY,,,,1057 WEST ARGYLE,CHICAGO,IL,60646,1128b5,20010118,,,
,,,"TRUSTED CARE SERVICES, INC",TRANSPORTATION CO,,,,3408 WOODVIEW COURT,MEQUON,WI,53092,1128b8,20031218,,,
,,,"TRX HEALTH SYSTEMS, P C",CLINIC,,,,"C/O 23 PUBLIC SQUARE, STE 300,",BELLEVILLE,IL,62222,1128a1,20090319,,,
,,,"TUCKER PEDIATRICS, P C",MEDICAL GROUP,,,,"2171 NORTHLAKE PKWY, STE 114",TUCKER,GA,30084,1128b8,20060820,,,
,,,TUNDRA SUITES LLC,OTHER BUSINESS,HOTEL/LODGING,1013137348,,P O BOX 1915,BETHEL,AK,99559,1128a1,20201119,,,
,,,TURNER CHIROPRACTIC & FITNESS,CHIROPRACTIC PRACT,,,,1015 CHOCTAW ST,SALLISAW,OK,74955,1128b8,20001019,,,
,,,TWICE AS NICE MEDICAL SUPPLY,DME COMPANY,DME - GENERAL,,,14114 MERRY MEADOW DR,HOUSTON,TX,77049,1128b8,20091220,,,
,,,TWICE AS NICE PROVIDER SERVICE,DME COMPANY,DME - GENERAL,,,"C/O P O BOX 2149, #66586-179",BRYAN,TX,77805,1128b8,20091220,,,
,,,"TWILIGHT YEARS ADULT CARE, INC",ADULT HOME,,,,1211 N 85TH RD,MINNEAPOLIS,KS,67467,1128b8,20060320,,,
,,,TWIN CITIES CARE SERVICES,OTHER BUSINESS,HOME HEALTH AGENCY,1821269275,,10563 ALAMO STREET NE,MINNEAPOLIS,MN,55449,1128a1,20170620,,,
,,,"TWIN STATES MEDICAL SUPPLY, IN",DME COMPANY,,,,"605 2ND AVE, N",COLUMBUS,MS,39701,1128b8,20010419,,,
,,,TWO STAR SURGICAL SUPPLY INC.,DME COMPANY,,,,1241 FLUSHING AVENUE,BROOKLYN,NY,11237,1128a1,19910502,,,
,,,TYCO CLINICAL LABORATORIES INC,LABORATORY,,,,3126 NESTLING PINE CT,ELLICOTT CITY,MD,21042,1128a1,19950706,,,
,,,"U S AMBULANCE, INC",AMBULANCE COMPANY,,,,C/O 2600 HWY 301 SOUTH -,JESSUP,GA,32203,1128b8,19970305,,,
,,,U S INTERNATIONAL HEALTHCARE,DRUG COMPANY/SUPLIER,,,,990 AVENUE OF THE AMERICAS,NEW YORK,NY,10018,1128b8,20030919,,,
,,,"U S MEDICAL SYSTEMS, INC",DME COMPANY,,,,"8122 GLADES RD, STE 210",BOCA RATON,FL,33434,1128b8,19980219,,,
,,,"U S OCCUPATIONAL HEALTH, INC",OTHER BUSINESS,CLINIC,,,1400 JACKSON AVENUE,RIVER FOREST,IL,60305,1128a3,20121018,,,
,,,"UCXTRA UMBRELLA, LLC",OTHER BUSINESS,CLINIC,,,35945 N GARY ROAD,SAN TAN VALLEY,AZ,85145,1128a3,20211020,,,
,,,ULD WHOLESALE GROUP LLC,OTHER BUSINESS,DRUG COMPANY/SUPLIER,,,7270 SAWGRASS POINT DR N,PINELLAS PARK,FL,33782,1128a3,20230518,,,
,,,"ULTIMATE PRACTICE SOLUTIONS, L",BILLING SERVICE CO,,,,"P O BOX 1600, 2165 N WESTWOOD",POPLAR BLUFF,MO,63902,1128b7,20100309,,,
,,,ULTIMATE URBAN TRANSPORT,TRANSPORTATION CO,,,,5251 NORTH 56TH STREET,MILWAUKEE,WI,53218,1128b8,19990520,,,
,,,ULTRA PLUS HEALTH CARE,DME COMPANY,DME - DIETARY SUPPLI,,,"9509 S DIXIE HWY, #118",MIAMI,FL,33156,1128b8,19990720,,,
,,,ULTRA TECH DIAGNOSTICS,CLINIC,,,,"3900 W FLAGER ST, STE 203",MAIMI,FL,33134,1128b8,19981220,,,
,,,"UMA HOME HEALTH CARE SYSTEM, L",OTHER BUSINESS,HOME HEALTH AGENCY,,,"2940 PILLSBURY AVE, STE 203",MINNEAPOLIS,MN,55408,1128b5,20140820,,,
,,,"UMOJA, P C",OTHER BUSINESS,MENTAL/BEHAVIORAL HE,1639450927,,"3701 O STREET, STE 204",LINCOLN,NE,68510,1128a1,20140724,,,
,,,UNAREX OF LINCOLN PARK INC,PHARMACY,,,,1744 FORT STREET,DETROIT,MI,48146,1128b3,19880905,,,
,,,"UNICARE AMBULANCE, LLC",OTHER BUSINESS,AMBULANCE COMPANY,1558707331,,727 WICKER AVENUE,BENSALEM,PA,19020,1128b7,20190708,,,
,,,UNICARE INFUSION AND HEALTH SE,PHARMACY,,1548305246,,P O BOX 5,OLYMPIA FIELDS,IL,60451,1128b8,20101020,,,
,,,"UNIMED MEDICAL CENTER, INC",CLINIC,,,,4678 N W 97TH PLACE,MIAMI,FL,33178,1128b8,20031020,,,
,,,UNION PHARMACY,PHARMACY,,,,6462 W FLAGLER ST,MIAMI,FL,33144,1128b8,20030520,,,
,,,UNIQUE MEDICAL LEASING CO,DME COMPANY,DME - GENERAL,,,BOX 29928 65 INF STA,RIO PIEDRAS,PR,00929,1128b8,19870316,,,
,,,"UNIQUE PERSONAL CARE SERVICES,",OTHER BUSINESS,PERSONAL CARE PROVID,1508091406,,7940 GOODWOOD BLVD,BATON ROUGE,LA,70806,1128a1,20220420,,,
,,,UNISCRIPT PHARMACEUTICAL,PHARMACY,,,,3931 CENTRAL AVE,ST PETERSBURG,FL,33713,1128b8,19991118,,,
,,,UNITED AMERICA MEDICAL SVCS,DME COMPANY,DME - GENERAL,,,6317 WELLINGTON WAY,AUSTELL,GA,30001,1128b8,19950405,,,
,,,"UNITED DENTAL SERVICES, P C",DENTAL PRACTICE,,,,89-91 COURT ST,BINGHAMTON,NY,13901,1128a1,20010520,,,
,,,UNITED HEALTH CARE OF DALLAS,DME COMPANY,DME - GENERAL,,,917 RED OAK CREEK ROAD,OVILLA,TX,75154,1128b8,19970129,,,
,,,UNITED MEDICAL CORPORATION,CLINIC,,,,2575 WEST BROAD ST,COLUMBUS,OH,43204,1128a1,20050720,,,
,,,"UNITED MEDICAL RESPONSE, INC",OTHER BUSINESS,AMBULANCE COMPANY,1982836581,,"1555 WILLIAMS DRIVE, STE 112",MARIETTA,GA,30066,1128b7,20231016,,,
,,,UNITED MEDICAL SUPPLIES CORP,DME COMPANY,DME - GENERAL,1639227895,,"3111 S VALLEY VIEW BLVD, #B-10",LAS VEGAS,NV,89102,1128b8,20140720,,,
,,,"UNITED MEDICAL, INC",DME COMPANY,DME - GENERAL,,,639 RIVERSIDE DR,ANNAPOLIS,MD,21403,1128Aa,19980107,,,
,,,UNITED MEMORIAL MEDICAL CENTER,OTHER BUSINESS,HOSPITAL,1891741468,,510 W TIDWELL ROAD,HOUSTON,TX,77091,1128b7,20231214,,,
,,,"UNITED PATHWAYS, INC",TRANSPORTATION CO,,,,4155 S 99TH STREET,GREENFIELD,WI,53228,1128a1,19921210,,,
,,,UNITED PILLARS LLC,OTHER BUSINESS,PHARMACY,,,592 PALISADE AVENUE,TEANECK,NJ,07666,1128a1,20180520,,,
,,,"UNITED RESPIRATORY SVCS, INC",DME COMPANY,DME - GENERAL,,,12011 S W 93RD ST,MIAMI,FL,33186,1128b8,20030420,,,
,,,"UNITY FAMILY SERVICES, INC.",OTHER BUSINESS,COUNSELING CENTER,1962667527,,"3840 N COMMERCE ST, #200",NORTH LAS VEGAS,NV,89032,1128b5,20130718,,,
,,,UNITY HOME HEALTH CARE AND OXY,DME COMPANY,DME - OXYGEN,,,494 COOPER LANE,HAMILTON,MT,59849,1128b8,20041220,,,
,,,UNIVERSAL HEALTH CARE SYSTEMS,DME COMPANY,,,,"400 HABER RD, #304",CARY,IL,60013,1128b7,19981015,,,
,,,UNIVERSAL HOME HEALTHCARE SERV,HOME HEALTH AGENCY,,,,"10101 HARWIN DR, STE 190",HOUSTON,TX,77036,1128b8,20080320,,,
,,,"UNIVERSAL IMAGING, INC",OTHER BUSINESS,RADIOLOGY FACILITY,1750353249,,1159 E MICHIGAN AVE,YPSILANTI,MI,48198,1128b7,20121114,,,
,,,UNIVERSAL MEDICAL ASSOCIATION,CLINIC,,,,9127 1/2 E VALLEY BLVD,ROSEMEAD,CA,91770,1128b8,20060320,,,
,,,"UNIVERSAL MEDICAL, INC",DME COMPANY,DME - GENERAL,,,"1945 CLIFF VALLEY WAY, STE 320",ATLANTA,GA,30329,1128b7,20071030,,,
,,,"UNIVERSAL MEDICAL, INC",DME COMPANY,,,,"P O BOX 65-0099, #207",MIAMI,FL,33265,1128b8,19980920,,,
,,,UNIVERSAL NURSING SYSTEMS INC,HOME HEALTH AGENCY,,,,"14750 N W 77TH CT, #210",MIAMI LAKES,FL,33016,1128b8,20010820,,,
,,,"UNIVERSAL PHARMACY SOLUTIONS,",PHARMACY,,,,900 E SANGER ST,PHILADELPHIA,PA,19124,1128a4,20080619,,,
,,,"UNIVERSAL PLACEMENT, INC",PRIVATE CIT/ENTITY,,,,"3345 WILSHIRE BLVD, STE 407",LOS ANGELES,CA,90010,1128b8,20041118,,,
,,,UNIVERSAL REHABILITATION SERV,REHAB FACILITY - GEN,,,,C/O 2128 LOCUST ST,PHILADELPHIA,PA,19103,1128a1,19980120,,,
,,,UNIVERSITY PHARMACY INC,PHARMACY,,,,10900 CARNEGIE AVENUE,CLEVELAND,OH,44106,1128a1,19880717,,,
,,,"UNLIMITED MEDICAL SUPPLIES, IN",DME COMPANY,DME - GENERAL,,,"6722 GATESHEAD LANE, APT 2B",INDIANAPOLIS,IN,46220,1128a1,20080220,,,
,,,UPHILL MEDICAL ASSOCIATES,MEDICAL GROUP,,,,"C/O 31 CENTRE ST SOUTH, #7",ONTARIO L6W2X7,XX,00000,1128a1,20040908,,,
,,,"URBAN CHEMISTS, INC",OTHER BUSINESS,PHARMACY,1457341166,,45 HALE PLACE,TAPPAN,NY,10983,1128b8,20181120,,,
,,,URGENT CARE OF WEST JEFFERSON,OTHER BUSINESS,CLINIC,1316370216,,95 E MAIN STREET,WEST JEFFERSON,OH,43162,1128a1,20231220,,,
,,,"UROLOGY, P A",DOCTOR OWNED ENTITY,,,,C/O N E 4TH STREET,MIAMI,FL,33101,1128b8,20040617,,,
,,,US MOBILE DENTAL CARE SYSTEM,DENTAL PRACTICE,,,,1442 HILLSIDE ROAD,WYNNEWOOD,PA,19096,1128b7,19920502,,,
,,,"USA MEDICAL SYSTEMS,INC.",DME COMPANY,,,,7634 BRIDGETOWN RD,CINCINNATI,OH,45248,1128a1,19990120,,,
,,,"UTC LABORATORIES, INC",OTHER BUSINESS,LABORATORY,1720342884,,"935 GRAVIER STREET, STE 2020",NEW ORLEANS,LA,70112,1128b7,20190930,,,
,,,"UTTER ENTERPRISES, INC",OTHER BUSINESS,PHARMACY,1720190739,,267 BREESPORT ROAD,HORSEHEADS,NY,14845,1128a1,20131020,,,
,,,V L B EAST VILLAGE PHARMACY,PHARMACY,,,,55-57 AVENUE D,NEW YORK,NY,10009,1128b8,19861219,,,
,,,V&A PHARMACY,OTHER BUSINESS,PHARMACY,1013242858,,72 MANHATTAN AVENUE,BROOKLYN,NY,11206,1128a1,20141218,,,
,,,"VALCO HEALTHCARE SERVICES, INC",STATE/LOCAL/TRIBAL A,STATE GOV'T,1982612586,,1050 E 86TH STREET,INDIANAPOLIS,IN,46240,1128b5,20160120,,,
,,,VALLEY COUNTRY CARE,ADULT HOME,,,,569 N STATE STREET,EDEN VALLEY,MN,55329,1128b8,20050220,,,
,,,VALLEY HEARING CLINIC,CLINIC,,,,"C/O 201 S MAIN ST, STE 10",SALT LAKE CITY,UT,84111,1128b8,19981020,,,
,,,"VALRICO REHAB SERVICES, INC",CLINIC,,,,211 BELFORT PLACE,VALRICO,FL,33594,1128b8,19990420,,,
,,,VALUE PHARMACY INC,OTHER BUSINESS,PHARMACY,1275750374,,257 BROADWAY,LYNBROOK,NY,11563,1128a1,20190320,,,
,,,"VALUE-RITE PHARMACY, INC",PHARMACY,,,,350 W MARKET ST,NEWARK,NJ,07107,1128b5,19971006,,,
,,,VAN HORNE X-RAY,DME COMPANY,,,,503 VENDOLA DRIVE,SAN RAFAEL,CA,94903,1128a1,19861022,,,
,,,"VAUGHAN'S PHARMACY, INC",PHARMACY,,,,58 SANDY LN,WOLCOTT,CT,06716,1128b5,20001019,,,
,,,"VDA OC, LLC",GOVERNMENT CONTRACTO,OTHER CONTRACTOR,1649609959,,C/O REGISTERED AGENT - COOLIDG,DAYTON,OH,45402,1128a1,20240620,,,
,,,VECTOR HEALTH CARE CONSULTANTS,BILLING SERVICE CO,,,,8136 BRIGHTON DR,NEW PORT RICHEY,FL,34668,1128b8,20000720,,,
,,,VEE TRANSPORTATION COMPANY,OTHER BUSINESS,TRANSPORTATION CO,,,860 PRINCETON AVENUE,MATTESON,IL,60443,1128b5,20170920,,,
,,,"VEGAS VALLEY PERSONAL CARE, LL",HOME HEALTH AGENCY,,,,5016 ALTA DRIVE,LAS VEGAS,NV,89107,1128a1,20080619,,,
,,,VEIN INSTITUTE @ VAIL HOLDINGS,PODIATRY PRACTICE,,,,7209 S MT HOLY CROSS,LITTLETON,CO,80127,1128b8,20040120,,,
,,,"VEINCARE INSTITUTE, INC",MEDICAL GROUP,,,,"7000 W PALMETTO PARK, RD",BOCA RATON,FL,33433,1128b8,20040720,,,
,,,"VEINCARE INTERNATIONAL, INC",MEDICAL GROUP,,,,"7000 W PALMETTO PARK RD, #210",BACO RATON,FL,33433,1128b8,20040720,,,
,,,VEINCARE OF FLORIDA/DAYTONA BC,MEDICAL GROUP,,,,7000 W PALMETTO PARK RD,BOCA RATON,FL,33433,1128b8,20040720,,,
,,,"VEINCARE, INC",MEDICAL GROUP,,,,"7000 W PALMETTO PARK RD, #210",BOCA RATON,FL,33433,1128b8,20040720,,,
,,,"VEJAY OXYGEN, INC",DME COMPANY,,,,"P O BOX 329002, #26374-038",BROOKLYN,NY,11232,1128a1,20071018,,,
,,,VELDA PHARMACY,PHARMACY,,,,3424 W 14TH AVENUE,HIALEAH,FL,33014,1128a1,19890908,,,
,,,"VEMA CARE BEHAVIORAL HEALTH, L",OTHER BUSINESS,MENTAL/BEHAVIORAL HE,,,4721 W ST KATERI DRIVE,LAVEEN,AZ,85339,1128a1,20250720,,,
,,,"VENICE MEDICAL & SUPPLY, INC",DME COMPANY,,,,1865 S TAMIAMI TRAIL,VENICE,FL,34293,1128b8,20040219,,,
,,,"VENOOKER'S PHARMACY, INC",PHARMACY,,,,685 MAIN STREET,BROCKTON,MA,02401,1128a1,19920730,,,
,,,VEREB AMBULANCE SERVICE,AMBULANCE COMPANY,,,,909 ADAMS STREET,NEW CASTLE,PA,16101,1128a1,19941108,,,
,,,VEREE SUPER DRUGS INC,PHARMACY,,,,10125 VEREE ROAD,PHILADELPHIA,PA,19116,1128a1,19890426,,,
,,,VERNA RICHARDSON TRANSPORT,TRANSPORTATION CO,,,,6548 S MORGAN,CHICAGO,IL,60621,1128b5,19950411,,,
,,,VERO BEACH COMMUNITY CARE CTR,HOME HEALTH AGENCY,,,,2756 20TH STREET,VERO BEACH,FL,32960,1128b8,20021020,,,
,,,VICA CONSULTANTS,CONSULTING FIRM,,,,"1010 SPRING CYPRESS, STE 107",SPRING,TX,77373,1128b8,20070920,,,
,,,"VICARE MEDICAL STAFFING, LLC",OTHER BUSINESS,HOME HEALTH AGENCY,,,161 SAINT MATHEWS AVE,LOUISVILLE,KY,40207,1128a1,20110920,,,
,,,"VICTORY MEDICAL SUPPLIES, INC",DME COMPANY,DME - INCONTINENCE K,,,1206 REDBANK RD,GOOSE CREEK,SC,29445,1128b7,19971217,,,
,,,"VICTORY MEDICAL SUPPLY, INC",DME COMPANY,DME - GENERAL,1245375179,,P O BOX 1066,DOLTON,IL,60419,1128b5,20150219,,,
,,,"VICTORY MEDICAL, INC",DME COMPANY,DME - INCONTINENCE K,,,418 S MAIN STREET,COLUMBIA,IL,62236,1128b7,19971217,,,
,,,"VIENNA MEDICAL ARTS CLINIC, IN",CLINIC,,1639368350,,"341 YOUNGSTOWN-KINGSVILLE RD,",VIENNA,OH,44473,1128b8,20100120,,,
,,,VIEWPOINT OF METROPOLITIAN ATL,BILLING SERVICE CO,,,,1662 WARE STREET,ATLANTA,GA,30344,1128b8,20071018,,,
,,,VILAR MEDICAL EQUIPMENT,DME COMPANY,DME - GENERAL,,,P O BOX 8697,CAGUAS,PR,00625,1128b8,19870316,,,
,,,VILAS MEDICAL & DIAGNOSTIC CTR,CLINIC,,,,C/O P O BOX 600,EGLIN AFB,FL,32542,1128b8,19991020,,,
,,,VILLAGE CORPORATION,PHARMACY,,,,C/O P O BOX 80059,S DARTMOUTH,MA,02740,1128a1,19980820,,,
,,,"VILLAGE DRUG & COMPOUNDING, IN",OTHER BUSINESS,PHARMACY,1437463650,,"7225 FULTON AVENUE, #H",NORTH HOLLYWOOD,CA,91605,1128a1,20211029,,,
,,,VILLAGE DRUG PHARMACY,PHARMACY,,,,500 CENTER STREET,EL SEGUNDO,CA,90245,1128b8,19941204,,,
,,,VILLAGE PHARMACY,PHARMACY,,,,236 W HURON,AU GRES,MI,48703,1128a1,19880728,,,
,,,VIP HEALTH SPA,REHAB FACILITY - GEN,,,,1430 W BUSCH BLVD,TAMPA,FL,33612,1128b4,20040420,,,
,,,"VISION ONE TRANSPORTATION, INC",OTHER BUSINESS,TRANSPORTATION CO,1346414042,,1194 OXFORD COURT,HIGHLAND PARK,IL,60035,1128b5,20141020,,,
,,,VISIONARY OPTICS OF JAMAICA AV,OPTOMETRIC PRACTICE,,,,168-03 JAMAICA AVENUE,JAMAICA,NY,11432,1128b5,20100120,,,
,,,"VITA LIGHTS INTERNATIONAL, LTD",DME COMPANY,,,,"C/O 286 CORBIN PLACE, APT",BROOKLYN,NY,11235,1128a1,19980720,,,
,,,VITAL CARE PHARMACEUTICAL CORP,DME COMPANY,DME - GENERAL,,,178 INDUSTRIAL LOOP,STATEN ISLAND,NY,10309,1128a1,20040617,,,
,,,"VITAL PHARMACIES, INC",OTHER BUSINESS,PHARMACY,1295801389,,14710 45TH AVENUE,FLUSHING,NY,11355,1128a1,20200220,,,
,,,VITAL-CARE MEDICAL EQUIPMENT,DME COMPANY,,,,3380 N W 194 TERRACE,MIAMI,FL,33056,1128Aa,19970814,,,
,,,VIVID MEDICAL HEALTH CLINIC,CLINIC,,,,"7837 10TH AVE, SOUTH",ST PETERSBURG,FL,33707,1128b8,19970403,,,
,,,"VIZION ONE, INC",OTHER BUSINESS,HOME HEALTH AGENCY,1801233218,,"6161 BUSCH BLVD, STE 180",COLUMBUS,OH,43229,1128a1,20240520,,,
,,,"VLADISLAV VIKSMAN, DDS, PROFES",DENTAL PRACTICE,,,,19234 VAN OWEN ST,RESEDA,CA,91335,1128a1,20081020,,,
,,,"VOGELSONG'S PHARMACY, INC",PHARMACY,,,,ROUTE 23,LUCASVILLE,OH,45648,1128a1,19951114,,,
,,,"VOLOSEVICH HOME CARE, INC",HOME HEALTH AGENCY,,,,2499 HARRISON AVE,BALDWIN,NY,11510,1128a1,20000920,,,
,,,"VT-DENTAL CONCERNS, PC",DENTAL PRACTICE,,,,18608 KUYKENDAHL,SPRING,TX,77379,1128b8,20081120,,,
,,,"W & M HEALTHCARE, INC",PHARMACY,,,,333 MIDDLEBURY ST,ELKHART,IN,46516,1128a1,20031120,,,
,,,"W ALAN RACETTE, D D S, M S, PC",OTHER BUSINESS,DENTAL PRACTICE,,,5915 OLD OAK COURT,LANSING,MI,48917,1128a1,20011018,,,
,,,"W D LEE CTR FOR LIFE MGMT, INC",MENTAL HEALTH FAC,,,,"8102 W JEFFERSON, #808/9B",DETROIT,MI,48214,1128a1,20020418,,,
,,,W G CLARKS COUNSELING CENTER,COUNSELING CENTER,,,,21714 FENKELL,DETROIT,MI,48075,1128b8,20011018,,,
,,,W KNOXVILLE FAMILY MEDICAL CTR,"MEDICAL PRACTICE, MD",,,,8861 KINGSTON PIKE,KNOXVILLE,TN,37923,1128b8,20010320,,,
,,,"W MARION MEDICAL CENTER, INC",MEDICAL GROUP,,,,4500 NW BLITCHTON ROAD,OCALA,FL,34482,1128b8,20051020,,,
,,,"WAHIAWA CLINIC, INC",CLINIC,,,,938 KILANI AVE,WAHIAWA,HI,96786,1128b7,20010223,,,
,,,"WALAYAT A KAHN, M D, P C","MEDICAL PRACTICE, MD",,,,3688 OAK DRIVE,YPSILANTI,MI,48197,1128a1,19960212,,,
,,,"WALEED MAMMO DDS, P C",DENTAL PRACTICE,,,,"35450 DEQUINDRE RD, STE 101",STERLING HEIGHTS,MI,48310,1128a1,20091020,,,
,,,WALNUT HILLS FAMILY CHIROPRACT,CHIROPRACTIC PRACT,,,,"6901 S YOSEMITE ST, #100",ENGLEWOOD,CO,80112,1128b8,20011120,,,
,,,WALTCO MEDICAL EQUIPMENT AND S,DME COMPANY,DME - GENERAL,1730280876,,"1200 E DAVIS ST, STE 113",MESQUITE,TX,75149,1128b8,20090618,,,
,,,"WALTER M, INC",SKILLED NURSING FAC,,,,228 CONCORD STREET,FRAMINGHAM,MA,01701,1128a1,19890329,,,
,,,"WARD DRUGS, INC",PHARMACY,,,,"868 NE 54TH TER, #03640-0",COLEMAN,FL,33521,1128a1,19970415,,,
,,,WARE CARE TRANSPORTATION LLC,TRANSPORTATION CO,,1366567075,,P O BOX 608967,CLEVELAND,OH,44108,1128b8,20091220,,,
,,,WARNER CHILCOTT SALES (U S) L,OTHER BUSINESS,DRUG COMPANY/SUPLIER,,,100 ENTERPRISE DRIVE,ROCKAWAY,NJ,07866,1128a1,20151029,,,
,,,"WARREN A RUBIN, D.P.M., P.A.",PODIATRY PRACTICE,,,,431 KAIGHN AVENUE,CAMDEN,NJ,08103,1128b8,19940102,,,
,,,"WASHINGTON BLVD DENTAL, PC",DENTAL PRACTICE,,,,1203 WASHINGTON BLVD,DETROIT,MI,48226,1128a1,20070920,,,
,,,WASHINGTON DENTAL HEALTH CTR,DENTAL PRACTICE,DENTIST,,,"2115 S 56TH STREET, #202",TACOMA,WA,98409,1128a1,19990106,,,
,,,"WASHINGTON GROUP, INC",DME COMPANY,DME - GENERAL,,,10443 LENNOX LANE,DALLAS,TX,75229,1128Aa,19900126,,,
,,,WAYNE BOLAN & ASSOCIATES,COUNSELING CENTER,,,,HIGHWAY 67 WEST,EL RENO,OK,73036,1128b8,19950803,,,
,,,"WAYNE BOLAN, PH.D. & ASSOC",COUNSELING CENTER,,,,HIGHWAY 67 WEST,EL RENO,OK,73036,1128b8,19950803,,,
,,,WE CARE BEHAVIORAL HEALTH AGEN,OTHER BUSINESS,COMM MNTL HLTH CNTR,1801319934,,"769 BASQUE WAY, SUITE 300",CARSON CITY,NV,89706,1128a1,20181120,,,
,,,"WE CARE FAMILY SERVICES, INC",PSYCHOLOGIC PRACTICE,,,,1210 VILLAGE COURT,MABLETON,GA,30059,1128b8,19990218,,,
,,,"WE CARE HEALTH SUPPLY, INC",DME COMPANY,DME - GENERAL,,,6 SECOND AVE,GLOVERSVILLE,NY,12078,1128b5,19980420,,,
,,,"WE CARE HEALTH SUPPLY, INC",DME COMPANY,DME - GENERAL,,,P 0 BOX 2907,PORT CHARLOTTE,FL,33949,1128a1,19990920,,,
,,,"WE CARE HOSPICE SERVICES, LLC",HOSPICE,,,,"14014 VENTURA BLVD, STE 2A",SHERMAN OAKS,CA,91423,1128b8,20101220,,,
,,,WE CARE LIVING ENRICHMENT CTR,CLINIC,,,,1241 N MICHIGAN AVE,SAGINAW,MI,48602,1128a1,19990720,,,
,,,WE CARE TRANSPORTATION,TRANSPORTATION CO,,1982736492,,P O BOX 12443,OVERLAND PARK,KS,66282,1128b5,20100120,,,
,,,WE CARE TRANSPORTATION SERVICE,AMBULANCE COMPANY,,,,15615 STOCKBRIDGE AVE,CLEVELAND,OH,44123,1128b8,20090520,,,
,,,"WEINER & BELKIN D.D.S., P.C.",DENTAL PRACTICE,,,,17200 E WARREN,DETROIT,MI,48224,1128a1,19940208,,,
,,,"WEISEL DRUG, INC",PHARMACY,,,,101 S MONROE,MONROE,MI,48161,1128a1,19951114,,,
,,,WELCOME HOME FOR BLIND & AGED,SKILLED NURSING FAC,,,,618 HUDSON STREET,SAN ANTONIO,TX,78202,1128a1,19901111,,,
,,,"WELLBEING DIAGNOSTIC CTR, INC",CLINIC,,,,110 RABY AVE,PENSACOLA,FL,32509,1128b8,20030420,,,
,,,"WELLSPRING THERAPY SERVICES, L",OTHER BUSINESS,CLINIC,1467841411,,2805 KLEIN COURT,CROFTON,MD,21114,1128a1,20250619,,,
,,,"WEST COAST MEDICAL SUPPLY, LLC",DME COMPANY,DME - GENERAL,,,604 NE 20TH AVE,PORTLAND,OR,97232,1128a1,20050228,,,
,,,WEST JEFFERSON HEALTH CARE CEN,OTHER BUSINESS,SKILLED NURSING FAC,1184776577,,1020 MANHATTAN BLVD,HARVEY,LA,70058,1128b4,20220220,,,
,,,WEST KENDALL MEDICAL ASSOC,CLINIC,,,,12870 S W 8TH ST,MIAMI,FL,33135,1128b8,19980120,,,
,,,WEST KENDALL MEDICAL CENTER,CLINIC,,,,C/O 54 N W 56TH COURT,MIAMI,FL,33126,1128b8,19970907,,,
,,,"WEST LAKE RX, LLC",DME COMPANY,DME - GENERAL,1710502067,,"1255 SW LOOP 410, SUITE 120",SAN ANTONIO,TX,78227,1128Aa,20260622,,,
,,,"WEST MIAMI MEDICAL SUPPLY, INC",DME COMPANY,DME - OXYGEN,,,"C/O 501 CAPITAL CIR, N E FCI",TALLAHASSEE,FL,32301,1128b8,20030820,,,
,,,WEST UNIVERSAL HEALTHCARE SERV,DME COMPANY,,,,C/O 14119 ALMOND BAY LN,HOUSTON,TX,77083,1128b8,20081120,,,
,,,WEST UNIVERSAL REHAB,DME COMPANY,,,,C/O 14119 ALMOND BAY LN,HOUSTON,TX,77083,1128b8,20081120,,,
,,,WESTBANK FAMILY HEALTH CENTER,MEDICAL GROUP,,,,522 3RD STREET,GRETNA,LA,70053,1128a1,20010820,,,
,,,"WESTCARE TRANSPORT, INC",TRANSPORTATION CO,,,,"5767 UPLANDER WAY, STE 204",CULVER CITY,CA,90203,1128a1,20040120,,,
,,,WESTCHESTER COUNSELING SVC,COUNSELING CENTER,,,,C/O 70 FAIRVIEW PLACE,PEEKSKILL,NY,10566,1128b8,19980720,,,
,,,WESTCHESTER SURGICAL SUPPLY,DME COMPANY,,,,615 FIFTH AVE,LARCHMONT,NY,10538,1128b5,19971218,,,
,,,WESTERN MEDICAL SUPPLIES AND E,DME COMPANY,DME - GENERAL,,,"P O BOX 1500, #07260-030",EL RENO,OK,73036,1128b8,20080619,,,
,,,WESTERN PACIFIC CARE GROUP OF,ADULT HOME,,,,"13788 FOOTHILL BLVD, UNIT 6",SYLMAR,CA,91342,1128a1,20090319,,,
,,,WESTERN STATES PHARMACY,PHARMACY,,,,"1929 E EGBERT ST, STE M",BRIGHTON,CO,80601,1128b4,20071018,,,
,,,WESTFIELD CHIROPRACTIC CENTER,CHIROPRACTIC PRACT,,,,8075 STATE AVE,KANSAS CITY,KS,66112,1128b8,20011018,,,
,,,"WESTVIEW ENTERPRISES, INC",SKILLED NURSING FAC,,,,900 PORTER AVENUE,SCOTTDALE,PA,15683,1128a1,19960609,,,
,,,WESTWIND MANOR,SKILLED NURSING FAC,,,,2900 W 93RD AVENUE,CROWN POINT,IN,46307,1128b5,19950814,,,
,,,WESTWOOD ORTHOPEDIC CO,OSTEOPATHIC PRAC,,,,1601 N BUNDY DR,LOS ANGELES,CA,90049,1128b8,19991102,,,
,,,"WHABA MEDICAL, INC",DME COMPANY,DME - GENERAL,1093714719,,"870 LAKE STREET, STE 702",ROSELLE,IL,60172,1128Aa,20260622,,,
,,,WHELIHAN OPTICAL CENTER,OPTICAL PRACTICE,,,,C/O 4280 EMPRESS STREET,PALM BCH GARDENS,FL,33410,1128b8,19970306,,,
,,,WHISPERING KNOLL,OTHER BUSINESS,ASSISTED LIVING FACI,1659490746,,6812 SOUTH HAZEL STREET,PINE BLUFF,AR,71603,BRCH SA,20200312,,,
,,,WHITNEY OPTICIANS,OPTICAL PRACTICE,,,,901 S FEDERAL HIGHWAY,FT LAUDERDALE,FL,33316,1128b8,19930803,,,
,,,WILLIAM & CLARA ROBERTSON,TRANSPORTATION CO,,,,909 EAST PARK,HAMMOND,LA,70403,1128b8,19930315,,,
,,,WILLIAM C LEE LTD,"MEDICAL PRACTICE, MD",,,,207 HIGHLAND DRIVE,HIBBING,MN,55746,1128a1,19880518,,,
,,,"WILLIAM K GIBSON, D M D, P A",DENTAL PRACTICE,,,,"850 CENTRAL AVE, STE 103",NAPLES,FL,34102,1128b8,20040617,,,
,,,WILLIAM T BUNTING CHIROPRACTIC,CHIROPRACTIC PRACT,,,,"256 N HIGH WAY, #101",ENCINITAS,CA,92024,1128b8,19990520,,,
,,,WILLIAMS CLINICAL LABORATORY,LABORATORY,,,,"404 11TH STREET, S W",BIRMINGHAM,AL,35211,1128b8,19971120,,,
,,,WILLOW COUNSELING CENTER,COUNSELING CENTER,,,,"111 W FIRST ST, #601",DAYTON,OH,45402,1128b8,20011018,,,
,,,WILLOWBROOK MEDICAL TREATMENT,"MEDICAL PRACTICE, MD",,,,"113 RTE 46 W, WILLOW SQ",WAYNE,NJ,07470,1128b8,20010118,,,
,,,WILLOWS CONSULTING COMPANY,OTHER BUSINESS,CONSULTING FIRM,,,"8641 WILSHIRE BLVD, STE 105",BEVERLY HILLS,CA,90211,1128a3,20190820,,,
,,,WILMETTE-HUERBINGER DRUG CO,PHARMACY,,,,"7366 N LINCOLN AVE, SUITE",LINCOLNWOOD,IL,60646,1128b8,19960619,,,
,,,WILSON TRANSPORTATION SERVICE,TRANSPORTATION CO,,,,"C/O P O BOX 340, #15893-171",SALTERS,SC,29590,1128b7,20081001,,,
,,,"WINGROVE DRUGS, INC",PHARMACY,,,,C/O 619 SCHUYLER AVE,KEARNY,NJ,07032,1128b8,19981020,,,
,,,"WINKY, INC",PHARMACY,,,,2510 BELMAR BLVD,WALL,NJ,07719,1128a1,20041220,,,
,,,"WINN KING, INC",MEDICAL GROUP,,,,4770 CAMPBELL DRIVE,COLLEGE PARK,GA,30349,1128b8,20040420,,,
,,,WINTER HILL NURSING HOME,SKILLED NURSING FAC,,,,50 EVERGREEN AVENUE,SOMERVILLE,MA,02143,1128a1,19880725,,,
,,,WINTHER FAMILY CHIROPRACTIC CE,OTHER BUSINESS,CHIROPRACTIC PRACT,1396932513,,1152 W US HWY 54,CAMDENTON,MO,65020,1128b8,20110920,,,
,,,"WINTONBURY DENTAL ASSOCIATES,",OTHER BUSINESS,DENTAL PRACTICE,1982837845,,"2 WINTONBURY MALL, BLDG 5",BLOOMFIELD,CT,06002,1128b5,20150820,,,
,,,WISE OPTICAL CENTER,OPTICAL PRACTICE,,,,300 LENOX AVENUE,NEW YORK,NY,10027,1128b8,19911121,,,
,,,"WMC NWH, PA",CLINIC,,,,26 BAILEY'S PLACE COURT,SUGAR LAND,TX,77479,1128b8,20061120,,,
,,,WOBURN CAB CO,TRANSPORTATION CO,,,,416 MAIN ST,WOBURN,MA,01801,1128a1,19880711,,,
,,,WOMENS MEDICAL GROUP,DME COMPANY,DME - ORTHOTICS,,,C/O 4569 COTTMAN AVE,PHILADELPHIA,PA,19149,1128b7,20060828,,,
,,,WOOD'S DRUGS,PHARMACY,,,,1287 KRANUR DRIVE,BURTON,MI,48509,1128a1,19840104,,,
,,,"WOODBURY PHARMACY, INC",PHARMACY,,,,1 CHIMNEY RIDGE DRIVE,HARRIMAN,NY,10926,1128a1,20061019,,,
,,,WOODLAKE RURAL HEALTH CLINIC,RURAL HEALTH CLINIC,,,,345 N VALENCIA BLVD,WOODLAKE,CA,93286,1128b5,19971120,,,
,,,"WOODLANDS PAIN INSTITUTE, PLLC",PHYSICIAN PRACTICE (,PAIN MANAGEMENT,1760741664,,"1006 WINDSOR LAKES BLVD, #150",CONROE,TX,77384,1128b7,20211108,,,
,,,WORCESTER UNIVERSITY PHARMACY,PHARMACY,,,,82 NEWTON AVE NORTH,WORCESTER,MA,01602,1128a1,19971120,,,
,,,WORLD DIAGNOSTIC LAB,LABORATORY,,,,1402 N ALEXANDRIA STREET,LOS ANGELES,CA,90027,1128b8,19921104,,,
,,,"WORLD DRUG, INC",PHARMACY,,,,199 NORTH MAIN,SPANISH FORD,UT,84660,1128a1,19870529,,,
,,,WORTHEY CAB CO,TRANSPORTATION CO,,,,"ROUTE 8, BOX 40",CONWAY,AR,72032,1128a1,19881124,,,
,,,WORTHINGTON FAMILY MEDICAL CTR,"MEDICAL PRACTICE, MD",,,,8865 KINGSTON PIKE,KNOXVILLE,TN,37923,1128b8,20010320,,,
,,,WOUND CARE MANAGEMENT INC,DME COMPANY,,,,5368 WHISPERING PINE CIRC,ST CLOUD,FL,34771,1128b8,19980420,,,
,,,WOUND HEALING ASSOCIATES OF TA,PODIATRY PRACTICE,,,,10144 DEERCLIFF DR,TAMPA,FL,33647,1128b8,20071220,,,
,,,"WOUND HEALING ASSOCIATES, INC",PODIATRY PRACTICE,,,,10144 DEERCLIFF DR,TAMPA,FL,33647,1128b8,20071220,,,
,,,WRIGHT-WRIGHT OPTICAL,OPTICAL PRACTICE,,,,P O BOX 292,COOKEVILLE,TN,38501,1128b8,19900207,,,
,,,WYSONG PROFESSIONAL PHARMACY,PHARMACY,,,,120 S CENTRAL EXPRESSWAY,MCKINNEY,TX,75069,1128a1,19930315,,,
,,,"X-TENDED CARE, INC",HOME HEALTH AGENCY,,,,"2390 N W 7TH ST, STE 202",MIAMI,FL,33125,1128b7,19991115,,,
,,,"XPRESS AMBULETTE SERVICE, INC",AMBULANCE COMPANY,,,,60 SOUTH 6TH AVE,MOUNT VERNON,NY,10550,1128a1,20040720,,,
,,,"Y & G LUCKSTONE, INC",DME COMPANY,DME - GENERAL,,,"P O BOX 38, FCI",FORT DIX,NJ,08640,1128b8,20031020,,,
,,,Y & I RENTAL MEDICAL EQUIP COR,DME COMPANY,,,,"2955 S W 8TH ST, #203-A",MIAMI,FL,33135,1128b8,20000420,,,
,,,Y & L CORPORATION,DME COMPANY,DME - GENERAL,,,"123 COOK ST, STE 100",DENVER,CO,80206,1128b8,20011220,,,
,,,"YANG LABORATORIES, INC",LABORATORY,,,,"7837 10TH AVE, SOUTH",ST PETERSBURG,FL,33707,1128b8,19970403,,,
,,,YASIN INC DBA LAUREL PK PHARM,PHARMACY,,,,C/O 11646 SUN CIRCLE WAY,COLUMBIA,MD,21044,1128a1,19960910,,,
,,,"YELLOW CAB OF WOBURN, INC",TRANSPORTATION CO,,,,476 MAIN STREET,WOBURN,MA,01801,1128a1,19950213,,,
,,,YELLOW COMMUNICATIONS,TRANSPORTATION CO,,,,76-78 HAMPSHIRE STREET,CAMBRIDGE,MA,02139,1128a1,19890725,,,
,,,YLM MEDICAL COMPANY,DME COMPANY,DME - GENERAL,,,4697 ASHFORD CLUB DRIVE,ATLANTA,GA,30338,1128Aa,19960520,,,
,,,YOUNG'S CONVALESCENT SERVICE,TRANSPORTATION CO,,,,"1107B CAPITOL AVE, S W",ATLANTA,GA,30315,1128b8,19921210,,,
,,,YOUTH BELIEVING & ACHIEVING,MENTAL HEALTH FAC,,,,C/O 5165 OAKTREE TRAIL,LITHONIA,GA,30058,1128b8,19970907,,,
,,,YOUTH ENHANCEMENT SERVICES,COUNSELING CENTER,,,,C/O P O BOX 26030,BEAUMONT,TX,77720,1128b8,19991020,,,
,,,"Z & R SERVICES, INC",DME COMPANY,,,,12445 S W 31ST TER,MIAMI,FL,33175,1128b8,20020718,,,
,,,"ZAGERMAN ENTERPRISES, INC",REHAB FACILITY - GEN,,,,"100 N CROOKS RD, STE 110A",CLAWSON,MI,48017,1128a1,20051020,,,
,,,ZAKY-SHERREL MEDICAL CORPORATI,CLINIC,,,,7305 PACIFIC BLVD,HUNTINGTON PARK,CA,90255,1128b8,20061019,,,
,,,"ZANDERS TRANSPORT SERVICES, LL",TRANSPORTATION CO,,,,324 MOORE ST,LAKE CITY,SC,29560,1128b8,20090224,,,
,,,"ZELL PRESCRIPTION CENTER, INC",PHARMACY,,,,24 E FRANKFORT STREET,COLUMBUS,OH,43206,1128a1,19920203,,,
,,,ZWOLLE MEDICAL CLINIC,CLINIC,,1124149307,,"P O BOX 1000, #13658-035",LEWISBURG,PA,17837,1128b8,20091220,,,
